atr_bpn_id,NIK,asset_type,certificate_type,certificate_number,provinsi,kota,kecamatan,kelurahan,land_area_m2,building_area_m2,nilai_tanah_per_m2,nilai_bangunan_per_m2,nilai_tanah_total,nilai_bangunan_total,total_collateral_value,ownership_match
ATR000001,3276010601750001,Rumah,HGB,14452/Poris Plawad,Banten,Tangerang,Cipondoh,Poris Plawad,187.3,236.1,8020000,3500000,1502146000,826350000,2328496000,Ya
ATR000002,3172010301920002,Rumah,HGB,36375/Pluit,DKI Jakarta,Jakarta Utara,Pluit,Pluit,113.0,61.8,29970000,5460000,3386610000,337428000,3724038000,Ya
ATR000003,3671010604800003,Tanah,HGB,88248/Sukabumi Selatan,DKI Jakarta,Jakarta Barat,Kebon Jeruk,Sukabumi Selatan,67.0,0.0,25100000,5500000,1681700000,0,1681700000,Ya
ATR000004,3173016001890004,Ruko,HGB,45461/Tebet Timur,DKI Jakarta,Jakarta Selatan,Tebet,Tebet Timur,121.8,78.8,26360000,5540000,3210648000,436552000,3647200000,Ya
ATR000005,3275011505030005,Ruko,HGB,41599/Kemiri Muka,Jawa Barat,Depok,Beji,Kemiri Muka,159.0,157.3,8920000,3560000,1418280000,559988000,1978268000,Ya
ATR000006,3671012904920006,Ruko,HGB,79966/Gunung,DKI Jakarta,Jakarta Selatan,Kebayoran Baru,Gunung,215.1,242.7,40950000,6030000,8808345000,1463481000,10271826000,Ya
ATR000007,3171015211010007,Tanah,SHM,53321/Menteng,DKI Jakarta,Jakarta Pusat,Menteng,Menteng,75.8,0.0,56770000,5860000,4303166000,0,4303166000,Ya
ATR000008,3674013005710008,Gudang,SHM,87305/Cakung Barat,DKI Jakarta,Jakarta Timur,Cakung,Cakung Barat,382.6,486.9,13110000,3770000,5015886000,1835613000,6851499000,Ya
ATR000009,3172016002870009,Rumah,HGB,26748/Kramat Jati,DKI Jakarta,Jakarta Timur,Kramat Jati,Kramat Jati,292.6,249.3,15960000,4490000,4669896000,1119357000,5789253000,Ya
ATR000010,3271016610890010,Rumah,HGB,76635/Pluit,DKI Jakarta,Jakarta Utara,Pluit,Pluit,369.2,261.0,28320000,5000000,10455744000,1305000000,11760744000,Ya
ATR000011,3275016305970011,Ruko,HGB,77591/Gunung,DKI Jakarta,Jakarta Selatan,Kebayoran Baru,Gunung,245.9,159.3,51340000,6500000,12624506000,1035450000,13659956000,Ya
ATR000012,3172010612990012,Rumah,SHM,48519/Gunung,DKI Jakarta,Jakarta Selatan,Kebayoran Baru,Gunung,364.2,356.3,50700000,5260000,18464940000,1874138000,20339078000,Ya
ATR000013,3174013110970013,Tanah,HGB,89743/Margahayu,Jawa Barat,Bekasi,Bekasi Timur,Margahayu,75.4,0.0,7580000,3480000,571532000,0,571532000,Ya
ATR000014,3671016412960014,Ruko,SHM,15358/Mekarjaya,Jawa Barat,Depok,Sukmajaya,Mekarjaya,341.8,268.5,7940000,3650000,2713892000,980025000,3693917000,Ya
ATR000015,3671012605910015,Tanah,SHM,14577/Tebet Timur,DKI Jakarta,Jakarta Selatan,Tebet,Tebet Timur,332.7,0.0,24430000,6300000,8127861000,0,8127861000,Ya
ATR000016,3674011208740016,Tanah,HGB,43768/Mekarjaya,Jawa Barat,Depok,Sukmajaya,Mekarjaya,127.6,0.0,7240000,3940000,923824000,0,923824000,Ya
ATR000017,3271010101840017,Rumah,SHM,92680/Margahayu,Jawa Barat,Bekasi,Bekasi Timur,Margahayu,307.9,343.9,6980000,3450000,2149142000,1186455000,3335597000,Ya
ATR000018,3172011502850018,Ruko,HGB,41983/Kelapa Gading Barat,DKI Jakarta,Jakarta Utara,Kelapa Gading,Kelapa Gading Barat,353.5,353.0,23730000,4520000,8388555000,1595560000,9984115000,Ya
ATR000019,3174012110980019,Ruko,SHM,85200/Margahayu,Jawa Barat,Bekasi,Bekasi Timur,Margahayu,170.6,184.9,8330000,4019999,1421098000,743298000,2164396000,Ya
ATR000020,3674015810770020,Ruko,HGB,23714/Gunung,DKI Jakarta,Jakarta Selatan,Kebayoran Baru,Gunung,100.7,107.8,48520000,6110000,4885964000,658658000,5544622000,Ya
ATR000021,3671012107980021,Tanah,HGB,85397/Cakung Barat,DKI Jakarta,Jakarta Timur,Cakung,Cakung Barat,227.9,0.0,12080000,3910000,2753032000,0,2753032000,Ya
ATR000022,3171011102830022,Rumah,SHM,28802/Margahayu,Jawa Barat,Bekasi,Bekasi Timur,Margahayu,96.7,50.8,8330000,3400000,805511000,172720000,978231000,Ya
ATR000023,3175015609750023,Tanah,SHM,55895/Menteng,DKI Jakarta,Jakarta Pusat,Menteng,Menteng,368.6,0.0,50860000,6330000,18746996000,0,18746996000,Ya
ATR000024,3174015202890024,Tanah,HGB,95818/Kelapa Gading Barat,DKI Jakarta,Jakarta Utara,Kelapa Gading,Kelapa Gading Barat,137.8,0.0,21830000,4870000,3008174000,0,3008174000,Ya
ATR000025,3671010906920025,Rumah,SHM,23574/Kramat Jati,DKI Jakarta,Jakarta Timur,Kramat Jati,Kramat Jati,376.1,431.2,18720000,5000000,7040592000,2156000000,9196592000,Ya
ATR000026,3671011103970026,Gudang,SHM,35731/Duren Tiga,DKI Jakarta,Jakarta Selatan,Pancoran,Duren Tiga,123.4,149.8,30350000,6010000,3745190000,900298000,4645488000,Ya
ATR000027,3276017107930027,Ruko,SHM,85736/Bintara,Jawa Barat,Bekasi,Bekasi Barat,Bintara,168.1,98.8,8270000,3720000,1390187000,367536000,1757723000,Ya
ATR000028,3671011204840028,Tanah,HGB,18264/Kelapa Gading Barat,DKI Jakarta,Jakarta Utara,Kelapa Gading,Kelapa Gading Barat,352.6,0.0,21300000,5220000,7510380000,0,7510380000,Ya
ATR000029,3671010311920029,Rumah,HGB,91454/Kramat Jati,DKI Jakarta,Jakarta Timur,Kramat Jati,Kramat Jati,135.5,80.7,17120000,5100000,2319760000,411570000,2731330000,Ya
ATR000030,3671016012760030,Tanah,SHM,28287/Poris Plawad,Banten,Tangerang,Cipondoh,Poris Plawad,236.4,0.0,7960000,3260000,1881744000,0,1881744000,Tidak
ATR000031,3174015008940031,Ruko,HGB,99047/Sukabumi Selatan,DKI Jakarta,Jakarta Barat,Kebon Jeruk,Sukabumi Selatan,387.2,271.6,21980000,4700000,8510656000,1276520000,9787176000,Ya
ATR000032,3276015701910032,Gudang,HGB,66387/Kemiri Muka,Jawa Barat,Depok,Beji,Kemiri Muka,72.5,71.6,10010000,3290000,725725000,235564000,961289000,Ya
ATR000033,3175012912660033,Gudang,HGB,31668/Gunung,DKI Jakarta,Jakarta Selatan,Kebayoran Baru,Gunung,368.8,255.1,40210000,5980000,14829448000,1525498000,16354946000,Tidak
ATR000034,3671014110870034,Ruko,HGB,19310/Rawa Buntu,Jawa Barat,Tangerang Selatan,Serpong,Rawa Buntu,142.3,147.7,12940000,3690000,1841362000,545013000,2386375000,Ya
ATR000035,3671015108920035,Ruko,HGB,12188/Cakung Barat,DKI Jakarta,Jakarta Timur,Cakung,Cakung Barat,185.0,186.1,12480000,4040000,2308800000,751844000,3060644000,Ya
ATR000036,3671014712870036,Ruko,HGB,82104/Cakung Barat,DKI Jakarta,Jakarta Timur,Cakung,Cakung Barat,344.0,260.3,10870000,3450000,3739280000,898035000,4637315000,Ya
ATR000037,3175012901750037,Rumah,HGB,48036/Cakung Barat,DKI Jakarta,Jakarta Timur,Cakung,Cakung Barat,290.4,149.1,12040000,3670000,3496416000,547197000,4043613000,Ya
ATR000038,3671016303970038,Tanah,SHM,76916/Cakung Barat,DKI Jakarta,Jakarta Timur,Cakung,Cakung Barat,119.3,0.0,12690000,3860000,1513917000,0,1513917000,Ya
ATR000039,3671010304670039,Rumah,SHM,84511/Cakung Barat,DKI Jakarta,Jakarta Timur,Cakung,Cakung Barat,106.8,82.5,10610000,4510000,1133148000,372075000,1505223000,Ya
ATR000040,3671015003850040,Ruko,HGB,11117/Cakung Barat,DKI Jakarta,Jakarta Timur,Cakung,Cakung Barat,147.7,151.8,13140000,4070000,1940778000,617826000,2558604000,Ya
ATR000041,3276015003770041,Rumah,HGB,41766/Kramat Jati,DKI Jakarta,Jakarta Timur,Kramat Jati,Kramat Jati,142.2,81.7,20140000,5040000,2863908000,411768000,3275676000,Ya
ATR000042,3271010505890042,Tanah,SHM,71855/Rawa Buntu,Jawa Barat,Tangerang Selatan,Serpong,Rawa Buntu,175.3,0.0,11460000,4270000,2008938000,0,2008938000,Ya
ATR000043,3271015910980043,Rumah,HGB,83300/Menteng,DKI Jakarta,Jakarta Pusat,Menteng,Menteng,361.6,406.4,57340000,5690000,20734144000,2312416000,23046560000,Ya
ATR000044,3271014201950044,Ruko,SHM,39158/Duren Tiga,DKI Jakarta,Jakarta Selatan,Pancoran,Duren Tiga,365.5,360.1,25580000,4840000,9349490000,1742884000,11092374000,Ya
ATR000045,3173012502730045,Ruko,SHM,20181/Sukabumi Selatan,DKI Jakarta,Jakarta Barat,Kebon Jeruk,Sukabumi Selatan,61.7,38.8,22320000,5290000,1377144000,205252000,1582396000,Ya
ATR000046,3275014502860046,Rumah,SHM,54711/Paledang,Jawa Barat,Bogor,Bogor Tengah,Paledang,136.3,145.8,6450000,3220000,879135000,469476000,1348611000,Ya
ATR000047,3172010211710047,Ruko,HGB,69286/Mekarjaya,Jawa Barat,Depok,Sukmajaya,Mekarjaya,280.9,331.3,8900000,3670000,2500010000,1215871000,3715881000,Ya
ATR000048,3671016211990048,Tanah,SHM,97148/Paledang,Jawa Barat,Bogor,Bogor Tengah,Paledang,185.0,0.0,6510000,3140000,1204350000,0,1204350000,Tidak
ATR000049,3172016512950049,Ruko,SHM,14373/Bojong Jaya,Banten,Tangerang,Karawaci,Bojong Jaya,193.7,235.1,9350000,3920000,1811095000,921592000,2732687000,Ya
ATR000050,3172015801940050,Tanah,SHM,79555/Sukabumi Selatan,DKI Jakarta,Jakarta Barat,Kebon Jeruk,Sukabumi Selatan,256.1,0.0,21950000,4540000,5621395000,0,5621395000,Ya
ATR000051,3671011808920051,Rumah,HGB,45365/Mekarjaya,Jawa Barat,Depok,Sukmajaya,Mekarjaya,155.5,80.8,8870000,3250000,1379285000,262600000,1641885000,Tidak
ATR000052,3173016507900052,Rumah,SHM,41224/Gunung,DKI Jakarta,Jakarta Selatan,Kebayoran Baru,Gunung,384.3,473.4,43250000,5130000,16620975000,2428542000,19049517000,Ya
ATR000053,3671014712890053,Tanah,SHM,59554/Tebet Timur,DKI Jakarta,Jakarta Selatan,Tebet,Tebet Timur,205.6,0.0,31920000,6260000,6562752000,0,6562752000,Ya
ATR000054,3674016707000054,Rumah,HGB,24518/Mekarjaya,Jawa Barat,Depok,Sukmajaya,Mekarjaya,160.1,129.4,9400000,3400000,1504940000,439960000,1944900000,Ya
ATR000055,3674015806980055,Rumah,HGB,96820/Kramat Jati,DKI Jakarta,Jakarta Timur,Kramat Jati,Kramat Jati,249.3,311.4,19060000,4590000,4751658000,1429326000,6180984000,Ya
ATR000056,3671014508730056,Rumah,HGB,70992/Kramat Jati,DKI Jakarta,Jakarta Timur,Kramat Jati,Kramat Jati,269.1,347.7,16059999,4520000,4321746000,1571604000,5893350000,Ya
ATR000057,3275010510960057,Tanah,HGB,46936/Duren Tiga,DKI Jakarta,Jakarta Selatan,Pancoran,Duren Tiga,311.9,0.0,31770000,5830000,9909063000,0,9909063000,Ya
ATR000058,3671012101860058,Ruko,HGB,43916/Poris Plawad,Banten,Tangerang,Cipondoh,Poris Plawad,159.8,183.4,8199999,3770000,1310360000,691418000,2001778000,Ya
ATR000059,3671016210710059,Tanah,HGB,51465/Bintara,Jawa Barat,Bekasi,Bekasi Barat,Bintara,233.9,0.0,9000000,4139999,2105100000,0,2105100000,Ya
ATR000060,3674015309780060,Rumah,SHM,56588/Sukabumi Selatan,DKI Jakarta,Jakarta Barat,Kebon Jeruk,Sukabumi Selatan,298.7,339.5,24570000,4760000,7339059000,1616020000,8955079000,Ya
ATR000061,3171011302650061,Ruko,HGB,98856/Mekarjaya,Jawa Barat,Depok,Sukmajaya,Mekarjaya,92.0,88.6,7320000,3560000,673440000,315416000,988856000,Ya
ATR000062,3175014405000062,Rumah,HGB,28284/Rawa Buntu,Jawa Barat,Tangerang Selatan,Serpong,Rawa Buntu,157.4,153.1,10310000,3440000,1622794000,526664000,2149458000,Ya
ATR000063,3671011309840063,Ruko,SHM,24745/Kemiri Muka,Jawa Barat,Depok,Beji,Kemiri Muka,182.5,109.8,10070000,4110000,1837775000,451278000,2289053000,Ya
ATR000064,3173015312970064,Rumah,SHM,23503/Rawa Buntu,Jawa Barat,Tangerang Selatan,Serpong,Rawa Buntu,271.8,154.5,10390000,4040000,2824002000,624180000,3448182000,Ya
ATR000065,3173015204880065,Rumah,HGB,72432/Menteng,DKI Jakarta,Jakarta Pusat,Menteng,Menteng,276.7,299.1,62850000,6530000,17390595000,1953123000,19343718000,Ya
ATR000066,3671016406030066,Ruko,HGB,19773/Sukabumi Selatan,DKI Jakarta,Jakarta Barat,Kebon Jeruk,Sukabumi Selatan,330.4,236.8,21600000,4370000,7136640000,1034816000,8171456000,Ya
ATR000067,3271015503700067,Rumah,HGB,65110/Pluit,DKI Jakarta,Jakarta Utara,Pluit,Pluit,387.3,452.7,28590000,5160000,11072907000,2335932000,13408839000,Ya
ATR000068,3674014302990068,Gudang,HGB,17901/Paledang,Jawa Barat,Bogor,Bogor Tengah,Paledang,113.2,79.3,7100000,3620000,803720000,287066000,1090786000,Ya
ATR000069,3671010311960069,Ruko,SHM,89759/Kemiri Muka,Jawa Barat,Depok,Beji,Kemiri Muka,155.2,196.2,10710000,3860000,1662192000,757332000,2419524000,Ya
ATR000070,3173016202970070,Tanah,SHM,18875/Bojong Jaya,Banten,Tangerang,Karawaci,Bojong Jaya,202.7,0.0,8320000,3440000,1686464000,0,1686464000,Ya
ATR000071,3671015802680071,Tanah,HGB,52416/Poris Plawad,Banten,Tangerang,Cipondoh,Poris Plawad,64.9,0.0,6640000,2940000,430936000,0,430936000,Ya
ATR000072,3674016506800072,Tanah,HGB,51948/Gunung,DKI Jakarta,Jakarta Selatan,Kebayoran Baru,Gunung,350.9,0.0,47750000,5950000,16755475000,0,16755475000,Ya
ATR000073,3275015104790073,Gudang,SHM,42587/Rawa Buntu,Jawa Barat,Tangerang Selatan,Serpong,Rawa Buntu,227.1,199.6,10820000,3920000,2457222000,782432000,3239654000,Ya
ATR000074,3172010107850074,Ruko,HGB,59390/Kelapa Gading Barat,DKI Jakarta,Jakarta Utara,Kelapa Gading,Kelapa Gading Barat,269.4,271.6,21590000,5000000,5816346000,1358000000,7174346000,Ya
ATR000075,3674015703790075,Ruko,SHM,80841/Cakung Barat,DKI Jakarta,Jakarta Timur,Cakung,Cakung Barat,231.1,273.9,12570000,3600000,2904927000,986040000,3890967000,Ya
ATR000076,3275010902990076,Tanah,HGB,91745/Poris Plawad,Banten,Tangerang,Cipondoh,Poris Plawad,278.4,0.0,6430000,3490000,1790112000,0,1790112000,Tidak
ATR000077,3276015512750077,Tanah,HGB,69253/Bintara,Jawa Barat,Bekasi,Bekasi Barat,Bintara,255.7,0.0,8700000,3960000,2224590000,0,2224590000,Ya
ATR000078,3171014809850078,Rumah,HGB,54203/Gunung,DKI Jakarta,Jakarta Selatan,Kebayoran Baru,Gunung,245.5,307.7,43460000,6830000,10669430000,2101591000,12771021000,Ya
ATR000079,3671013008930079,Ruko,SHM,62747/Paledang,Jawa Barat,Bogor,Bogor Tengah,Paledang,126.6,70.3,6160000,2910000,779856000,204573000,984429000,Ya
ATR000080,3271011405960080,Rumah,SHM,93864/Cakung Barat,DKI Jakarta,Jakarta Timur,Cakung,Cakung Barat,292.2,162.7,11350000,4410000,3316470000,717507000,4033977000,Ya
ATR000081,3671016910740081,Ruko,HGB,98766/Cakung Barat,DKI Jakarta,Jakarta Timur,Cakung,Cakung Barat,336.9,244.4,10630000,4240000,3581247000,1036256000,4617503000,Ya
ATR000082,3172015405810082,Rumah,HGB,24431/Cikini,DKI Jakarta,Jakarta Pusat,Cikini,Cikini,358.3,389.9,43640000,5610000,15636212000,2187339000,17823551000,Ya
ATR000083,3674014603010083,Ruko,HGB,31063/Rawa Buntu,Jawa Barat,Tangerang Selatan,Serpong,Rawa Buntu,315.2,361.1,13770000,3900000,4340304000,1408290000,5748594000,Ya
ATR000084,3175016601890084,Gudang,HGB,86022/Rawa Buntu,Jawa Barat,Tangerang Selatan,Serpong,Rawa Buntu,324.0,250.3,13550000,4430000,4390200000,1108829000,5499029000,Ya
ATR000085,3671011405920085,Gudang,HGB,73098/Mekarjaya,Jawa Barat,Depok,Sukmajaya,Mekarjaya,315.3,348.0,7490000,4030000,2361597000,1402440000,3764037000,Ya
ATR000086,3674011803700086,Ruko,SHM,38259/Kemiri Muka,Jawa Barat,Depok,Beji,Kemiri Muka,341.0,257.8,11190000,3670000,3815790000,946126000,4761916000,Ya
ATR000087,3671012605020087,Tanah,HGB,95387/Paledang,Jawa Barat,Bogor,Bogor Tengah,Paledang,367.8,0.0,6140000,3220000,2258292000,0,2258292000,Tidak
ATR000088,3175010406890088,Rumah,HGB,34303/Cengkareng Barat,DKI Jakarta,Jakarta Barat,Cengkareng,Cengkareng Barat,383.2,367.4,16629999,4139999,6372616000,1521036000,7893652000,Ya
ATR000089,3171012004000089,Rumah,SHM,26102/Kemiri Muka,Jawa Barat,Depok,Beji,Kemiri Muka,171.7,178.2,10760000,4130000,1847492000,735966000,2583458000,Ya
ATR000090,3172013003760090,Tanah,HGB,21832/Cikini,DKI Jakarta,Jakarta Pusat,Cikini,Cikini,91.0,0.0,39930000,5200000,3633630000,0,3633630000,Ya
ATR000091,3171011004980091,Gudang,SHM,28284/Kramat Jati,DKI Jakarta,Jakarta Timur,Kramat Jati,Kramat Jati,210.1,254.3,17190000,3980000,3611619000,1012114000,4623733000,Ya
ATR000092,3671015608970092,Ruko,SHM,61348/Rawa Buntu,Jawa Barat,Tangerang Selatan,Serpong,Rawa Buntu,318.9,317.2,10560000,3500000,3367584000,1110200000,4477784000,Ya
ATR000093,3174015406790093,Rumah,HGB,22424/Kramat Jati,DKI Jakarta,Jakarta Timur,Kramat Jati,Kramat Jati,84.7,98.0,19110000,3930000,1618617000,385140000,2003757000,Ya
ATR000094,3275017007000094,Rumah,HGB,58241/Rawa Buntu,Jawa Barat,Tangerang Selatan,Serpong,Rawa Buntu,395.5,316.2,11530000,4380000,4560115000,1384956000,5945071000,Tidak
ATR000095,3674016309970095,Tanah,SHM,51719/Cengkareng Barat,DKI Jakarta,Jakarta Barat,Cengkareng,Cengkareng Barat,395.2,0.0,17220000,4040000,6805344000,0,6805344000,Ya
ATR000096,3173010205690096,Ruko,SHM,21211/Bojong Jaya,Banten,Tangerang,Karawaci,Bojong Jaya,324.2,306.9,8800000,4040000,2852960000,1239876000,4092836000,Ya
ATR000097,3275016611770097,Ruko,SHM,40440/Cengkareng Barat,DKI Jakarta,Jakarta Barat,Cengkareng,Cengkareng Barat,227.5,115.8,15850000,3640000,3605875000,421512000,4027387000,Ya
ATR000098,3271012602700098,Rumah,SHM,36610/Bintara,Jawa Barat,Bekasi,Bekasi Barat,Bintara,100.0,101.9,9660000,3900000,966000000,397410000,1363410000,Tidak
ATR000099,3671013003800099,Rumah,HGB,72238/Kramat Jati,DKI Jakarta,Jakarta Timur,Kramat Jati,Kramat Jati,187.5,136.6,19990000,4130000,3748125000,564158000,4312283000,Tidak
ATR000100,3173010111830100,Rumah,HGB,90264/Cakung Barat,DKI Jakarta,Jakarta Timur,Cakung,Cakung Barat,64.1,81.8,10360000,4470000,664076000,365646000,1029722000,Ya
ATR000101,3671012703950101,Rumah,HGB,85965/Tebet Timur,DKI Jakarta,Jakarta Selatan,Tebet,Tebet Timur,397.6,222.3,28450000,6270000,11311720000,1393821000,12705541000,Ya
ATR000102,3671016606800102,Gudang,HGB,68068/Bojong Jaya,Banten,Tangerang,Karawaci,Bojong Jaya,274.0,289.5,8880000,3740000,2433120000,1082730000,3515850000,Ya
ATR000103,3671010605650103,Rumah,HGB,95753/Menteng,DKI Jakarta,Jakarta Pusat,Menteng,Menteng,366.4,196.5,51390000,7380000,18829296000,1450170000,20279466000,Ya
ATR000104,3171016101820104,Tanah,SHM,58062/Cikini,DKI Jakarta,Jakarta Pusat,Cikini,Cikini,214.9,0.0,41440000,5600000,8905456000,0,8905456000,Ya
ATR000105,3175017010900105,Rumah,SHM,80765/Gunung,DKI Jakarta,Jakarta Selatan,Kebayoran Baru,Gunung,217.7,170.4,46130000,5240000,10042501000,892896000,10935397000,Tidak
ATR000106,3271015412680106,Gudang,HGB,60585/Kemiri Muka,Jawa Barat,Depok,Beji,Kemiri Muka,395.3,418.4,10110000,3580000,3996483000,1497872000,5494355000,Ya
ATR000107,3175015412990107,Gudang,SHM,49066/Kelapa Gading Barat,DKI Jakarta,Jakarta Utara,Kelapa Gading,Kelapa Gading Barat,292.8,184.5,28080000,5700000,8221824000,1051650000,9273474000,Tidak
ATR000108,3276011310720108,Rumah,SHM,37643/Mekarjaya,Jawa Barat,Depok,Sukmajaya,Mekarjaya,306.7,303.9,8289999,4070000,2542543000,1236873000,3779416000,Ya
ATR000109,3276016309840109,Ruko,HGB,81352/Tebet Timur,DKI Jakarta,Jakarta Selatan,Tebet,Tebet Timur,75.4,39.3,26960000,6010000,2032784000,236193000,2268977000,Tidak
ATR000110,3275012207670110,Tanah,HGB,61781/Mekarjaya,Jawa Barat,Depok,Sukmajaya,Mekarjaya,111.1,0.0,8740000,3470000,971014000,0,971014000,Tidak
ATR000111,3671014406790111,Gudang,SHM,61502/Mekarjaya,Jawa Barat,Depok,Sukmajaya,Mekarjaya,346.3,405.4,8420000,3510000,2915846000,1422954000,4338800000,Ya
ATR000112,3671011709840112,Tanah,SHM,41992/Cakung Barat,DKI Jakarta,Jakarta Timur,Cakung,Cakung Barat,79.2,0.0,13310000,4380000,1054152000,0,1054152000,Tidak
ATR000113,3172014706950113,Ruko,HGB,60783/Tebet Timur,DKI Jakarta,Jakarta Selatan,Tebet,Tebet Timur,398.9,376.7,30260000,6230000,12070714000,2346841000,14417555000,Ya
ATR000114,3671015410700114,Tanah,SHM,61659/Gunung,DKI Jakarta,Jakarta Selatan,Kebayoran Baru,Gunung,144.1,0.0,44330000,5330000,6387953000,0,6387953000,Tidak
ATR000115,3175014911780115,Rumah,SHM,40882/Cikini,DKI Jakarta,Jakarta Pusat,Cikini,Cikini,266.1,181.7,42060000,6210000,11192166000,1128357000,12320523000,Ya
ATR000116,3671015109940116,Ruko,HGB,50841/Cakung Barat,DKI Jakarta,Jakarta Timur,Cakung,Cakung Barat,98.6,102.3,12070000,4330000,1190102000,442959000,1633061000,Ya
ATR000117,3276014412840117,Rumah,HGB,97489/Gunung,DKI Jakarta,Jakarta Selatan,Kebayoran Baru,Gunung,349.7,329.3,45820000,6680000,16023254000,2199724000,18222978000,Ya
ATR000118,3674014807990118,Rumah,SHM,92796/Paledang,Jawa Barat,Bogor,Bogor Tengah,Paledang,105.6,55.2,7540000,3520000,796224000,194304000,990528000,Ya
ATR000119,3271015611890119,Rumah,SHM,43308/Duren Tiga,DKI Jakarta,Jakarta Selatan,Pancoran,Duren Tiga,132.4,80.6,25630000,5250000,3393412000,423150000,3816562000,Ya
ATR000120,3171012008010120,Ruko,SHM,39981/Sukabumi Selatan,DKI Jakarta,Jakarta Barat,Kebon Jeruk,Sukabumi Selatan,193.4,164.4,24670000,4770000,4771178000,784188000,5555366000,Ya
ATR000121,3174015904790121,Tanah,SHM,60880/Menteng,DKI Jakarta,Jakarta Pusat,Menteng,Menteng,326.4,0.0,53290000,6740000,17393856000,0,17393856000,Ya
ATR000122,3174014811650122,Tanah,HGB,66561/Kemiri Muka,Jawa Barat,Depok,Beji,Kemiri Muka,382.8,0.0,8940000,4290000,3422232000,0,3422232000,Ya
ATR000123,3173017008930123,Gudang,SHM,78702/Kramat Jati,DKI Jakarta,Jakarta Timur,Kramat Jati,Kramat Jati,147.8,128.2,20590000,4490000,3043202000,575618000,3618820000,Ya
ATR000124,3172012910800124,Rumah,HGB,50111/Cengkareng Barat,DKI Jakarta,Jakarta Barat,Cengkareng,Cengkareng Barat,275.4,190.6,13960000,3730000,3844584000,710938000,4555522000,Ya
ATR000125,3173017009810125,Rumah,SHM,79916/Duren Tiga,DKI Jakarta,Jakarta Selatan,Pancoran,Duren Tiga,111.6,68.2,31270000,4980000,3489732000,339636000,3829368000,Ya
ATR000126,3271016906010126,Rumah,HGB,29957/Pluit,DKI Jakarta,Jakarta Utara,Pluit,Pluit,364.9,320.8,28360000,4780000,10348564000,1533424000,11881988000,Ya
ATR000127,3171011811660127,Ruko,HGB,19955/Kramat Jati,DKI Jakarta,Jakarta Timur,Kramat Jati,Kramat Jati,73.9,46.9,16800000,4059999,1241520000,190414000,1431934000,Ya
ATR000128,3175014404770128,Ruko,HGB,79081/Menteng,DKI Jakarta,Jakarta Pusat,Menteng,Menteng,101.0,87.7,50150000,6240000,5065150000,547248000,5612398000,Ya
ATR000129,3275015308970129,Tanah,HGB,64338/Kemiri Muka,Jawa Barat,Depok,Beji,Kemiri Muka,294.7,0.0,8620000,4139999,2540314000,0,2540314000,Ya
ATR000130,3674015301920130,Ruko,SHM,33941/Gunung,DKI Jakarta,Jakarta Selatan,Kebayoran Baru,Gunung,87.8,105.3,50680000,5210000,4449704000,548613000,4998317000,Ya
ATR000131,3173015904810131,Ruko,HGB,64898/Margahayu,Jawa Barat,Bekasi,Bekasi Timur,Margahayu,334.1,367.0,7240000,3290000,2418884000,1207430000,3626314000,Ya
ATR000132,3671016202920132,Tanah,SHM,67959/Poris Plawad,Banten,Tangerang,Cipondoh,Poris Plawad,224.7,0.0,7770000,3270000,1745919000,0,1745919000,Ya
ATR000133,3671015303760133,Ruko,HGB,36116/Cengkareng Barat,DKI Jakarta,Jakarta Barat,Cengkareng,Cengkareng Barat,314.1,166.3,14810000,4470000,4651821000,743361000,5395182000,Ya
ATR000134,3172016310770134,Ruko,SHM,59772/Rawa Buntu,Jawa Barat,Tangerang Selatan,Serpong,Rawa Buntu,234.0,216.6,10590000,3940000,2478060000,853404000,3331464000,Ya
ATR000135,3271013010960135,Gudang,HGB,19514/Cikini,DKI Jakarta,Jakarta Pusat,Cikini,Cikini,142.4,101.9,38530000,5140000,5486672000,523766000,6010438000,Ya
ATR000136,3171015307000136,Rumah,HGB,81524/Tebet Timur,DKI Jakarta,Jakarta Selatan,Tebet,Tebet Timur,131.9,100.5,24810000,6140000,3272439000,617070000,3889509000,Ya
ATR000137,3674013107880137,Rumah,HGB,38947/Bojong Jaya,Banten,Tangerang,Karawaci,Bojong Jaya,290.9,329.1,9000000,3150000,2618100000,1036665000,3654765000,Ya
ATR000138,3671014410700138,Gudang,HGB,55763/Cikini,DKI Jakarta,Jakarta Pusat,Cikini,Cikini,259.5,284.5,39180000,5330000,10167210000,1516385000,11683595000,Ya
ATR000139,3276015007800139,Ruko,HGB,30037/Gunung,DKI Jakarta,Jakarta Selatan,Kebayoran Baru,Gunung,183.4,186.5,45960000,5740000,8429064000,1070510000,9499574000,Tidak
ATR000140,3172011801910140,Ruko,SHM,55422/Cakung Barat,DKI Jakarta,Jakarta Timur,Cakung,Cakung Barat,266.0,183.5,10570000,3580000,2811620000,656930000,3468550000,Ya
ATR000141,3275010505870141,Ruko,SHM,70413/Cengkareng Barat,DKI Jakarta,Jakarta Barat,Cengkareng,Cengkareng Barat,114.6,74.4,14970000,3790000,1715562000,281976000,1997538000,Ya
ATR000142,3674010111850142,Ruko,SHM,70824/Duren Tiga,DKI Jakarta,Jakarta Selatan,Pancoran,Duren Tiga,87.3,80.3,29190000,6300000,2548287000,505890000,3054177000,Ya
ATR000143,3275013112760143,Ruko,HGB,13142/Kramat Jati,DKI Jakarta,Jakarta Timur,Kramat Jati,Kramat Jati,195.3,249.1,19970000,4930000,3900141000,1228063000,5128204000,Ya
ATR000144,3271010807730144,Tanah,SHM,55358/Kramat Jati,DKI Jakarta,Jakarta Timur,Kramat Jati,Kramat Jati,118.1,0.0,18910000,5080000,2233271000,0,2233271000,Ya
ATR000145,3171014303910145,Ruko,HGB,68262/Tebet Timur,DKI Jakarta,Jakarta Selatan,Tebet,Tebet Timur,254.3,184.1,30260000,4980000,7695118000,916818000,8611936000,Ya
ATR000146,3271010804990146,Rumah,HGB,40668/Menteng,DKI Jakarta,Jakarta Pusat,Menteng,Menteng,204.6,185.4,50750000,5750000,10383450000,1066050000,11449500000,Ya
ATR000147,3271010801020147,Ruko,SHM,75485/Sukabumi Selatan,DKI Jakarta,Jakarta Barat,Kebon Jeruk,Sukabumi Selatan,158.1,152.6,19720000,4970000,3117732000,758422000,3876154000,Ya
ATR000148,3275011301670148,Rumah,HGB,56770/Duren Tiga,DKI Jakarta,Jakarta Selatan,Pancoran,Duren Tiga,77.6,59.7,26710000,4780000,2072696000,285366000,2358062000,Tidak
ATR000149,3276015808820149,Ruko,SHM,32374/Cengkareng Barat,DKI Jakarta,Jakarta Barat,Cengkareng,Cengkareng Barat,169.6,194.7,14820000,4430000,2513472000,862521000,3375993000,Ya
ATR000150,3271016403950150,Gudang,SHM,48365/Poris Plawad,Banten,Tangerang,Cipondoh,Poris Plawad,262.5,230.3,7300000,3250000,1916250000,748475000,2664725000,Ya
ATR000151,3172012003930151,Tanah,SHM,33580/Poris Plawad,Banten,Tangerang,Cipondoh,Poris Plawad,342.4,0.0,8550000,3020000,2927520000,0,2927520000,Ya
ATR000152,3276017005830152,Gudang,SHM,56732/Rawa Buntu,Jawa Barat,Tangerang Selatan,Serpong,Rawa Buntu,379.0,244.4,10440000,4290000,3956760000,1048476000,5005236000,Ya
ATR000153,3271014407890153,Tanah,HGB,28178/Kramat Jati,DKI Jakarta,Jakarta Timur,Kramat Jati,Kramat Jati,346.2,0.0,16050000,4900000,5556510000,0,5556510000,Ya
ATR000154,3276011812950154,Ruko,HGB,81767/Menteng,DKI Jakarta,Jakarta Pusat,Menteng,Menteng,115.6,73.0,60190000,6820000,6957964000,497860000,7455824000,Ya
ATR000155,3175016111660155,Tanah,SHM,64664/Tebet Timur,DKI Jakarta,Jakarta Selatan,Tebet,Tebet Timur,182.0,0.0,31170000,5320000,5672940000,0,5672940000,Ya
ATR000156,3271012802710156,Tanah,SHM,52940/Kemiri Muka,Jawa Barat,Depok,Beji,Kemiri Muka,209.3,0.0,9630000,3760000,2015559000,0,2015559000,Ya
ATR000157,3671010607690157,Rumah,SHM,27808/Gunung,DKI Jakarta,Jakarta Selatan,Kebayoran Baru,Gunung,314.2,283.5,41380000,6720000,13001596000,1905120000,14906716000,Ya
ATR000158,3671016606990158,Ruko,SHM,40367/Cengkareng Barat,DKI Jakarta,Jakarta Barat,Cengkareng,Cengkareng Barat,244.8,299.9,16600000,3720000,4063680000,1115628000,5179308000,Ya
ATR000159,3276010708980159,Tanah,SHM,32120/Kelapa Gading Barat,DKI Jakarta,Jakarta Utara,Kelapa Gading,Kelapa Gading Barat,273.4,0.0,23760000,4640000,6495984000,0,6495984000,Ya
ATR000160,3671016903770160,Tanah,SHM,73746/Bintara,Jawa Barat,Bekasi,Bekasi Barat,Bintara,270.8,0.0,9090000,4250000,2461572000,0,2461572000,Ya
ATR000161,3671015511720161,Ruko,SHM,41419/Cengkareng Barat,DKI Jakarta,Jakarta Barat,Cengkareng,Cengkareng Barat,111.6,83.6,14790000,4510000,1650564000,377036000,2027600000,Ya
ATR000162,3174011209760162,Tanah,HGB,48756/Bojong Jaya,Banten,Tangerang,Karawaci,Bojong Jaya,253.8,0.0,9710000,4010000,2464398000,0,2464398000,Ya
ATR000163,3671015510670163,Ruko,SHM,73154/Gunung,DKI Jakarta,Jakarta Selatan,Kebayoran Baru,Gunung,339.2,199.6,49680000,5330000,16851456000,1063868000,17915324000,Ya
ATR000164,3171015406860164,Rumah,SHM,88135/Margahayu,Jawa Barat,Bekasi,Bekasi Timur,Margahayu,331.1,205.3,7350000,3840000,2433585000,788352000,3221937000,Ya
ATR000165,3671012807880165,Ruko,SHM,83681/Poris Plawad,Banten,Tangerang,Cipondoh,Poris Plawad,278.0,293.3,7600000,3150000,2112800000,923895000,3036695000,Ya
ATR000166,3671012003700166,Ruko,SHM,35044/Bintara,Jawa Barat,Bekasi,Bekasi Barat,Bintara,121.7,149.3,9230000,3690000,1123291000,550917000,1674208000,Ya
ATR000167,3172016809850167,Gudang,HGB,93960/Sukabumi Selatan,DKI Jakarta,Jakarta Barat,Kebon Jeruk,Sukabumi Selatan,382.1,237.9,22570000,5010000,8623997000,1191879000,9815876000,Ya
ATR000168,3671011104890168,Ruko,HGB,82957/Cengkareng Barat,DKI Jakarta,Jakarta Barat,Cengkareng,Cengkareng Barat,66.2,79.3,18070000,4280000,1196234000,339404000,1535638000,Ya
ATR000169,3674014711810169,Ruko,SHM,87435/Kemiri Muka,Jawa Barat,Depok,Beji,Kemiri Muka,373.6,398.2,8960000,3890000,3347456000,1548998000,4896454000,Ya
ATR000170,3174012105780170,Rumah,SHM,53607/Gunung,DKI Jakarta,Jakarta Selatan,Kebayoran Baru,Gunung,204.2,222.4,50860000,6770000,10385612000,1505648000,11891260000,Ya
ATR000171,3174015206660171,Ruko,HGB,97958/Gunung,DKI Jakarta,Jakarta Selatan,Kebayoran Baru,Gunung,98.5,126.9,49580000,5320000,4883630000,675108000,5558738000,Ya
ATR000172,3671016412750172,Ruko,SHM,53854/Rawa Buntu,Jawa Barat,Tangerang Selatan,Serpong,Rawa Buntu,355.8,325.6,12330000,3880000,4387014000,1263328000,5650342000,Ya
ATR000173,3671012711900173,Tanah,HGB,25455/Poris Plawad,Banten,Tangerang,Cipondoh,Poris Plawad,174.0,0.0,8180000,2890000,1423320000,0,1423320000,Ya
ATR000174,3671013001930174,Tanah,SHM,71161/Bojong Jaya,Banten,Tangerang,Karawaci,Bojong Jaya,195.4,0.0,9100000,4050000,1778140000,0,1778140000,Ya
ATR000175,3276014411980175,Tanah,SHM,90516/Paledang,Jawa Barat,Bogor,Bogor Tengah,Paledang,178.0,0.0,7500000,3350000,1335000000,0,1335000000,Ya
ATR000176,3173016311750176,Rumah,HGB,43705/Gunung,DKI Jakarta,Jakarta Selatan,Kebayoran Baru,Gunung,213.8,131.0,40630000,6000000,8686694000,786000000,9472694000,Ya
ATR000177,3671010704680177,Ruko,SHM,84448/Paledang,Jawa Barat,Bogor,Bogor Tengah,Paledang,371.0,293.1,7170000,3530000,2660070000,1034643000,3694713000,Ya
ATR000178,3671010307980178,Ruko,HGB,26367/Menteng,DKI Jakarta,Jakarta Pusat,Menteng,Menteng,285.6,183.5,62610000,5810000,17881416000,1066135000,18947551000,Ya
ATR000179,3674016711850179,Gudang,SHM,13874/Paledang,Jawa Barat,Bogor,Bogor Tengah,Paledang,89.0,115.5,7000000,3500000,623000000,404250000,1027250000,Ya
ATR000180,3175012710890180,Ruko,HGB,61705/Cakung Barat,DKI Jakarta,Jakarta Timur,Cakung,Cakung Barat,315.0,210.4,13430000,3650000,4230450000,767960000,4998410000,Ya
ATR000181,3671015807760181,Ruko,HGB,79462/Rawa Buntu,Jawa Barat,Tangerang Selatan,Serpong,Rawa Buntu,72.4,63.5,12230000,3480000,885452000,220980000,1106432000,Ya
ATR000182,3671010307880182,Rumah,HGB,37277/Margahayu,Jawa Barat,Bekasi,Bekasi Timur,Margahayu,214.1,196.9,7860000,3490000,1682826000,687181000,2370007000,Ya
ATR000183,3671012809810183,Rumah,HGB,88495/Paledang,Jawa Barat,Bogor,Bogor Tengah,Paledang,112.8,72.8,7760000,3860000,875328000,281008000,1156336000,Ya
ATR000184,3671011201890184,Rumah,SHM,67997/Margahayu,Jawa Barat,Bekasi,Bekasi Timur,Margahayu,152.1,154.4,7780000,3090000,1183338000,477096000,1660434000,Ya
ATR000185,3671012707010185,Tanah,HGB,17608/Cikini,DKI Jakarta,Jakarta Pusat,Cikini,Cikini,303.4,0.0,41910000,5150000,12715494000,0,12715494000,Ya
ATR000186,3174011203690186,Ruko,HGB,44513/Kelapa Gading Barat,DKI Jakarta,Jakarta Utara,Kelapa Gading,Kelapa Gading Barat,138.6,143.8,21400000,4580000,2966040000,658604000,3624644000,Ya
ATR000187,3671012005900187,Tanah,SHM,81202/Menteng,DKI Jakarta,Jakarta Pusat,Menteng,Menteng,120.7,0.0,57520000,5990000,6942664000,0,6942664000,Ya
ATR000188,3671015701730188,Tanah,SHM,75676/Tebet Timur,DKI Jakarta,Jakarta Selatan,Tebet,Tebet Timur,142.7,0.0,29870000,6090000,4262449000,0,4262449000,Ya
ATR000189,3671012103820189,Rumah,SHM,79924/Cikini,DKI Jakarta,Jakarta Pusat,Cikini,Cikini,195.0,201.7,36460000,5630000,7109700000,1135571000,8245271000,Ya
ATR000190,3671011309990190,Ruko,SHM,50125/Poris Plawad,Banten,Tangerang,Cipondoh,Poris Plawad,64.4,36.6,6840000,2920000,440496000,106872000,547368000,Ya
ATR000191,3671014511680191,Ruko,HGB,25331/Cakung Barat,DKI Jakarta,Jakarta Timur,Cakung,Cakung Barat,258.2,216.1,13410000,4380000,3462462000,946518000,4408980000,Ya
ATR000192,3174016703650192,Tanah,HGB,89652/Margahayu,Jawa Barat,Bekasi,Bekasi Timur,Margahayu,148.2,0.0,7710000,3700000,1142622000,0,1142622000,Ya
ATR000193,3671016008690193,Rumah,HGB,58951/Pluit,DKI Jakarta,Jakarta Utara,Pluit,Pluit,272.2,225.3,27420000,5200000,7463724000,1171560000,8635284000,Ya
ATR000194,3172016211750194,Ruko,HGB,64884/Cikini,DKI Jakarta,Jakarta Pusat,Cikini,Cikini,382.5,424.9,35680000,6660000,13647600000,2829834000,16477434000,Ya
ATR000195,3271012211830195,Rumah,SHM,38446/Bojong Jaya,Banten,Tangerang,Karawaci,Bojong Jaya,364.1,415.0,8800000,3080000,3204080000,1278200000,4482280000,Ya
ATR000196,3175012104650196,Rumah,HGB,71588/Menteng,DKI Jakarta,Jakarta Pusat,Menteng,Menteng,244.2,245.9,51010000,5800000,12456642000,1426220000,13882862000,Ya
ATR000197,3671016806860197,Tanah,HGB,29591/Rawa Buntu,Jawa Barat,Tangerang Selatan,Serpong,Rawa Buntu,394.7,0.0,12090000,3610000,4771923000,0,4771923000,Ya
ATR000198,3275015804900198,Ruko,SHM,42570/Cengkareng Barat,DKI Jakarta,Jakarta Barat,Cengkareng,Cengkareng Barat,66.3,81.6,14170000,4300000,939471000,350880000,1290351000,Ya
ATR000199,3671016609010199,Tanah,HGB,45079/Pluit,DKI Jakarta,Jakarta Utara,Pluit,Pluit,248.4,0.0,28230000,5820000,7012332000,0,7012332000,Ya
ATR000200,3173016810910200,Ruko,SHM,90383/Kramat Jati,DKI Jakarta,Jakarta Timur,Kramat Jati,Kramat Jati,63.7,38.8,20160000,5000000,1284192000,194000000,1478192000,Ya
ATR000201,3175011806720201,Tanah,HGB,41500/Sukabumi Selatan,DKI Jakarta,Jakarta Barat,Kebon Jeruk,Sukabumi Selatan,264.2,0.0,23090000,4510000,6100378000,0,6100378000,Ya
ATR000202,3671013012840202,Tanah,HGB,15474/Bintara,Jawa Barat,Bekasi,Bekasi Barat,Bintara,202.4,0.0,8680000,3820000,1756832000,0,1756832000,Ya
ATR000203,3174011704020203,Ruko,HGB,34668/Rawa Buntu,Jawa Barat,Tangerang Selatan,Serpong,Rawa Buntu,116.5,127.0,10500000,4120000,1223250000,523240000,1746490000,Ya
ATR000204,3671016304790204,Ruko,HGB,41029/Kramat Jati,DKI Jakarta,Jakarta Timur,Kramat Jati,Kramat Jati,192.4,140.6,17220000,4800000,3313128000,674880000,3988008000,Ya
ATR000205,3172012910720205,Ruko,SHM,22188/Kelapa Gading Barat,DKI Jakarta,Jakarta Utara,Kelapa Gading,Kelapa Gading Barat,252.6,222.5,26230000,5880000,6625698000,1308300000,7933998000,Ya
ATR000206,3674012404660206,Rumah,HGB,49921/Duren Tiga,DKI Jakarta,Jakarta Selatan,Pancoran,Duren Tiga,133.1,69.9,27860000,5660000,3708166000,395634000,4103800000,Ya
ATR000207,3175011608790207,Gudang,HGB,74152/Mekarjaya,Jawa Barat,Depok,Sukmajaya,Mekarjaya,228.8,223.6,8080000,3890000,1848704000,869804000,2718508000,Ya
ATR000208,3276010307010208,Ruko,HGB,70714/Cakung Barat,DKI Jakarta,Jakarta Timur,Cakung,Cakung Barat,85.5,92.6,11980000,4230000,1024290000,391698000,1415988000,Ya
ATR000209,3671010112870209,Rumah,SHM,85487/Gunung,DKI Jakarta,Jakarta Selatan,Kebayoran Baru,Gunung,143.8,166.1,49040000,6350000,7051952000,1054735000,8106687000,Ya
ATR000210,3171011102790210,Rumah,SHM,89056/Kemiri Muka,Jawa Barat,Depok,Beji,Kemiri Muka,260.7,205.6,8770000,4280000,2286339000,879968000,3166307000,Ya
ATR000211,3674014811960211,Rumah,HGB,54091/Kelapa Gading Barat,DKI Jakarta,Jakarta Utara,Kelapa Gading,Kelapa Gading Barat,383.1,328.2,22640000,5270000,8673384000,1729614000,10402998000,Ya
ATR000212,3276014901000212,Rumah,HGB,40541/Poris Plawad,Banten,Tangerang,Cipondoh,Poris Plawad,309.0,353.9,7860000,3600000,2428740000,1274040000,3702780000,Ya
ATR000213,3173014507890213,Tanah,SHM,96943/Margahayu,Jawa Barat,Bekasi,Bekasi Timur,Margahayu,144.9,0.0,7970000,3300000,1154853000,0,1154853000,Tidak
ATR000214,3275015710990214,Ruko,HGB,12783/Cakung Barat,DKI Jakarta,Jakarta Timur,Cakung,Cakung Barat,381.0,202.5,12740000,4510000,4853940000,913275000,5767215000,Ya
ATR000215,3172012609800215,Rumah,HGB,80966/Pluit,DKI Jakarta,Jakarta Utara,Pluit,Pluit,253.1,311.9,23220000,5610000,5876982000,1749759000,7626741000,Ya
ATR000216,3275011006770216,Tanah,SHM,78011/Poris Plawad,Banten,Tangerang,Cipondoh,Poris Plawad,374.3,0.0,8560000,3850000,3204008000,0,3204008000,Ya
ATR000217,3671014103930217,Rumah,SHM,98398/Tebet Timur,DKI Jakarta,Jakarta Selatan,Tebet,Tebet Timur,353.1,415.1,26480000,6040000,9350088000,2507204000,11857292000,Ya
ATR000218,3275016309990218,Gudang,HGB,66271/Paledang,Jawa Barat,Bogor,Bogor Tengah,Paledang,262.7,179.7,6200000,2970000,1628740000,533709000,2162449000,Ya
ATR000219,3271016606790219,Ruko,SHM,72102/Cengkareng Barat,DKI Jakarta,Jakarta Barat,Cengkareng,Cengkareng Barat,175.6,189.6,13910000,3970000,2442596000,752712000,3195308000,Ya
ATR000220,3275012907700220,Ruko,HGB,96737/Kramat Jati,DKI Jakarta,Jakarta Timur,Kramat Jati,Kramat Jati,328.8,248.2,18680000,5020000,6141984000,1245964000,7387948000,Ya
ATR000221,3175012603760221,Ruko,HGB,85520/Mekarjaya,Jawa Barat,Depok,Sukmajaya,Mekarjaya,139.2,72.3,9440000,3080000,1314048000,222684000,1536732000,Ya
ATR000222,3671015801650222,Tanah,HGB,76361/Poris Plawad,Banten,Tangerang,Cipondoh,Poris Plawad,239.8,0.0,8490000,3700000,2035902000,0,2035902000,Tidak
ATR000223,3275010508030223,Tanah,HGB,42407/Mekarjaya,Jawa Barat,Depok,Sukmajaya,Mekarjaya,179.2,0.0,9180000,3490000,1645056000,0,1645056000,Ya
ATR000224,3276010303820224,Ruko,SHM,14200/Kelapa Gading Barat,DKI Jakarta,Jakarta Utara,Kelapa Gading,Kelapa Gading Barat,273.4,327.8,28630000,5620000,7827442000,1842236000,9669678000,Ya
ATR000225,3171016106830225,Rumah,HGB,67626/Cengkareng Barat,DKI Jakarta,Jakarta Barat,Cengkareng,Cengkareng Barat,203.3,221.6,14750000,3710000,2998675000,822136000,3820811000,Ya
ATR000226,3171014406770226,Gudang,HGB,68884/Bojong Jaya,Banten,Tangerang,Karawaci,Bojong Jaya,157.7,116.2,8279999,3110000,1305756000,361382000,1667138000,Ya
ATR000227,3671011907980227,Gudang,HGB,52951/Menteng,DKI Jakarta,Jakarta Pusat,Menteng,Menteng,395.8,333.4,53090000,6850000,21013022000,2283790000,23296812000,Ya
ATR000228,3271010312700228,Ruko,SHM,82512/Paledang,Jawa Barat,Bogor,Bogor Tengah,Paledang,383.0,432.4,6140000,3320000,2351620000,1435568000,3787188000,Ya
ATR000229,3174011809670229,Ruko,SHM,31790/Cikini,DKI Jakarta,Jakarta Pusat,Cikini,Cikini,381.2,333.1,41360000,5400000,15766432000,1798740000,17565172000,Tidak
ATR000230,3671011306770230,Ruko,HGB,95003/Paledang,Jawa Barat,Bogor,Bogor Tengah,Paledang,138.8,174.1,7310000,3510000,1014628000,611091000,1625719000,Ya
ATR000231,3276010708670231,Rumah,SHM,91857/Kramat Jati,DKI Jakarta,Jakarta Timur,Kramat Jati,Kramat Jati,138.4,88.7,16489999,4080000,2282216000,361896000,2644112000,Ya
ATR000232,3174010805720232,Tanah,HGB,23096/Margahayu,Jawa Barat,Bekasi,Bekasi Timur,Margahayu,179.0,0.0,6940000,4110000,1242260000,0,1242260000,Ya
ATR000233,3674011503770233,Ruko,HGB,58222/Bintara,Jawa Barat,Bekasi,Bekasi Barat,Bintara,375.4,486.5,8119999,3680000,3048248000,1790320000,4838568000,Ya
ATR000234,3175012201720234,Rumah,SHM,18088/Cakung Barat,DKI Jakarta,Jakarta Timur,Cakung,Cakung Barat,296.6,184.8,13140000,3670000,3897324000,678216000,4575540000,Ya
ATR000235,3174010103860235,Tanah,HGB,36634/Cengkareng Barat,DKI Jakarta,Jakarta Barat,Cengkareng,Cengkareng Barat,242.6,0.0,16450000,4300000,3990770000,0,3990770000,Ya
ATR000236,3271016001020236,Rumah,HGB,84119/Menteng,DKI Jakarta,Jakarta Pusat,Menteng,Menteng,358.3,255.3,48890000,7260000,17517287000,1853478000,19370765000,Tidak
ATR000237,3271014709790237,Gudang,SHM,74625/Margahayu,Jawa Barat,Bekasi,Bekasi Timur,Margahayu,353.1,405.2,8369999,3650000,2955447000,1478980000,4434427000,Ya
ATR000238,3671012908990238,Rumah,HGB,43458/Menteng,DKI Jakarta,Jakarta Pusat,Menteng,Menteng,198.9,158.8,51040000,6940000,10151856000,1102072000,11253928000,Ya
ATR000239,3175016401650239,Ruko,SHM,45518/Bojong Jaya,Banten,Tangerang,Karawaci,Bojong Jaya,87.6,59.2,9490000,3140000,831324000,185888000,1017212000,Ya
ATR000240,3174012105750240,Tanah,SHM,45616/Kelapa Gading Barat,DKI Jakarta,Jakarta Utara,Kelapa Gading,Kelapa Gading Barat,228.3,0.0,24850000,5340000,5673255000,0,5673255000,Ya
ATR000241,3173011909940241,Ruko,HGB,63778/Gunung,DKI Jakarta,Jakarta Selatan,Kebayoran Baru,Gunung,178.3,185.9,45890000,5580000,8182187000,1037322000,9219509000,Ya
ATR000242,3174014402740242,Tanah,SHM,16673/Gunung,DKI Jakarta,Jakarta Selatan,Kebayoran Baru,Gunung,331.1,0.0,47140000,6630000,15608054000,0,15608054000,Ya
ATR000243,3671016307990243,Rumah,SHM,68265/Kemiri Muka,Jawa Barat,Depok,Beji,Kemiri Muka,300.8,351.8,10590000,4010000,3185472000,1410718000,4596190000,Ya
ATR000244,3174012511960244,Tanah,HGB,78688/Paledang,Jawa Barat,Bogor,Bogor Tengah,Paledang,315.9,0.0,6280000,3790000,1983852000,0,1983852000,Ya
ATR000245,3671014104690245,Tanah,HGB,50043/Kramat Jati,DKI Jakarta,Jakarta Timur,Kramat Jati,Kramat Jati,69.9,0.0,19760000,4000000,1381224000,0,1381224000,Ya
ATR000246,3671015402910246,Rumah,SHM,45045/Cikini,DKI Jakarta,Jakarta Pusat,Cikini,Cikini,312.8,196.6,43820000,6600000,13706896000,1297560000,15004456000,Ya
ATR000247,3171012909900247,Gudang,HGB,85461/Cengkareng Barat,DKI Jakarta,Jakarta Barat,Cengkareng,Cengkareng Barat,62.2,45.4,16559999,4810000,1030032000,218374000,1248406000,Ya
ATR000248,3271014301850248,Ruko,HGB,25061/Cikini,DKI Jakarta,Jakarta Pusat,Cikini,Cikini,148.3,149.4,40480000,6500000,6003184000,971100000,6974284000,Ya
ATR000249,3276012210830249,Ruko,HGB,63459/Paledang,Jawa Barat,Bogor,Bogor Tengah,Paledang,318.7,297.4,7970000,3240000,2540039000,963576000,3503615000,Ya
ATR000250,3271014406820250,Gudang,HGB,58001/Pluit,DKI Jakarta,Jakarta Utara,Pluit,Pluit,376.9,219.4,30540000,5600000,11510526000,1228640000,12739166000,Ya
ATR000251,3671016902720251,Gudang,HGB,83438/Rawa Buntu,Jawa Barat,Tangerang Selatan,Serpong,Rawa Buntu,162.3,173.1,10440000,4099999,1694412000,709710000,2404122000,Ya
ATR000252,3171017107910252,Gudang,HGB,18772/Sukabumi Selatan,DKI Jakarta,Jakarta Barat,Kebon Jeruk,Sukabumi Selatan,271.1,145.5,24450000,5710000,6628395000,830805000,7459200000,Tidak
ATR000253,3671011611720253,Ruko,HGB,34577/Gunung,DKI Jakarta,Jakarta Selatan,Kebayoran Baru,Gunung,314.9,190.2,48490000,5140000,15269501000,977628000,16247129000,Ya
ATR000254,3171011404800254,Ruko,SHM,56478/Poris Plawad,Banten,Tangerang,Cipondoh,Poris Plawad,170.0,151.5,8109999,3590000,1378700000,543885000,1922585000,Ya
ATR000255,3671011604910255,Tanah,HGB,74954/Poris Plawad,Banten,Tangerang,Cipondoh,Poris Plawad,153.0,0.0,8620000,3320000,1318860000,0,1318860000,Ya
ATR000256,3671014601750256,Tanah,HGB,35564/Mekarjaya,Jawa Barat,Depok,Sukmajaya,Mekarjaya,115.6,0.0,9250000,3810000,1069300000,0,1069300000,Ya
ATR000257,3671014303730257,Tanah,SHM,72320/Margahayu,Jawa Barat,Bekasi,Bekasi Timur,Margahayu,88.0,0.0,8430000,3770000,741840000,0,741840000,Ya
ATR000258,3276011607930258,Gudang,SHM,43709/Kelapa Gading Barat,DKI Jakarta,Jakarta Utara,Kelapa Gading,Kelapa Gading Barat,383.3,238.0,24490000,5890000,9387017000,1401820000,10788837000,Ya
ATR000259,3671016802670259,Gudang,SHM,55900/Gunung,DKI Jakarta,Jakarta Selatan,Kebayoran Baru,Gunung,277.1,226.7,41950000,6870000,11624345000,1557429000,13181774000,Ya
ATR000260,3671011804720260,Gudang,SHM,16126/Margahayu,Jawa Barat,Bekasi,Bekasi Timur,Margahayu,364.0,249.0,7310000,3090000,2660840000,769410000,3430250000,Ya
ATR000261,3174015607890261,Tanah,SHM,63609/Kelapa Gading Barat,DKI Jakarta,Jakarta Utara,Kelapa Gading,Kelapa Gading Barat,185.3,0.0,27730000,5160000,5138369000,0,5138369000,Tidak
ATR000262,3276011007730262,Ruko,HGB,56153/Margahayu,Jawa Barat,Bekasi,Bekasi Timur,Margahayu,123.1,147.1,8660000,3890000,1066046000,572219000,1638265000,Ya
ATR000263,3674012211710263,Rumah,SHM,67385/Cikini,DKI Jakarta,Jakarta Pusat,Cikini,Cikini,318.7,319.0,35570000,5160000,11336159000,1646040000,12982199000,Ya
ATR000264,3171011808930264,Gudang,HGB,85452/Menteng,DKI Jakarta,Jakarta Pusat,Menteng,Menteng,269.7,306.7,54700000,5750000,14752590000,1763525000,16516115000,Ya
ATR000265,3276012308810265,Tanah,HGB,37917/Mekarjaya,Jawa Barat,Depok,Sukmajaya,Mekarjaya,293.1,0.0,8320000,3280000,2438592000,0,2438592000,Ya
ATR000266,3671011310710266,Tanah,HGB,33389/Pluit,DKI Jakarta,Jakarta Utara,Pluit,Pluit,81.8,0.0,27660000,4930000,2262588000,0,2262588000,Ya
ATR000267,3276015405860267,Tanah,SHM,48549/Mekarjaya,Jawa Barat,Depok,Sukmajaya,Mekarjaya,165.5,0.0,8390000,3070000,1388545000,0,1388545000,Ya
ATR000268,3174012912830268,Rumah,SHM,73842/Cakung Barat,DKI Jakarta,Jakarta Timur,Cakung,Cakung Barat,193.4,171.0,12360000,3750000,2390424000,641250000,3031674000,Ya
ATR000269,3271010506030269,Rumah,SHM,32013/Kemiri Muka,Jawa Barat,Depok,Beji,Kemiri Muka,352.4,396.1,8620000,3780000,3037688000,1497258000,4534946000,Ya
ATR000270,3671012709690270,Tanah,HGB,50895/Mekarjaya,Jawa Barat,Depok,Sukmajaya,Mekarjaya,142.3,0.0,9740000,3210000,1386002000,0,1386002000,Ya
ATR000271,3674015506710271,Gudang,HGB,93931/Sukabumi Selatan,DKI Jakarta,Jakarta Barat,Kebon Jeruk,Sukabumi Selatan,270.2,286.9,22390000,4260000,6049778000,1222194000,7271972000,Ya
ATR000272,3271017007770272,Ruko,HGB,76882/Sukabumi Selatan,DKI Jakarta,Jakarta Barat,Kebon Jeruk,Sukabumi Selatan,236.0,134.6,21010000,4300000,4958360000,578780000,5537140000,Ya
ATR000273,3671014706730273,Gudang,HGB,73241/Kelapa Gading Barat,DKI Jakarta,Jakarta Utara,Kelapa Gading,Kelapa Gading Barat,195.0,118.2,25510000,5500000,4974450000,650100000,5624550000,Ya
ATR000274,3671010102710274,Rumah,SHM,47061/Cikini,DKI Jakarta,Jakarta Pusat,Cikini,Cikini,128.1,81.2,35250000,6250000,4515525000,507500000,5023025000,Ya
ATR000275,3271015012010275,Ruko,SHM,95638/Margahayu,Jawa Barat,Bekasi,Bekasi Timur,Margahayu,70.7,88.3,6920000,3640000,489244000,321412000,810656000,Ya
ATR000276,3671015106800276,Ruko,HGB,91311/Gunung,DKI Jakarta,Jakarta Selatan,Kebayoran Baru,Gunung,356.1,381.5,49070000,5710000,17473827000,2178365000,19652192000,Ya
ATR000277,3671012601770277,Rumah,SHM,51978/Tebet Timur,DKI Jakarta,Jakarta Selatan,Tebet,Tebet Timur,87.2,106.0,28400000,6020000,2476480000,638120000,3114600000,Ya
ATR000278,3671012112960278,Tanah,SHM,61494/Bintara,Jawa Barat,Bekasi,Bekasi Barat,Bintara,278.8,0.0,9070000,4059999,2528716000,0,2528716000,Ya
ATR000279,3172015809940279,Tanah,SHM,91766/Duren Tiga,DKI Jakarta,Jakarta Selatan,Pancoran,Duren Tiga,80.5,0.0,27720000,4940000,2231460000,0,2231460000,Ya
ATR000280,3271015406730280,Tanah,SHM,30280/Paledang,Jawa Barat,Bogor,Bogor Tengah,Paledang,134.5,0.0,8000000,3230000,1076000000,0,1076000000,Ya
ATR000281,3271011110830281,Ruko,HGB,60315/Gunung,DKI Jakarta,Jakarta Selatan,Kebayoran Baru,Gunung,328.5,337.4,44980000,6100000,14775930000,2058140000,16834070000,Ya
ATR000282,3271014412020282,Rumah,HGB,47550/Mekarjaya,Jawa Barat,Depok,Sukmajaya,Mekarjaya,137.7,178.6,9710000,3760000,1337067000,671536000,2008603000,Ya
ATR000283,3671012112740283,Rumah,SHM,46400/Tebet Timur,DKI Jakarta,Jakarta Selatan,Tebet,Tebet Timur,291.3,162.5,24060000,5100000,7008678000,828750000,7837428000,Ya
ATR000284,3275015606930284,Ruko,SHM,63985/Kramat Jati,DKI Jakarta,Jakarta Timur,Kramat Jati,Kramat Jati,355.2,384.2,19310000,4400000,6858912000,1690480000,8549392000,Ya
ATR000285,3171011605800285,Rumah,HGB,39316/Poris Plawad,Banten,Tangerang,Cipondoh,Poris Plawad,186.2,240.2,6470000,3770000,1204714000,905554000,2110268000,Ya
ATR000286,3174011204850286,Gudang,HGB,19604/Kramat Jati,DKI Jakarta,Jakarta Timur,Kramat Jati,Kramat Jati,209.1,225.9,17930000,5000000,3749163000,1129500000,4878663000,Ya
ATR000287,3674015803650287,Ruko,SHM,57932/Mekarjaya,Jawa Barat,Depok,Sukmajaya,Mekarjaya,203.4,146.7,8740000,4050000,1777716000,594135000,2371851000,Ya
ATR000288,3671012502750288,Ruko,SHM,78064/Bojong Jaya,Banten,Tangerang,Karawaci,Bojong Jaya,271.8,273.2,9630000,3200000,2617434000,874240000,3491674000,Ya
ATR000289,3671015506840289,Gudang,HGB,39406/Gunung,DKI Jakarta,Jakarta Selatan,Kebayoran Baru,Gunung,369.1,237.6,41460000,6850000,15302886000,1627560000,16930446000,Ya
ATR000290,3174011506910290,Tanah,HGB,68141/Kramat Jati,DKI Jakarta,Jakarta Timur,Kramat Jati,Kramat Jati,350.5,0.0,17960000,4160000,6294980000,0,6294980000,Ya
ATR000291,3671010203670291,Ruko,HGB,48877/Bojong Jaya,Banten,Tangerang,Karawaci,Bojong Jaya,211.4,192.8,8620000,3700000,1822268000,713360000,2535628000,Ya
ATR000292,3671010507780292,Rumah,HGB,27482/Bintara,Jawa Barat,Bekasi,Bekasi Barat,Bintara,193.0,246.2,8350000,3980000,1611550000,979876000,2591426000,Ya
ATR000293,3671014609770293,Tanah,SHM,13954/Kemiri Muka,Jawa Barat,Depok,Beji,Kemiri Muka,323.0,0.0,8890000,4340000,2871470000,0,2871470000,Ya
ATR000294,3276014810660294,Tanah,HGB,97240/Mekarjaya,Jawa Barat,Depok,Sukmajaya,Mekarjaya,140.3,0.0,7410000,3240000,1039623000,0,1039623000,Ya
ATR000295,3671011009710295,Gudang,SHM,57732/Bintara,Jawa Barat,Bekasi,Bekasi Barat,Bintara,174.6,203.1,8810000,3510000,1538226000,712881000,2251107000,Ya
ATR000296,3174016406010296,Ruko,HGB,14734/Kramat Jati,DKI Jakarta,Jakarta Timur,Kramat Jati,Kramat Jati,300.3,190.3,16210000,3870000,4867863000,736461000,5604324000,Ya
ATR000297,3671012909790297,Rumah,HGB,44987/Bojong Jaya,Banten,Tangerang,Karawaci,Bojong Jaya,285.7,251.3,9930000,3930000,2837001000,987609000,3824610000,Ya
ATR000298,3674015312950298,Tanah,SHM,55045/Kelapa Gading Barat,DKI Jakarta,Jakarta Utara,Kelapa Gading,Kelapa Gading Barat,355.2,0.0,22790000,4590000,8095008000,0,8095008000,Ya
ATR000299,3671015702730299,Ruko,HGB,95957/Poris Plawad,Banten,Tangerang,Cipondoh,Poris Plawad,79.4,73.4,8480000,2930000,673312000,215062000,888374000,Ya
ATR000300,3175016005940300,Gudang,HGB,83572/Kramat Jati,DKI Jakarta,Jakarta Timur,Kramat Jati,Kramat Jati,213.7,266.5,17010000,4510000,3635037000,1201915000,4836952000,Ya
ATR000301,3173014507800301,Ruko,HGB,42310/Margahayu,Jawa Barat,Bekasi,Bekasi Timur,Margahayu,110.4,142.3,9120000,3070000,1006848000,436861000,1443709000,Tidak
ATR000302,3173016105790302,Rumah,SHM,60184/Pluit,DKI Jakarta,Jakarta Utara,Pluit,Pluit,277.3,331.2,26630000,5320000,7384499000,1761984000,9146483000,Ya
ATR000303,3173014412840303,Rumah,HGB,18245/Kramat Jati,DKI Jakarta,Jakarta Timur,Kramat Jati,Kramat Jati,286.7,175.4,15460000,4240000,4432382000,743696000,5176078000,Ya
ATR000304,3172011908890304,Tanah,HGB,57609/Bintara,Jawa Barat,Bekasi,Bekasi Barat,Bintara,128.6,0.0,9470000,4340000,1217842000,0,1217842000,Ya
ATR000305,3173016311790305,Ruko,SHM,72209/Duren Tiga,DKI Jakarta,Jakarta Selatan,Pancoran,Duren Tiga,288.7,246.8,33310000,4970000,9616597000,1226596000,10843193000,Ya
ATR000306,3671012707890306,Rumah,HGB,38557/Rawa Buntu,Jawa Barat,Tangerang Selatan,Serpong,Rawa Buntu,345.0,433.2,12660000,4000000,4367700000,1732800000,6100500000,Ya
ATR000307,3171010206700307,Ruko,SHM,69551/Duren Tiga,DKI Jakarta,Jakarta Selatan,Pancoran,Duren Tiga,355.4,339.9,25770000,6210000,9158658000,2110779000,11269437000,Ya
ATR000308,3671015805870308,Rumah,HGB,53808/Cakung Barat,DKI Jakarta,Jakarta Timur,Cakung,Cakung Barat,290.0,195.0,12570000,3870000,3645300000,754650000,4399950000,Ya
ATR000309,3671011308870309,Ruko,SHM,91842/Rawa Buntu,Jawa Barat,Tangerang Selatan,Serpong,Rawa Buntu,96.2,98.7,13800000,3460000,1327560000,341502000,1669062000,Tidak
ATR000310,3671012610020310,Rumah,SHM,24679/Paledang,Jawa Barat,Bogor,Bogor Tengah,Paledang,198.3,237.3,7590000,3470000,1505097000,823431000,2328528000,Ya
ATR000311,3171014908870311,Gudang,HGB,21688/Cakung Barat,DKI Jakarta,Jakarta Timur,Cakung,Cakung Barat,358.7,295.3,11380000,4200000,4082006000,1240260000,5322266000,Ya
ATR000312,3172015110690312,Rumah,HGB,20085/Margahayu,Jawa Barat,Bekasi,Bekasi Timur,Margahayu,319.2,363.3,7850000,3940000,2505720000,1431402000,3937122000,Ya
ATR000313,3671016502740313,Tanah,HGB,53959/Pluit,DKI Jakarta,Jakarta Utara,Pluit,Pluit,245.1,0.0,23000000,5020000,5637300000,0,5637300000,Ya
ATR000314,3275011202820314,Tanah,SHM,26712/Sukabumi Selatan,DKI Jakarta,Jakarta Barat,Kebon Jeruk,Sukabumi Selatan,194.7,0.0,23290000,4830000,4534563000,0,4534563000,Ya
ATR000315,3671015511980315,Gudang,HGB,15128/Cengkareng Barat,DKI Jakarta,Jakarta Barat,Cengkareng,Cengkareng Barat,140.8,112.4,14690000,3660000,2068352000,411384000,2479736000,Ya
ATR000316,3173012810660316,Tanah,SHM,24052/Rawa Buntu,Jawa Barat,Tangerang Selatan,Serpong,Rawa Buntu,287.2,0.0,12430000,3960000,3569896000,0,3569896000,Ya
ATR000317,3174016411710317,Rumah,SHM,31996/Cengkareng Barat,DKI Jakarta,Jakarta Barat,Cengkareng,Cengkareng Barat,353.5,323.5,15900000,3600000,5620650000,1164600000,6785250000,Ya
ATR000318,3276010104730318,Ruko,SHM,90664/Poris Plawad,Banten,Tangerang,Cipondoh,Poris Plawad,189.3,155.0,7680000,3430000,1453824000,531650000,1985474000,Ya
ATR000319,3271010303780319,Rumah,SHM,82817/Bojong Jaya,Banten,Tangerang,Karawaci,Bojong Jaya,320.1,368.2,9590000,4090000,3069759000,1505938000,4575697000,Ya
ATR000320,3671015610660320,Tanah,HGB,82588/Cengkareng Barat,DKI Jakarta,Jakarta Barat,Cengkareng,Cengkareng Barat,126.6,0.0,13640000,4390000,1726824000,0,1726824000,Ya
ATR000321,3276015605790321,Ruko,HGB,77544/Menteng,DKI Jakarta,Jakarta Pusat,Menteng,Menteng,142.8,177.3,47740000,7350000,6817272000,1303155000,8120427000,Ya
ATR000322,3275012303740322,Rumah,SHM,11086/Menteng,DKI Jakarta,Jakarta Pusat,Menteng,Menteng,94.5,84.0,50990000,6080000,4818555000,510720000,5329275000,Ya
ATR000323,3171011708000323,Rumah,SHM,52418/Tebet Timur,DKI Jakarta,Jakarta Selatan,Tebet,Tebet Timur,333.0,310.1,26410000,5680000,8794530000,1761368000,10555898000,Ya
ATR000324,3173015603950324,Rumah,SHM,53214/Rawa Buntu,Jawa Barat,Tangerang Selatan,Serpong,Rawa Buntu,152.7,126.9,10640000,3620000,1624728000,459378000,2084106000,Ya
ATR000325,3175011904000325,Tanah,SHM,45097/Rawa Buntu,Jawa Barat,Tangerang Selatan,Serpong,Rawa Buntu,121.7,0.0,12090000,4250000,1471353000,0,1471353000,Ya
ATR000326,3171014107980326,Tanah,HGB,13298/Tebet Timur,DKI Jakarta,Jakarta Selatan,Tebet,Tebet Timur,252.9,0.0,25960000,6260000,6565284000,0,6565284000,Ya
ATR000327,3174011611660327,Gudang,SHM,16320/Pluit,DKI Jakarta,Jakarta Utara,Pluit,Pluit,334.0,314.0,23300000,5510000,7782200000,1730140000,9512340000,Tidak
ATR000328,3671012203720328,Rumah,SHM,54731/Pluit,DKI Jakarta,Jakarta Utara,Pluit,Pluit,264.5,305.6,30110000,4870000,7964095000,1488272000,9452367000,Ya
ATR000329,3175015702950329,Ruko,HGB,87504/Rawa Buntu,Jawa Barat,Tangerang Selatan,Serpong,Rawa Buntu,267.7,221.9,13220000,4480000,3538994000,994112000,4533106000,Ya
ATR000330,3671010609730330,Tanah,SHM,23849/Poris Plawad,Banten,Tangerang,Cipondoh,Poris Plawad,140.5,0.0,8130000,3170000,1142265000,0,1142265000,Ya
ATR000331,3276016103650331,Gudang,SHM,63861/Sukabumi Selatan,DKI Jakarta,Jakarta Barat,Kebon Jeruk,Sukabumi Selatan,204.1,211.0,19330000,5190000,3945253000,1095090000,5040343000,Ya
ATR000332,3271014511860332,Ruko,HGB,12888/Kemiri Muka,Jawa Barat,Depok,Beji,Kemiri Muka,259.4,164.6,10710000,4210000,2778174000,692966000,3471140000,Ya
ATR000333,3671011506010333,Gudang,SHM,31071/Cikini,DKI Jakarta,Jakarta Pusat,Cikini,Cikini,92.5,48.0,41700000,6190000,3857250000,297120000,4154370000,Ya
ATR000334,3172012211970334,Gudang,HGB,65315/Kelapa Gading Barat,DKI Jakarta,Jakarta Utara,Kelapa Gading,Kelapa Gading Barat,138.9,112.9,25710000,5190000,3571119000,585951000,4157070000,Tidak
ATR000335,3671012012980335,Tanah,SHM,29533/Cengkareng Barat,DKI Jakarta,Jakarta Barat,Cengkareng,Cengkareng Barat,106.4,0.0,16940000,4080000,1802416000,0,1802416000,Ya
ATR000336,3276016710670336,Ruko,SHM,61975/Bintara,Jawa Barat,Bekasi,Bekasi Barat,Bintara,304.0,320.4,10330000,3380000,3140320000,1082952000,4223272000,Ya
ATR000337,3275012707960337,Tanah,HGB,91512/Kramat Jati,DKI Jakarta,Jakarta Timur,Kramat Jati,Kramat Jati,306.3,0.0,18420000,4200000,5642046000,0,5642046000,Ya
ATR000338,3172015404760338,Ruko,HGB,86649/Rawa Buntu,Jawa Barat,Tangerang Selatan,Serpong,Rawa Buntu,89.1,108.3,10890000,3790000,970299000,410457000,1380756000,Ya
ATR000339,3174013101880339,Ruko,SHM,60959/Pluit,DKI Jakarta,Jakarta Utara,Pluit,Pluit,180.7,100.4,27150000,4610000,4906005000,462844000,5368849000,Ya
ATR000340,3671010808860340,Ruko,SHM,10063/Tebet Timur,DKI Jakarta,Jakarta Selatan,Tebet,Tebet Timur,139.5,130.0,31190000,5750000,4351005000,747500000,5098505000,Ya
ATR000341,3171012903930341,Tanah,HGB,66719/Sukabumi Selatan,DKI Jakarta,Jakarta Barat,Kebon Jeruk,Sukabumi Selatan,170.3,0.0,20900000,5250000,3559270000,0,3559270000,Tidak
ATR000342,3671010511680342,Rumah,HGB,74937/Bintara,Jawa Barat,Bekasi,Bekasi Barat,Bintara,285.0,269.7,9620000,3760000,2741700000,1014072000,3755772000,Ya
ATR000343,3671011007720343,Ruko,HGB,56454/Menteng,DKI Jakarta,Jakarta Pusat,Menteng,Menteng,251.2,318.0,49640000,6870000,12469568000,2184660000,14654228000,Ya
ATR000344,3671012801020344,Ruko,SHM,37666/Paledang,Jawa Barat,Bogor,Bogor Tengah,Paledang,242.2,139.8,6900000,3660000,1671180000,511668000,2182848000,Ya
ATR000345,3172011103890345,Rumah,HGB,17515/Tebet Timur,DKI Jakarta,Jakarta Selatan,Tebet,Tebet Timur,286.1,325.1,31590000,5060000,9037899000,1645006000,10682905000,Ya
ATR000346,3271010406910346,Tanah,HGB,48102/Kelapa Gading Barat,DKI Jakarta,Jakarta Utara,Kelapa Gading,Kelapa Gading Barat,111.8,0.0,28690000,5870000,3207542000,0,3207542000,Ya
ATR000347,3671014512900347,Rumah,HGB,15172/Menteng,DKI Jakarta,Jakarta Pusat,Menteng,Menteng,346.3,317.5,57040000,5700000,19752952000,1809750000,21562702000,Ya
ATR000348,3671012109760348,Rumah,HGB,34907/Rawa Buntu,Jawa Barat,Tangerang Selatan,Serpong,Rawa Buntu,103.4,120.0,13020000,4250000,1346268000,510000000,1856268000,Ya
ATR000349,3671012005760349,Ruko,SHM,13010/Cikini,DKI Jakarta,Jakarta Pusat,Cikini,Cikini,163.1,115.9,38320000,5260000,6249992000,609634000,6859626000,Ya
ATR000350,3174015508740350,Gudang,HGB,82428/Paledang,Jawa Barat,Bogor,Bogor Tengah,Paledang,248.3,184.8,6780000,3350000,1683474000,619080000,2302554000,Ya
ATR000351,3674011512680351,Rumah,SHM,34425/Paledang,Jawa Barat,Bogor,Bogor Tengah,Paledang,235.3,290.7,6990000,3900000,1644747000,1133730000,2778477000,Ya
ATR000352,3171016109930352,Tanah,SHM,97752/Kemiri Muka,Jawa Barat,Depok,Beji,Kemiri Muka,130.9,0.0,11290000,3360000,1477861000,0,1477861000,Ya
ATR000353,3276012005940353,Rumah,HGB,74226/Poris Plawad,Banten,Tangerang,Cipondoh,Poris Plawad,189.4,227.7,8330000,3710000,1577702000,844767000,2422469000,Ya
ATR000354,3671011701690354,Rumah,HGB,25541/Cengkareng Barat,DKI Jakarta,Jakarta Barat,Cengkareng,Cengkareng Barat,163.6,92.4,15530000,3790000,2540708000,350196000,2890904000,Ya
ATR000355,3671015709760355,Ruko,HGB,76060/Rawa Buntu,Jawa Barat,Tangerang Selatan,Serpong,Rawa Buntu,177.7,227.5,12510000,4390000,2223027000,998725000,3221752000,Ya
ATR000356,3271012102960356,Ruko,HGB,14736/Cakung Barat,DKI Jakarta,Jakarta Timur,Cakung,Cakung Barat,353.1,437.2,11950000,4130000,4219545000,1805636000,6025181000,Ya
ATR000357,3275010203820357,Tanah,HGB,93032/Rawa Buntu,Jawa Barat,Tangerang Selatan,Serpong,Rawa Buntu,119.4,0.0,12010000,3880000,1433994000,0,1433994000,Ya
ATR000358,3173016203950358,Ruko,HGB,77496/Cengkareng Barat,DKI Jakarta,Jakarta Barat,Cengkareng,Cengkareng Barat,185.0,102.6,13720000,3740000,2538200000,383724000,2921924000,Tidak
ATR000359,3173012401980359,Rumah,SHM,87268/Rawa Buntu,Jawa Barat,Tangerang Selatan,Serpong,Rawa Buntu,246.8,314.1,11760000,3770000,2902368000,1184157000,4086525000,Ya
ATR000360,3174012604950360,Tanah,HGB,58875/Kramat Jati,DKI Jakarta,Jakarta Timur,Kramat Jati,Kramat Jati,209.4,0.0,15870000,4690000,3323178000,0,3323178000,Ya
ATR000361,3674015603730361,Ruko,SHM,58556/Margahayu,Jawa Barat,Bekasi,Bekasi Timur,Margahayu,270.7,276.2,7160000,3130000,1938212000,864506000,2802718000,Ya
ATR000362,3276010507850362,Ruko,HGB,67093/Kemiri Muka,Jawa Barat,Depok,Beji,Kemiri Muka,216.3,118.2,11480000,3300000,2483124000,390060000,2873184000,Ya
ATR000363,3271016706920363,Tanah,HGB,80631/Kramat Jati,DKI Jakarta,Jakarta Timur,Kramat Jati,Kramat Jati,394.5,0.0,16590000,4019999,6544755000,0,6544755000,Ya
ATR000364,3276016010830364,Tanah,SHM,71605/Sukabumi Selatan,DKI Jakarta,Jakarta Barat,Kebon Jeruk,Sukabumi Selatan,163.1,0.0,19370000,5290000,3159247000,0,3159247000,Ya
ATR000365,3172012205840365,Tanah,HGB,26091/Pluit,DKI Jakarta,Jakarta Utara,Pluit,Pluit,233.2,0.0,31020000,5800000,7233864000,0,7233864000,Ya
ATR000366,3671016403000366,Tanah,HGB,54461/Bojong Jaya,Banten,Tangerang,Karawaci,Bojong Jaya,164.1,0.0,9330000,3630000,1531053000,0,1531053000,Ya
ATR000367,3275010703850367,Ruko,SHM,31102/Paledang,Jawa Barat,Bogor,Bogor Tengah,Paledang,104.4,126.2,6890000,3090000,719316000,389958000,1109274000,Ya
ATR000368,3671011711900368,Ruko,SHM,21525/Cikini,DKI Jakarta,Jakarta Pusat,Cikini,Cikini,200.8,233.3,42800000,6480000,8594240000,1511784000,10106024000,Ya
ATR000369,3276014807720369,Rumah,SHM,65115/Mekarjaya,Jawa Barat,Depok,Sukmajaya,Mekarjaya,201.5,178.3,7270000,3340000,1464905000,595522000,2060427000,Ya
ATR000370,3271016702920370,Ruko,HGB,12323/Cikini,DKI Jakarta,Jakarta Pusat,Cikini,Cikini,106.6,99.0,36580000,5120000,3899428000,506880000,4406308000,Ya
ATR000371,3175011505980371,Ruko,HGB,45056/Cikini,DKI Jakarta,Jakarta Pusat,Cikini,Cikini,391.8,447.1,45510000,5980000,17830818000,2673658000,20504476000,Ya
ATR000372,3671013008690372,Tanah,HGB,97417/Mekarjaya,Jawa Barat,Depok,Sukmajaya,Mekarjaya,246.3,0.0,8380000,3970000,2063994000,0,2063994000,Ya
ATR000373,3172015308020373,Rumah,HGB,42336/Cakung Barat,DKI Jakarta,Jakarta Timur,Cakung,Cakung Barat,226.0,140.1,11370000,4280000,2569620000,599628000,3169248000,Ya
ATR000374,3671014407910374,Tanah,SHM,34415/Duren Tiga,DKI Jakarta,Jakarta Selatan,Pancoran,Duren Tiga,187.8,0.0,29050000,5430000,5455590000,0,5455590000,Ya
ATR000375,3674012708760375,Ruko,SHM,79283/Sukabumi Selatan,DKI Jakarta,Jakarta Barat,Kebon Jeruk,Sukabumi Selatan,363.3,459.3,23890000,4720000,8679237000,2167896000,10847133000,Ya
ATR000376,3271013005650376,Ruko,HGB,71428/Kemiri Muka,Jawa Barat,Depok,Beji,Kemiri Muka,208.8,146.9,11020000,3270000,2300976000,480363000,2781339000,Ya
ATR000377,3671016802020377,Ruko,HGB,65316/Poris Plawad,Banten,Tangerang,Cipondoh,Poris Plawad,216.9,219.0,7860000,3800000,1704834000,832200000,2537034000,Ya
ATR000378,3671015107830378,Gudang,HGB,71694/Paledang,Jawa Barat,Bogor,Bogor Tengah,Paledang,268.7,148.7,7040000,3040000,1891648000,452048000,2343696000,Ya
ATR000379,3276016105790379,Ruko,SHM,16781/Paledang,Jawa Barat,Bogor,Bogor Tengah,Paledang,234.2,244.5,6040000,2980000,1414568000,728610000,2143178000,Ya
ATR000380,3671011206750380,Tanah,SHM,48702/Menteng,DKI Jakarta,Jakarta Pusat,Menteng,Menteng,84.5,0.0,47930000,5550000,4050085000,0,4050085000,Tidak
ATR000381,3175014708680381,Ruko,HGB,42361/Tebet Timur,DKI Jakarta,Jakarta Selatan,Tebet,Tebet Timur,310.8,243.2,26290000,5250000,8170932000,1276800000,9447732000,Ya
ATR000382,3171014604820382,Ruko,SHM,61679/Mekarjaya,Jawa Barat,Depok,Sukmajaya,Mekarjaya,284.9,184.7,7670000,3170000,2185183000,585499000,2770682000,Ya
ATR000383,3271015202720383,Ruko,HGB,71443/Tebet Timur,DKI Jakarta,Jakarta Selatan,Tebet,Tebet Timur,319.9,227.8,23980000,4810000,7671202000,1095718000,8766920000,Tidak
ATR000384,3671012501700384,Ruko,HGB,94456/Paledang,Jawa Barat,Bogor,Bogor Tengah,Paledang,160.5,179.0,7260000,3280000,1165230000,587120000,1752350000,Ya
ATR000385,3174016501910385,Tanah,HGB,28673/Sukabumi Selatan,DKI Jakarta,Jakarta Barat,Kebon Jeruk,Sukabumi Selatan,101.3,0.0,22760000,5410000,2305588000,0,2305588000,Ya
ATR000386,3671014709670386,Rumah,SHM,90735/Cikini,DKI Jakarta,Jakarta Pusat,Cikini,Cikini,240.3,128.2,45620000,6540000,10962486000,838428000,11800914000,Ya
ATR000387,3674016111970387,Tanah,SHM,57196/Cikini,DKI Jakarta,Jakarta Pusat,Cikini,Cikini,393.2,0.0,41220000,6150000,16207704000,0,16207704000,Ya
ATR000388,3276014306900388,Rumah,SHM,69767/Paledang,Jawa Barat,Bogor,Bogor Tengah,Paledang,336.0,344.5,6220000,3240000,2089920000,1116180000,3206100000,Ya
ATR000389,3271010410010389,Rumah,HGB,98401/Mekarjaya,Jawa Barat,Depok,Sukmajaya,Mekarjaya,136.4,108.8,8330000,3530000,1136212000,384064000,1520276000,Ya
ATR000390,3175014505970390,Tanah,SHM,96293/Pluit,DKI Jakarta,Jakarta Utara,Pluit,Pluit,380.6,0.0,24900000,4700000,9476940000,0,9476940000,Ya
ATR000391,3275016704690391,Rumah,HGB,34471/Rawa Buntu,Jawa Barat,Tangerang Selatan,Serpong,Rawa Buntu,361.6,367.6,11230000,4380000,4060768000,1610088000,5670856000,Ya
ATR000392,3671010707940392,Tanah,HGB,78987/Duren Tiga,DKI Jakarta,Jakarta Selatan,Pancoran,Duren Tiga,347.8,0.0,33770000,5090000,11745206000,0,11745206000,Ya
ATR000393,3671012904020393,Rumah,SHM,39789/Kelapa Gading Barat,DKI Jakarta,Jakarta Utara,Kelapa Gading,Kelapa Gading Barat,216.6,254.2,26710000,5630000,5785386000,1431146000,7216532000,Ya
ATR000394,3671014706020394,Tanah,SHM,86341/Margahayu,Jawa Barat,Bekasi,Bekasi Timur,Margahayu,120.3,0.0,8109999,4120000,975633000,0,975633000,Ya
ATR000395,3671012807900395,Ruko,HGB,81043/Margahayu,Jawa Barat,Bekasi,Bekasi Timur,Margahayu,74.7,47.2,7120000,3840000,531864000,181248000,713112000,Ya
ATR000396,3671012208870396,Ruko,SHM,12072/Rawa Buntu,Jawa Barat,Tangerang Selatan,Serpong,Rawa Buntu,132.6,120.0,13230000,4280000,1754298000,513600000,2267898000,Ya
ATR000397,3671016201020397,Rumah,SHM,58300/Kelapa Gading Barat,DKI Jakarta,Jakarta Utara,Kelapa Gading,Kelapa Gading Barat,260.7,236.4,23480000,5300000,6121236000,1252920000,7374156000,Ya
ATR000398,3275017107970398,Ruko,HGB,68598/Rawa Buntu,Jawa Barat,Tangerang Selatan,Serpong,Rawa Buntu,356.9,360.1,12940000,3590000,4618286000,1292759000,5911045000,Ya
ATR000399,3175010211890399,Tanah,HGB,85527/Paledang,Jawa Barat,Bogor,Bogor Tengah,Paledang,63.2,0.0,6470000,3630000,408904000,0,408904000,Tidak
ATR000400,3275010408900400,Ruko,SHM,78973/Sukabumi Selatan,DKI Jakarta,Jakarta Barat,Kebon Jeruk,Sukabumi Selatan,93.7,76.9,23980000,4560000,2246926000,350664000,2597590000,Ya
ATR000401,3275011310970401,Tanah,SHM,29688/Pluit,DKI Jakarta,Jakarta Utara,Pluit,Pluit,309.2,0.0,27940000,4800000,8639048000,0,8639048000,Ya
ATR000402,3671010606670402,Rumah,SHM,65009/Pluit,DKI Jakarta,Jakarta Utara,Pluit,Pluit,326.5,308.0,22990000,5710000,7506235000,1758680000,9264915000,Ya
ATR000403,3671012712840403,Ruko,HGB,63937/Paledang,Jawa Barat,Bogor,Bogor Tengah,Paledang,313.5,207.5,7960000,3270000,2495460000,678525000,3173985000,Ya
ATR000404,3172016811820404,Ruko,SHM,78133/Mekarjaya,Jawa Barat,Depok,Sukmajaya,Mekarjaya,110.6,82.3,9460000,4139999,1046276000,340722000,1386998000,Ya
ATR000405,3671014503900405,Rumah,HGB,38213/Poris Plawad,Banten,Tangerang,Cipondoh,Poris Plawad,212.5,229.0,8369999,3490000,1778625000,799210000,2577835000,Ya
ATR000406,3271011608800406,Ruko,SHM,39468/Kemiri Muka,Jawa Barat,Depok,Beji,Kemiri Muka,200.3,211.6,8510000,3940000,1704553000,833704000,2538257000,Ya
ATR000407,3171012909950407,Rumah,HGB,93520/Poris Plawad,Banten,Tangerang,Cipondoh,Poris Plawad,330.0,189.5,7700000,3380000,2541000000,640510000,3181510000,Ya
ATR000408,3175011003850408,Gudang,SHM,18472/Pluit,DKI Jakarta,Jakarta Utara,Pluit,Pluit,82.1,79.1,27500000,5400000,2257750000,427140000,2684890000,Ya
ATR000409,3174016311810409,Ruko,HGB,67439/Menteng,DKI Jakarta,Jakarta Pusat,Menteng,Menteng,290.0,331.8,51200000,7130000,14848000000,2365734000,17213734000,Ya
ATR000410,3174010806820410,Tanah,HGB,92623/Kramat Jati,DKI Jakarta,Jakarta Timur,Kramat Jati,Kramat Jati,86.2,0.0,15620000,4280000,1346444000,0,1346444000,Ya
ATR000411,3175016809860411,Tanah,HGB,70375/Gunung,DKI Jakarta,Jakarta Selatan,Kebayoran Baru,Gunung,300.6,0.0,48900000,6030000,14699340000,0,14699340000,Ya
ATR000412,3671016910650412,Rumah,HGB,28040/Cakung Barat,DKI Jakarta,Jakarta Timur,Cakung,Cakung Barat,110.1,84.0,11760000,3510000,1294776000,294840000,1589616000,Ya
ATR000413,3172016707770413,Ruko,HGB,56278/Margahayu,Jawa Barat,Bekasi,Bekasi Timur,Margahayu,263.4,286.7,9200000,4070000,2423280000,1166869000,3590149000,Ya
ATR000414,3173014601790414,Ruko,HGB,98993/Kelapa Gading Barat,DKI Jakarta,Jakarta Utara,Kelapa Gading,Kelapa Gading Barat,203.2,205.0,27140000,4600000,5514848000,943000000,6457848000,Ya
ATR000415,3671011704840415,Ruko,HGB,82608/Mekarjaya,Jawa Barat,Depok,Sukmajaya,Mekarjaya,345.5,278.8,8680000,3690000,2998940000,1028772000,4027712000,Ya
ATR000416,3671010305990416,Ruko,SHM,12664/Cikini,DKI Jakarta,Jakarta Pusat,Cikini,Cikini,183.2,140.6,34310000,5140000,6285592000,722684000,7008276000,Ya
ATR000417,3671010203920417,Ruko,SHM,13046/Gunung,DKI Jakarta,Jakarta Selatan,Kebayoran Baru,Gunung,152.8,139.7,42280000,6790000,6460384000,948563000,7408947000,Ya
ATR000418,3271010304730418,Tanah,HGB,33318/Tebet Timur,DKI Jakarta,Jakarta Selatan,Tebet,Tebet Timur,206.1,0.0,31130000,6060000,6415893000,0,6415893000,Ya
ATR000419,3276012004980419,Ruko,HGB,88138/Rawa Buntu,Jawa Barat,Tangerang Selatan,Serpong,Rawa Buntu,332.9,288.5,11940000,3560000,3974826000,1027060000,5001886000,Ya
ATR000420,3674016710990420,Rumah,HGB,21246/Gunung,DKI Jakarta,Jakarta Selatan,Kebayoran Baru,Gunung,307.5,275.9,44150000,6410000,13576125000,1768519000,15344644000,Ya
ATR000421,3171010804880421,Rumah,HGB,24113/Pluit,DKI Jakarta,Jakarta Utara,Pluit,Pluit,114.0,112.7,24050000,5700000,2741700000,642390000,3384090000,Ya
ATR000422,3674016006720422,Ruko,SHM,84063/Cengkareng Barat,DKI Jakarta,Jakarta Barat,Cengkareng,Cengkareng Barat,385.2,213.9,13870000,3930000,5342724000,840627000,6183351000,Ya
ATR000423,3171010712990423,Rumah,SHM,97005/Margahayu,Jawa Barat,Bekasi,Bekasi Timur,Margahayu,144.0,176.4,7400000,3350000,1065600000,590940000,1656540000,Ya
ATR000424,3276016303970424,Tanah,HGB,92727/Rawa Buntu,Jawa Barat,Tangerang Selatan,Serpong,Rawa Buntu,212.9,0.0,13000000,3480000,2767700000,0,2767700000,Ya
ATR000425,3275011906990425,Rumah,HGB,34037/Bintara,Jawa Barat,Bekasi,Bekasi Barat,Bintara,71.4,39.3,10100000,3390000,721140000,133227000,854367000,Ya
ATR000426,3671015512770426,Tanah,SHM,73408/Cengkareng Barat,DKI Jakarta,Jakarta Barat,Cengkareng,Cengkareng Barat,199.8,0.0,15270000,4700000,3050946000,0,3050946000,Ya
ATR000427,3671014309750427,Ruko,HGB,65514/Kelapa Gading Barat,DKI Jakarta,Jakarta Utara,Kelapa Gading,Kelapa Gading Barat,285.7,363.0,25450000,5880000,7271065000,2134440000,9405505000,Ya
ATR000428,3276011303670428,Ruko,SHM,91154/Bintara,Jawa Barat,Bekasi,Bekasi Barat,Bintara,202.4,143.3,9620000,4350000,1947088000,623355000,2570443000,Ya
ATR000429,3174015509830429,Ruko,SHM,15881/Kelapa Gading Barat,DKI Jakarta,Jakarta Utara,Kelapa Gading,Kelapa Gading Barat,282.4,186.0,25490000,5140000,7198376000,956040000,8154416000,Tidak
ATR000430,3271011407810430,Tanah,SHM,86850/Bintara,Jawa Barat,Bekasi,Bekasi Barat,Bintara,266.9,0.0,8590000,3360000,2292671000,0,2292671000,Ya
ATR000431,3276015903960431,Tanah,HGB,18381/Mekarjaya,Jawa Barat,Depok,Sukmajaya,Mekarjaya,136.6,0.0,7860000,3980000,1073676000,0,1073676000,Ya
ATR000432,3271016710700432,Ruko,HGB,36957/Kramat Jati,DKI Jakarta,Jakarta Timur,Kramat Jati,Kramat Jati,238.0,140.9,19940000,4800000,4745720000,676320000,5422040000,Ya
ATR000433,3275013001980433,Rumah,HGB,70725/Sukabumi Selatan,DKI Jakarta,Jakarta Barat,Kebon Jeruk,Sukabumi Selatan,300.7,281.1,19240000,4940000,5785468000,1388634000,7174102000,Ya
ATR000434,3671013105760434,Ruko,HGB,75235/Bintara,Jawa Barat,Bekasi,Bekasi Barat,Bintara,116.4,146.3,9940000,3990000,1157016000,583737000,1740753000,Ya
ATR000435,3671016904020435,Tanah,SHM,60856/Mekarjaya,Jawa Barat,Depok,Sukmajaya,Mekarjaya,200.0,0.0,8880000,3650000,1776000000,0,1776000000,Ya
ATR000436,3271017009850436,Rumah,HGB,52293/Pluit,DKI Jakarta,Jakarta Utara,Pluit,Pluit,234.3,268.3,26670000,4590000,6248781000,1231497000,7480278000,Ya
ATR000437,3271012112670437,Tanah,SHM,11189/Gunung,DKI Jakarta,Jakarta Selatan,Kebayoran Baru,Gunung,128.5,0.0,41740000,5400000,5363590000,0,5363590000,Ya
ATR000438,3271010411960438,Ruko,HGB,88546/Kelapa Gading Barat,DKI Jakarta,Jakarta Utara,Kelapa Gading,Kelapa Gading Barat,317.3,290.5,22790000,5790000,7231267000,1681995000,8913262000,Ya
ATR000439,3174011510810439,Rumah,HGB,72571/Duren Tiga,DKI Jakarta,Jakarta Selatan,Pancoran,Duren Tiga,356.0,246.0,29560000,6300000,10523360000,1549800000,12073160000,Ya
ATR000440,3671011610990440,Ruko,SHM,76847/Duren Tiga,DKI Jakarta,Jakarta Selatan,Pancoran,Duren Tiga,69.2,38.2,29680000,6180000,2053856000,236076000,2289932000,Ya
ATR000441,3174015412780441,Gudang,HGB,21185/Tebet Timur,DKI Jakarta,Jakarta Selatan,Tebet,Tebet Timur,229.3,134.0,29320000,6030000,6723076000,808020000,7531096000,Ya
ATR000442,3276012505790442,Ruko,HGB,44629/Poris Plawad,Banten,Tangerang,Cipondoh,Poris Plawad,323.7,411.6,6830000,3420000,2210871000,1407672000,3618543000,Ya
ATR000443,3275014709650443,Rumah,HGB,89199/Margahayu,Jawa Barat,Bekasi,Bekasi Timur,Margahayu,329.6,317.1,8320000,3920000,2742272000,1243032000,3985304000,Ya
ATR000444,3271010104890444,Ruko,HGB,72202/Paledang,Jawa Barat,Bogor,Bogor Tengah,Paledang,371.1,343.8,6280000,3600000,2330508000,1237680000,3568188000,Ya
ATR000445,3172010408910445,Ruko,SHM,70222/Cikini,DKI Jakarta,Jakarta Pusat,Cikini,Cikini,167.7,198.8,44870000,5600000,7524699000,1113280000,8637979000,Tidak
ATR000446,3173015305690446,Ruko,SHM,47988/Menteng,DKI Jakarta,Jakarta Pusat,Menteng,Menteng,107.8,71.3,49790000,7270000,5367362000,518351000,5885713000,Ya
ATR000447,3671016005000447,Rumah,HGB,75595/Sukabumi Selatan,DKI Jakarta,Jakarta Barat,Kebon Jeruk,Sukabumi Selatan,111.7,95.2,22760000,4380000,2542292000,416976000,2959268000,Ya
ATR000448,3271015202920448,Ruko,SHM,38576/Sukabumi Selatan,DKI Jakarta,Jakarta Barat,Kebon Jeruk,Sukabumi Selatan,333.2,301.3,25080000,4880000,8356656000,1470344000,9827000000,Tidak
ATR000449,3674015409750449,Rumah,SHM,60706/Cikini,DKI Jakarta,Jakarta Pusat,Cikini,Cikini,287.1,289.3,35990000,6690000,10332729000,1935417000,12268146000,Ya
ATR000450,3671014610720450,Rumah,SHM,57501/Poris Plawad,Banten,Tangerang,Cipondoh,Poris Plawad,115.2,58.8,7630000,3430000,878976000,201684000,1080660000,Ya
ATR000451,3275014211910451,Rumah,HGB,74175/Pluit,DKI Jakarta,Jakarta Utara,Pluit,Pluit,362.7,204.4,28880000,4800000,10474776000,981120000,11455896000,Ya
ATR000452,3671012704850452,Rumah,SHM,72200/Cakung Barat,DKI Jakarta,Jakarta Timur,Cakung,Cakung Barat,338.5,315.7,12760000,3780000,4319260000,1193346000,5512606000,Ya
ATR000453,3671014201690453,Ruko,SHM,96663/Bojong Jaya,Banten,Tangerang,Karawaci,Bojong Jaya,339.4,294.4,8620000,3590000,2925628000,1056896000,3982524000,Ya
ATR000454,3275012008030454,Tanah,SHM,95519/Paledang,Jawa Barat,Bogor,Bogor Tengah,Paledang,174.0,0.0,6310000,3620000,1097940000,0,1097940000,Ya
ATR000455,3671016009940455,Ruko,HGB,45131/Kelapa Gading Barat,DKI Jakarta,Jakarta Utara,Kelapa Gading,Kelapa Gading Barat,94.2,65.2,22310000,4960000,2101602000,323392000,2424994000,Ya
ATR000456,3171015007650456,Ruko,SHM,34040/Kemiri Muka,Jawa Barat,Depok,Beji,Kemiri Muka,314.6,321.2,10360000,3630000,3259256000,1165956000,4425212000,Ya
ATR000457,3671015612920457,Tanah,SHM,96017/Margahayu,Jawa Barat,Bekasi,Bekasi Timur,Margahayu,220.2,0.0,9150000,3740000,2014830000,0,2014830000,Ya
ATR000458,3172010705870458,Ruko,SHM,24066/Margahayu,Jawa Barat,Bekasi,Bekasi Timur,Margahayu,289.9,220.3,8450000,3140000,2449655000,691742000,3141397000,Ya
ATR000459,3275015705710459,Rumah,HGB,53744/Poris Plawad,Banten,Tangerang,Cipondoh,Poris Plawad,351.0,239.3,8260000,3170000,2899260000,758581000,3657841000,Ya
ATR000460,3275015201860460,Ruko,HGB,39224/Margahayu,Jawa Barat,Bekasi,Bekasi Timur,Margahayu,296.0,269.4,7530000,3290000,2228880000,886326000,3115206000,Ya
ATR000461,3671011108970461,Ruko,SHM,86423/Poris Plawad,Banten,Tangerang,Cipondoh,Poris Plawad,163.3,167.0,8490000,3780000,1386417000,631260000,2017677000,Ya
ATR000462,3172015306680462,Tanah,HGB,61543/Pluit,DKI Jakarta,Jakarta Utara,Pluit,Pluit,328.1,0.0,28340000,4920000,9298354000,0,9298354000,Ya
ATR000463,3671012707940463,Tanah,SHM,18082/Margahayu,Jawa Barat,Bekasi,Bekasi Timur,Margahayu,288.0,0.0,8150000,3180000,2347200000,0,2347200000,Ya
ATR000464,3671016907020464,Tanah,SHM,25482/Margahayu,Jawa Barat,Bekasi,Bekasi Timur,Margahayu,216.5,0.0,8870000,3650000,1920355000,0,1920355000,Ya
ATR000465,3275012310930465,Rumah,SHM,60966/Gunung,DKI Jakarta,Jakarta Selatan,Kebayoran Baru,Gunung,392.1,230.8,43950000,5180000,17232795000,1195544000,18428339000,Ya
ATR000466,3671015401820466,Tanah,HGB,94931/Cengkareng Barat,DKI Jakarta,Jakarta Barat,Cengkareng,Cengkareng Barat,372.1,0.0,14940000,4650000,5559174000,0,5559174000,Ya
ATR000467,3671015505690467,Ruko,SHM,21849/Gunung,DKI Jakarta,Jakarta Selatan,Kebayoran Baru,Gunung,369.7,407.8,49120000,5130000,18159664000,2092014000,20251678000,Tidak
ATR000468,3671014912970468,Ruko,HGB,35612/Cakung Barat,DKI Jakarta,Jakarta Timur,Cakung,Cakung Barat,307.1,228.4,13190000,3740000,4050649000,854216000,4904865000,Ya
ATR000469,3172013008690469,Ruko,SHM,89213/Paledang,Jawa Barat,Bogor,Bogor Tengah,Paledang,98.3,104.5,7090000,2990000,696947000,312455000,1009402000,Ya
ATR000470,3671012111910470,Rumah,SHM,73272/Kemiri Muka,Jawa Barat,Depok,Beji,Kemiri Muka,64.2,56.2,9400000,3910000,603480000,219742000,823222000,Ya
ATR000471,3271011212850471,Ruko,HGB,86119/Kramat Jati,DKI Jakarta,Jakarta Timur,Kramat Jati,Kramat Jati,162.0,177.3,15560000,5040000,2520720000,893592000,3414312000,Ya
ATR000472,3674014412790472,Rumah,HGB,71448/Bojong Jaya,Banten,Tangerang,Karawaci,Bojong Jaya,287.1,279.8,10060000,3260000,2888226000,912148000,3800374000,Ya
ATR000473,3171010204890473,Rumah,HGB,77741/Gunung,DKI Jakarta,Jakarta Selatan,Kebayoran Baru,Gunung,141.4,160.6,38720000,6150000,5475008000,987690000,6462698000,Tidak
ATR000474,3173014509710474,Ruko,SHM,72154/Poris Plawad,Banten,Tangerang,Cipondoh,Poris Plawad,350.9,321.8,6520000,3740000,2287868000,1203532000,3491400000,Ya
ATR000475,3275016503890475,Gudang,HGB,89820/Duren Tiga,DKI Jakarta,Jakarta Selatan,Pancoran,Duren Tiga,99.1,57.0,33690000,5780000,3338679000,329460000,3668139000,Ya
ATR000476,3275015305930476,Rumah,SHM,72686/Menteng,DKI Jakarta,Jakarta Pusat,Menteng,Menteng,358.9,343.6,55290000,6360000,19843581000,2185296000,22028877000,Ya
ATR000477,3276012905780477,Tanah,SHM,85219/Tebet Timur,DKI Jakarta,Jakarta Selatan,Tebet,Tebet Timur,207.8,0.0,30300000,5670000,6296340000,0,6296340000,Ya
ATR000478,3671011212860478,Tanah,SHM,37806/Sukabumi Selatan,DKI Jakarta,Jakarta Barat,Kebon Jeruk,Sukabumi Selatan,210.7,0.0,22710000,5200000,4784997000,0,4784997000,Ya
ATR000479,3275011103830479,Rumah,SHM,71730/Cikini,DKI Jakarta,Jakarta Pusat,Cikini,Cikini,298.9,206.2,40150000,5290000,12000835000,1090798000,13091633000,Ya
ATR000480,3173010105940480,Rumah,SHM,18432/Cengkareng Barat,DKI Jakarta,Jakarta Barat,Cengkareng,Cengkareng Barat,225.8,230.7,18160000,4330000,4100528000,998931000,5099459000,Ya
ATR000481,3276016206020481,Rumah,HGB,19927/Sukabumi Selatan,DKI Jakarta,Jakarta Barat,Kebon Jeruk,Sukabumi Selatan,232.1,233.8,19170000,4630000,4449357000,1082494000,5531851000,Ya
ATR000482,3671015907790482,Rumah,SHM,27748/Bintara,Jawa Barat,Bekasi,Bekasi Barat,Bintara,220.6,118.4,8029999,3550000,1771418000,420320000,2191738000,Tidak
ATR000483,3276016512980483,Rumah,SHM,91972/Duren Tiga,DKI Jakarta,Jakarta Selatan,Pancoran,Duren Tiga,172.7,152.9,27260000,5680000,4707802000,868472000,5576274000,Ya
ATR000484,3671012011990484,Tanah,HGB,64221/Bintara,Jawa Barat,Bekasi,Bekasi Barat,Bintara,130.4,0.0,9040000,3240000,1178816000,0,1178816000,Ya
ATR000485,3276014104740485,Rumah,HGB,54039/Duren Tiga,DKI Jakarta,Jakarta Selatan,Pancoran,Duren Tiga,134.5,71.2,26470000,5230000,3560215000,372376000,3932591000,Ya
ATR000486,3671011802930486,Ruko,SHM,38850/Bojong Jaya,Banten,Tangerang,Karawaci,Bojong Jaya,254.5,231.6,8440000,4070000,2147980000,942612000,3090592000,Ya
ATR000487,3671016810850487,Rumah,SHM,81669/Bintara,Jawa Barat,Bekasi,Bekasi Barat,Bintara,89.6,89.0,7960000,3620000,713216000,322180000,1035396000,Ya
ATR000488,3174010512930488,Ruko,SHM,67301/Pluit,DKI Jakarta,Jakarta Utara,Pluit,Pluit,357.2,319.6,28640000,6080000,10230208000,1943168000,12173376000,Ya
ATR000489,3671010302720489,Tanah,SHM,29377/Cakung Barat,DKI Jakarta,Jakarta Timur,Cakung,Cakung Barat,153.4,0.0,11620000,3910000,1782508000,0,1782508000,Ya
ATR000490,3671016804750490,Ruko,SHM,89738/Bojong Jaya,Banten,Tangerang,Karawaci,Bojong Jaya,368.6,394.9,9290000,3390000,3424294000,1338711000,4763005000,Ya
ATR000491,3275012107840491,Ruko,HGB,28837/Sukabumi Selatan,DKI Jakarta,Jakarta Barat,Kebon Jeruk,Sukabumi Selatan,384.7,445.1,18710000,5200000,7197737000,2314520000,9512257000,Ya
ATR000492,3276015006660492,Ruko,HGB,23614/Bojong Jaya,Banten,Tangerang,Karawaci,Bojong Jaya,147.6,80.8,9280000,3800000,1369728000,307040000,1676768000,Ya
ATR000493,3671010106000493,Ruko,SHM,55973/Bintara,Jawa Barat,Bekasi,Bekasi Barat,Bintara,190.5,164.8,8650000,3370000,1647825000,555376000,2203201000,Ya
ATR000494,3275017009970494,Rumah,SHM,63810/Kemiri Muka,Jawa Barat,Depok,Beji,Kemiri Muka,315.4,175.6,8740000,3630000,2756596000,637428000,3394024000,Tidak
ATR000495,3173012611970495,Ruko,HGB,44875/Rawa Buntu,Jawa Barat,Tangerang Selatan,Serpong,Rawa Buntu,287.3,299.6,11500000,4110000,3303950000,1231356000,4535306000,Ya
ATR000496,3173011210740496,Rumah,HGB,52068/Kemiri Muka,Jawa Barat,Depok,Beji,Kemiri Muka,276.3,340.0,10340000,4230000,2856942000,1438200000,4295142000,Ya
ATR000497,3671012805850497,Rumah,SHM,78147/Gunung,DKI Jakarta,Jakarta Selatan,Kebayoran Baru,Gunung,101.0,123.4,39150000,6060000,3954150000,747804000,4701954000,Ya
ATR000498,3173012712950498,Tanah,SHM,26109/Sukabumi Selatan,DKI Jakarta,Jakarta Barat,Kebon Jeruk,Sukabumi Selatan,64.0,0.0,21490000,4690000,1375360000,0,1375360000,Ya
ATR000499,3671010302880499,Gudang,SHM,78987/Bojong Jaya,Banten,Tangerang,Karawaci,Bojong Jaya,256.2,137.1,7980000,3660000,2044476000,501786000,2546262000,Ya
ATR000500,3671016602900500,Tanah,HGB,51430/Bojong Jaya,Banten,Tangerang,Karawaci,Bojong Jaya,307.9,0.0,9410000,3970000,2897339000,0,2897339000,Ya
ATR000501,3674010706770501,Ruko,HGB,13350/Margahayu,Jawa Barat,Bekasi,Bekasi Timur,Margahayu,206.2,214.1,7460000,3390000,1538252000,725799000,2264051000,Ya
ATR000502,3671015104850502,Rumah,SHM,51950/Pluit,DKI Jakarta,Jakarta Utara,Pluit,Pluit,211.8,241.2,29610000,5870000,6271398000,1415844000,7687242000,Ya
ATR000503,3175015001700503,Tanah,SHM,83664/Rawa Buntu,Jawa Barat,Tangerang Selatan,Serpong,Rawa Buntu,206.5,0.0,11350000,4099999,2343775000,0,2343775000,Ya
ATR000504,3275016901780504,Ruko,HGB,73764/Bojong Jaya,Banten,Tangerang,Karawaci,Bojong Jaya,264.4,281.4,9510000,3460000,2514444000,973644000,3488088000,Ya
ATR000505,3671015807850505,Ruko,HGB,43244/Paledang,Jawa Barat,Bogor,Bogor Tengah,Paledang,206.4,126.7,7820000,3240000,1614048000,410508000,2024556000,Ya
ATR000506,3175014410770506,Rumah,SHM,68528/Paledang,Jawa Barat,Bogor,Bogor Tengah,Paledang,68.7,69.8,7290000,3240000,500823000,226152000,726975000,Ya
ATR000507,3175011010900507,Ruko,HGB,59404/Bojong Jaya,Banten,Tangerang,Karawaci,Bojong Jaya,199.3,149.3,9480000,3710000,1889364000,553903000,2443267000,Ya
ATR000508,3674016103890508,Ruko,HGB,60942/Cakung Barat,DKI Jakarta,Jakarta Timur,Cakung,Cakung Barat,134.1,173.0,11830000,4230000,1586403000,731790000,2318193000,Ya
ATR000509,3671015301940509,Tanah,SHM,40666/Pluit,DKI Jakarta,Jakarta Utara,Pluit,Pluit,225.1,0.0,23170000,5310000,5215567000,0,5215567000,Tidak
ATR000510,3172017003700510,Ruko,HGB,46241/Kelapa Gading Barat,DKI Jakarta,Jakarta Utara,Kelapa Gading,Kelapa Gading Barat,190.6,101.2,21480000,5030000,4094088000,509036000,4603124000,Ya
ATR000511,3172011308880511,Rumah,SHM,36035/Poris Plawad,Banten,Tangerang,Cipondoh,Poris Plawad,67.9,75.0,7410000,3190000,503139000,239250000,742389000,Ya
ATR000512,3275016911940512,Ruko,SHM,30475/Paledang,Jawa Barat,Bogor,Bogor Tengah,Paledang,99.5,125.8,6610000,3800000,657695000,478040000,1135735000,Ya
ATR000513,3674014203900513,Gudang,SHM,75797/Kemiri Muka,Jawa Barat,Depok,Beji,Kemiri Muka,341.1,439.1,9370000,4330000,3196107000,1901303000,5097410000,Ya
ATR000514,3671015206710514,Ruko,SHM,55210/Menteng,DKI Jakarta,Jakarta Pusat,Menteng,Menteng,191.1,147.6,55680000,5830000,10640448000,860508000,11500956000,Ya
ATR000515,3674010511720515,Tanah,HGB,48033/Tebet Timur,DKI Jakarta,Jakarta Selatan,Tebet,Tebet Timur,244.2,0.0,30200000,6050000,7374840000,0,7374840000,Ya
ATR000516,3671010203870516,Rumah,HGB,42096/Cakung Barat,DKI Jakarta,Jakarta Timur,Cakung,Cakung Barat,162.8,115.2,10900000,3470000,1774520000,399744000,2174264000,Ya
ATR000517,3674011701730517,Gudang,SHM,52353/Kelapa Gading Barat,DKI Jakarta,Jakarta Utara,Kelapa Gading,Kelapa Gading Barat,151.9,193.4,25430000,4960000,3862817000,959264000,4822081000,Ya
ATR000518,3674016202960518,Tanah,HGB,11136/Kramat Jati,DKI Jakarta,Jakarta Timur,Kramat Jati,Kramat Jati,107.3,0.0,17700000,4670000,1899210000,0,1899210000,Ya
ATR000519,3671011201810519,Gudang,SHM,43095/Pluit,DKI Jakarta,Jakarta Utara,Pluit,Pluit,196.6,254.6,30080000,5500000,5913728000,1400300000,7314028000,Ya
ATR000520,3671012104990520,Tanah,HGB,13463/Paledang,Jawa Barat,Bogor,Bogor Tengah,Paledang,271.0,0.0,6370000,3290000,1726270000,0,1726270000,Ya
ATR000521,3671014712010521,Ruko,HGB,31475/Paledang,Jawa Barat,Bogor,Bogor Tengah,Paledang,221.7,207.2,6430000,3870000,1425531000,801864000,2227395000,Ya
ATR000522,3172010212740522,Rumah,HGB,69099/Duren Tiga,DKI Jakarta,Jakarta Selatan,Pancoran,Duren Tiga,305.5,283.1,33330000,4890000,10182315000,1384359000,11566674000,Ya
ATR000523,3173011508800523,Gudang,HGB,59499/Sukabumi Selatan,DKI Jakarta,Jakarta Barat,Kebon Jeruk,Sukabumi Selatan,102.4,116.3,20520000,5570000,2101248000,647791000,2749039000,Tidak
ATR000524,3171010906030524,Ruko,HGB,86100/Tebet Timur,DKI Jakarta,Jakarta Selatan,Tebet,Tebet Timur,110.6,96.2,32040000,5470000,3543624000,526214000,4069838000,Ya
ATR000525,3674012811660525,Ruko,SHM,67551/Menteng,DKI Jakarta,Jakarta Pusat,Menteng,Menteng,260.2,208.2,51470000,5920000,13392494000,1232544000,14625038000,Ya
ATR000526,3671010611980526,Rumah,SHM,60969/Kelapa Gading Barat,DKI Jakarta,Jakarta Utara,Kelapa Gading,Kelapa Gading Barat,191.4,174.0,24940000,5320000,4773516000,925680000,5699196000,Ya
ATR000527,3271011910800527,Rumah,HGB,94612/Kemiri Muka,Jawa Barat,Depok,Beji,Kemiri Muka,393.5,325.1,10980000,4099999,4320630000,1332910000,5653540000,Ya
ATR000528,3276012810980528,Rumah,HGB,49248/Rawa Buntu,Jawa Barat,Tangerang Selatan,Serpong,Rawa Buntu,385.1,254.3,10590000,4420000,4078209000,1124006000,5202215000,Ya
ATR000529,3175015101820529,Ruko,HGB,95797/Rawa Buntu,Jawa Barat,Tangerang Selatan,Serpong,Rawa Buntu,348.0,422.6,10420000,4460000,3626160000,1884796000,5510956000,Ya
ATR000530,3271011208960530,Rumah,SHM,24841/Bintara,Jawa Barat,Bekasi,Bekasi Barat,Bintara,233.5,233.8,10150000,3250000,2370025000,759850000,3129875000,Ya
ATR000531,3674015802750531,Rumah,HGB,44595/Bojong Jaya,Banten,Tangerang,Karawaci,Bojong Jaya,293.8,316.8,9520000,3210000,2796976000,1016928000,3813904000,Ya
ATR000532,3671011310820532,Tanah,HGB,41871/Margahayu,Jawa Barat,Bekasi,Bekasi Timur,Margahayu,182.0,0.0,8730000,3360000,1588860000,0,1588860000,Ya
ATR000533,3175012612730533,Rumah,HGB,72769/Poris Plawad,Banten,Tangerang,Cipondoh,Poris Plawad,385.5,195.5,8620000,3580000,3323010000,699890000,4022900000,Ya
ATR000534,3671016609860534,Rumah,HGB,46394/Cengkareng Barat,DKI Jakarta,Jakarta Barat,Cengkareng,Cengkareng Barat,160.2,81.9,17140000,4620000,2745828000,378378000,3124206000,Ya
ATR000535,3671013103020535,Rumah,SHM,20401/Sukabumi Selatan,DKI Jakarta,Jakarta Barat,Kebon Jeruk,Sukabumi Selatan,108.6,119.8,23770000,5240000,2581422000,627752000,3209174000,Ya
ATR000536,3671012407000536,Tanah,HGB,77530/Cikini,DKI Jakarta,Jakarta Pusat,Cikini,Cikini,347.6,0.0,41360000,5260000,14376736000,0,14376736000,Ya
ATR000537,3275011803820537,Rumah,HGB,19529/Mekarjaya,Jawa Barat,Depok,Sukmajaya,Mekarjaya,86.4,71.4,8260000,3130000,713664000,223482000,937146000,Ya
ATR000538,3175010802970538,Gudang,HGB,53530/Duren Tiga,DKI Jakarta,Jakarta Selatan,Pancoran,Duren Tiga,97.7,112.0,34030000,4790000,3324731000,536480000,3861211000,Tidak
ATR000539,3674010309920539,Rumah,SHM,26624/Bintara,Jawa Barat,Bekasi,Bekasi Barat,Bintara,237.7,175.8,7860000,3800000,1868322000,668040000,2536362000,Ya
ATR000540,3671016904990540,Ruko,SHM,93787/Kramat Jati,DKI Jakarta,Jakarta Timur,Kramat Jati,Kramat Jati,300.4,162.3,15690000,4370000,4713276000,709251000,5422527000,Ya
ATR000541,3671010108910541,Gudang,HGB,87226/Tebet Timur,DKI Jakarta,Jakarta Selatan,Tebet,Tebet Timur,139.0,100.7,30550000,6210000,4246450000,625347000,4871797000,Ya
ATR000542,3674011712760542,Rumah,HGB,24851/Tebet Timur,DKI Jakarta,Jakarta Selatan,Tebet,Tebet Timur,368.1,278.7,27800000,5050000,10233180000,1407435000,11640615000,Ya
ATR000543,3275016912950543,Tanah,HGB,82158/Mekarjaya,Jawa Barat,Depok,Sukmajaya,Mekarjaya,392.9,0.0,8760000,3450000,3441804000,0,3441804000,Ya
ATR000544,3671015209020544,Rumah,HGB,84353/Bintara,Jawa Barat,Bekasi,Bekasi Barat,Bintara,101.8,123.3,9010000,3740000,917218000,461142000,1378360000,Ya
ATR000545,3275013005900545,Ruko,HGB,49703/Duren Tiga,DKI Jakarta,Jakarta Selatan,Pancoran,Duren Tiga,272.4,151.8,31640000,5070000,8618736000,769626000,9388362000,Ya
ATR000546,3271015301930546,Rumah,SHM,96207/Kramat Jati,DKI Jakarta,Jakarta Timur,Kramat Jati,Kramat Jati,339.7,388.3,18280000,4530000,6209716000,1758999000,7968715000,Ya
ATR000547,3671016505900547,Tanah,SHM,34699/Paledang,Jawa Barat,Bogor,Bogor Tengah,Paledang,323.6,0.0,6520000,3400000,2109872000,0,2109872000,Ya
ATR000548,3171015312020548,Tanah,SHM,63270/Sukabumi Selatan,DKI Jakarta,Jakarta Barat,Kebon Jeruk,Sukabumi Selatan,105.5,0.0,22860000,4330000,2411730000,0,2411730000,Ya
ATR000549,3171017003660549,Tanah,HGB,35526/Pluit,DKI Jakarta,Jakarta Utara,Pluit,Pluit,168.0,0.0,22950000,5320000,3855600000,0,3855600000,Ya
ATR000550,3174010408760550,Ruko,HGB,51126/Bintara,Jawa Barat,Bekasi,Bekasi Barat,Bintara,153.9,164.0,7820000,4190000,1203498000,687160000,1890658000,Ya
ATR000551,3173016104810551,Ruko,SHM,84753/Poris Plawad,Banten,Tangerang,Cipondoh,Poris Plawad,143.9,157.2,7090000,2990000,1020251000,470028000,1490279000,Ya
ATR000552,3172016706700552,Gudang,SHM,76030/Margahayu,Jawa Barat,Bekasi,Bekasi Timur,Margahayu,151.9,178.4,7550000,3910000,1146845000,697544000,1844389000,Ya
ATR000553,3674012704830553,Ruko,SHM,87910/Kramat Jati,DKI Jakarta,Jakarta Timur,Kramat Jati,Kramat Jati,207.5,254.8,17340000,5130000,3598050000,1307124000,4905174000,Ya
ATR000554,3175014703000554,Gudang,HGB,83418/Margahayu,Jawa Barat,Bekasi,Bekasi Timur,Margahayu,293.6,262.8,7730000,3740000,2269528000,982872000,3252400000,Ya
ATR000555,3175011710890555,Ruko,HGB,92954/Paledang,Jawa Barat,Bogor,Bogor Tengah,Paledang,61.5,39.0,7450000,3570000,458175000,139230000,597405000,Tidak
ATR000556,3275016711010556,Rumah,SHM,72402/Paledang,Jawa Barat,Bogor,Bogor Tengah,Paledang,318.8,401.9,7430000,3190000,2368684000,1282061000,3650745000,Ya
ATR000557,3674016201980557,Rumah,HGB,42446/Cakung Barat,DKI Jakarta,Jakarta Timur,Cakung,Cakung Barat,325.8,330.8,10370000,3830000,3378546000,1266964000,4645510000,Tidak
ATR000558,3671014205850558,Ruko,HGB,69723/Gunung,DKI Jakarta,Jakarta Selatan,Kebayoran Baru,Gunung,230.1,194.7,44430000,5480000,10223343000,1066956000,11290299000,Ya
ATR000559,3271017110900559,Ruko,SHM,67323/Sukabumi Selatan,DKI Jakarta,Jakarta Barat,Kebon Jeruk,Sukabumi Selatan,185.7,100.6,23770000,4870000,4414089000,489922000,4904011000,Ya
ATR000560,3671015009760560,Rumah,HGB,96159/Margahayu,Jawa Barat,Bekasi,Bekasi Timur,Margahayu,349.1,233.8,8380000,3570000,2925458000,834666000,3760124000,Ya
ATR000561,3671014612650561,Gudang,HGB,53906/Poris Plawad,Banten,Tangerang,Cipondoh,Poris Plawad,133.4,139.0,7740000,3190000,1032516000,443410000,1475926000,Ya
ATR000562,3271011209710562,Ruko,SHM,99930/Tebet Timur,DKI Jakarta,Jakarta Selatan,Tebet,Tebet Timur,281.6,307.2,26450000,5740000,7448320000,1763328000,9211648000,Ya
ATR000563,3275016601750563,Rumah,HGB,96738/Kelapa Gading Barat,DKI Jakarta,Jakarta Utara,Kelapa Gading,Kelapa Gading Barat,302.5,199.5,27930000,4870000,8448825000,971565000,9420390000,Ya
ATR000564,3671010710830564,Rumah,SHM,88722/Gunung,DKI Jakarta,Jakarta Selatan,Kebayoran Baru,Gunung,79.8,47.0,45210000,5580000,3607758000,262260000,3870018000,Ya
ATR000565,3671010511680565,Tanah,SHM,99950/Margahayu,Jawa Barat,Bekasi,Bekasi Timur,Margahayu,65.0,0.0,7710000,3420000,501150000,0,501150000,Ya
ATR000566,3671014405670566,Tanah,HGB,90236/Duren Tiga,DKI Jakarta,Jakarta Selatan,Pancoran,Duren Tiga,102.3,0.0,29220000,5490000,2989206000,0,2989206000,Ya
ATR000567,3276014602900567,Ruko,SHM,63052/Sukabumi Selatan,DKI Jakarta,Jakarta Barat,Kebon Jeruk,Sukabumi Selatan,240.5,234.8,18770000,4950000,4514185000,1162260000,5676445000,Tidak
ATR000568,3671011305710568,Tanah,SHM,55302/Bintara,Jawa Barat,Bekasi,Bekasi Barat,Bintara,236.5,0.0,9480000,3590000,2242020000,0,2242020000,Ya
ATR000569,3671015103880569,Rumah,SHM,53590/Kelapa Gading Barat,DKI Jakarta,Jakarta Utara,Kelapa Gading,Kelapa Gading Barat,322.8,296.0,28570000,4620000,9222396000,1367520000,10589916000,Ya
ATR000570,3171012003730570,Ruko,HGB,65752/Kelapa Gading Barat,DKI Jakarta,Jakarta Utara,Kelapa Gading,Kelapa Gading Barat,321.9,368.8,22150000,4830000,7130085000,1781304000,8911389000,Ya
ATR000571,3671015407850571,Tanah,HGB,67943/Paledang,Jawa Barat,Bogor,Bogor Tengah,Paledang,159.7,0.0,7570000,3420000,1208929000,0,1208929000,Ya
ATR000572,3276010603910572,Tanah,HGB,31573/Pluit,DKI Jakarta,Jakarta Utara,Pluit,Pluit,186.4,0.0,22960000,4980000,4279744000,0,4279744000,Ya
ATR000573,3671014709820573,Ruko,HGB,82563/Cengkareng Barat,DKI Jakarta,Jakarta Barat,Cengkareng,Cengkareng Barat,391.2,460.7,13710000,4700000,5363352000,2165290000,7528642000,Ya
ATR000574,3671015210790574,Ruko,HGB,97896/Duren Tiga,DKI Jakarta,Jakarta Selatan,Pancoran,Duren Tiga,325.3,281.8,29080000,5170000,9459724000,1456906000,10916630000,Ya
ATR000575,3671015807890575,Gudang,HGB,10936/Gunung,DKI Jakarta,Jakarta Selatan,Kebayoran Baru,Gunung,137.6,95.9,44790000,6450000,6163104000,618555000,6781659000,Ya
ATR000576,3271011201940576,Rumah,HGB,36277/Paledang,Jawa Barat,Bogor,Bogor Tengah,Paledang,79.7,100.9,7930000,3690000,632021000,372321000,1004342000,Tidak
ATR000577,3276015812860577,Ruko,HGB,35663/Bojong Jaya,Banten,Tangerang,Karawaci,Bojong Jaya,245.1,311.3,7850000,3450000,1924035000,1073985000,2998020000,Ya
ATR000578,3275012510660578,Rumah,HGB,28603/Margahayu,Jawa Barat,Bekasi,Bekasi Timur,Margahayu,126.6,77.6,8289999,3900000,1049514000,302640000,1352154000,Ya
ATR000579,3173016306780579,Rumah,HGB,14356/Kemiri Muka,Jawa Barat,Depok,Beji,Kemiri Muka,110.0,126.4,10410000,3670000,1145100000,463888000,1608988000,Ya
ATR000580,3671012811870580,Ruko,SHM,55770/Mekarjaya,Jawa Barat,Depok,Sukmajaya,Mekarjaya,148.4,115.2,9560000,3370000,1418704000,388224000,1806928000,Ya
ATR000581,3671012001730581,Ruko,SHM,63575/Duren Tiga,DKI Jakarta,Jakarta Selatan,Pancoran,Duren Tiga,362.6,386.6,26060000,4920000,9449356000,1902072000,11351428000,Ya
ATR000582,3276016106740582,Rumah,SHM,26841/Kemiri Muka,Jawa Barat,Depok,Beji,Kemiri Muka,274.5,235.6,8900000,4320000,2443050000,1017792000,3460842000,Ya
ATR000583,3173016308850583,Tanah,HGB,81763/Bojong Jaya,Banten,Tangerang,Karawaci,Bojong Jaya,142.2,0.0,9000000,3790000,1279800000,0,1279800000,Ya
ATR000584,3174016407730584,Ruko,SHM,34007/Sukabumi Selatan,DKI Jakarta,Jakarta Barat,Kebon Jeruk,Sukabumi Selatan,153.4,175.7,21730000,5070000,3333382000,890799000,4224181000,Ya
ATR000585,3671015111680585,Ruko,HGB,39411/Paledang,Jawa Barat,Bogor,Bogor Tengah,Paledang,74.9,47.4,6890000,3100000,516061000,146940000,663001000,Ya
ATR000586,3674012402860586,Ruko,SHM,24632/Mekarjaya,Jawa Barat,Depok,Sukmajaya,Mekarjaya,346.8,445.6,9250000,3980000,3207900000,1773488000,4981388000,Ya
ATR000587,3671016508830587,Gudang,SHM,50655/Kelapa Gading Barat,DKI Jakarta,Jakarta Utara,Kelapa Gading,Kelapa Gading Barat,386.6,254.2,28390000,5970000,10975574000,1517574000,12493148000,Ya
ATR000588,3671016805750588,Tanah,SHM,72841/Duren Tiga,DKI Jakarta,Jakarta Selatan,Pancoran,Duren Tiga,393.6,0.0,30630000,5100000,12055968000,0,12055968000,Ya
ATR000589,3173014712920589,Tanah,HGB,35194/Sukabumi Selatan,DKI Jakarta,Jakarta Barat,Kebon Jeruk,Sukabumi Selatan,261.8,0.0,19180000,5180000,5021324000,0,5021324000,Tidak
ATR000590,3671015305910590,Tanah,HGB,79559/Poris Plawad,Banten,Tangerang,Cipondoh,Poris Plawad,124.6,0.0,8160000,3820000,1016736000,0,1016736000,Tidak
ATR000591,3671014209770591,Tanah,HGB,99583/Cakung Barat,DKI Jakarta,Jakarta Timur,Cakung,Cakung Barat,386.4,0.0,12080000,4570000,4667712000,0,4667712000,Ya
ATR000592,3271011307750592,Tanah,HGB,77618/Rawa Buntu,Jawa Barat,Tangerang Selatan,Serpong,Rawa Buntu,115.0,0.0,11920000,4260000,1370800000,0,1370800000,Ya
ATR000593,3174012502800593,Rumah,SHM,36076/Menteng,DKI Jakarta,Jakarta Pusat,Menteng,Menteng,277.8,287.0,49430000,6630000,13731654000,1902810000,15634464000,Ya
ATR000594,3671015310710594,Rumah,HGB,97386/Bojong Jaya,Banten,Tangerang,Karawaci,Bojong Jaya,229.6,117.0,7670000,3450000,1761032000,403650000,2164682000,Ya
ATR000595,3174012003740595,Tanah,HGB,72233/Kemiri Muka,Jawa Barat,Depok,Beji,Kemiri Muka,137.8,0.0,10400000,3480000,1433120000,0,1433120000,Ya
ATR000596,3171015209840596,Rumah,HGB,83940/Paledang,Jawa Barat,Bogor,Bogor Tengah,Paledang,348.3,377.2,6150000,3330000,2142045000,1256076000,3398121000,Ya
ATR000597,3671010603810597,Rumah,SHM,52879/Bintara,Jawa Barat,Bekasi,Bekasi Barat,Bintara,223.5,230.2,7970000,3560000,1781295000,819512000,2600807000,Ya
ATR000598,3671014305660598,Tanah,SHM,51740/Kelapa Gading Barat,DKI Jakarta,Jakarta Utara,Kelapa Gading,Kelapa Gading Barat,372.6,0.0,28700000,4490000,10693620000,0,10693620000,Ya
ATR000599,3275016308820599,Rumah,SHM,56372/Mekarjaya,Jawa Barat,Depok,Sukmajaya,Mekarjaya,186.4,151.7,9150000,4050000,1705560000,614385000,2319945000,Tidak
ATR000600,3175014409880600,Rumah,SHM,53019/Tebet Timur,DKI Jakarta,Jakarta Selatan,Tebet,Tebet Timur,256.2,201.3,30420000,5090000,7793604000,1024617000,8818221000,Ya
ATR000601,3174010902890601,Ruko,SHM,13380/Bojong Jaya,Banten,Tangerang,Karawaci,Bojong Jaya,181.9,186.5,8300000,3270000,1509770000,609855000,2119625000,Ya
ATR000602,3174014204660602,Gudang,HGB,79284/Bojong Jaya,Banten,Tangerang,Karawaci,Bojong Jaya,94.6,85.6,8250000,3100000,780450000,265360000,1045810000,Ya
ATR000603,3275016202670603,Tanah,HGB,73495/Mekarjaya,Jawa Barat,Depok,Sukmajaya,Mekarjaya,119.6,0.0,9440000,3370000,1129024000,0,1129024000,Tidak
ATR000604,3671015601970604,Rumah,HGB,71948/Rawa Buntu,Jawa Barat,Tangerang Selatan,Serpong,Rawa Buntu,257.8,218.9,12290000,4019999,3168362000,879978000,4048340000,Ya
ATR000605,3275012002690605,Tanah,SHM,30043/Cikini,DKI Jakarta,Jakarta Pusat,Cikini,Cikini,156.0,0.0,38240000,6710000,5965440000,0,5965440000,Tidak
ATR000606,3671016007930606,Gudang,SHM,47520/Kelapa Gading Barat,DKI Jakarta,Jakarta Utara,Kelapa Gading,Kelapa Gading Barat,363.5,303.7,27100000,5160000,9850850000,1567092000,11417942000,Ya
ATR000607,3172016609880607,Rumah,HGB,49711/Duren Tiga,DKI Jakarta,Jakarta Selatan,Pancoran,Duren Tiga,129.6,126.1,27180000,5220000,3522528000,658242000,4180770000,Ya
ATR000608,3174013107810608,Tanah,HGB,59673/Poris Plawad,Banten,Tangerang,Cipondoh,Poris Plawad,130.4,0.0,6540000,2960000,852816000,0,852816000,Tidak
ATR000609,3171016802000609,Rumah,SHM,66114/Tebet Timur,DKI Jakarta,Jakarta Selatan,Tebet,Tebet Timur,232.4,192.3,30610000,6050000,7113764000,1163415000,8277179000,Ya
ATR000610,3174012509830610,Tanah,HGB,92534/Menteng,DKI Jakarta,Jakarta Pusat,Menteng,Menteng,295.8,0.0,59470000,6800000,17591226000,0,17591226000,Ya
ATR000611,3674010612940611,Gudang,SHM,40272/Margahayu,Jawa Barat,Bekasi,Bekasi Timur,Margahayu,357.8,333.2,7480000,3520000,2676344000,1172864000,3849208000,Ya
ATR000612,3671014501980612,Tanah,HGB,67730/Kelapa Gading Barat,DKI Jakarta,Jakarta Utara,Kelapa Gading,Kelapa Gading Barat,103.5,0.0,26990000,4420000,2793465000,0,2793465000,Ya
ATR000613,3671013107900613,Tanah,SHM,50879/Bintara,Jawa Barat,Bekasi,Bekasi Barat,Bintara,237.7,0.0,7800000,4340000,1854060000,0,1854060000,Ya
ATR000614,3172010512840614,Ruko,SHM,93980/Pluit,DKI Jakarta,Jakarta Utara,Pluit,Pluit,163.4,121.4,24820000,4510000,4055588000,547514000,4603102000,Ya
ATR000615,3172016803790615,Ruko,SHM,92076/Bojong Jaya,Banten,Tangerang,Karawaci,Bojong Jaya,388.7,264.1,9440000,3860000,3669328000,1019426000,4688754000,Ya
ATR000616,3175014904830616,Tanah,SHM,95303/Paledang,Jawa Barat,Bogor,Bogor Tengah,Paledang,203.7,0.0,6590000,3220000,1342383000,0,1342383000,Ya
ATR000617,3271014511810617,Rumah,HGB,91764/Margahayu,Jawa Barat,Bekasi,Bekasi Timur,Margahayu,337.7,217.9,7690000,4030000,2596913000,878137000,3475050000,Ya
ATR000618,3674012410890618,Rumah,HGB,95128/Sukabumi Selatan,DKI Jakarta,Jakarta Barat,Kebon Jeruk,Sukabumi Selatan,394.9,435.7,21300000,5140000,8411370000,2239498000,10650868000,Ya
ATR000619,3671013108780619,Gudang,SHM,95906/Rawa Buntu,Jawa Barat,Tangerang Selatan,Serpong,Rawa Buntu,86.7,81.1,12750000,3600000,1105425000,291960000,1397385000,Ya
ATR000620,3671011611660620,Tanah,SHM,62880/Margahayu,Jawa Barat,Bekasi,Bekasi Timur,Margahayu,258.5,0.0,9090000,3110000,2349765000,0,2349765000,Ya
ATR000621,3271015610020621,Rumah,SHM,49898/Kelapa Gading Barat,DKI Jakarta,Jakarta Utara,Kelapa Gading,Kelapa Gading Barat,264.5,195.0,26610000,5600000,7038345000,1092000000,8130345000,Ya
ATR000622,3671014304020622,Rumah,SHM,73506/Bintara,Jawa Barat,Bekasi,Bekasi Barat,Bintara,234.7,212.9,8650000,4290000,2030155000,913341000,2943496000,Ya
ATR000623,3671014104770623,Rumah,SHM,40895/Gunung,DKI Jakarta,Jakarta Selatan,Kebayoran Baru,Gunung,297.1,318.3,44480000,6760000,13215008000,2151708000,15366716000,Ya
ATR000624,3671011203650624,Tanah,HGB,94256/Bintara,Jawa Barat,Bekasi,Bekasi Barat,Bintara,307.9,0.0,9980000,3540000,3072842000,0,3072842000,Ya
ATR000625,3671012702950625,Rumah,HGB,62609/Kramat Jati,DKI Jakarta,Jakarta Timur,Kramat Jati,Kramat Jati,126.4,98.1,17110000,5150000,2162704000,505215000,2667919000,Ya
ATR000626,3173010306650626,Ruko,SHM,15325/Sukabumi Selatan,DKI Jakarta,Jakarta Barat,Kebon Jeruk,Sukabumi Selatan,298.4,322.8,22410000,5670000,6687144000,1830276000,8517420000,Ya
ATR000627,3275010508770627,Rumah,SHM,87555/Gunung,DKI Jakarta,Jakarta Selatan,Kebayoran Baru,Gunung,189.4,119.4,48860000,6420000,9254084000,766548000,10020632000,Ya
ATR000628,3671010712670628,Tanah,HGB,74987/Bojong Jaya,Banten,Tangerang,Karawaci,Bojong Jaya,68.6,0.0,9920000,3070000,680512000,0,680512000,Ya
ATR000629,3172012507920629,Ruko,SHM,49530/Kramat Jati,DKI Jakarta,Jakarta Timur,Kramat Jati,Kramat Jati,389.9,331.5,16570000,4780000,6460643000,1584570000,8045213000,Ya
ATR000630,3275014607950630,Ruko,HGB,24351/Tebet Timur,DKI Jakarta,Jakarta Selatan,Tebet,Tebet Timur,245.8,313.1,24230000,5510000,5955734000,1725181000,7680915000,Ya
ATR000631,3276014601800631,Tanah,HGB,37624/Mekarjaya,Jawa Barat,Depok,Sukmajaya,Mekarjaya,353.3,0.0,7680000,3920000,2713344000,0,2713344000,Ya
ATR000632,3174010204660632,Rumah,SHM,87330/Duren Tiga,DKI Jakarta,Jakarta Selatan,Pancoran,Duren Tiga,194.8,117.9,33290000,4930000,6484892000,581247000,7066139000,Ya
ATR000633,3276010904680633,Gudang,HGB,63252/Rawa Buntu,Jawa Barat,Tangerang Selatan,Serpong,Rawa Buntu,158.6,189.9,12620000,4360000,2001532000,827964000,2829496000,Ya
ATR000634,3171015310670634,Gudang,SHM,39213/Bojong Jaya,Banten,Tangerang,Karawaci,Bojong Jaya,272.5,260.9,9900000,4040000,2697750000,1054036000,3751786000,Ya
ATR000635,3275010909920635,Tanah,HGB,59771/Tebet Timur,DKI Jakarta,Jakarta Selatan,Tebet,Tebet Timur,289.2,0.0,24240000,5580000,7010208000,0,7010208000,Ya
ATR000636,3173015503880636,Ruko,SHM,57819/Menteng,DKI Jakarta,Jakarta Pusat,Menteng,Menteng,164.3,128.5,57000000,6180000,9365100000,794130000,10159230000,Ya
ATR000637,3172013006760637,Tanah,HGB,52665/Gunung,DKI Jakarta,Jakarta Selatan,Kebayoran Baru,Gunung,197.5,0.0,39170000,6510000,7736075000,0,7736075000,Ya
ATR000638,3674010801880638,Gudang,HGB,30114/Cengkareng Barat,DKI Jakarta,Jakarta Barat,Cengkareng,Cengkareng Barat,207.1,217.1,15200000,3640000,3147920000,790244000,3938164000,Ya
ATR000639,3671016907670639,Rumah,SHM,30288/Bintara,Jawa Barat,Bekasi,Bekasi Barat,Bintara,381.1,386.2,9460000,3950000,3605206000,1525490000,5130696000,Ya
ATR000640,3671010203960640,Tanah,SHM,26676/Bintara,Jawa Barat,Bekasi,Bekasi Barat,Bintara,202.2,0.0,9680000,3350000,1957296000,0,1957296000,Ya
ATR000641,3275014104870641,Rumah,HGB,61729/Mekarjaya,Jawa Barat,Depok,Sukmajaya,Mekarjaya,153.9,130.1,9720000,3130000,1495908000,407213000,1903121000,Ya
ATR000642,3674015803740642,Ruko,SHM,86546/Kramat Jati,DKI Jakarta,Jakarta Timur,Kramat Jati,Kramat Jati,121.0,154.5,15910000,4370000,1925110000,675165000,2600275000,Ya
ATR000643,3172010505990643,Gudang,HGB,74000/Bintara,Jawa Barat,Bekasi,Bekasi Barat,Bintara,299.5,251.0,8590000,3680000,2572705000,923680000,3496385000,Ya
ATR000644,3171011710730644,Rumah,SHM,92689/Cengkareng Barat,DKI Jakarta,Jakarta Barat,Cengkareng,Cengkareng Barat,129.8,115.1,14890000,3930000,1932722000,452343000,2385065000,Ya
ATR000645,3674015010750645,Ruko,HGB,25693/Poris Plawad,Banten,Tangerang,Cipondoh,Poris Plawad,389.3,382.6,6550000,2970000,2549915000,1136322000,3686237000,Tidak
ATR000646,3171012111880646,Gudang,SHM,21737/Mekarjaya,Jawa Barat,Depok,Sukmajaya,Mekarjaya,161.1,92.4,8750000,3730000,1409625000,344652000,1754277000,Ya
ATR000647,3276011309790647,Ruko,SHM,65614/Pluit,DKI Jakarta,Jakarta Utara,Pluit,Pluit,150.9,77.3,30770000,4900000,4643193000,378770000,5021963000,Ya
ATR000648,3671014607720648,Ruko,SHM,60155/Gunung,DKI Jakarta,Jakarta Selatan,Kebayoran Baru,Gunung,300.3,296.7,42470000,5590000,12753741000,1658553000,14412294000,Ya
ATR000649,3271016701910649,Rumah,HGB,68693/Duren Tiga,DKI Jakarta,Jakarta Selatan,Pancoran,Duren Tiga,354.5,445.7,26450000,4930000,9376525000,2197301000,11573826000,Tidak
ATR000650,3674010112810650,Ruko,HGB,14835/Duren Tiga,DKI Jakarta,Jakarta Selatan,Pancoran,Duren Tiga,310.4,374.5,27320000,5640000,8480128000,2112180000,10592308000,Ya
ATR000651,3173016412870651,Rumah,SHM,58493/Cengkareng Barat,DKI Jakarta,Jakarta Barat,Cengkareng,Cengkareng Barat,291.2,240.7,13670000,4300000,3980704000,1035010000,5015714000,Ya
ATR000652,3173016806750652,Rumah,HGB,55220/Kramat Jati,DKI Jakarta,Jakarta Timur,Kramat Jati,Kramat Jati,213.1,269.8,17450000,4960000,3718595000,1338208000,5056803000,Ya
ATR000653,3174015403680653,Ruko,SHM,88590/Rawa Buntu,Jawa Barat,Tangerang Selatan,Serpong,Rawa Buntu,288.6,369.9,10570000,3410000,3050502000,1261359000,4311861000,Ya
ATR000654,3671016107730654,Ruko,HGB,58380/Kemiri Muka,Jawa Barat,Depok,Beji,Kemiri Muka,91.5,100.5,11240000,3720000,1028460000,373860000,1402320000,Ya
ATR000655,3671014503860655,Tanah,SHM,38730/Cengkareng Barat,DKI Jakarta,Jakarta Barat,Cengkareng,Cengkareng Barat,207.7,0.0,17070000,3580000,3545439000,0,3545439000,Ya
ATR000656,3276016703840656,Ruko,HGB,87979/Mekarjaya,Jawa Barat,Depok,Sukmajaya,Mekarjaya,268.5,271.2,7840000,3830000,2105040000,1038696000,3143736000,Ya
ATR000657,3271017003800657,Rumah,HGB,27699/Rawa Buntu,Jawa Barat,Tangerang Selatan,Serpong,Rawa Buntu,127.8,153.6,12860000,3420000,1643508000,525312000,2168820000,Ya
ATR000658,3175012806900658,Ruko,SHM,68227/Tebet Timur,DKI Jakarta,Jakarta Selatan,Tebet,Tebet Timur,132.9,95.2,25880000,4780000,3439452000,455056000,3894508000,Ya
ATR000659,3671014803690659,Ruko,HGB,31598/Sukabumi Selatan,DKI Jakarta,Jakarta Barat,Kebon Jeruk,Sukabumi Selatan,309.1,304.6,23140000,4370000,7152574000,1331102000,8483676000,Tidak
ATR000660,3276011606750660,Ruko,HGB,97833/Kelapa Gading Barat,DKI Jakarta,Jakarta Utara,Kelapa Gading,Kelapa Gading Barat,345.1,394.8,27420000,5880000,9462642000,2321424000,11784066000,Ya
ATR000661,3276012012690661,Tanah,HGB,46872/Kemiri Muka,Jawa Barat,Depok,Beji,Kemiri Muka,128.1,0.0,10350000,4080000,1325835000,0,1325835000,Ya
ATR000662,3671015502720662,Rumah,HGB,45423/Menteng,DKI Jakarta,Jakarta Pusat,Menteng,Menteng,237.3,131.6,52870000,7320000,12546051000,963312000,13509363000,Ya
ATR000663,3671014308880663,Ruko,HGB,26249/Tebet Timur,DKI Jakarta,Jakarta Selatan,Tebet,Tebet Timur,243.0,173.8,26890000,6150000,6534270000,1068870000,7603140000,Ya
ATR000664,3671015807820664,Rumah,HGB,30305/Cakung Barat,DKI Jakarta,Jakarta Timur,Cakung,Cakung Barat,327.7,283.0,12470000,3700000,4086419000,1047100000,5133519000,Ya
ATR000665,3171010102720665,Rumah,HGB,21313/Pluit,DKI Jakarta,Jakarta Utara,Pluit,Pluit,205.4,175.4,28210000,5990000,5794334000,1050646000,6844980000,Ya
ATR000666,3172016105990666,Tanah,HGB,29980/Bojong Jaya,Banten,Tangerang,Karawaci,Bojong Jaya,340.4,0.0,8440000,3540000,2872976000,0,2872976000,Ya
ATR000667,3671010502820667,Tanah,HGB,26106/Duren Tiga,DKI Jakarta,Jakarta Selatan,Pancoran,Duren Tiga,162.4,0.0,30020000,4770000,4875248000,0,4875248000,Ya
ATR000668,3671013009860668,Rumah,SHM,85450/Bintara,Jawa Barat,Bekasi,Bekasi Barat,Bintara,375.2,219.2,9710000,3700000,3643192000,811040000,4454232000,Ya
ATR000669,3671011312720669,Rumah,SHM,92369/Bintara,Jawa Barat,Bekasi,Bekasi Barat,Bintara,148.5,93.2,8080000,3310000,1199880000,308492000,1508372000,Ya
ATR000670,3276016009740670,Ruko,HGB,54468/Bintara,Jawa Barat,Bekasi,Bekasi Barat,Bintara,285.8,344.5,9850000,4010000,2815130000,1381445000,4196575000,Ya
ATR000671,3275014111910671,Rumah,SHM,76919/Tebet Timur,DKI Jakarta,Jakarta Selatan,Tebet,Tebet Timur,158.3,118.4,25900000,5520000,4099970000,653568000,4753538000,Ya
ATR000672,3175012210010672,Ruko,SHM,11735/Cengkareng Barat,DKI Jakarta,Jakarta Barat,Cengkareng,Cengkareng Barat,181.3,142.0,17580000,4560000,3187254000,647520000,3834774000,Ya
ATR000673,3271015903900673,Tanah,SHM,29830/Mekarjaya,Jawa Barat,Depok,Sukmajaya,Mekarjaya,370.7,0.0,9650000,3410000,3577255000,0,3577255000,Ya
ATR000674,3174011501830674,Tanah,HGB,14275/Margahayu,Jawa Barat,Bekasi,Bekasi Timur,Margahayu,231.9,0.0,9060000,4010000,2101014000,0,2101014000,Ya
ATR000675,3173015207780675,Ruko,SHM,74056/Kramat Jati,DKI Jakarta,Jakarta Timur,Kramat Jati,Kramat Jati,193.5,182.4,18020000,4090000,3486870000,746016000,4232886000,Ya
ATR000676,3671016411790676,Gudang,SHM,29850/Rawa Buntu,Jawa Barat,Tangerang Selatan,Serpong,Rawa Buntu,290.2,339.6,13290000,4300000,3856758000,1460280000,5317038000,Ya
ATR000677,3671014208870677,Rumah,HGB,42434/Kemiri Muka,Jawa Barat,Depok,Beji,Kemiri Muka,267.6,168.1,10520000,3430000,2815152000,576583000,3391735000,Ya
ATR000678,3171012010810678,Tanah,HGB,26433/Sukabumi Selatan,DKI Jakarta,Jakarta Barat,Kebon Jeruk,Sukabumi Selatan,138.1,0.0,19480000,4500000,2690188000,0,2690188000,Ya
ATR000679,3175017103790679,Rumah,HGB,67536/Mekarjaya,Jawa Barat,Depok,Sukmajaya,Mekarjaya,304.4,330.6,8540000,3230000,2599576000,1067838000,3667414000,Ya
ATR000680,3671017110940680,Rumah,HGB,76402/Kelapa Gading Barat,DKI Jakarta,Jakarta Utara,Kelapa Gading,Kelapa Gading Barat,66.5,42.1,27930000,4800000,1857345000,202080000,2059425000,Ya
ATR000681,3171010405670681,Ruko,HGB,60436/Rawa Buntu,Jawa Barat,Tangerang Selatan,Serpong,Rawa Buntu,95.8,64.9,12070000,4130000,1156306000,268037000,1424343000,Ya
ATR000682,3276015605970682,Gudang,HGB,48564/Bojong Jaya,Banten,Tangerang,Karawaci,Bojong Jaya,79.6,64.7,8279999,3300000,659088000,213510000,872598000,Tidak
ATR000683,3175011211820683,Ruko,HGB,45191/Poris Plawad,Banten,Tangerang,Cipondoh,Poris Plawad,269.5,254.8,7310000,3330000,1970045000,848484000,2818529000,Ya
ATR000684,3276015910890684,Ruko,SHM,64667/Cakung Barat,DKI Jakarta,Jakarta Timur,Cakung,Cakung Barat,296.8,315.1,10820000,4000000,3211376000,1260400000,4471776000,Ya
ATR000685,3671011210730685,Rumah,HGB,30576/Paledang,Jawa Barat,Bogor,Bogor Tengah,Paledang,356.0,357.8,7070000,3010000,2516920000,1076978000,3593898000,Ya
ATR000686,3674016310780686,Rumah,HGB,89106/Margahayu,Jawa Barat,Bekasi,Bekasi Timur,Margahayu,99.8,76.8,7140000,3810000,712572000,292608000,1005180000,Ya
ATR000687,3271016903960687,Gudang,HGB,40134/Tebet Timur,DKI Jakarta,Jakarta Selatan,Tebet,Tebet Timur,193.2,235.0,25520000,5510000,4930464000,1294850000,6225314000,Ya
ATR000688,3671012109760688,Ruko,HGB,94694/Margahayu,Jawa Barat,Bekasi,Bekasi Timur,Margahayu,66.2,75.1,6970000,3570000,461414000,268107000,729521000,Ya
ATR000689,3671014504880689,Tanah,SHM,14161/Rawa Buntu,Jawa Barat,Tangerang Selatan,Serpong,Rawa Buntu,273.7,0.0,12680000,3700000,3470516000,0,3470516000,Ya
ATR000690,3671016611690690,Tanah,SHM,37052/Cakung Barat,DKI Jakarta,Jakarta Timur,Cakung,Cakung Barat,306.0,0.0,12130000,4400000,3711780000,0,3711780000,Ya
ATR000691,3174011902680691,Rumah,SHM,54766/Menteng,DKI Jakarta,Jakarta Pusat,Menteng,Menteng,346.7,307.9,52250000,7070000,18115075000,2176853000,20291928000,Ya
ATR000692,3173010103730692,Rumah,SHM,82689/Sukabumi Selatan,DKI Jakarta,Jakarta Barat,Kebon Jeruk,Sukabumi Selatan,122.4,144.9,24520000,4950000,3001248000,717255000,3718503000,Ya
ATR000693,3275012007930693,Tanah,SHM,23344/Bojong Jaya,Banten,Tangerang,Karawaci,Bojong Jaya,191.9,0.0,9820000,4030000,1884458000,0,1884458000,Ya
ATR000694,3674010803950694,Ruko,SHM,77120/Pluit,DKI Jakarta,Jakarta Utara,Pluit,Pluit,82.8,99.5,26100000,5370000,2161080000,534315000,2695395000,Tidak
ATR000695,3674016503860695,Tanah,HGB,46640/Tebet Timur,DKI Jakarta,Jakarta Selatan,Tebet,Tebet Timur,82.6,0.0,29250000,4800000,2416050000,0,2416050000,Ya
ATR000696,3175016510790696,Ruko,SHM,42706/Bojong Jaya,Banten,Tangerang,Karawaci,Bojong Jaya,333.3,282.2,10340000,3660000,3446322000,1032852000,4479174000,Ya
ATR000697,3175015004850697,Tanah,SHM,25628/Kemiri Muka,Jawa Barat,Depok,Beji,Kemiri Muka,134.8,0.0,9550000,3650000,1287340000,0,1287340000,Ya
ATR000698,3671017105950698,Rumah,HGB,35421/Sukabumi Selatan,DKI Jakarta,Jakarta Barat,Kebon Jeruk,Sukabumi Selatan,185.7,161.8,23470000,5240000,4358379000,847832000,5206211000,Ya
ATR000699,3276010812960699,Tanah,HGB,97575/Duren Tiga,DKI Jakarta,Jakarta Selatan,Pancoran,Duren Tiga,62.8,0.0,27460000,5770000,1724488000,0,1724488000,Ya
ATR000700,3671015607720700,Ruko,SHM,57117/Sukabumi Selatan,DKI Jakarta,Jakarta Barat,Kebon Jeruk,Sukabumi Selatan,61.8,70.7,23800000,5070000,1470840000,358449000,1829289000,Ya
ATR000701,3671011003720701,Tanah,SHM,51618/Paledang,Jawa Barat,Bogor,Bogor Tengah,Paledang,320.6,0.0,7180000,3690000,2301908000,0,2301908000,Ya
ATR000702,3276014211900702,Ruko,SHM,98309/Poris Plawad,Banten,Tangerang,Cipondoh,Poris Plawad,333.0,304.5,6690000,3570000,2227770000,1087065000,3314835000,Ya
ATR000703,3174010604800703,Ruko,SHM,75550/Margahayu,Jawa Barat,Bekasi,Bekasi Timur,Margahayu,312.4,198.7,7270000,4019999,2271148000,798774000,3069922000,Ya
ATR000704,3671014101030704,Ruko,SHM,59814/Kemiri Muka,Jawa Barat,Depok,Beji,Kemiri Muka,368.8,408.3,10290000,3980000,3794952000,1625034000,5419986000,Ya
ATR000705,3276014406870705,Tanah,HGB,14964/Bintara,Jawa Barat,Bekasi,Bekasi Barat,Bintara,256.8,0.0,9360000,3410000,2403648000,0,2403648000,Ya
ATR000706,3671016304930706,Rumah,SHM,28815/Cikini,DKI Jakarta,Jakarta Pusat,Cikini,Cikini,303.6,217.6,36430000,5660000,11060148000,1231616000,12291764000,Ya
ATR000707,3171010806030707,Ruko,HGB,82377/Kelapa Gading Barat,DKI Jakarta,Jakarta Utara,Kelapa Gading,Kelapa Gading Barat,133.1,111.8,28060000,5210000,3734786000,582478000,4317264000,Ya
ATR000708,3674015807820708,Tanah,HGB,23731/Cikini,DKI Jakarta,Jakarta Pusat,Cikini,Cikini,86.2,0.0,42350000,5790000,3650570000,0,3650570000,Ya
ATR000709,3674011405940709,Gudang,SHM,65870/Bojong Jaya,Banten,Tangerang,Karawaci,Bojong Jaya,284.2,323.1,8380000,3810000,2381596000,1231011000,3612607000,Ya
ATR000710,3175012607970710,Gudang,SHM,54217/Menteng,DKI Jakarta,Jakarta Pusat,Menteng,Menteng,379.3,382.8,52100000,6050000,19761530000,2315940000,22077470000,Ya
ATR000711,3172014103940711,Gudang,SHM,18527/Gunung,DKI Jakarta,Jakarta Selatan,Kebayoran Baru,Gunung,296.2,199.9,46290000,5580000,13711098000,1115442000,14826540000,Ya
ATR000712,3671015404940712,Rumah,SHM,20143/Gunung,DKI Jakarta,Jakarta Selatan,Kebayoran Baru,Gunung,337.1,378.4,48520000,5440000,16356092000,2058496000,18414588000,Ya
ATR000713,3174016306700713,Ruko,HGB,95407/Pluit,DKI Jakarta,Jakarta Utara,Pluit,Pluit,297.6,236.5,26450000,4550000,7871520000,1076075000,8947595000,Ya
ATR000714,3671012105780714,Rumah,SHM,14871/Tebet Timur,DKI Jakarta,Jakarta Selatan,Tebet,Tebet Timur,71.4,85.9,25840000,5590000,1844976000,480181000,2325157000,Ya
ATR000715,3671015411670715,Gudang,HGB,94222/Poris Plawad,Banten,Tangerang,Cipondoh,Poris Plawad,286.7,217.4,8400000,3800000,2408280000,826120000,3234400000,Ya
ATR000716,3275010410660716,Tanah,HGB,79595/Bintara,Jawa Barat,Bekasi,Bekasi Barat,Bintara,366.3,0.0,10340000,4170000,3787542000,0,3787542000,Ya
ATR000717,3271010306890717,Rumah,HGB,16503/Margahayu,Jawa Barat,Bekasi,Bekasi Timur,Margahayu,144.7,139.1,6960000,3160000,1007112000,439556000,1446668000,Tidak
ATR000718,3671011206880718,Tanah,SHM,61292/Bojong Jaya,Banten,Tangerang,Karawaci,Bojong Jaya,171.1,0.0,9670000,3930000,1654537000,0,1654537000,Ya
ATR000719,3276010801710719,Gudang,SHM,24904/Bojong Jaya,Banten,Tangerang,Karawaci,Bojong Jaya,399.2,276.7,7760000,3500000,3097792000,968450000,4066242000,Ya
ATR000720,3173015706850720,Tanah,SHM,71740/Kelapa Gading Barat,DKI Jakarta,Jakarta Utara,Kelapa Gading,Kelapa Gading Barat,67.6,0.0,23950000,5640000,1619020000,0,1619020000,Ya
ATR000721,3671013010830721,Tanah,HGB,20847/Cakung Barat,DKI Jakarta,Jakarta Timur,Cakung,Cakung Barat,166.3,0.0,12560000,3680000,2088728000,0,2088728000,Ya
ATR000722,3275011110790722,Ruko,SHM,35560/Cengkareng Barat,DKI Jakarta,Jakarta Barat,Cengkareng,Cengkareng Barat,319.9,319.6,17260000,3620000,5521474000,1156952000,6678426000,Ya
ATR000723,3174015911720723,Ruko,SHM,13429/Tebet Timur,DKI Jakarta,Jakarta Selatan,Tebet,Tebet Timur,270.6,257.3,29050000,6100000,7860930000,1569530000,9430460000,Ya
ATR000724,3171014804790724,Rumah,HGB,33210/Gunung,DKI Jakarta,Jakarta Selatan,Kebayoran Baru,Gunung,257.5,332.8,48470000,5900000,12481025000,1963520000,14444545000,Ya
ATR000725,3671014107940725,Ruko,HGB,10953/Margahayu,Jawa Barat,Bekasi,Bekasi Timur,Margahayu,192.3,131.4,8230000,4059999,1582629000,533484000,2116113000,Ya
ATR000726,3674011903730726,Gudang,HGB,74544/Kramat Jati,DKI Jakarta,Jakarta Timur,Kramat Jati,Kramat Jati,176.2,162.5,16440000,5170000,2896728000,840125000,3736853000,Tidak
ATR000727,3674016707990727,Rumah,HGB,95626/Kelapa Gading Barat,DKI Jakarta,Jakarta Utara,Kelapa Gading,Kelapa Gading Barat,280.8,321.1,26610000,5350000,7472088000,1717885000,9189973000,Ya
ATR000728,3671010504010728,Ruko,SHM,18272/Mekarjaya,Jawa Barat,Depok,Sukmajaya,Mekarjaya,214.6,223.1,8950000,3460000,1920670000,771926000,2692596000,Tidak
ATR000729,3174015301970729,Tanah,SHM,79854/Sukabumi Selatan,DKI Jakarta,Jakarta Barat,Kebon Jeruk,Sukabumi Selatan,116.9,0.0,22000000,5290000,2571800000,0,2571800000,Ya
ATR000730,3671014411720730,Ruko,SHM,30011/Menteng,DKI Jakarta,Jakarta Pusat,Menteng,Menteng,280.5,202.0,49330000,6770000,13837065000,1367540000,15204605000,Ya
ATR000731,3276012404020731,Tanah,HGB,97899/Cakung Barat,DKI Jakarta,Jakarta Timur,Cakung,Cakung Barat,121.0,0.0,12740000,3950000,1541540000,0,1541540000,Ya
ATR000732,3671010910850732,Gudang,HGB,43544/Kramat Jati,DKI Jakarta,Jakarta Timur,Kramat Jati,Kramat Jati,344.7,219.2,15400000,4880000,5308380000,1069696000,6378076000,Ya
ATR000733,3671011401830733,Tanah,SHM,82177/Gunung,DKI Jakarta,Jakarta Selatan,Kebayoran Baru,Gunung,297.9,0.0,49570000,6550000,14766903000,0,14766903000,Tidak
ATR000734,3171014807990734,Rumah,HGB,48225/Kelapa Gading Barat,DKI Jakarta,Jakarta Utara,Kelapa Gading,Kelapa Gading Barat,242.2,215.8,24260000,4660000,5875772000,1005628000,6881400000,Ya
ATR000735,3671014504720735,Ruko,HGB,50800/Sukabumi Selatan,DKI Jakarta,Jakarta Barat,Kebon Jeruk,Sukabumi Selatan,154.2,190.8,22550000,5140000,3477210000,980712000,4457922000,Ya
ATR000736,3271010206660736,Ruko,HGB,81575/Bintara,Jawa Barat,Bekasi,Bekasi Barat,Bintara,77.7,40.8,8790000,3330000,682983000,135864000,818847000,Ya
ATR000737,3674012411700737,Tanah,SHM,45336/Gunung,DKI Jakarta,Jakarta Selatan,Kebayoran Baru,Gunung,359.5,0.0,50170000,6290000,18036115000,0,18036115000,Ya
ATR000738,3275012606840738,Tanah,HGB,88466/Kemiri Muka,Jawa Barat,Depok,Beji,Kemiri Muka,353.4,0.0,11160000,3450000,3943944000,0,3943944000,Ya
ATR000739,3175011106960739,Tanah,HGB,57117/Rawa Buntu,Jawa Barat,Tangerang Selatan,Serpong,Rawa Buntu,157.4,0.0,13090000,4600000,2060366000,0,2060366000,Ya
ATR000740,3671011704750740,Ruko,HGB,54064/Bintara,Jawa Barat,Bekasi,Bekasi Barat,Bintara,365.1,364.4,10280000,3760000,3753228000,1370144000,5123372000,Ya
ATR000741,3674012007880741,Tanah,HGB,57299/Bojong Jaya,Banten,Tangerang,Karawaci,Bojong Jaya,81.2,0.0,8560000,3130000,695072000,0,695072000,Tidak
ATR000742,3271010208770742,Tanah,HGB,70918/Gunung,DKI Jakarta,Jakarta Selatan,Kebayoran Baru,Gunung,337.8,0.0,49760000,6790000,16808928000,0,16808928000,Ya
ATR000743,3276011910770743,Ruko,SHM,34678/Gunung,DKI Jakarta,Jakarta Selatan,Kebayoran Baru,Gunung,191.1,106.4,41100000,5510000,7854210000,586264000,8440474000,Ya
ATR000744,3671016108950744,Rumah,SHM,22450/Menteng,DKI Jakarta,Jakarta Pusat,Menteng,Menteng,151.3,87.9,49510000,5810000,7490863000,510699000,8001562000,Tidak
ATR000745,3174010811700745,Ruko,HGB,87012/Duren Tiga,DKI Jakarta,Jakarta Selatan,Pancoran,Duren Tiga,318.2,405.5,29460000,5130000,9374172000,2080215000,11454387000,Ya
ATR000746,3172014205970746,Tanah,SHM,37456/Rawa Buntu,Jawa Barat,Tangerang Selatan,Serpong,Rawa Buntu,170.9,0.0,11280000,3680000,1927752000,0,1927752000,Ya
ATR000747,3173015501680747,Tanah,HGB,98254/Sukabumi Selatan,DKI Jakarta,Jakarta Barat,Kebon Jeruk,Sukabumi Selatan,147.2,0.0,21050000,5260000,3098560000,0,3098560000,Ya
ATR000748,3171016403980748,Ruko,HGB,12409/Kemiri Muka,Jawa Barat,Depok,Beji,Kemiri Muka,131.6,151.0,8940000,3620000,1176504000,546620000,1723124000,Ya
ATR000749,3276014404730749,Tanah,HGB,63176/Menteng,DKI Jakarta,Jakarta Pusat,Menteng,Menteng,112.7,0.0,48120000,6470000,5423124000,0,5423124000,Ya
ATR000750,3271014810890750,Tanah,SHM,37367/Tebet Timur,DKI Jakarta,Jakarta Selatan,Tebet,Tebet Timur,251.6,0.0,30550000,4900000,7686380000,0,7686380000,Ya
ATR000751,3275016610930751,Tanah,HGB,31807/Pluit,DKI Jakarta,Jakarta Utara,Pluit,Pluit,231.9,0.0,24120000,5500000,5593428000,0,5593428000,Ya
ATR000752,3671016305970752,Ruko,HGB,17151/Kramat Jati,DKI Jakarta,Jakarta Timur,Kramat Jati,Kramat Jati,225.9,127.8,17780000,4240000,4016502000,541872000,4558374000,Ya
ATR000753,3671010106970753,Tanah,HGB,46218/Poris Plawad,Banten,Tangerang,Cipondoh,Poris Plawad,79.4,0.0,7320000,3360000,581208000,0,581208000,Ya
ATR000754,3671016612710754,Ruko,HGB,39716/Cikini,DKI Jakarta,Jakarta Pusat,Cikini,Cikini,255.3,263.9,43320000,6650000,11059596000,1754935000,12814531000,Ya
ATR000755,3172014201870755,Tanah,SHM,48382/Sukabumi Selatan,DKI Jakarta,Jakarta Barat,Kebon Jeruk,Sukabumi Selatan,242.9,0.0,24240000,5730000,5887896000,0,5887896000,Ya
ATR000756,3276013105850756,Gudang,SHM,34943/Gunung,DKI Jakarta,Jakarta Selatan,Kebayoran Baru,Gunung,186.3,122.2,44860000,6430000,8357418000,785746000,9143164000,Ya
ATR000757,3671010612700757,Tanah,HGB,21234/Menteng,DKI Jakarta,Jakarta Pusat,Menteng,Menteng,224.3,0.0,60580000,6230000,13588094000,0,13588094000,Ya
ATR000758,3674013107010758,Tanah,HGB,51475/Mekarjaya,Jawa Barat,Depok,Sukmajaya,Mekarjaya,198.3,0.0,8060000,3550000,1598298000,0,1598298000,Ya
ATR000759,3172012404780759,Gudang,HGB,16055/Mekarjaya,Jawa Barat,Depok,Sukmajaya,Mekarjaya,102.8,67.6,9650000,3250000,992020000,219700000,1211720000,Ya
ATR000760,3671015802750760,Ruko,HGB,13780/Pluit,DKI Jakarta,Jakarta Utara,Pluit,Pluit,257.0,229.2,28170000,4870000,7239690000,1116204000,8355894000,Ya
ATR000761,3275014403810761,Tanah,SHM,10744/Bojong Jaya,Banten,Tangerang,Karawaci,Bojong Jaya,186.5,0.0,9440000,3210000,1760560000,0,1760560000,Ya
ATR000762,3671011001930762,Rumah,HGB,40507/Pluit,DKI Jakarta,Jakarta Utara,Pluit,Pluit,123.0,88.9,24720000,4800000,3040560000,426720000,3467280000,Ya
ATR000763,3671011505790763,Tanah,HGB,39600/Bintara,Jawa Barat,Bekasi,Bekasi Barat,Bintara,157.1,0.0,10150000,4340000,1594565000,0,1594565000,Ya
ATR000764,3276016702730764,Ruko,SHM,71845/Bintara,Jawa Barat,Bekasi,Bekasi Barat,Bintara,108.6,86.8,9800000,3650000,1064280000,316820000,1381100000,Ya
ATR000765,3173011310830765,Tanah,SHM,44568/Kemiri Muka,Jawa Barat,Depok,Beji,Kemiri Muka,249.3,0.0,11040000,4139999,2752272000,0,2752272000,Ya
ATR000766,3175011602650766,Tanah,SHM,29670/Menteng,DKI Jakarta,Jakarta Pusat,Menteng,Menteng,288.7,0.0,50390000,5950000,14547593000,0,14547593000,Ya
ATR000767,3175016708850767,Ruko,HGB,72775/Kramat Jati,DKI Jakarta,Jakarta Timur,Kramat Jati,Kramat Jati,144.9,103.0,15300000,5000000,2216970000,515000000,2731970000,Ya
ATR000768,3173011911970768,Tanah,HGB,52799/Menteng,DKI Jakarta,Jakarta Pusat,Menteng,Menteng,273.3,0.0,59130000,5820000,16160229000,0,16160229000,Ya
ATR000769,3174014408710769,Tanah,HGB,86168/Kemiri Muka,Jawa Barat,Depok,Beji,Kemiri Muka,179.4,0.0,8780000,3780000,1575132000,0,1575132000,Ya
ATR000770,3172010305960770,Gudang,HGB,68425/Kramat Jati,DKI Jakarta,Jakarta Timur,Kramat Jati,Kramat Jati,73.6,54.0,16420000,4150000,1208512000,224100000,1432612000,Ya
ATR000771,3174014702920771,Rumah,SHM,97070/Mekarjaya,Jawa Barat,Depok,Sukmajaya,Mekarjaya,219.1,191.3,9160000,3230000,2006956000,617899000,2624855000,Ya
ATR000772,3276015203770772,Ruko,HGB,71711/Kelapa Gading Barat,DKI Jakarta,Jakarta Utara,Kelapa Gading,Kelapa Gading Barat,206.2,201.6,28750000,5620000,5928250000,1132992000,7061242000,Ya
ATR000773,3671015808010773,Rumah,SHM,29812/Duren Tiga,DKI Jakarta,Jakarta Selatan,Pancoran,Duren Tiga,341.4,217.3,25770000,5010000,8797878000,1088673000,9886551000,Ya
ATR000774,3174016806680774,Ruko,HGB,98826/Cikini,DKI Jakarta,Jakarta Pusat,Cikini,Cikini,233.6,231.8,44930000,6020000,10495648000,1395436000,11891084000,Ya
ATR000775,3175010306730775,Tanah,SHM,51406/Bintara,Jawa Barat,Bekasi,Bekasi Barat,Bintara,77.1,0.0,7740000,3860000,596754000,0,596754000,Ya
ATR000776,3275014511780776,Rumah,SHM,62565/Rawa Buntu,Jawa Barat,Tangerang Selatan,Serpong,Rawa Buntu,345.3,217.0,10290000,3940000,3553137000,854980000,4408117000,Ya
ATR000777,3175010904830777,Ruko,SHM,72567/Bojong Jaya,Banten,Tangerang,Karawaci,Bojong Jaya,76.9,83.0,7950000,3720000,611355000,308760000,920115000,Ya
ATR000778,3671015407680778,Rumah,SHM,22270/Menteng,DKI Jakarta,Jakarta Pusat,Menteng,Menteng,119.0,95.7,59970000,6290000,7136430000,601953000,7738383000,Ya
ATR000779,3271014103810779,Rumah,HGB,25205/Duren Tiga,DKI Jakarta,Jakarta Selatan,Pancoran,Duren Tiga,102.7,114.8,27630000,5790000,2837601000,664692000,3502293000,Ya
ATR000780,3175011807890780,Rumah,HGB,57744/Kramat Jati,DKI Jakarta,Jakarta Timur,Kramat Jati,Kramat Jati,375.9,304.4,15660000,3850000,5886594000,1171940000,7058534000,Ya
ATR000781,3275015103680781,Gudang,HGB,38420/Kelapa Gading Barat,DKI Jakarta,Jakarta Utara,Kelapa Gading,Kelapa Gading Barat,238.4,267.1,23010000,4960000,5485584000,1324816000,6810400000,Ya
ATR000782,3175011407030782,Gudang,SHM,68152/Duren Tiga,DKI Jakarta,Jakarta Selatan,Pancoran,Duren Tiga,386.9,400.2,33900000,5110000,13115910000,2045022000,15160932000,Ya
ATR000783,3674015610760783,Gudang,HGB,44563/Duren Tiga,DKI Jakarta,Jakarta Selatan,Pancoran,Duren Tiga,290.7,219.2,33130000,6240000,9630891000,1367808000,10998699000,Ya
ATR000784,3275014301750784,Ruko,SHM,99442/Duren Tiga,DKI Jakarta,Jakarta Selatan,Pancoran,Duren Tiga,311.3,224.7,28030000,6260000,8725739000,1406622000,10132361000,Ya
ATR000785,3671012210820785,Rumah,HGB,50667/Kemiri Muka,Jawa Barat,Depok,Beji,Kemiri Muka,303.5,323.2,10370000,4360000,3147295000,1409152000,4556447000,Ya
ATR000786,3275012706770786,Ruko,HGB,72336/Pluit,DKI Jakarta,Jakarta Utara,Pluit,Pluit,175.6,98.9,26540000,4920000,4660424000,486588000,5147012000,Ya
ATR000787,3275010904010787,Tanah,SHM,26023/Tebet Timur,DKI Jakarta,Jakarta Selatan,Tebet,Tebet Timur,343.8,0.0,31660000,4980000,10884708000,0,10884708000,Ya
ATR000788,3174015205710788,Gudang,HGB,21709/Duren Tiga,DKI Jakarta,Jakarta Selatan,Pancoran,Duren Tiga,375.7,206.4,26330000,4940000,9892181000,1019616000,10911797000,Ya
ATR000789,3173014505800789,Tanah,SHM,37039/Mekarjaya,Jawa Barat,Depok,Sukmajaya,Mekarjaya,111.2,0.0,9690000,3540000,1077528000,0,1077528000,Ya
ATR000790,3671014212010790,Tanah,SHM,69236/Gunung,DKI Jakarta,Jakarta Selatan,Kebayoran Baru,Gunung,143.9,0.0,44610000,6290000,6419379000,0,6419379000,Ya
ATR000791,3173011303790791,Rumah,SHM,97119/Cakung Barat,DKI Jakarta,Jakarta Timur,Cakung,Cakung Barat,316.3,304.4,13460000,4380000,4257398000,1333272000,5590670000,Ya
ATR000792,3671010711830792,Ruko,SHM,69647/Rawa Buntu,Jawa Barat,Tangerang Selatan,Serpong,Rawa Buntu,78.9,39.9,10960000,4200000,864744000,167580000,1032324000,Ya
ATR000793,3175014910780793,Tanah,SHM,51667/Kramat Jati,DKI Jakarta,Jakarta Timur,Kramat Jati,Kramat Jati,196.8,0.0,20080000,5030000,3951744000,0,3951744000,Ya
ATR000794,3275016011720794,Ruko,HGB,65298/Paledang,Jawa Barat,Bogor,Bogor Tengah,Paledang,166.7,175.5,6520000,3080000,1086884000,540540000,1627424000,Ya
ATR000795,3671015206930795,Tanah,SHM,84676/Cengkareng Barat,DKI Jakarta,Jakarta Barat,Cengkareng,Cengkareng Barat,176.3,0.0,15660000,4620000,2760858000,0,2760858000,Ya
ATR000796,3671010206930796,Ruko,HGB,48111/Duren Tiga,DKI Jakarta,Jakarta Selatan,Pancoran,Duren Tiga,309.9,286.7,28090000,5490000,8705091000,1573983000,10279074000,Ya
ATR000797,3275016309800797,Ruko,SHM,67368/Cikini,DKI Jakarta,Jakarta Pusat,Cikini,Cikini,262.7,222.5,35970000,5310000,9449319000,1181475000,10630794000,Ya
ATR000798,3671015003650798,Ruko,SHM,48129/Bojong Jaya,Banten,Tangerang,Karawaci,Bojong Jaya,366.8,284.3,9630000,3770000,3532284000,1071811000,4604095000,Ya
ATR000799,3276014612890799,Tanah,HGB,36971/Duren Tiga,DKI Jakarta,Jakarta Selatan,Pancoran,Duren Tiga,339.1,0.0,30600000,5760000,10376460000,0,10376460000,Ya
ATR000800,3671011508840800,Ruko,SHM,49709/Cengkareng Barat,DKI Jakarta,Jakarta Barat,Cengkareng,Cengkareng Barat,195.8,149.1,13650000,4610000,2672670000,687351000,3360021000,Ya
ATR000801,3174015508840801,Ruko,HGB,72000/Duren Tiga,DKI Jakarta,Jakarta Selatan,Pancoran,Duren Tiga,95.5,91.8,29680000,4870000,2834440000,447066000,3281506000,Tidak
ATR000802,3671011505730802,Ruko,HGB,67212/Pluit,DKI Jakarta,Jakarta Utara,Pluit,Pluit,133.0,73.7,27770000,5680000,3693410000,418616000,4112026000,Ya
ATR000803,3174012108930803,Rumah,SHM,26636/Cikini,DKI Jakarta,Jakarta Pusat,Cikini,Cikini,284.0,262.9,35240000,5410000,10008160000,1422289000,11430449000,Ya
ATR000804,3271010908020804,Gudang,SHM,94439/Sukabumi Selatan,DKI Jakarta,Jakarta Barat,Kebon Jeruk,Sukabumi Selatan,160.8,201.1,24100000,5730000,3875280000,1152303000,5027583000,Ya
ATR000805,3271010306930805,Ruko,HGB,26553/Kemiri Muka,Jawa Barat,Depok,Beji,Kemiri Muka,389.7,329.3,9540000,3290000,3717738000,1083397000,4801135000,Ya
ATR000806,3275010902720806,Ruko,HGB,77005/Duren Tiga,DKI Jakarta,Jakarta Selatan,Pancoran,Duren Tiga,295.3,255.8,27540000,5690000,8132562000,1455502000,9588064000,Ya
ATR000807,3171012904660807,Rumah,SHM,77963/Cengkareng Barat,DKI Jakarta,Jakarta Barat,Cengkareng,Cengkareng Barat,256.4,201.9,17550000,4600000,4499820000,928740000,5428560000,Ya
ATR000808,3671011412850808,Tanah,HGB,90397/Bintara,Jawa Barat,Bekasi,Bekasi Barat,Bintara,179.3,0.0,8630000,4150000,1547359000,0,1547359000,Ya
ATR000809,3671014706720809,Tanah,HGB,61237/Cikini,DKI Jakarta,Jakarta Pusat,Cikini,Cikini,131.1,0.0,35020000,5940000,4591122000,0,4591122000,Ya
ATR000810,3671014404840810,Tanah,HGB,47568/Pluit,DKI Jakarta,Jakarta Utara,Pluit,Pluit,345.9,0.0,24740000,5110000,8557566000,0,8557566000,Ya
ATR000811,3671015311820811,Rumah,SHM,40621/Kemiri Muka,Jawa Barat,Depok,Beji,Kemiri Muka,340.0,274.6,9880000,3580000,3359200000,983068000,4342268000,Ya
ATR000812,3276012012990812,Gudang,HGB,86085/Menteng,DKI Jakarta,Jakarta Pusat,Menteng,Menteng,100.3,125.1,58030000,6560000,5820409000,820656000,6641065000,Ya
ATR000813,3271013012910813,Tanah,SHM,52412/Pluit,DKI Jakarta,Jakarta Utara,Pluit,Pluit,221.7,0.0,26250000,4760000,5819625000,0,5819625000,Ya
ATR000814,3271016706010814,Tanah,SHM,72364/Kelapa Gading Barat,DKI Jakarta,Jakarta Utara,Kelapa Gading,Kelapa Gading Barat,390.2,0.0,25470000,5540000,9938394000,0,9938394000,Ya
ATR000815,3172013108790815,Gudang,HGB,93986/Menteng,DKI Jakarta,Jakarta Pusat,Menteng,Menteng,202.0,119.8,56860000,7360000,11485720000,881728000,12367448000,Ya
ATR000816,3275014612880816,Ruko,SHM,92934/Kemiri Muka,Jawa Barat,Depok,Beji,Kemiri Muka,86.1,67.5,10150000,3690000,873915000,249075000,1122990000,Ya
ATR000817,3674017007680817,Ruko,SHM,75059/Menteng,DKI Jakarta,Jakarta Pusat,Menteng,Menteng,337.0,333.4,52910000,6020000,17830670000,2007068000,19837738000,Ya
ATR000818,3171016302670818,Ruko,SHM,93751/Bojong Jaya,Banten,Tangerang,Karawaci,Bojong Jaya,180.7,150.1,9470000,3770000,1711229000,565877000,2277106000,Ya
ATR000819,3174016508760819,Rumah,HGB,69358/Paledang,Jawa Barat,Bogor,Bogor Tengah,Paledang,194.4,125.5,6280000,3730000,1220832000,468115000,1688947000,Ya
ATR000820,3172014109850820,Tanah,SHM,11794/Margahayu,Jawa Barat,Bekasi,Bekasi Timur,Margahayu,202.5,0.0,7200000,4010000,1458000000,0,1458000000,Ya
ATR000821,3671010208770821,Tanah,HGB,93099/Cengkareng Barat,DKI Jakarta,Jakarta Barat,Cengkareng,Cengkareng Barat,138.7,0.0,16010000,4490000,2220587000,0,2220587000,Tidak
ATR000822,3671014503960822,Ruko,HGB,50165/Cengkareng Barat,DKI Jakarta,Jakarta Barat,Cengkareng,Cengkareng Barat,135.0,163.2,18080000,4720000,2440800000,770304000,3211104000,Ya
ATR000823,3175015205740823,Tanah,HGB,39215/Paledang,Jawa Barat,Bogor,Bogor Tengah,Paledang,274.1,0.0,6800000,3660000,1863880000,0,1863880000,Ya
ATR000824,3674013110920824,Gudang,HGB,42585/Bintara,Jawa Barat,Bekasi,Bekasi Barat,Bintara,290.3,244.7,9630000,4170000,2795589000,1020399000,3815988000,Ya
ATR000825,3174011710750825,Ruko,HGB,14512/Kemiri Muka,Jawa Barat,Depok,Beji,Kemiri Muka,343.2,319.9,11030000,3720000,3785496000,1190028000,4975524000,Ya
ATR000826,3671016411800826,Ruko,HGB,30478/Menteng,DKI Jakarta,Jakarta Pusat,Menteng,Menteng,371.1,260.1,60680000,6470000,22518348000,1682847000,24201195000,Ya
ATR000827,3174014502940827,Ruko,SHM,97262/Bintara,Jawa Barat,Bekasi,Bekasi Barat,Bintara,164.9,158.0,8530000,3270000,1406597000,516660000,1923257000,Ya
ATR000828,3174016912930828,Ruko,HGB,16393/Paledang,Jawa Barat,Bogor,Bogor Tengah,Paledang,62.2,79.8,7980000,3290000,496356000,262542000,758898000,Ya
ATR000829,3276012710920829,Gudang,SHM,72097/Cengkareng Barat,DKI Jakarta,Jakarta Barat,Cengkareng,Cengkareng Barat,177.6,184.1,17470000,4760000,3102672000,876316000,3978988000,Ya
ATR000830,3271010212970830,Tanah,SHM,77939/Tebet Timur,DKI Jakarta,Jakarta Selatan,Tebet,Tebet Timur,326.3,0.0,26030000,6310000,8493589000,0,8493589000,Ya
ATR000831,3171012805730831,Ruko,HGB,45214/Pluit,DKI Jakarta,Jakarta Utara,Pluit,Pluit,265.2,272.5,28520000,4700000,7563504000,1280750000,8844254000,Ya
ATR000832,3174016508910832,Ruko,HGB,32171/Tebet Timur,DKI Jakarta,Jakarta Selatan,Tebet,Tebet Timur,121.6,121.4,25670000,5180000,3121472000,628852000,3750324000,Ya
ATR000833,3276012507880833,Tanah,HGB,14261/Poris Plawad,Banten,Tangerang,Cipondoh,Poris Plawad,201.8,0.0,6740000,3060000,1360132000,0,1360132000,Ya
ATR000834,3671014510940834,Rumah,SHM,75823/Bintara,Jawa Barat,Bekasi,Bekasi Barat,Bintara,317.5,386.8,7880000,3680000,2501900000,1423424000,3925324000,Ya
ATR000835,3671016108710835,Rumah,HGB,30095/Duren Tiga,DKI Jakarta,Jakarta Selatan,Pancoran,Duren Tiga,65.6,67.5,30920000,4940000,2028352000,333450000,2361802000,Ya
ATR000836,3171015212810836,Rumah,SHM,61999/Margahayu,Jawa Barat,Bekasi,Bekasi Timur,Margahayu,68.1,79.5,9140000,3210000,622434000,255195000,877629000,Ya
ATR000837,3271015611780837,Ruko,SHM,47751/Cakung Barat,DKI Jakarta,Jakarta Timur,Cakung,Cakung Barat,355.3,441.0,11710000,3460000,4160563000,1525860000,5686423000,Ya
ATR000838,3276014212850838,Rumah,SHM,21846/Duren Tiga,DKI Jakarta,Jakarta Selatan,Pancoran,Duren Tiga,255.1,207.7,25760000,5640000,6571376000,1171428000,7742804000,Ya
ATR000839,3173010211660839,Ruko,SHM,93395/Bintara,Jawa Barat,Bekasi,Bekasi Barat,Bintara,327.7,244.2,7760000,3900000,2542952000,952380000,3495332000,Ya
ATR000840,3175011609770840,Tanah,HGB,77213/Margahayu,Jawa Barat,Bekasi,Bekasi Timur,Margahayu,391.1,0.0,8109999,3360000,3171821000,0,3171821000,Ya
ATR000841,3276013105010841,Rumah,SHM,61609/Tebet Timur,DKI Jakarta,Jakarta Selatan,Tebet,Tebet Timur,152.3,186.3,26950000,5580000,4104485000,1039554000,5144039000,Ya
ATR000842,3671016708950842,Ruko,SHM,26087/Rawa Buntu,Jawa Barat,Tangerang Selatan,Serpong,Rawa Buntu,204.9,238.9,13100000,3670000,2684190000,876763000,3560953000,Ya
ATR000843,3276015211810843,Gudang,SHM,70338/Cikini,DKI Jakarta,Jakarta Pusat,Cikini,Cikini,337.9,420.5,35140000,5910000,11873806000,2485155000,14358961000,Ya
ATR000844,3674016805830844,Rumah,SHM,82667/Poris Plawad,Banten,Tangerang,Cipondoh,Poris Plawad,356.0,201.8,6850000,3660000,2438600000,738588000,3177188000,Ya
ATR000845,3276010711920845,Ruko,SHM,37481/Cikini,DKI Jakarta,Jakarta Pusat,Cikini,Cikini,227.5,194.2,38010000,5810000,8647275000,1128302000,9775577000,Ya
ATR000846,3275011712790846,Gudang,SHM,53165/Sukabumi Selatan,DKI Jakarta,Jakarta Barat,Kebon Jeruk,Sukabumi Selatan,114.9,110.0,24020000,5390000,2759898000,592900000,3352798000,Ya
ATR000847,3671011302710847,Rumah,SHM,55379/Margahayu,Jawa Barat,Bekasi,Bekasi Timur,Margahayu,110.7,79.1,7670000,3500000,849069000,276850000,1125919000,Ya
ATR000848,3172010706700848,Ruko,SHM,78039/Tebet Timur,DKI Jakarta,Jakarta Selatan,Tebet,Tebet Timur,79.3,41.8,27090000,5830000,2148237000,243694000,2391931000,Ya
ATR000849,3674011309860849,Gudang,HGB,26159/Bintara,Jawa Barat,Bekasi,Bekasi Barat,Bintara,278.1,196.9,10040000,4250000,2792124000,836825000,3628949000,Ya
ATR000850,3171015105710850,Tanah,HGB,25221/Kemiri Muka,Jawa Barat,Depok,Beji,Kemiri Muka,138.2,0.0,9730000,3500000,1344686000,0,1344686000,Ya
ATR000851,3671016406810851,Tanah,HGB,32867/Cengkareng Barat,DKI Jakarta,Jakarta Barat,Cengkareng,Cengkareng Barat,340.9,0.0,16830000,4610000,5737347000,0,5737347000,Ya
ATR000852,3172012106820852,Ruko,HGB,34723/Paledang,Jawa Barat,Bogor,Bogor Tengah,Paledang,113.1,123.3,6710000,3570000,758901000,440181000,1199082000,Ya
ATR000853,3271017005650853,Tanah,HGB,40477/Cikini,DKI Jakarta,Jakarta Pusat,Cikini,Cikini,87.6,0.0,45910000,5380000,4021716000,0,4021716000,Tidak
ATR000854,3175010406940854,Ruko,SHM,23268/Paledang,Jawa Barat,Bogor,Bogor Tengah,Paledang,392.3,445.3,7330000,3480000,2875559000,1549644000,4425203000,Ya
ATR000855,3671014311900855,Ruko,SHM,89849/Kelapa Gading Barat,DKI Jakarta,Jakarta Utara,Kelapa Gading,Kelapa Gading Barat,158.4,138.5,25900000,5060000,4102560000,700810000,4803370000,Ya
ATR000856,3671012505750856,Tanah,HGB,87846/Cengkareng Barat,DKI Jakarta,Jakarta Barat,Cengkareng,Cengkareng Barat,172.3,0.0,16309999,4640000,2810213000,0,2810213000,Ya
ATR000857,3671012711980857,Ruko,HGB,24671/Sukabumi Selatan,DKI Jakarta,Jakarta Barat,Kebon Jeruk,Sukabumi Selatan,377.7,397.1,24130000,5080000,9113901000,2017268000,11131169000,Ya
ATR000858,3671016210720858,Ruko,HGB,18585/Bintara,Jawa Barat,Bekasi,Bekasi Barat,Bintara,65.5,75.6,7760000,4240000,508280000,320544000,828824000,Tidak
ATR000859,3171015704980859,Tanah,SHM,96836/Kelapa Gading Barat,DKI Jakarta,Jakarta Utara,Kelapa Gading,Kelapa Gading Barat,160.0,0.0,22830000,5610000,3652800000,0,3652800000,Ya
ATR000860,3175012709990860,Gudang,SHM,96912/Pluit,DKI Jakarta,Jakarta Utara,Pluit,Pluit,354.3,206.3,23970000,6060000,8492571000,1250178000,9742749000,Ya
ATR000861,3671012006870861,Tanah,SHM,85324/Pluit,DKI Jakarta,Jakarta Utara,Pluit,Pluit,347.9,0.0,25580000,5580000,8899282000,0,8899282000,Ya
ATR000862,3172011905780862,Rumah,HGB,74798/Bintara,Jawa Barat,Bekasi,Bekasi Barat,Bintara,265.1,277.3,9200000,3720000,2438920000,1031556000,3470476000,Ya
ATR000863,3275017101720863,Rumah,SHM,74036/Sukabumi Selatan,DKI Jakarta,Jakarta Barat,Kebon Jeruk,Sukabumi Selatan,321.3,218.8,23270000,4600000,7476651000,1006480000,8483131000,Ya
ATR000864,3275011306660864,Rumah,HGB,69484/Cakung Barat,DKI Jakarta,Jakarta Timur,Cakung,Cakung Barat,314.0,211.9,10420000,3560000,3271880000,754364000,4026244000,Ya
ATR000865,3172011305920865,Tanah,SHM,65348/Cikini,DKI Jakarta,Jakarta Pusat,Cikini,Cikini,348.8,0.0,34540000,6420000,12047552000,0,12047552000,Ya
ATR000866,3174015204870866,Tanah,SHM,21149/Duren Tiga,DKI Jakarta,Jakarta Selatan,Pancoran,Duren Tiga,222.7,0.0,33860000,5220000,7540622000,0,7540622000,Ya
ATR000867,3671010408950867,Rumah,SHM,96468/Sukabumi Selatan,DKI Jakarta,Jakarta Barat,Kebon Jeruk,Sukabumi Selatan,64.7,36.6,20410000,4290000,1320527000,157014000,1477541000,Ya
ATR000868,3173015804700868,Tanah,SHM,16648/Duren Tiga,DKI Jakarta,Jakarta Selatan,Pancoran,Duren Tiga,205.0,0.0,30430000,4960000,6238150000,0,6238150000,Ya
ATR000869,3671011912000869,Tanah,HGB,34605/Menteng,DKI Jakarta,Jakarta Pusat,Menteng,Menteng,285.7,0.0,62680000,5620000,17907676000,0,17907676000,Ya
ATR000870,3276015202780870,Gudang,SHM,33346/Bintara,Jawa Barat,Bekasi,Bekasi Barat,Bintara,256.1,243.6,9000000,3310000,2304900000,806316000,3111216000,Ya
ATR000871,3276016311840871,Rumah,HGB,78848/Cengkareng Barat,DKI Jakarta,Jakarta Barat,Cengkareng,Cengkareng Barat,264.3,204.2,18000000,4080000,4757400000,833136000,5590536000,Ya
ATR000872,3671012007770872,Ruko,SHM,32351/Kelapa Gading Barat,DKI Jakarta,Jakarta Utara,Kelapa Gading,Kelapa Gading Barat,303.0,222.6,25190000,5510000,7632570000,1226526000,8859096000,Ya
ATR000873,3174011907750873,Tanah,SHM,33771/Cakung Barat,DKI Jakarta,Jakarta Timur,Cakung,Cakung Barat,329.3,0.0,12630000,4220000,4159059000,0,4159059000,Tidak
ATR000874,3175014305030874,Ruko,SHM,83100/Sukabumi Selatan,DKI Jakarta,Jakarta Barat,Kebon Jeruk,Sukabumi Selatan,160.6,80.4,20490000,4580000,3290694000,368232000,3658926000,Ya
ATR000875,3275015708940875,Ruko,HGB,72195/Paledang,Jawa Barat,Bogor,Bogor Tengah,Paledang,275.5,268.5,5980000,3630000,1647490000,974655000,2622145000,Ya
ATR000876,3671010603840876,Gudang,HGB,37158/Gunung,DKI Jakarta,Jakarta Selatan,Kebayoran Baru,Gunung,286.1,270.4,42880000,5340000,12267968000,1443936000,13711904000,Ya
ATR000877,3671010112700877,Ruko,SHM,42578/Poris Plawad,Banten,Tangerang,Cipondoh,Poris Plawad,342.7,423.1,7840000,3000000,2686768000,1269300000,3956068000,Ya
ATR000878,3271012807940878,Tanah,HGB,83643/Paledang,Jawa Barat,Bogor,Bogor Tengah,Paledang,307.8,0.0,7590000,3010000,2336202000,0,2336202000,Ya
ATR000879,3173017008660879,Gudang,SHM,72878/Mekarjaya,Jawa Barat,Depok,Sukmajaya,Mekarjaya,302.1,237.2,7870000,3070000,2377527000,728204000,3105731000,Ya
ATR000880,3175015205990880,Tanah,SHM,65607/Kramat Jati,DKI Jakarta,Jakarta Timur,Kramat Jati,Kramat Jati,349.4,0.0,20470000,4590000,7152218000,0,7152218000,Ya
ATR000881,3171011409950881,Tanah,HGB,95131/Bojong Jaya,Banten,Tangerang,Karawaci,Bojong Jaya,88.9,0.0,9130000,3470000,811657000,0,811657000,Ya
ATR000882,3275015012910882,Rumah,SHM,68507/Gunung,DKI Jakarta,Jakarta Selatan,Kebayoran Baru,Gunung,192.2,133.0,39530000,5670000,7597666000,754110000,8351776000,Ya
ATR000883,3671011203020883,Rumah,SHM,19766/Duren Tiga,DKI Jakarta,Jakarta Selatan,Pancoran,Duren Tiga,120.1,154.9,29500000,5550000,3542950000,859695000,4402645000,Ya
ATR000884,3674015103780884,Ruko,HGB,45383/Mekarjaya,Jawa Barat,Depok,Sukmajaya,Mekarjaya,398.5,385.0,9300000,3410000,3706050000,1312850000,5018900000,Ya
ATR000885,3671012208740885,Ruko,SHM,80819/Bojong Jaya,Banten,Tangerang,Karawaci,Bojong Jaya,196.9,204.4,9490000,3400000,1868581000,694960000,2563541000,Ya
ATR000886,3671010603890886,Tanah,HGB,95199/Tebet Timur,DKI Jakarta,Jakarta Selatan,Tebet,Tebet Timur,275.0,0.0,24880000,5630000,6842000000,0,6842000000,Ya
ATR000887,3276014311000887,Ruko,SHM,81267/Mekarjaya,Jawa Barat,Depok,Sukmajaya,Mekarjaya,298.2,328.8,9450000,3600000,2817990000,1183680000,4001670000,Ya
ATR000888,3671014204810888,Tanah,SHM,68377/Menteng,DKI Jakarta,Jakarta Pusat,Menteng,Menteng,270.5,0.0,49830000,5580000,13479015000,0,13479015000,Ya
ATR000889,3671014103920889,Ruko,HGB,61863/Gunung,DKI Jakarta,Jakarta Selatan,Kebayoran Baru,Gunung,210.6,209.3,49720000,5450000,10471032000,1140685000,11611717000,Ya
ATR000890,3171015505850890,Rumah,HGB,51046/Kramat Jati,DKI Jakarta,Jakarta Timur,Kramat Jati,Kramat Jati,387.6,227.3,17880000,4620000,6930288000,1050126000,7980414000,Ya
ATR000891,3171011104680891,Tanah,HGB,11999/Kelapa Gading Barat,DKI Jakarta,Jakarta Utara,Kelapa Gading,Kelapa Gading Barat,89.3,0.0,21680000,4580000,1936024000,0,1936024000,Ya
ATR000892,3275016505970892,Rumah,SHM,56671/Tebet Timur,DKI Jakarta,Jakarta Selatan,Tebet,Tebet Timur,245.1,168.4,29160000,6030000,7147116000,1015452000,8162568000,Ya
ATR000893,3671015906970893,Ruko,SHM,36799/Pluit,DKI Jakarta,Jakarta Utara,Pluit,Pluit,229.4,241.2,24990000,4990000,5732706000,1203588000,6936294000,Ya
ATR000894,3172017005970894,Ruko,SHM,97442/Cengkareng Barat,DKI Jakarta,Jakarta Barat,Cengkareng,Cengkareng Barat,365.3,419.3,16399999,4490000,5990920000,1882657000,7873577000,Ya
ATR000895,3276014506710895,Ruko,SHM,97523/Menteng,DKI Jakarta,Jakarta Pusat,Menteng,Menteng,277.9,242.6,49880000,6890000,13861652000,1671514000,15533166000,Ya
ATR000896,3174013011770896,Ruko,SHM,77826/Bojong Jaya,Banten,Tangerang,Karawaci,Bojong Jaya,181.9,223.6,7710000,3400000,1402449000,760240000,2162689000,Ya
ATR000897,3174011204740897,Tanah,SHM,80115/Pluit,DKI Jakarta,Jakarta Utara,Pluit,Pluit,320.6,0.0,28640000,5030000,9181984000,0,9181984000,Ya
ATR000898,3671014311970898,Rumah,SHM,54644/Cengkareng Barat,DKI Jakarta,Jakarta Barat,Cengkareng,Cengkareng Barat,194.6,215.0,15780000,4090000,3070788000,879350000,3950138000,Ya
ATR000899,3271016411680899,Rumah,HGB,38728/Rawa Buntu,Jawa Barat,Tangerang Selatan,Serpong,Rawa Buntu,145.3,86.7,12300000,4560000,1787190000,395352000,2182542000,Ya
ATR000900,3674011604930900,Tanah,HGB,65858/Mekarjaya,Jawa Barat,Depok,Sukmajaya,Mekarjaya,81.1,0.0,8090000,3610000,656099000,0,656099000,Ya
ATR000901,3671011806930901,Tanah,SHM,38359/Kelapa Gading Barat,DKI Jakarta,Jakarta Utara,Kelapa Gading,Kelapa Gading Barat,283.8,0.0,28730000,5120000,8153574000,0,8153574000,Ya
ATR000902,3173014509770902,Rumah,SHM,59981/Gunung,DKI Jakarta,Jakarta Selatan,Kebayoran Baru,Gunung,196.2,116.2,50170000,5850000,9843354000,679770000,10523124000,Ya
ATR000903,3173011111950903,Rumah,HGB,17976/Kemiri Muka,Jawa Barat,Depok,Beji,Kemiri Muka,284.3,242.7,10440000,3300000,2968092000,800910000,3769002000,Ya
ATR000904,3175011912940904,Tanah,SHM,21876/Margahayu,Jawa Barat,Bekasi,Bekasi Timur,Margahayu,379.8,0.0,8359999,4090000,3175128000,0,3175128000,Ya
ATR000905,3674012201850905,Ruko,SHM,66459/Menteng,DKI Jakarta,Jakarta Pusat,Menteng,Menteng,222.3,218.2,56350000,6310000,12526605000,1376842000,13903447000,Ya
ATR000906,3671015609990906,Gudang,HGB,54165/Duren Tiga,DKI Jakarta,Jakarta Selatan,Pancoran,Duren Tiga,103.1,83.9,26960000,5890000,2779576000,494171000,3273747000,Ya
ATR000907,3271015304950907,Tanah,SHM,74235/Sukabumi Selatan,DKI Jakarta,Jakarta Barat,Kebon Jeruk,Sukabumi Selatan,79.9,0.0,22350000,5140000,1785765000,0,1785765000,Ya
ATR000908,3275014311780908,Ruko,SHM,43506/Cakung Barat,DKI Jakarta,Jakarta Timur,Cakung,Cakung Barat,256.2,198.9,13090000,4050000,3353658000,805545000,4159203000,Ya
ATR000909,3174012912000909,Tanah,HGB,91627/Gunung,DKI Jakarta,Jakarta Selatan,Kebayoran Baru,Gunung,252.4,0.0,50510000,5810000,12748724000,0,12748724000,Ya
ATR000910,3172016909820910,Gudang,SHM,38168/Duren Tiga,DKI Jakarta,Jakarta Selatan,Pancoran,Duren Tiga,108.8,67.6,29390000,5660000,3197632000,382616000,3580248000,Ya
ATR000911,3671010107870911,Ruko,SHM,13602/Paledang,Jawa Barat,Bogor,Bogor Tengah,Paledang,379.5,419.0,7180000,3740000,2724810000,1567060000,4291870000,Ya
ATR000912,3173012505940912,Tanah,SHM,16664/Kemiri Muka,Jawa Barat,Depok,Beji,Kemiri Muka,222.1,0.0,10390000,4170000,2307619000,0,2307619000,Ya
ATR000913,3671011504690913,Rumah,HGB,77811/Tebet Timur,DKI Jakarta,Jakarta Selatan,Tebet,Tebet Timur,154.2,193.2,24840000,6120000,3830328000,1182384000,5012712000,Tidak
ATR000914,3671012211810914,Tanah,SHM,22648/Cikini,DKI Jakarta,Jakarta Pusat,Cikini,Cikini,120.2,0.0,42660000,5170000,5127732000,0,5127732000,Ya
ATR000915,3671016009810915,Tanah,HGB,68820/Margahayu,Jawa Barat,Bekasi,Bekasi Timur,Margahayu,235.5,0.0,8189999,4070000,1928745000,0,1928745000,Ya
ATR000916,3671017011790916,Tanah,HGB,83253/Kelapa Gading Barat,DKI Jakarta,Jakarta Utara,Kelapa Gading,Kelapa Gading Barat,223.6,0.0,27320000,5900000,6108752000,0,6108752000,Ya
ATR000917,3671012406880917,Gudang,SHM,29324/Cengkareng Barat,DKI Jakarta,Jakarta Barat,Cengkareng,Cengkareng Barat,394.1,224.2,17510000,3920000,6900691000,878864000,7779555000,Ya
ATR000918,3671010204650918,Ruko,HGB,17945/Bintara,Jawa Barat,Bekasi,Bekasi Barat,Bintara,209.6,212.8,8680000,3290000,1819328000,700112000,2519440000,Ya
ATR000919,3275015809690919,Gudang,SHM,85436/Kemiri Muka,Jawa Barat,Depok,Beji,Kemiri Muka,366.8,295.9,9150000,3730000,3356220000,1103707000,4459927000,Ya
ATR000920,3174011101840920,Rumah,SHM,60408/Tebet Timur,DKI Jakarta,Jakarta Selatan,Tebet,Tebet Timur,339.0,393.6,28740000,5260000,9742860000,2070336000,11813196000,Ya
ATR000921,3671010906880921,Ruko,SHM,26958/Mekarjaya,Jawa Barat,Depok,Sukmajaya,Mekarjaya,248.6,288.6,8840000,3910000,2197624000,1128426000,3326050000,Ya
ATR000922,3674014610850922,Ruko,SHM,14483/Tebet Timur,DKI Jakarta,Jakarta Selatan,Tebet,Tebet Timur,200.8,254.3,28350000,5670000,5692680000,1441881000,7134561000,Ya
ATR000923,3174012812780923,Rumah,SHM,40691/Bintara,Jawa Barat,Bekasi,Bekasi Barat,Bintara,272.7,261.1,8150000,3300000,2222505000,861630000,3084135000,Ya
ATR000924,3671012206800924,Ruko,HGB,11464/Pluit,DKI Jakarta,Jakarta Utara,Pluit,Pluit,319.7,293.7,24790000,5560000,7925363000,1632972000,9558335000,Ya
ATR000925,3671016306680925,Tanah,HGB,80727/Bojong Jaya,Banten,Tangerang,Karawaci,Bojong Jaya,210.2,0.0,8090000,3260000,1700518000,0,1700518000,Ya
ATR000926,3671015903010926,Rumah,HGB,52813/Cengkareng Barat,DKI Jakarta,Jakarta Barat,Cengkareng,Cengkareng Barat,191.5,103.6,15510000,4210000,2970165000,436156000,3406321000,Ya
ATR000927,3175012806680927,Gudang,SHM,68623/Mekarjaya,Jawa Barat,Depok,Sukmajaya,Mekarjaya,190.1,222.7,7600000,3610000,1444760000,803947000,2248707000,Ya
ATR000928,3674010609960928,Rumah,SHM,14406/Cengkareng Barat,DKI Jakarta,Jakarta Barat,Cengkareng,Cengkareng Barat,84.2,80.8,16320000,4680000,1374144000,378144000,1752288000,Ya
ATR000929,3674016612860929,Rumah,HGB,21130/Pluit,DKI Jakarta,Jakarta Utara,Pluit,Pluit,386.3,208.2,23740000,4580000,9170762000,953556000,10124318000,Ya
ATR000930,3674014408740930,Gudang,HGB,65027/Bintara,Jawa Barat,Bekasi,Bekasi Barat,Bintara,244.0,248.0,7770000,4310000,1895880000,1068880000,2964760000,Ya
ATR000931,3275011907810931,Ruko,HGB,11260/Paledang,Jawa Barat,Bogor,Bogor Tengah,Paledang,160.8,90.3,6310000,3020000,1014648000,272706000,1287354000,Ya
ATR000932,3671016004770932,Ruko,SHM,25341/Poris Plawad,Banten,Tangerang,Cipondoh,Poris Plawad,236.3,164.6,7180000,3900000,1696634000,641940000,2338574000,Ya
ATR000933,3172013012960933,Ruko,HGB,88829/Margahayu,Jawa Barat,Bekasi,Bekasi Timur,Margahayu,382.7,235.0,7720000,3660000,2954444000,860100000,3814544000,Ya
ATR000934,3671013103030934,Tanah,SHM,19378/Sukabumi Selatan,DKI Jakarta,Jakarta Barat,Kebon Jeruk,Sukabumi Selatan,61.4,0.0,23120000,5210000,1419568000,0,1419568000,Ya
ATR000935,3275010112670935,Ruko,SHM,49743/Sukabumi Selatan,DKI Jakarta,Jakarta Barat,Kebon Jeruk,Sukabumi Selatan,226.5,188.5,18860000,4750000,4271790000,895375000,5167165000,Ya
ATR000936,3671014410720936,Rumah,SHM,60803/Gunung,DKI Jakarta,Jakarta Selatan,Kebayoran Baru,Gunung,93.5,118.3,46340000,6410000,4332790000,758303000,5091093000,Ya
ATR000937,3171016209970937,Tanah,SHM,43402/Paledang,Jawa Barat,Bogor,Bogor Tengah,Paledang,193.7,0.0,6450000,2990000,1249365000,0,1249365000,Ya
ATR000938,3175016407020938,Gudang,HGB,50544/Cengkareng Barat,DKI Jakarta,Jakarta Barat,Cengkareng,Cengkareng Barat,331.2,345.1,16230000,4170000,5375376000,1439067000,6814443000,Ya
ATR000939,3674016002750939,Rumah,SHM,11776/Rawa Buntu,Jawa Barat,Tangerang Selatan,Serpong,Rawa Buntu,84.7,61.4,11460000,4340000,970662000,266476000,1237138000,Tidak
ATR000940,3671012508800940,Ruko,SHM,12948/Gunung,DKI Jakarta,Jakarta Selatan,Kebayoran Baru,Gunung,141.8,170.1,49460000,5500000,7013428000,935550000,7948978000,Ya
ATR000941,3671016204740941,Ruko,HGB,57026/Kelapa Gading Barat,DKI Jakarta,Jakarta Utara,Kelapa Gading,Kelapa Gading Barat,199.3,255.6,22610000,5670000,4506173000,1449252000,5955425000,Ya
ATR000942,3174011203880942,Ruko,HGB,79261/Cengkareng Barat,DKI Jakarta,Jakarta Barat,Cengkareng,Cengkareng Barat,308.5,257.9,16379999,4620000,5053230000,1191498000,6244728000,Ya
ATR000943,3175011005650943,Rumah,HGB,56007/Cakung Barat,DKI Jakarta,Jakarta Timur,Cakung,Cakung Barat,354.6,194.2,12690000,3570000,4499874000,693294000,5193168000,Ya
ATR000944,3174011009840944,Rumah,SHM,46969/Kramat Jati,DKI Jakarta,Jakarta Timur,Kramat Jati,Kramat Jati,246.5,202.7,18110000,5170000,4464115000,1047959000,5512074000,Ya
ATR000945,3674016006780945,Ruko,SHM,46965/Bojong Jaya,Banten,Tangerang,Karawaci,Bojong Jaya,289.7,236.6,8010000,3230000,2320497000,764218000,3084715000,Tidak
ATR000946,3175011010910946,Rumah,HGB,68128/Margahayu,Jawa Barat,Bekasi,Bekasi Timur,Margahayu,359.1,440.1,9180000,3280000,3296538000,1443528000,4740066000,Ya
ATR000947,3173015401650947,Tanah,SHM,79513/Kemiri Muka,Jawa Barat,Depok,Beji,Kemiri Muka,287.5,0.0,9950000,3710000,2860625000,0,2860625000,Ya
ATR000948,3171015909950948,Ruko,HGB,20370/Gunung,DKI Jakarta,Jakarta Selatan,Kebayoran Baru,Gunung,261.9,251.5,40430000,5950000,10588617000,1496425000,12085042000,Ya
ATR000949,3671011704020949,Gudang,SHM,32365/Duren Tiga,DKI Jakarta,Jakarta Selatan,Pancoran,Duren Tiga,253.9,169.6,32180000,4720000,8170502000,800512000,8971014000,Ya
ATR000950,3671015210910950,Ruko,HGB,56255/Menteng,DKI Jakarta,Jakarta Pusat,Menteng,Menteng,325.3,309.4,51060000,6880000,16609818000,2128672000,18738490000,Ya
ATR000951,3275012205920951,Ruko,HGB,17848/Kramat Jati,DKI Jakarta,Jakarta Timur,Kramat Jati,Kramat Jati,330.7,359.8,18590000,4480000,6147713000,1611904000,7759617000,Ya
ATR000952,3276014502840952,Ruko,HGB,84205/Bojong Jaya,Banten,Tangerang,Karawaci,Bojong Jaya,148.9,124.4,9270000,3610000,1380303000,449084000,1829387000,Ya
ATR000953,3671010911850953,Ruko,HGB,41491/Pluit,DKI Jakarta,Jakarta Utara,Pluit,Pluit,62.2,55.8,25260000,5670000,1571172000,316386000,1887558000,Ya
ATR000954,3173014105940954,Rumah,SHM,67565/Menteng,DKI Jakarta,Jakarta Pusat,Menteng,Menteng,258.8,324.3,49630000,6440000,12844244000,2088492000,14932736000,Ya
ATR000955,3271015311020955,Ruko,HGB,19326/Duren Tiga,DKI Jakarta,Jakarta Selatan,Pancoran,Duren Tiga,272.7,256.5,29170000,5540000,7954659000,1421010000,9375669000,Ya
ATR000956,3671011211730956,Ruko,HGB,73464/Kemiri Muka,Jawa Barat,Depok,Beji,Kemiri Muka,126.7,65.6,11080000,3890000,1403836000,255184000,1659020000,Ya
ATR000957,3671016704760957,Ruko,SHM,92030/Margahayu,Jawa Barat,Bekasi,Bekasi Timur,Margahayu,263.0,302.0,7830000,3870000,2059290000,1168740000,3228030000,Ya
ATR000958,3271015207930958,Ruko,SHM,30487/Gunung,DKI Jakarta,Jakarta Selatan,Kebayoran Baru,Gunung,254.5,164.1,41880000,5460000,10658460000,895986000,11554446000,Ya
ATR000959,3173010405840959,Tanah,HGB,62691/Sukabumi Selatan,DKI Jakarta,Jakarta Barat,Kebon Jeruk,Sukabumi Selatan,164.2,0.0,22360000,5130000,3671512000,0,3671512000,Ya
ATR000960,3275010208710960,Tanah,HGB,50277/Paledang,Jawa Barat,Bogor,Bogor Tengah,Paledang,269.2,0.0,6120000,2980000,1647504000,0,1647504000,Ya
ATR000961,3175015505970961,Tanah,HGB,48341/Margahayu,Jawa Barat,Bekasi,Bekasi Timur,Margahayu,236.1,0.0,7310000,3370000,1725891000,0,1725891000,Ya
ATR000962,3276011502990962,Rumah,HGB,47074/Cengkareng Barat,DKI Jakarta,Jakarta Barat,Cengkareng,Cengkareng Barat,336.0,171.7,16719999,4410000,5617920000,757197000,6375117000,Ya
ATR000963,3276014311650963,Ruko,SHM,42937/Bintara,Jawa Barat,Bekasi,Bekasi Barat,Bintara,377.1,194.6,8070000,4240000,3043197000,825104000,3868301000,Ya
ATR000964,3175010112740964,Tanah,SHM,34277/Kelapa Gading Barat,DKI Jakarta,Jakarta Utara,Kelapa Gading,Kelapa Gading Barat,252.0,0.0,26220000,5480000,6607440000,0,6607440000,Ya
ATR000965,3175015204800965,Ruko,SHM,21536/Rawa Buntu,Jawa Barat,Tangerang Selatan,Serpong,Rawa Buntu,399.0,429.4,11230000,4460000,4480770000,1915124000,6395894000,Ya
ATR000966,3172015107680966,Ruko,SHM,45632/Sukabumi Selatan,DKI Jakarta,Jakarta Barat,Kebon Jeruk,Sukabumi Selatan,138.6,168.8,20390000,4580000,2826054000,773104000,3599158000,Ya
ATR000967,3171015101930967,Ruko,SHM,85795/Cengkareng Barat,DKI Jakarta,Jakarta Barat,Cengkareng,Cengkareng Barat,352.1,316.9,16840000,3870000,5929364000,1226403000,7155767000,Ya
ATR000968,3173012703920968,Ruko,HGB,85326/Mekarjaya,Jawa Barat,Depok,Sukmajaya,Mekarjaya,318.4,238.8,8270000,3290000,2633168000,785652000,3418820000,Tidak
ATR000969,3671010409890969,Ruko,HGB,49234/Duren Tiga,DKI Jakarta,Jakarta Selatan,Pancoran,Duren Tiga,279.5,348.7,28230000,5970000,7890285000,2081739000,9972024000,Ya
ATR000970,3671014602750970,Gudang,HGB,12623/Rawa Buntu,Jawa Barat,Tangerang Selatan,Serpong,Rawa Buntu,295.2,375.6,11620000,3560000,3430224000,1337136000,4767360000,Ya
ATR000971,3276012808950971,Ruko,HGB,60395/Tebet Timur,DKI Jakarta,Jakarta Selatan,Tebet,Tebet Timur,308.0,295.7,25540000,5510000,7866320000,1629307000,9495627000,Ya
ATR000972,3671012411910972,Ruko,HGB,63107/Pluit,DKI Jakarta,Jakarta Utara,Pluit,Pluit,205.3,208.6,28990000,4870000,5951647000,1015882000,6967529000,Ya
ATR000973,3671010610890973,Ruko,SHM,94457/Sukabumi Selatan,DKI Jakarta,Jakarta Barat,Kebon Jeruk,Sukabumi Selatan,151.5,99.8,23870000,5610000,3616305000,559878000,4176183000,Ya
ATR000974,3174015504740974,Ruko,HGB,83419/Kelapa Gading Barat,DKI Jakarta,Jakarta Utara,Kelapa Gading,Kelapa Gading Barat,315.4,384.0,27600000,4710000,8705040000,1808640000,10513680000,Tidak
ATR000975,3276012612750975,Ruko,HGB,41969/Tebet Timur,DKI Jakarta,Jakarta Selatan,Tebet,Tebet Timur,188.1,145.1,24320000,5480000,4574592000,795148000,5369740000,Ya
ATR000976,3275010902970976,Rumah,HGB,64796/Paledang,Jawa Barat,Bogor,Bogor Tengah,Paledang,144.5,108.9,7650000,3780000,1105425000,411642000,1517067000,Ya
ATR000977,3671016303840977,Ruko,HGB,36971/Cengkareng Barat,DKI Jakarta,Jakarta Barat,Cengkareng,Cengkareng Barat,352.0,417.4,17270000,3750000,6079040000,1565250000,7644290000,Ya
ATR000978,3171014809000978,Rumah,HGB,42536/Mekarjaya,Jawa Barat,Depok,Sukmajaya,Mekarjaya,381.3,398.9,8070000,3600000,3077091000,1436040000,4513131000,Ya
ATR000979,3271010112950979,Ruko,HGB,24616/Cengkareng Barat,DKI Jakarta,Jakarta Barat,Cengkareng,Cengkareng Barat,233.6,139.2,15100000,4580000,3527360000,637536000,4164896000,Ya
ATR000980,3171012108810980,Tanah,HGB,26071/Poris Plawad,Banten,Tangerang,Cipondoh,Poris Plawad,106.7,0.0,8520000,3230000,909084000,0,909084000,Ya
ATR000981,3671016907710981,Tanah,HGB,50188/Kemiri Muka,Jawa Barat,Depok,Beji,Kemiri Muka,315.6,0.0,10940000,4310000,3452664000,0,3452664000,Ya
ATR000982,3271010805970982,Rumah,HGB,66692/Mekarjaya,Jawa Barat,Depok,Sukmajaya,Mekarjaya,351.9,213.0,9020000,3860000,3174138000,822180000,3996318000,Ya
ATR000983,3671015311720983,Ruko,HGB,17519/Kemiri Muka,Jawa Barat,Depok,Beji,Kemiri Muka,145.8,174.7,9010000,3290000,1313658000,574763000,1888421000,Ya
ATR000984,3671012702940984,Ruko,SHM,57812/Duren Tiga,DKI Jakarta,Jakarta Selatan,Pancoran,Duren Tiga,221.7,261.4,28950000,4950000,6418215000,1293930000,7712145000,Ya
ATR000985,3173010502930985,Rumah,HGB,26538/Kramat Jati,DKI Jakarta,Jakarta Timur,Kramat Jati,Kramat Jati,246.6,160.6,19190000,4520000,4732254000,725912000,5458166000,Ya
ATR000986,3171013103750986,Ruko,SHM,24840/Pluit,DKI Jakarta,Jakarta Utara,Pluit,Pluit,216.7,252.0,29670000,5630000,6429489000,1418760000,7848249000,Ya
ATR000987,3671012509670987,Rumah,HGB,12031/Mekarjaya,Jawa Barat,Depok,Sukmajaya,Mekarjaya,345.2,357.9,9000000,3450000,3106800000,1234755000,4341555000,Ya
ATR000988,3171015606860988,Ruko,HGB,68654/Rawa Buntu,Jawa Barat,Tangerang Selatan,Serpong,Rawa Buntu,306.6,180.9,11670000,4460000,3578022000,806814000,4384836000,Ya
ATR000989,3172015204840989,Ruko,SHM,92359/Pluit,DKI Jakarta,Jakarta Utara,Pluit,Pluit,386.9,403.7,28060000,4940000,10856414000,1994278000,12850692000,Ya
ATR000990,3175014410870990,Ruko,HGB,37860/Bintara,Jawa Barat,Bekasi,Bekasi Barat,Bintara,380.3,280.9,9740000,3680000,3704122000,1033712000,4737834000,Ya
ATR000991,3671016901930991,Ruko,HGB,73561/Poris Plawad,Banten,Tangerang,Cipondoh,Poris Plawad,63.6,59.5,8570000,3270000,545052000,194565000,739617000,Ya
ATR000992,3271013003690992,Ruko,HGB,68370/Gunung,DKI Jakarta,Jakarta Selatan,Kebayoran Baru,Gunung,177.0,162.2,44200000,6680000,7823400000,1083496000,8906896000,Ya
ATR000993,3671015408690993,Gudang,SHM,45611/Paledang,Jawa Barat,Bogor,Bogor Tengah,Paledang,232.6,142.0,8010000,3140000,1863126000,445880000,2309006000,Ya
ATR000994,3671011108790994,Rumah,HGB,71350/Gunung,DKI Jakarta,Jakarta Selatan,Kebayoran Baru,Gunung,285.5,278.7,43850000,5860000,12519175000,1633182000,14152357000,Ya
ATR000995,3271015403020995,Tanah,HGB,12394/Gunung,DKI Jakarta,Jakarta Selatan,Kebayoran Baru,Gunung,126.5,0.0,49320000,6270000,6238980000,0,6238980000,Ya
ATR000996,3671013006850996,Rumah,HGB,43560/Duren Tiga,DKI Jakarta,Jakarta Selatan,Pancoran,Duren Tiga,215.7,152.1,32270000,5520000,6960639000,839592000,7800231000,Ya
ATR000997,3276014910000997,Tanah,HGB,70069/Kelapa Gading Barat,DKI Jakarta,Jakarta Utara,Kelapa Gading,Kelapa Gading Barat,262.7,0.0,28720000,5100000,7544744000,0,7544744000,Ya
ATR000998,3671016401670998,Tanah,HGB,92566/Pluit,DKI Jakarta,Jakarta Utara,Pluit,Pluit,177.3,0.0,23390000,4830000,4147047000,0,4147047000,Ya
ATR000999,3674014110770999,Rumah,HGB,82033/Cakung Barat,DKI Jakarta,Jakarta Timur,Cakung,Cakung Barat,134.7,67.4,13490000,4410000,1817103000,297234000,2114337000,Ya
ATR001000,3671011603901000,Rumah,HGB,97700/Cengkareng Barat,DKI Jakarta,Jakarta Barat,Cengkareng,Cengkareng Barat,117.1,69.8,13920000,4480000,1630032000,312704000,1942736000,Ya
ATR001001,3175011404031001,Rumah,HGB,37593/Paledang,Jawa Barat,Bogor,Bogor Tengah,Paledang,206.4,122.9,7030000,3250000,1450992000,399425000,1850417000,Ya
ATR001002,3175015506761002,Ruko,HGB,34083/Sukabumi Selatan,DKI Jakarta,Jakarta Barat,Kebon Jeruk,Sukabumi Selatan,271.3,291.6,19430000,4300000,5271359000,1253880000,6525239000,Tidak
ATR001003,3275011805901003,Ruko,HGB,13458/Tebet Timur,DKI Jakarta,Jakarta Selatan,Tebet,Tebet Timur,139.1,75.5,25390000,4740000,3531749000,357870000,3889619000,Ya
ATR001004,3671011701901004,Ruko,SHM,11292/Poris Plawad,Banten,Tangerang,Cipondoh,Poris Plawad,332.8,257.3,7370000,3580000,2452736000,921134000,3373870000,Ya
ATR001005,3271012211851005,Tanah,HGB,27136/Mekarjaya,Jawa Barat,Depok,Sukmajaya,Mekarjaya,352.9,0.0,9430000,3070000,3327847000,0,3327847000,Ya
ATR001006,3671015812651006,Ruko,SHM,72233/Rawa Buntu,Jawa Barat,Tangerang Selatan,Serpong,Rawa Buntu,216.6,279.6,11940000,4580000,2586204000,1280568000,3866772000,Ya
ATR001007,3276016003911007,Ruko,HGB,17889/Margahayu,Jawa Barat,Bekasi,Bekasi Timur,Margahayu,144.5,134.5,9180000,3990000,1326510000,536655000,1863165000,Ya
ATR001008,3175012302731008,Ruko,HGB,30655/Bojong Jaya,Banten,Tangerang,Karawaci,Bojong Jaya,300.2,233.1,7670000,3500000,2302534000,815850000,3118384000,Ya
ATR001009,3171015801741009,Ruko,SHM,40769/Kemiri Muka,Jawa Barat,Depok,Beji,Kemiri Muka,338.4,260.5,10980000,3230000,3715632000,841415000,4557047000,Ya
ATR001010,3173015605981010,Gudang,SHM,93390/Kemiri Muka,Jawa Barat,Depok,Beji,Kemiri Muka,142.0,97.5,8700000,3440000,1235400000,335400000,1570800000,Ya
ATR001011,3671012204721011,Ruko,HGB,99305/Kramat Jati,DKI Jakarta,Jakarta Timur,Kramat Jati,Kramat Jati,159.1,132.7,17340000,5010000,2758794000,664827000,3423621000,Ya
ATR001012,3671011106861012,Rumah,SHM,94072/Kelapa Gading Barat,DKI Jakarta,Jakarta Utara,Kelapa Gading,Kelapa Gading Barat,227.6,173.9,22050000,5910000,5018580000,1027749000,6046329000,Ya
ATR001013,3275012306841013,Tanah,HGB,16053/Kelapa Gading Barat,DKI Jakarta,Jakarta Utara,Kelapa Gading,Kelapa Gading Barat,161.2,0.0,23490000,4920000,3786588000,0,3786588000,Ya
ATR001014,3172010106651014,Gudang,HGB,23449/Gunung,DKI Jakarta,Jakarta Selatan,Kebayoran Baru,Gunung,326.3,195.1,46820000,5320000,15277366000,1037932000,16315298000,Ya
ATR001015,3276016210831015,Rumah,HGB,74976/Kemiri Muka,Jawa Barat,Depok,Beji,Kemiri Muka,369.2,240.8,10960000,3850000,4046432000,927080000,4973512000,Ya
ATR001016,3271016909021016,Ruko,HGB,28293/Mekarjaya,Jawa Barat,Depok,Sukmajaya,Mekarjaya,384.9,268.5,9420000,3240000,3625758000,869940000,4495698000,Ya
ATR001017,3172013011811017,Rumah,HGB,47739/Cengkareng Barat,DKI Jakarta,Jakarta Barat,Cengkareng,Cengkareng Barat,64.5,58.7,17290000,4750000,1115205000,278825000,1394030000,Ya
ATR001018,3674011201711018,Gudang,SHM,61064/Poris Plawad,Banten,Tangerang,Cipondoh,Poris Plawad,338.7,410.0,6820000,3180000,2309934000,1303800000,3613734000,Ya
ATR001019,3671012408701019,Gudang,HGB,86276/Cakung Barat,DKI Jakarta,Jakarta Timur,Cakung,Cakung Barat,188.2,153.3,12160000,3590000,2288512000,550347000,2838859000,Ya
ATR001020,3171016402751020,Tanah,HGB,32754/Pluit,DKI Jakarta,Jakarta Utara,Pluit,Pluit,117.0,0.0,25460000,5310000,2978820000,0,2978820000,Ya
ATR001021,3671016107981021,Ruko,HGB,14728/Pluit,DKI Jakarta,Jakarta Utara,Pluit,Pluit,311.4,316.5,24210000,5370000,7538994000,1699605000,9238599000,Ya
ATR001022,3275013108901022,Rumah,SHM,55702/Menteng,DKI Jakarta,Jakarta Pusat,Menteng,Menteng,188.3,156.4,47410000,6060000,8927303000,947784000,9875087000,Tidak
ATR001023,3175016805941023,Ruko,SHM,72961/Kemiri Muka,Jawa Barat,Depok,Beji,Kemiri Muka,384.2,300.4,8630000,3430000,3315646000,1030372000,4346018000,Ya
ATR001024,3275016901001024,Tanah,SHM,72685/Rawa Buntu,Jawa Barat,Tangerang Selatan,Serpong,Rawa Buntu,382.2,0.0,10710000,4320000,4093362000,0,4093362000,Ya
ATR001025,3276010508801025,Tanah,SHM,35778/Gunung,DKI Jakarta,Jakarta Selatan,Kebayoran Baru,Gunung,393.6,0.0,43400000,6500000,17082240000,0,17082240000,Ya
ATR001026,3174013011731026,Ruko,HGB,85958/Cakung Barat,DKI Jakarta,Jakarta Timur,Cakung,Cakung Barat,273.4,178.7,10730000,4530000,2933582000,809511000,3743093000,Ya
ATR001027,3171012506931027,Tanah,HGB,49275/Tebet Timur,DKI Jakarta,Jakarta Selatan,Tebet,Tebet Timur,361.7,0.0,29050000,6010000,10507385000,0,10507385000,Ya
ATR001028,3671015805861028,Tanah,HGB,85263/Sukabumi Selatan,DKI Jakarta,Jakarta Barat,Kebon Jeruk,Sukabumi Selatan,173.8,0.0,20770000,5200000,3609826000,0,3609826000,Ya
ATR001029,3671012908671029,Ruko,HGB,91725/Kramat Jati,DKI Jakarta,Jakarta Timur,Kramat Jati,Kramat Jati,110.5,108.0,19700000,4340000,2176850000,468720000,2645570000,Ya
ATR001030,3175014103681030,Tanah,SHM,21834/Kelapa Gading Barat,DKI Jakarta,Jakarta Utara,Kelapa Gading,Kelapa Gading Barat,126.9,0.0,23030000,4890000,2922507000,0,2922507000,Ya
ATR001031,3174014905881031,Ruko,HGB,90058/Margahayu,Jawa Barat,Bekasi,Bekasi Timur,Margahayu,264.3,279.3,7670000,3950000,2027181000,1103235000,3130416000,Ya
ATR001032,3671016311711032,Tanah,SHM,85020/Menteng,DKI Jakarta,Jakarta Pusat,Menteng,Menteng,219.5,0.0,59970000,5880000,13163415000,0,13163415000,Ya
ATR001033,3671014901991033,Rumah,HGB,15167/Kelapa Gading Barat,DKI Jakarta,Jakarta Utara,Kelapa Gading,Kelapa Gading Barat,360.5,279.2,26380000,4460000,9509990000,1245232000,10755222000,Ya
ATR001034,3671015607991034,Tanah,SHM,81093/Sukabumi Selatan,DKI Jakarta,Jakarta Barat,Kebon Jeruk,Sukabumi Selatan,167.5,0.0,19070000,5160000,3194225000,0,3194225000,Ya
ATR001035,3173016211751035,Ruko,SHM,44493/Cikini,DKI Jakarta,Jakarta Pusat,Cikini,Cikini,191.5,108.1,35770000,5640000,6849955000,609684000,7459639000,Ya
ATR001036,3172014808021036,Gudang,HGB,22568/Kemiri Muka,Jawa Barat,Depok,Beji,Kemiri Muka,369.7,186.6,9950000,3370000,3678515000,628842000,4307357000,Ya
ATR001037,3175015001941037,Ruko,SHM,34715/Duren Tiga,DKI Jakarta,Jakarta Selatan,Pancoran,Duren Tiga,374.9,235.9,34190000,5010000,12817831000,1181859000,13999690000,Ya
ATR001038,3174011404931038,Ruko,SHM,58161/Sukabumi Selatan,DKI Jakarta,Jakarta Barat,Kebon Jeruk,Sukabumi Selatan,245.9,296.9,22360000,5050000,5498324000,1499345000,6997669000,Ya
ATR001039,3275016307791039,Gudang,HGB,94712/Margahayu,Jawa Barat,Bekasi,Bekasi Timur,Margahayu,116.5,143.7,7590000,3460000,884235000,497202000,1381437000,Ya
ATR001040,3175011210801040,Rumah,SHM,85229/Poris Plawad,Banten,Tangerang,Cipondoh,Poris Plawad,175.2,221.0,8039999,3500000,1408608000,773500000,2182108000,Ya
ATR001041,3175012605031041,Ruko,SHM,73133/Kelapa Gading Barat,DKI Jakarta,Jakarta Utara,Kelapa Gading,Kelapa Gading Barat,76.9,54.3,24740000,4770000,1902506000,259011000,2161517000,Ya
ATR001042,3271011212981042,Ruko,HGB,30842/Bintara,Jawa Barat,Bekasi,Bekasi Barat,Bintara,372.5,312.5,8570000,4330000,3192325000,1353125000,4545450000,Ya
ATR001043,3271015910821043,Rumah,HGB,41763/Rawa Buntu,Jawa Barat,Tangerang Selatan,Serpong,Rawa Buntu,226.3,176.8,13470000,4080000,3048261000,721344000,3769605000,Ya
ATR001044,3175010803661044,Ruko,SHM,50172/Paledang,Jawa Barat,Bogor,Bogor Tengah,Paledang,336.0,259.9,6860000,3760000,2304960000,977224000,3282184000,Ya
ATR001045,3172010509861045,Ruko,HGB,17039/Bojong Jaya,Banten,Tangerang,Karawaci,Bojong Jaya,329.9,413.3,9330000,3860000,3077967000,1595338000,4673305000,Ya
ATR001046,3671015501011046,Tanah,SHM,68792/Sukabumi Selatan,DKI Jakarta,Jakarta Barat,Kebon Jeruk,Sukabumi Selatan,347.3,0.0,21310000,4330000,7400963000,0,7400963000,Ya
ATR001047,3172012112901047,Ruko,SHM,69499/Paledang,Jawa Barat,Bogor,Bogor Tengah,Paledang,289.1,248.7,7520000,3250000,2174032000,808275000,2982307000,Ya
ATR001048,3671015511851048,Tanah,SHM,62563/Poris Plawad,Banten,Tangerang,Cipondoh,Poris Plawad,123.4,0.0,8060000,3450000,994604000,0,994604000,Ya
ATR001049,3671012801901049,Rumah,HGB,56202/Kramat Jati,DKI Jakarta,Jakarta Timur,Kramat Jati,Kramat Jati,159.2,174.9,17910000,4120000,2851272000,720588000,3571860000,Tidak
ATR001050,3671014401971050,Tanah,HGB,90922/Cakung Barat,DKI Jakarta,Jakarta Timur,Cakung,Cakung Barat,303.1,0.0,13650000,3910000,4137315000,0,4137315000,Ya
ATR001051,3671016206711051,Rumah,HGB,98548/Cikini,DKI Jakarta,Jakarta Pusat,Cikini,Cikini,365.3,336.1,42490000,5550000,15521597000,1865355000,17386952000,Ya
ATR001052,3671016902761052,Tanah,HGB,28819/Rawa Buntu,Jawa Barat,Tangerang Selatan,Serpong,Rawa Buntu,102.0,0.0,10940000,3400000,1115880000,0,1115880000,Ya
ATR001053,3671014802011053,Gudang,HGB,73886/Margahayu,Jawa Barat,Bekasi,Bekasi Timur,Margahayu,392.3,272.2,8390000,3970000,3291397000,1080634000,4372031000,Ya
ATR001054,3674012601691054,Ruko,HGB,87924/Poris Plawad,Banten,Tangerang,Cipondoh,Poris Plawad,112.1,121.3,7730000,3640000,866533000,441532000,1308065000,Ya
ATR001055,3172016507761055,Ruko,HGB,67991/Duren Tiga,DKI Jakarta,Jakarta Selatan,Pancoran,Duren Tiga,391.6,375.5,28570000,5740000,11188012000,2155370000,13343382000,Ya
ATR001056,3271013003661056,Rumah,HGB,43700/Kramat Jati,DKI Jakarta,Jakarta Timur,Kramat Jati,Kramat Jati,365.1,217.4,17070000,4930000,6232257000,1071782000,7304039000,Ya
ATR001057,3172015410811057,Ruko,HGB,90815/Paledang,Jawa Barat,Bogor,Bogor Tengah,Paledang,193.8,170.3,7740000,3240000,1500012000,551772000,2051784000,Ya
ATR001058,3275012808801058,Tanah,SHM,68079/Duren Tiga,DKI Jakarta,Jakarta Selatan,Pancoran,Duren Tiga,90.0,0.0,32490000,6070000,2924100000,0,2924100000,Ya
ATR001059,3671014403001059,Ruko,SHM,88224/Margahayu,Jawa Barat,Bekasi,Bekasi Timur,Margahayu,206.3,130.5,8500000,3640000,1753550000,475020000,2228570000,Ya
ATR001060,3175015908671060,Ruko,HGB,51090/Margahayu,Jawa Barat,Bekasi,Bekasi Timur,Margahayu,126.8,84.9,6900000,3410000,874920000,289509000,1164429000,Ya
ATR001061,3173010204991061,Ruko,HGB,23150/Kramat Jati,DKI Jakarta,Jakarta Timur,Kramat Jati,Kramat Jati,351.7,363.5,17650000,5110000,6207505000,1857485000,8064990000,Ya
ATR001062,3671014705921062,Rumah,SHM,97257/Pluit,DKI Jakarta,Jakarta Utara,Pluit,Pluit,376.3,347.0,25050000,4590000,9426315000,1592730000,11019045000,Ya
ATR001063,3671011912881063,Tanah,SHM,47442/Rawa Buntu,Jawa Barat,Tangerang Selatan,Serpong,Rawa Buntu,101.2,0.0,11290000,4040000,1142548000,0,1142548000,Ya
ATR001064,3671011608741064,Rumah,SHM,70318/Tebet Timur,DKI Jakarta,Jakarta Selatan,Tebet,Tebet Timur,264.2,167.2,26990000,5690000,7130758000,951368000,8082126000,Tidak
ATR001065,3671011201671065,Ruko,SHM,88006/Menteng,DKI Jakarta,Jakarta Pusat,Menteng,Menteng,307.4,380.6,59330000,6680000,18238042000,2542408000,20780450000,Ya
ATR001066,3674014401671066,Tanah,SHM,69820/Cengkareng Barat,DKI Jakarta,Jakarta Barat,Cengkareng,Cengkareng Barat,286.7,0.0,16590000,4330000,4756353000,0,4756353000,Ya
ATR001067,3671011105831067,Gudang,SHM,65356/Gunung,DKI Jakarta,Jakarta Selatan,Kebayoran Baru,Gunung,239.7,184.0,45260000,5460000,10848822000,1004640000,11853462000,Ya
ATR001068,3276016709941068,Rumah,SHM,48155/Bintara,Jawa Barat,Bekasi,Bekasi Barat,Bintara,123.2,70.0,8830000,3980000,1087856000,278600000,1366456000,Ya
ATR001069,3671011110771069,Tanah,HGB,51661/Margahayu,Jawa Barat,Bekasi,Bekasi Timur,Margahayu,154.1,0.0,8140000,3430000,1254374000,0,1254374000,Ya
ATR001070,3671015401861070,Tanah,SHM,58500/Tebet Timur,DKI Jakarta,Jakarta Selatan,Tebet,Tebet Timur,373.7,0.0,28020000,5220000,10471074000,0,10471074000,Ya
ATR001071,3674011402981071,Gudang,SHM,13978/Cakung Barat,DKI Jakarta,Jakarta Timur,Cakung,Cakung Barat,72.5,63.8,11410000,4500000,827225000,287100000,1114325000,Ya
ATR001072,3175012207031072,Ruko,HGB,58415/Menteng,DKI Jakarta,Jakarta Pusat,Menteng,Menteng,248.0,270.9,54750000,5690000,13578000000,1541421000,15119421000,Tidak
ATR001073,3171015902931073,Rumah,SHM,22009/Margahayu,Jawa Barat,Bekasi,Bekasi Timur,Margahayu,236.1,234.1,7370000,3580000,1740057000,838078000,2578135000,Ya
ATR001074,3275013012691074,Rumah,SHM,18598/Sukabumi Selatan,DKI Jakarta,Jakarta Barat,Kebon Jeruk,Sukabumi Selatan,85.5,50.0,24230000,4610000,2071665000,230500000,2302165000,Ya
ATR001075,3671010704651075,Rumah,SHM,22094/Mekarjaya,Jawa Barat,Depok,Sukmajaya,Mekarjaya,231.7,258.3,7380000,3680000,1709946000,950544000,2660490000,Ya
ATR001076,3674010209771076,Rumah,SHM,75492/Mekarjaya,Jawa Barat,Depok,Sukmajaya,Mekarjaya,72.4,39.3,9350000,3190000,676940000,125367000,802307000,Ya
ATR001077,3271015601751077,Tanah,SHM,68366/Sukabumi Selatan,DKI Jakarta,Jakarta Barat,Kebon Jeruk,Sukabumi Selatan,208.9,0.0,24270000,4640000,5070003000,0,5070003000,Ya
ATR001078,3174015908851078,Rumah,SHM,88061/Cakung Barat,DKI Jakarta,Jakarta Timur,Cakung,Cakung Barat,73.6,63.2,12280000,4090000,903808000,258488000,1162296000,Ya
ATR001079,3674016911841079,Ruko,SHM,20934/Paledang,Jawa Barat,Bogor,Bogor Tengah,Paledang,167.3,97.9,6720000,2990000,1124256000,292721000,1416977000,Ya
ATR001080,3172012409731080,Tanah,HGB,84144/Tebet Timur,DKI Jakarta,Jakarta Selatan,Tebet,Tebet Timur,388.5,0.0,31950000,6100000,12412575000,0,12412575000,Ya
ATR001081,3671016206781081,Rumah,SHM,82299/Kramat Jati,DKI Jakarta,Jakarta Timur,Kramat Jati,Kramat Jati,298.3,217.2,18710000,4440000,5581193000,964368000,6545561000,Ya
ATR001082,3671012504821082,Gudang,SHM,98770/Kramat Jati,DKI Jakarta,Jakarta Timur,Kramat Jati,Kramat Jati,317.6,230.4,17020000,5070000,5405552000,1168128000,6573680000,Ya
ATR001083,3173014903791083,Tanah,SHM,64516/Cengkareng Barat,DKI Jakarta,Jakarta Barat,Cengkareng,Cengkareng Barat,225.1,0.0,17980000,4340000,4047298000,0,4047298000,Ya
ATR001084,3171012207741084,Tanah,HGB,53861/Duren Tiga,DKI Jakarta,Jakarta Selatan,Pancoran,Duren Tiga,144.9,0.0,28590000,6080000,4142691000,0,4142691000,Ya
ATR001085,3671016710711085,Ruko,HGB,62803/Cengkareng Barat,DKI Jakarta,Jakarta Barat,Cengkareng,Cengkareng Barat,235.0,136.2,13680000,4780000,3214800000,651036000,3865836000,Ya
ATR001086,3171015612841086,Tanah,HGB,21142/Gunung,DKI Jakarta,Jakarta Selatan,Kebayoran Baru,Gunung,265.1,0.0,39330000,6330000,10426383000,0,10426383000,Ya
ATR001087,3674012803911087,Tanah,SHM,46273/Cengkareng Barat,DKI Jakarta,Jakarta Barat,Cengkareng,Cengkareng Barat,255.7,0.0,14210000,4300000,3633497000,0,3633497000,Ya
ATR001088,3671012205951088,Tanah,SHM,14265/Paledang,Jawa Barat,Bogor,Bogor Tengah,Paledang,198.2,0.0,7800000,3550000,1545960000,0,1545960000,Ya
ATR001089,3172016506911089,Rumah,SHM,51396/Kelapa Gading Barat,DKI Jakarta,Jakarta Utara,Kelapa Gading,Kelapa Gading Barat,272.0,164.6,23570000,4730000,6411040000,778558000,7189598000,Ya
ATR001090,3171014406961090,Gudang,SHM,84996/Sukabumi Selatan,DKI Jakarta,Jakarta Barat,Kebon Jeruk,Sukabumi Selatan,318.5,331.6,20690000,4530000,6589765000,1502148000,8091913000,Ya
ATR001091,3171013112921091,Ruko,HGB,17617/Pluit,DKI Jakarta,Jakarta Utara,Pluit,Pluit,221.2,150.6,27940000,4570000,6180328000,688242000,6868570000,Ya
ATR001092,3671014504961092,Rumah,SHM,45917/Cikini,DKI Jakarta,Jakarta Pusat,Cikini,Cikini,219.3,135.6,45820000,5480000,10048326000,743088000,10791414000,Ya
ATR001093,3671014512861093,Gudang,HGB,64675/Paledang,Jawa Barat,Bogor,Bogor Tengah,Paledang,129.2,144.1,6840000,3470000,883728000,500027000,1383755000,Ya
ATR001094,3171010405681094,Ruko,HGB,75853/Gunung,DKI Jakarta,Jakarta Selatan,Kebayoran Baru,Gunung,71.7,61.4,49270000,6690000,3532659000,410766000,3943425000,Ya
ATR001095,3671010401721095,Rumah,HGB,71891/Pluit,DKI Jakarta,Jakarta Utara,Pluit,Pluit,243.0,299.0,26090000,5820000,6339870000,1740180000,8080050000,Ya
ATR001096,3171011102691096,Tanah,HGB,32169/Bintara,Jawa Barat,Bekasi,Bekasi Barat,Bintara,378.0,0.0,9680000,4300000,3659040000,0,3659040000,Ya
ATR001097,3671015005861097,Rumah,HGB,17457/Kramat Jati,DKI Jakarta,Jakarta Timur,Kramat Jati,Kramat Jati,183.6,229.6,16790000,4270000,3082644000,980392000,4063036000,Ya
ATR001098,3174016111721098,Ruko,HGB,96890/Margahayu,Jawa Barat,Bekasi,Bekasi Timur,Margahayu,320.2,398.2,7290000,3920000,2334258000,1560944000,3895202000,Ya
ATR001099,3171011509821099,Rumah,SHM,74490/Rawa Buntu,Jawa Barat,Tangerang Selatan,Serpong,Rawa Buntu,81.7,66.2,11220000,3770000,916674000,249574000,1166248000,Tidak
ATR001100,3671011708771100,Ruko,SHM,77924/Pluit,DKI Jakarta,Jakarta Utara,Pluit,Pluit,278.5,299.1,30860000,5100000,8594510000,1525410000,10119920000,Ya
ATR001101,3671011607651101,Rumah,HGB,24335/Kramat Jati,DKI Jakarta,Jakarta Timur,Kramat Jati,Kramat Jati,207.7,248.3,16280000,5100000,3381356000,1266330000,4647686000,Ya
ATR001102,3271014206871102,Rumah,SHM,60158/Menteng,DKI Jakarta,Jakarta Pusat,Menteng,Menteng,170.9,188.8,53250000,6710000,9100425000,1266848000,10367273000,Ya
ATR001103,3674011609851103,Rumah,SHM,19914/Gunung,DKI Jakarta,Jakarta Selatan,Kebayoran Baru,Gunung,312.4,213.3,39040000,5640000,12196096000,1203012000,13399108000,Ya
ATR001104,3674015105931104,Rumah,HGB,56415/Poris Plawad,Banten,Tangerang,Cipondoh,Poris Plawad,117.1,91.8,7270000,2950000,851317000,270810000,1122127000,Ya
ATR001105,3674012209711105,Tanah,SHM,62624/Paledang,Jawa Barat,Bogor,Bogor Tengah,Paledang,360.7,0.0,6270000,3500000,2261589000,0,2261589000,Ya
ATR001106,3671010106841106,Ruko,HGB,52742/Paledang,Jawa Barat,Bogor,Bogor Tengah,Paledang,202.6,214.9,6810000,3400000,1379706000,730660000,2110366000,Ya
ATR001107,3171014904881107,Rumah,HGB,21981/Gunung,DKI Jakarta,Jakarta Selatan,Kebayoran Baru,Gunung,295.2,303.8,38770000,5760000,11444904000,1749888000,13194792000,Tidak
ATR001108,3275015611911108,Gudang,HGB,28009/Kelapa Gading Barat,DKI Jakarta,Jakarta Utara,Kelapa Gading,Kelapa Gading Barat,203.1,183.1,28070000,5540000,5701017000,1014374000,6715391000,Ya
ATR001109,3674011601761109,Ruko,HGB,74708/Cengkareng Barat,DKI Jakarta,Jakarta Barat,Cengkareng,Cengkareng Barat,331.3,394.7,15790000,4170000,5231227000,1645899000,6877126000,Ya
ATR001110,3276010610961110,Rumah,SHM,55422/Tebet Timur,DKI Jakarta,Jakarta Selatan,Tebet,Tebet Timur,388.7,411.1,24500000,6100000,9523150000,2507710000,12030860000,Ya
ATR001111,3671016508681111,Tanah,SHM,39796/Gunung,DKI Jakarta,Jakarta Selatan,Kebayoran Baru,Gunung,83.4,0.0,45670000,5850000,3808878000,0,3808878000,Ya
ATR001112,3173016401761112,Ruko,HGB,33170/Mekarjaya,Jawa Barat,Depok,Sukmajaya,Mekarjaya,129.4,150.3,8650000,3120000,1119310000,468936000,1588246000,Tidak
ATR001113,3671016012011113,Rumah,HGB,15636/Kemiri Muka,Jawa Barat,Depok,Beji,Kemiri Muka,234.3,171.7,9910000,4210000,2321913000,722857000,3044770000,Ya
ATR001114,3275011805781114,Tanah,SHM,63868/Kelapa Gading Barat,DKI Jakarta,Jakarta Utara,Kelapa Gading,Kelapa Gading Barat,125.5,0.0,22220000,4880000,2788610000,0,2788610000,Ya
ATR001115,3173012801931115,Ruko,SHM,48641/Poris Plawad,Banten,Tangerang,Cipondoh,Poris Plawad,220.4,150.3,6750000,3230000,1487700000,485469000,1973169000,Ya
ATR001116,3671015010771116,Ruko,SHM,68364/Cikini,DKI Jakarta,Jakarta Pusat,Cikini,Cikini,176.6,227.9,39820000,5420000,7032212000,1235218000,8267430000,Ya
ATR001117,3671014509891117,Ruko,SHM,67558/Margahayu,Jawa Barat,Bekasi,Bekasi Timur,Margahayu,216.5,231.2,9160000,3110000,1983140000,719032000,2702172000,Ya
ATR001118,3671015512871118,Tanah,SHM,44691/Tebet Timur,DKI Jakarta,Jakarta Selatan,Tebet,Tebet Timur,305.0,0.0,26170000,4980000,7981850000,0,7981850000,Ya
ATR001119,3175010701811119,Rumah,HGB,30206/Sukabumi Selatan,DKI Jakarta,Jakarta Barat,Kebon Jeruk,Sukabumi Selatan,67.4,75.5,19590000,4950000,1320366000,373725000,1694091000,Ya
ATR001120,3671014308891120,Ruko,HGB,61306/Sukabumi Selatan,DKI Jakarta,Jakarta Barat,Kebon Jeruk,Sukabumi Selatan,205.6,107.3,23870000,4270000,4907672000,458171000,5365843000,Ya
ATR001121,3671012206861121,Ruko,SHM,51010/Kemiri Muka,Jawa Barat,Depok,Beji,Kemiri Muka,363.7,307.8,10110000,3770000,3677007000,1160406000,4837413000,Ya
ATR001122,3671015211651122,Tanah,HGB,20949/Cengkareng Barat,DKI Jakarta,Jakarta Barat,Cengkareng,Cengkareng Barat,361.7,0.0,17890000,3990000,6470813000,0,6470813000,Ya
ATR001123,3275010309801123,Tanah,HGB,66678/Pluit,DKI Jakarta,Jakarta Utara,Pluit,Pluit,375.1,0.0,30740000,5310000,11530574000,0,11530574000,Ya
ATR001124,3674014403721124,Tanah,HGB,55595/Tebet Timur,DKI Jakarta,Jakarta Selatan,Tebet,Tebet Timur,154.8,0.0,31850000,4910000,4930380000,0,4930380000,Ya
ATR001125,3674014703741125,Ruko,SHM,10713/Menteng,DKI Jakarta,Jakarta Pusat,Menteng,Menteng,156.1,112.9,53430000,7470000,8340423000,843363000,9183786000,Ya
ATR001126,3271012110851126,Gudang,HGB,33464/Mekarjaya,Jawa Barat,Depok,Sukmajaya,Mekarjaya,256.7,145.3,7620000,3530000,1956054000,512909000,2468963000,Ya
ATR001127,3276013105871127,Rumah,HGB,57525/Rawa Buntu,Jawa Barat,Tangerang Selatan,Serpong,Rawa Buntu,148.0,111.5,10510000,3760000,1555480000,419240000,1974720000,Tidak
ATR001128,3174010204031128,Rumah,HGB,73333/Mekarjaya,Jawa Barat,Depok,Sukmajaya,Mekarjaya,381.2,292.7,8680000,4040000,3308816000,1182508000,4491324000,Ya
ATR001129,3276012012931129,Ruko,HGB,66081/Paledang,Jawa Barat,Bogor,Bogor Tengah,Paledang,335.6,422.4,6140000,3050000,2060584000,1288320000,3348904000,Tidak
ATR001130,3276011410761130,Tanah,SHM,89182/Paledang,Jawa Barat,Bogor,Bogor Tengah,Paledang,242.8,0.0,5980000,3150000,1451944000,0,1451944000,Ya
ATR001131,3271011102771131,Ruko,SHM,82513/Kramat Jati,DKI Jakarta,Jakarta Timur,Kramat Jati,Kramat Jati,295.6,321.2,20680000,4210000,6113008000,1352252000,7465260000,Ya
ATR001132,3674014304021132,Rumah,SHM,43940/Sukabumi Selatan,DKI Jakarta,Jakarta Barat,Kebon Jeruk,Sukabumi Selatan,241.3,199.0,19820000,5720000,4782566000,1138280000,5920846000,Ya
ATR001133,3175014402661133,Tanah,SHM,24515/Cakung Barat,DKI Jakarta,Jakarta Timur,Cakung,Cakung Barat,229.4,0.0,12370000,3670000,2837678000,0,2837678000,Ya
ATR001134,3671014811771134,Tanah,SHM,57650/Bintara,Jawa Barat,Bekasi,Bekasi Barat,Bintara,296.3,0.0,9040000,4360000,2678552000,0,2678552000,Ya
ATR001135,3671010504831135,Rumah,SHM,65420/Paledang,Jawa Barat,Bogor,Bogor Tengah,Paledang,186.1,208.0,6310000,3280000,1174291000,682240000,1856531000,Ya
ATR001136,3172015105761136,Gudang,HGB,17128/Mekarjaya,Jawa Barat,Depok,Sukmajaya,Mekarjaya,206.8,232.7,8460000,3920000,1749528000,912184000,2661712000,Ya
ATR001137,3671011111911137,Ruko,SHM,32357/Rawa Buntu,Jawa Barat,Tangerang Selatan,Serpong,Rawa Buntu,176.3,202.4,11060000,3670000,1949878000,742808000,2692686000,Ya
ATR001138,3671016204881138,Rumah,HGB,47561/Gunung,DKI Jakarta,Jakarta Selatan,Kebayoran Baru,Gunung,148.7,75.4,47000000,6020000,6988900000,453908000,7442808000,Ya
ATR001139,3671014808891139,Ruko,HGB,87450/Mekarjaya,Jawa Barat,Depok,Sukmajaya,Mekarjaya,388.8,372.1,9430000,3210000,3666384000,1194441000,4860825000,Ya
ATR001140,3276010506021140,Gudang,SHM,21875/Bojong Jaya,Banten,Tangerang,Karawaci,Bojong Jaya,355.1,343.2,9590000,3460000,3405409000,1187472000,4592881000,Ya
ATR001141,3276012404891141,Ruko,SHM,54858/Kramat Jati,DKI Jakarta,Jakarta Timur,Kramat Jati,Kramat Jati,215.7,175.9,19980000,4150000,4309686000,729985000,5039671000,Tidak
ATR001142,3275010512831142,Ruko,SHM,79745/Margahayu,Jawa Barat,Bekasi,Bekasi Timur,Margahayu,385.8,269.3,7640000,4030000,2947512000,1085279000,4032791000,Tidak
ATR001143,3671013006931143,Rumah,SHM,83315/Cakung Barat,DKI Jakarta,Jakarta Timur,Cakung,Cakung Barat,210.8,159.5,12090000,4230000,2548572000,674685000,3223257000,Ya
ATR001144,3671015812831144,Tanah,HGB,74341/Bojong Jaya,Banten,Tangerang,Karawaci,Bojong Jaya,310.4,0.0,7790000,3110000,2418016000,0,2418016000,Ya
ATR001145,3171016806971145,Ruko,HGB,95056/Gunung,DKI Jakarta,Jakarta Selatan,Kebayoran Baru,Gunung,180.2,135.6,44880000,5680000,8087376000,770208000,8857584000,Ya
ATR001146,3671015909741146,Ruko,HGB,41582/Kramat Jati,DKI Jakarta,Jakarta Timur,Kramat Jati,Kramat Jati,165.2,211.4,17520000,4430000,2894304000,936502000,3830806000,Ya
ATR001147,3671011112001147,Tanah,HGB,54177/Mekarjaya,Jawa Barat,Depok,Sukmajaya,Mekarjaya,394.3,0.0,7840000,3800000,3091312000,0,3091312000,Ya
ATR001148,3671012202841148,Ruko,SHM,51686/Bintara,Jawa Barat,Bekasi,Bekasi Barat,Bintara,266.5,152.1,9480000,3300000,2526420000,501930000,3028350000,Ya
ATR001149,3671016708991149,Rumah,HGB,20077/Menteng,DKI Jakarta,Jakarta Pusat,Menteng,Menteng,311.5,208.3,60640000,5580000,18889360000,1162314000,20051674000,Ya
ATR001150,3671012207691150,Ruko,SHM,85044/Kemiri Muka,Jawa Barat,Depok,Beji,Kemiri Muka,216.5,145.9,8900000,4320000,1926850000,630288000,2557138000,Ya
ATR001151,3671016406931151,Ruko,HGB,81000/Margahayu,Jawa Barat,Bekasi,Bekasi Timur,Margahayu,127.7,99.4,8289999,3650000,1058633000,362810000,1421443000,Ya
ATR001152,3271011704861152,Gudang,SHM,60562/Margahayu,Jawa Barat,Bekasi,Bekasi Timur,Margahayu,158.5,109.5,7310000,3500000,1158635000,383250000,1541885000,Ya
ATR001153,3671010101901153,Tanah,HGB,41912/Gunung,DKI Jakarta,Jakarta Selatan,Kebayoran Baru,Gunung,133.9,0.0,43200000,5800000,5784480000,0,5784480000,Tidak
ATR001154,3276012906981154,Rumah,SHM,28912/Margahayu,Jawa Barat,Bekasi,Bekasi Timur,Margahayu,384.6,438.5,7380000,3130000,2838348000,1372505000,4210853000,Ya
ATR001155,3276010908031155,Ruko,SHM,52759/Gunung,DKI Jakarta,Jakarta Selatan,Kebayoran Baru,Gunung,150.7,136.3,48750000,6640000,7346625000,905032000,8251657000,Ya
ATR001156,3671012207711156,Rumah,SHM,60752/Cengkareng Barat,DKI Jakarta,Jakarta Barat,Cengkareng,Cengkareng Barat,182.3,191.4,15100000,3650000,2752730000,698610000,3451340000,Ya
ATR001157,3276016102021157,Tanah,HGB,83288/Cengkareng Barat,DKI Jakarta,Jakarta Barat,Cengkareng,Cengkareng Barat,63.3,0.0,15560000,3990000,984948000,0,984948000,Ya
ATR001158,3671014108981158,Ruko,HGB,22700/Mekarjaya,Jawa Barat,Depok,Sukmajaya,Mekarjaya,320.5,238.2,9290000,3380000,2977445000,805116000,3782561000,Ya
ATR001159,3275016109831159,Gudang,HGB,25369/Bojong Jaya,Banten,Tangerang,Karawaci,Bojong Jaya,307.2,323.9,10320000,3300000,3170304000,1068870000,4239174000,Ya
ATR001160,3271014807021160,Gudang,SHM,67280/Gunung,DKI Jakarta,Jakarta Selatan,Kebayoran Baru,Gunung,267.3,329.3,40360000,6450000,10788228000,2123985000,12912213000,Ya
ATR001161,3671015205801161,Rumah,HGB,77538/Margahayu,Jawa Barat,Bekasi,Bekasi Timur,Margahayu,153.4,134.9,7600000,3690000,1165840000,497781000,1663621000,Ya
ATR001162,3175012203881162,Gudang,SHM,83867/Kelapa Gading Barat,DKI Jakarta,Jakarta Utara,Kelapa Gading,Kelapa Gading Barat,253.6,255.0,25140000,4500000,6375504000,1147500000,7523004000,Ya
ATR001163,3271010403741163,Gudang,SHM,46261/Sukabumi Selatan,DKI Jakarta,Jakarta Barat,Kebon Jeruk,Sukabumi Selatan,227.3,170.1,19900000,5010000,4523270000,852201000,5375471000,Ya
ATR001164,3271014801761164,Tanah,HGB,95210/Kemiri Muka,Jawa Barat,Depok,Beji,Kemiri Muka,147.8,0.0,9890000,3380000,1461742000,0,1461742000,Ya
ATR001165,3671016302651165,Tanah,HGB,15000/Kemiri Muka,Jawa Barat,Depok,Beji,Kemiri Muka,355.0,0.0,10620000,3350000,3770100000,0,3770100000,Ya
ATR001166,3674011409911166,Rumah,SHM,71644/Margahayu,Jawa Barat,Bekasi,Bekasi Timur,Margahayu,334.7,372.9,7070000,3760000,2366329000,1402104000,3768433000,Ya
ATR001167,3174015106771167,Ruko,SHM,47306/Bintara,Jawa Barat,Bekasi,Bekasi Barat,Bintara,256.3,260.7,8890000,3830000,2278507000,998481000,3276988000,Ya
ATR001168,3671011106651168,Rumah,SHM,93290/Kelapa Gading Barat,DKI Jakarta,Jakarta Utara,Kelapa Gading,Kelapa Gading Barat,277.2,156.7,24510000,4880000,6794172000,764696000,7558868000,Ya
ATR001169,3174014211891169,Ruko,SHM,17560/Pluit,DKI Jakarta,Jakarta Utara,Pluit,Pluit,105.4,111.0,29390000,4760000,3097706000,528360000,3626066000,Ya
ATR001170,3671012504011170,Rumah,SHM,74038/Cengkareng Barat,DKI Jakarta,Jakarta Barat,Cengkareng,Cengkareng Barat,109.5,131.6,16140000,4160000,1767330000,547456000,2314786000,Ya
ATR001171,3275012102651171,Ruko,SHM,69696/Rawa Buntu,Jawa Barat,Tangerang Selatan,Serpong,Rawa Buntu,280.8,335.4,13180000,4150000,3700944000,1391910000,5092854000,Ya
ATR001172,3674010711841172,Rumah,SHM,34651/Kemiri Muka,Jawa Barat,Depok,Beji,Kemiri Muka,98.2,53.0,9270000,3380000,910314000,179140000,1089454000,Ya
ATR001173,3271014612651173,Ruko,SHM,52027/Tebet Timur,DKI Jakarta,Jakarta Selatan,Tebet,Tebet Timur,190.9,239.5,28930000,6050000,5522737000,1448975000,6971712000,Ya
ATR001174,3171014502791174,Ruko,SHM,91681/Gunung,DKI Jakarta,Jakarta Selatan,Kebayoran Baru,Gunung,98.3,107.0,41960000,6250000,4124668000,668750000,4793418000,Ya
ATR001175,3174011504851175,Gudang,HGB,74348/Bojong Jaya,Banten,Tangerang,Karawaci,Bojong Jaya,399.2,283.8,8400000,4070000,3353280000,1155066000,4508346000,Ya
ATR001176,3173014806761176,Rumah,SHM,81056/Pluit,DKI Jakarta,Jakarta Utara,Pluit,Pluit,296.9,320.7,29720000,6050000,8823868000,1940235000,10764103000,Tidak
ATR001177,3271012602671177,Ruko,HGB,33586/Rawa Buntu,Jawa Barat,Tangerang Selatan,Serpong,Rawa Buntu,82.2,95.1,12530000,4179999,1029966000,397518000,1427484000,Ya
ATR001178,3173017006771178,Rumah,HGB,30960/Paledang,Jawa Barat,Bogor,Bogor Tengah,Paledang,281.1,361.5,7860000,3340000,2209446000,1207410000,3416856000,Ya
ATR001179,3674011407721179,Tanah,HGB,10349/Rawa Buntu,Jawa Barat,Tangerang Selatan,Serpong,Rawa Buntu,183.2,0.0,13180000,4240000,2414576000,0,2414576000,Ya
ATR001180,3671011106971180,Tanah,HGB,39320/Mekarjaya,Jawa Barat,Depok,Sukmajaya,Mekarjaya,78.7,0.0,8310000,3570000,653997000,0,653997000,Ya
ATR001181,3173012101711181,Tanah,SHM,80286/Kramat Jati,DKI Jakarta,Jakarta Timur,Kramat Jati,Kramat Jati,278.0,0.0,16980000,4530000,4720440000,0,4720440000,Ya
ATR001182,3174014101971182,Tanah,HGB,17351/Bintara,Jawa Barat,Bekasi,Bekasi Barat,Bintara,390.7,0.0,8620000,3770000,3367834000,0,3367834000,Ya
ATR001183,3674016107881183,Tanah,SHM,43147/Menteng,DKI Jakarta,Jakarta Pusat,Menteng,Menteng,292.1,0.0,57680000,6920000,16848328000,0,16848328000,Ya
ATR001184,3174011304741184,Tanah,HGB,82464/Mekarjaya,Jawa Barat,Depok,Sukmajaya,Mekarjaya,167.3,0.0,7540000,3770000,1261442000,0,1261442000,Ya
ATR001185,3276016908981185,Rumah,HGB,11764/Rawa Buntu,Jawa Barat,Tangerang Selatan,Serpong,Rawa Buntu,263.2,314.7,13410000,3940000,3529512000,1239918000,4769430000,Ya
ATR001186,3174015003751186,Tanah,SHM,79546/Bintara,Jawa Barat,Bekasi,Bekasi Barat,Bintara,86.2,0.0,9460000,4170000,815452000,0,815452000,Ya
ATR001187,3171011709931187,Tanah,SHM,57036/Cengkareng Barat,DKI Jakarta,Jakarta Barat,Cengkareng,Cengkareng Barat,203.2,0.0,17630000,4680000,3582416000,0,3582416000,Ya
ATR001188,3674012610661188,Ruko,SHM,26669/Duren Tiga,DKI Jakarta,Jakarta Selatan,Pancoran,Duren Tiga,247.2,161.7,26420000,6180000,6531024000,999306000,7530330000,Ya
ATR001189,3671010909671189,Gudang,SHM,74567/Tebet Timur,DKI Jakarta,Jakarta Selatan,Tebet,Tebet Timur,318.4,171.6,30890000,5400000,9835376000,926640000,10762016000,Ya
ATR001190,3271016211921190,Ruko,SHM,46024/Cengkareng Barat,DKI Jakarta,Jakarta Barat,Cengkareng,Cengkareng Barat,245.8,140.9,17230000,4300000,4235134000,605870000,4841004000,Ya
ATR001191,3671011811711191,Tanah,HGB,86084/Bintara,Jawa Barat,Bekasi,Bekasi Barat,Bintara,124.0,0.0,8150000,3290000,1010600000,0,1010600000,Ya
ATR001192,3174016312661192,Tanah,SHM,71973/Cakung Barat,DKI Jakarta,Jakarta Timur,Cakung,Cakung Barat,345.7,0.0,10260000,3460000,3546882000,0,3546882000,Ya
ATR001193,3174014105721193,Ruko,SHM,60157/Kemiri Muka,Jawa Barat,Depok,Beji,Kemiri Muka,338.6,257.8,9550000,3910000,3233630000,1007998000,4241628000,Ya
ATR001194,3271010109921194,Ruko,HGB,68729/Bojong Jaya,Banten,Tangerang,Karawaci,Bojong Jaya,69.0,75.1,9340000,3690000,644460000,277119000,921579000,Ya
ATR001195,3671010103011195,Rumah,SHM,15510/Sukabumi Selatan,DKI Jakarta,Jakarta Barat,Kebon Jeruk,Sukabumi Selatan,289.6,192.5,21030000,4440000,6090288000,854700000,6944988000,Ya
ATR001196,3172016206781196,Gudang,HGB,33352/Poris Plawad,Banten,Tangerang,Cipondoh,Poris Plawad,289.9,344.1,8540000,3530000,2475746000,1214673000,3690419000,Ya
ATR001197,3671010607831197,Ruko,HGB,16715/Cakung Barat,DKI Jakarta,Jakarta Timur,Cakung,Cakung Barat,95.9,110.3,12280000,4139999,1177652000,456642000,1634294000,Ya
ATR001198,3173011803831198,Rumah,HGB,15946/Bintara,Jawa Barat,Bekasi,Bekasi Barat,Bintara,299.1,349.2,7800000,4080000,2332980000,1424736000,3757716000,Ya
ATR001199,3276010803831199,Tanah,HGB,26134/Mekarjaya,Jawa Barat,Depok,Sukmajaya,Mekarjaya,157.3,0.0,8860000,3400000,1393678000,0,1393678000,Tidak
ATR001200,3174015009681200,Rumah,HGB,90694/Cakung Barat,DKI Jakarta,Jakarta Timur,Cakung,Cakung Barat,71.4,68.8,10800000,4250000,771120000,292400000,1063520000,Ya
ATR001201,3174012712701201,Tanah,HGB,80150/Duren Tiga,DKI Jakarta,Jakarta Selatan,Pancoran,Duren Tiga,140.0,0.0,29950000,6180000,4193000000,0,4193000000,Ya
ATR001202,3671015010661202,Ruko,HGB,61035/Duren Tiga,DKI Jakarta,Jakarta Selatan,Pancoran,Duren Tiga,109.0,120.7,30010000,6180000,3271090000,745926000,4017016000,Ya
ATR001203,3276010112671203,Rumah,SHM,66449/Poris Plawad,Banten,Tangerang,Cipondoh,Poris Plawad,279.6,191.9,6730000,3590000,1881708000,688921000,2570629000,Ya
ATR001204,3276014403961204,Tanah,HGB,55867/Kelapa Gading Barat,DKI Jakarta,Jakarta Utara,Kelapa Gading,Kelapa Gading Barat,316.6,0.0,23570000,5120000,7462262000,0,7462262000,Ya
ATR001205,3271015206741205,Tanah,HGB,51303/Cakung Barat,DKI Jakarta,Jakarta Timur,Cakung,Cakung Barat,394.6,0.0,11250000,3750000,4439250000,0,4439250000,Ya
ATR001206,3171010306971206,Rumah,HGB,82341/Cengkareng Barat,DKI Jakarta,Jakarta Barat,Cengkareng,Cengkareng Barat,252.0,176.9,17990000,3900000,4533480000,689910000,5223390000,Ya
ATR001207,3671016310961207,Rumah,HGB,24268/Menteng,DKI Jakarta,Jakarta Pusat,Menteng,Menteng,95.2,97.6,61720000,5850000,5875744000,570960000,6446704000,Tidak
ATR001208,3276011306011208,Rumah,SHM,95601/Kelapa Gading Barat,DKI Jakarta,Jakarta Utara,Kelapa Gading,Kelapa Gading Barat,214.0,268.9,26330000,4890000,5634620000,1314921000,6949541000,Ya
ATR001209,3671014205651209,Rumah,HGB,63851/Menteng,DKI Jakarta,Jakarta Pusat,Menteng,Menteng,163.3,93.8,49120000,5730000,8021296000,537474000,8558770000,Ya
ATR001210,3271012701741210,Tanah,SHM,26872/Sukabumi Selatan,DKI Jakarta,Jakarta Barat,Kebon Jeruk,Sukabumi Selatan,330.5,0.0,19630000,4450000,6487715000,0,6487715000,Ya
ATR001211,3671012106741211,Tanah,SHM,37550/Cakung Barat,DKI Jakarta,Jakarta Timur,Cakung,Cakung Barat,127.0,0.0,10550000,3600000,1339850000,0,1339850000,Ya
ATR001212,3173014404971212,Ruko,SHM,23584/Sukabumi Selatan,DKI Jakarta,Jakarta Barat,Kebon Jeruk,Sukabumi Selatan,339.3,265.8,23030000,5060000,7814079000,1344948000,9159027000,Ya
ATR001213,3276016002791213,Rumah,SHM,52519/Poris Plawad,Banten,Tangerang,Cipondoh,Poris Plawad,292.1,293.0,6970000,2930000,2035937000,858490000,2894427000,Ya
ATR001214,3671016710661214,Ruko,SHM,74967/Tebet Timur,DKI Jakarta,Jakarta Selatan,Tebet,Tebet Timur,362.9,346.8,30790000,6310000,11173691000,2188308000,13361999000,Ya
ATR001215,3671016906991215,Rumah,SHM,50676/Tebet Timur,DKI Jakarta,Jakarta Selatan,Tebet,Tebet Timur,295.2,306.8,32030000,6300000,9455256000,1932840000,11388096000,Ya
ATR001216,3671016108651216,Ruko,HGB,59746/Sukabumi Selatan,DKI Jakarta,Jakarta Barat,Kebon Jeruk,Sukabumi Selatan,142.8,162.6,19410000,5420000,2771748000,881292000,3653040000,Ya
ATR001217,3271016308831217,Rumah,HGB,15256/Kemiri Muka,Jawa Barat,Depok,Beji,Kemiri Muka,190.2,191.1,9790000,3730000,1862058000,712803000,2574861000,Ya
ATR001218,3174013009751218,Ruko,HGB,15613/Paledang,Jawa Barat,Bogor,Bogor Tengah,Paledang,319.1,398.5,7930000,3070000,2530463000,1223395000,3753858000,Ya
ATR001219,3671012703001219,Rumah,HGB,76353/Kramat Jati,DKI Jakarta,Jakarta Timur,Kramat Jati,Kramat Jati,310.7,218.2,15660000,4190000,4865562000,914258000,5779820000,Ya
ATR001220,3174011204721220,Gudang,SHM,64175/Kemiri Muka,Jawa Barat,Depok,Beji,Kemiri Muka,275.3,296.5,9270000,4050000,2552031000,1200825000,3752856000,Ya
ATR001221,3275011903011221,Tanah,SHM,73639/Rawa Buntu,Jawa Barat,Tangerang Selatan,Serpong,Rawa Buntu,187.6,0.0,12460000,3580000,2337496000,0,2337496000,Ya
ATR001222,3674011705821222,Rumah,SHM,36377/Cakung Barat,DKI Jakarta,Jakarta Timur,Cakung,Cakung Barat,139.9,143.0,11660000,4120000,1631234000,589160000,2220394000,Ya
ATR001223,3271016308831223,Ruko,SHM,83956/Cakung Barat,DKI Jakarta,Jakarta Timur,Cakung,Cakung Barat,65.8,80.8,11170000,4380000,734986000,353904000,1088890000,Tidak
ATR001224,3671011705701224,Tanah,SHM,48614/Mekarjaya,Jawa Barat,Depok,Sukmajaya,Mekarjaya,131.9,0.0,7900000,3780000,1042010000,0,1042010000,Tidak
ATR001225,3175010408011225,Rumah,HGB,57439/Mekarjaya,Jawa Barat,Depok,Sukmajaya,Mekarjaya,371.4,335.1,9250000,3210000,3435450000,1075671000,4511121000,Tidak
ATR001226,3674014801661226,Rumah,HGB,28167/Menteng,DKI Jakarta,Jakarta Pusat,Menteng,Menteng,387.9,244.8,51690000,5720000,20050551000,1400256000,21450807000,Ya
ATR001227,3271015304791227,Tanah,HGB,34657/Menteng,DKI Jakarta,Jakarta Pusat,Menteng,Menteng,337.4,0.0,52990000,5700000,17878826000,0,17878826000,Ya
ATR001228,3671016805011228,Rumah,SHM,76255/Margahayu,Jawa Barat,Bekasi,Bekasi Timur,Margahayu,393.7,395.2,7800000,3240000,3070860000,1280448000,4351308000,Tidak
ATR001229,3171014102681229,Ruko,HGB,11477/Duren Tiga,DKI Jakarta,Jakarta Selatan,Pancoran,Duren Tiga,339.1,245.9,26130000,4770000,8860683000,1172943000,10033626000,Ya
ATR001230,3671010509681230,Rumah,HGB,76086/Tebet Timur,DKI Jakarta,Jakarta Selatan,Tebet,Tebet Timur,257.5,320.1,27970000,6070000,7202275000,1943007000,9145282000,Ya
ATR001231,3171010602981231,Tanah,SHM,73746/Rawa Buntu,Jawa Barat,Tangerang Selatan,Serpong,Rawa Buntu,300.9,0.0,12830000,3610000,3860547000,0,3860547000,Ya
ATR001232,3173016006741232,Tanah,SHM,58429/Poris Plawad,Banten,Tangerang,Cipondoh,Poris Plawad,276.7,0.0,6530000,3260000,1806851000,0,1806851000,Ya
ATR001233,3671015609961233,Rumah,HGB,59470/Kramat Jati,DKI Jakarta,Jakarta Timur,Kramat Jati,Kramat Jati,398.7,350.7,19710000,4410000,7858377000,1546587000,9404964000,Ya
ATR001234,3671010702951234,Rumah,SHM,65350/Pluit,DKI Jakarta,Jakarta Utara,Pluit,Pluit,262.4,317.3,26280000,5470000,6895872000,1735631000,8631503000,Ya
ATR001235,3172011602651235,Ruko,HGB,88221/Bojong Jaya,Banten,Tangerang,Karawaci,Bojong Jaya,201.9,124.3,7900000,3080000,1595010000,382844000,1977854000,Ya
ATR001236,3671015707811236,Tanah,HGB,23220/Cikini,DKI Jakarta,Jakarta Pusat,Cikini,Cikini,140.4,0.0,36540000,6420000,5130216000,0,5130216000,Ya
ATR001237,3276011411941237,Gudang,HGB,11099/Mekarjaya,Jawa Barat,Depok,Sukmajaya,Mekarjaya,232.1,146.2,9670000,3980000,2244407000,581876000,2826283000,Ya
ATR001238,3173014807881238,Tanah,SHM,79621/Cakung Barat,DKI Jakarta,Jakarta Timur,Cakung,Cakung Barat,198.3,0.0,12940000,3570000,2566002000,0,2566002000,Ya
ATR001239,3275016304911239,Rumah,SHM,90976/Cakung Barat,DKI Jakarta,Jakarta Timur,Cakung,Cakung Barat,66.8,64.7,11840000,4019999,790912000,260094000,1051006000,Ya
ATR001240,3173016311741240,Gudang,HGB,43879/Bojong Jaya,Banten,Tangerang,Karawaci,Bojong Jaya,203.7,218.9,8850000,3850000,1802745000,842765000,2645510000,Ya
ATR001241,3271011312951241,Gudang,HGB,82218/Cengkareng Barat,DKI Jakarta,Jakarta Barat,Cengkareng,Cengkareng Barat,336.5,326.7,14610000,3870000,4916265000,1264329000,6180594000,Ya
ATR001242,3276012812981242,Tanah,HGB,79990/Poris Plawad,Banten,Tangerang,Cipondoh,Poris Plawad,342.2,0.0,7310000,3150000,2501482000,0,2501482000,Ya
ATR001243,3171015311691243,Tanah,HGB,51722/Sukabumi Selatan,DKI Jakarta,Jakarta Barat,Kebon Jeruk,Sukabumi Selatan,287.6,0.0,21660000,4980000,6229416000,0,6229416000,Ya
ATR001244,3671012712751244,Rumah,HGB,93152/Bojong Jaya,Banten,Tangerang,Karawaci,Bojong Jaya,273.1,214.9,10340000,3580000,2823854000,769342000,3593196000,Ya
ATR001245,3174011808691245,Rumah,SHM,23101/Cikini,DKI Jakarta,Jakarta Pusat,Cikini,Cikini,252.4,311.3,43610000,5910000,11007164000,1839783000,12846947000,Ya
ATR001246,3276012611741246,Tanah,SHM,65359/Cakung Barat,DKI Jakarta,Jakarta Timur,Cakung,Cakung Barat,259.3,0.0,11970000,3630000,3103821000,0,3103821000,Ya
ATR001247,3671011905741247,Ruko,HGB,49012/Kemiri Muka,Jawa Barat,Depok,Beji,Kemiri Muka,143.6,176.9,9510000,4320000,1365636000,764208000,2129844000,Ya
ATR001248,3276012706941248,Rumah,HGB,93284/Gunung,DKI Jakarta,Jakarta Selatan,Kebayoran Baru,Gunung,274.7,256.7,40000000,5780000,10988000000,1483726000,12471726000,Ya
ATR001249,3671014401811249,Tanah,SHM,79626/Kelapa Gading Barat,DKI Jakarta,Jakarta Utara,Kelapa Gading,Kelapa Gading Barat,271.8,0.0,24600000,5630000,6686280000,0,6686280000,Ya
ATR001250,3174010911971250,Ruko,SHM,37741/Paledang,Jawa Barat,Bogor,Bogor Tengah,Paledang,116.0,95.7,7900000,3610000,916400000,345477000,1261877000,Ya
ATR001251,3174012207971251,Rumah,HGB,41615/Mekarjaya,Jawa Barat,Depok,Sukmajaya,Mekarjaya,235.9,133.8,9740000,3780000,2297666000,505764000,2803430000,Ya
ATR001252,3175017007661252,Tanah,HGB,78928/Mekarjaya,Jawa Barat,Depok,Sukmajaya,Mekarjaya,259.2,0.0,7500000,4099999,1944000000,0,1944000000,Ya
ATR001253,3171014912761253,Rumah,HGB,20524/Rawa Buntu,Jawa Barat,Tangerang Selatan,Serpong,Rawa Buntu,280.3,195.2,12780000,4330000,3582234000,845216000,4427450000,Ya
ATR001254,3276016511971254,Ruko,HGB,73781/Pluit,DKI Jakarta,Jakarta Utara,Pluit,Pluit,268.9,326.4,23590000,5030000,6343351000,1641792000,7985143000,Ya
ATR001255,3172011406031255,Gudang,SHM,40793/Bojong Jaya,Banten,Tangerang,Karawaci,Bojong Jaya,395.9,321.3,9630000,3800000,3812517000,1220940000,5033457000,Ya
ATR001256,3174012210871256,Tanah,SHM,47185/Mekarjaya,Jawa Barat,Depok,Sukmajaya,Mekarjaya,141.3,0.0,7940000,3500000,1121922000,0,1121922000,Ya
ATR001257,3671016302021257,Gudang,SHM,72655/Kramat Jati,DKI Jakarta,Jakarta Timur,Kramat Jati,Kramat Jati,66.7,80.3,20510000,4290000,1368017000,344487000,1712504000,Ya
ATR001258,3173010405971258,Rumah,SHM,45402/Pluit,DKI Jakarta,Jakarta Utara,Pluit,Pluit,62.4,65.2,29640000,4740000,1849536000,309048000,2158584000,Ya
ATR001259,3671012604011259,Ruko,HGB,43034/Paledang,Jawa Barat,Bogor,Bogor Tengah,Paledang,328.6,326.3,6040000,3520000,1984744000,1148576000,3133320000,Ya
ATR001260,3271016707671260,Tanah,SHM,75114/Sukabumi Selatan,DKI Jakarta,Jakarta Barat,Kebon Jeruk,Sukabumi Selatan,185.4,0.0,23780000,5470000,4408812000,0,4408812000,Ya
ATR001261,3172015706011261,Tanah,SHM,15114/Bojong Jaya,Banten,Tangerang,Karawaci,Bojong Jaya,382.0,0.0,8750000,3890000,3342500000,0,3342500000,Ya
ATR001262,3275010302791262,Ruko,HGB,63543/Bintara,Jawa Barat,Bekasi,Bekasi Barat,Bintara,365.2,447.8,7890000,4300000,2881428000,1925540000,4806968000,Ya
ATR001263,3173012906801263,Tanah,HGB,11839/Kemiri Muka,Jawa Barat,Depok,Beji,Kemiri Muka,329.0,0.0,9100000,4150000,2993900000,0,2993900000,Ya
ATR001264,3173015209711264,Rumah,HGB,43169/Mekarjaya,Jawa Barat,Depok,Sukmajaya,Mekarjaya,158.3,199.7,7350000,3220000,1163505000,643034000,1806539000,Ya
ATR001265,3671015401931265,Ruko,HGB,67962/Tebet Timur,DKI Jakarta,Jakarta Selatan,Tebet,Tebet Timur,255.8,259.9,23940000,6260000,6123852000,1626974000,7750826000,Ya
ATR001266,3671016308701266,Rumah,HGB,28207/Mekarjaya,Jawa Barat,Depok,Sukmajaya,Mekarjaya,108.6,55.5,8670000,4070000,941562000,225885000,1167447000,Ya
ATR001267,3671011106031267,Ruko,HGB,76977/Menteng,DKI Jakarta,Jakarta Pusat,Menteng,Menteng,339.7,173.5,55690000,6420000,18917893000,1113870000,20031763000,Ya
ATR001268,3171011103951268,Ruko,HGB,92723/Pluit,DKI Jakarta,Jakarta Utara,Pluit,Pluit,84.6,88.6,27030000,5720000,2286738000,506792000,2793530000,Ya
ATR001269,3171017110831269,Rumah,HGB,97030/Cikini,DKI Jakarta,Jakarta Pusat,Cikini,Cikini,110.8,112.9,36070000,6670000,3996556000,753043000,4749599000,Ya
ATR001270,3271014205931270,Tanah,HGB,83690/Kelapa Gading Barat,DKI Jakarta,Jakarta Utara,Kelapa Gading,Kelapa Gading Barat,113.4,0.0,28470000,5230000,3228498000,0,3228498000,Ya
ATR001271,3671014803781271,Rumah,SHM,89971/Kemiri Muka,Jawa Barat,Depok,Beji,Kemiri Muka,273.1,191.9,10910000,4160000,2979521000,798304000,3777825000,Tidak
ATR001272,3671016008991272,Ruko,SHM,70715/Kramat Jati,DKI Jakarta,Jakarta Timur,Kramat Jati,Kramat Jati,230.6,199.2,19370000,4000000,4466722000,796800000,5263522000,Ya
ATR001273,3175014809661273,Tanah,HGB,71889/Kramat Jati,DKI Jakarta,Jakarta Timur,Kramat Jati,Kramat Jati,245.7,0.0,15780000,4390000,3877146000,0,3877146000,Ya
ATR001274,3271011910961274,Tanah,SHM,22962/Cengkareng Barat,DKI Jakarta,Jakarta Barat,Cengkareng,Cengkareng Barat,351.1,0.0,14080000,3680000,4943488000,0,4943488000,Ya
ATR001275,3671015603921275,Gudang,HGB,23659/Pluit,DKI Jakarta,Jakarta Utara,Pluit,Pluit,357.4,215.6,28780000,4670000,10285972000,1006852000,11292824000,Ya
ATR001276,3275015306971276,Rumah,HGB,40590/Sukabumi Selatan,DKI Jakarta,Jakarta Barat,Kebon Jeruk,Sukabumi Selatan,181.1,204.8,20240000,5210000,3665464000,1067008000,4732472000,Ya
ATR001277,3174011405011277,Rumah,SHM,41011/Bojong Jaya,Banten,Tangerang,Karawaci,Bojong Jaya,302.6,362.8,7990000,4000000,2417774000,1451200000,3868974000,Ya
ATR001278,3674012607931278,Ruko,HGB,28065/Cikini,DKI Jakarta,Jakarta Pusat,Cikini,Cikini,103.2,86.9,35930000,6360000,3707976000,552684000,4260660000,Ya
ATR001279,3276014808671279,Rumah,HGB,65470/Cikini,DKI Jakarta,Jakarta Pusat,Cikini,Cikini,96.0,86.9,43780000,6790000,4202880000,590051000,4792931000,Ya
ATR001280,3671012005801280,Ruko,SHM,83793/Rawa Buntu,Jawa Barat,Tangerang Selatan,Serpong,Rawa Buntu,383.1,355.7,11620000,4420000,4451622000,1572194000,6023816000,Ya
ATR001281,3271011401801281,Ruko,SHM,17916/Kemiri Muka,Jawa Barat,Depok,Beji,Kemiri Muka,220.4,196.7,11040000,4179999,2433216000,822206000,3255422000,Ya
ATR001282,3275011903021282,Rumah,HGB,75173/Sukabumi Selatan,DKI Jakarta,Jakarta Barat,Kebon Jeruk,Sukabumi Selatan,173.3,154.9,22480000,4610000,3895784000,714089000,4609873000,Ya
ATR001283,3174012506981283,Ruko,SHM,83342/Cengkareng Barat,DKI Jakarta,Jakarta Barat,Cengkareng,Cengkareng Barat,225.4,172.9,14110000,3870000,3180394000,669123000,3849517000,Tidak
ATR001284,3174017004821284,Tanah,SHM,50030/Kelapa Gading Barat,DKI Jakarta,Jakarta Utara,Kelapa Gading,Kelapa Gading Barat,163.7,0.0,22520000,5140000,3686524000,0,3686524000,Ya
ATR001285,3275014109011285,Tanah,SHM,73050/Poris Plawad,Banten,Tangerang,Cipondoh,Poris Plawad,72.0,0.0,7100000,3440000,511200000,0,511200000,Ya
ATR001286,3671015211921286,Ruko,SHM,94872/Sukabumi Selatan,DKI Jakarta,Jakarta Barat,Kebon Jeruk,Sukabumi Selatan,181.2,155.4,25070000,4820000,4542684000,749028000,5291712000,Ya
ATR001287,3271016608751287,Tanah,SHM,29483/Margahayu,Jawa Barat,Bekasi,Bekasi Timur,Margahayu,142.8,0.0,7900000,3880000,1128120000,0,1128120000,Ya
ATR001288,3671012505671288,Rumah,HGB,61165/Kemiri Muka,Jawa Barat,Depok,Beji,Kemiri Muka,301.2,155.7,9760000,4110000,2939712000,639927000,3579639000,Ya
ATR001289,3174016101971289,Ruko,HGB,19891/Gunung,DKI Jakarta,Jakarta Selatan,Kebayoran Baru,Gunung,251.7,167.1,48270000,5190000,12149559000,867249000,13016808000,Ya
ATR001290,3671014801691290,Ruko,SHM,84261/Kelapa Gading Barat,DKI Jakarta,Jakarta Utara,Kelapa Gading,Kelapa Gading Barat,127.4,152.8,23890000,5550000,3043586000,848040000,3891626000,Ya
ATR001291,3175011512651291,Tanah,SHM,66320/Duren Tiga,DKI Jakarta,Jakarta Selatan,Pancoran,Duren Tiga,368.0,0.0,26640000,4970000,9803520000,0,9803520000,Ya
ATR001292,3275011804831292,Rumah,HGB,50488/Margahayu,Jawa Barat,Bekasi,Bekasi Timur,Margahayu,87.9,57.7,9070000,4110000,797253000,237147000,1034400000,Ya
ATR001293,3175015303901293,Gudang,SHM,15078/Pluit,DKI Jakarta,Jakarta Utara,Pluit,Pluit,373.9,349.9,25130000,5620000,9396107000,1966438000,11362545000,Ya
ATR001294,3175011304831294,Tanah,HGB,62446/Gunung,DKI Jakarta,Jakarta Selatan,Kebayoran Baru,Gunung,396.3,0.0,41830000,6310000,16577229000,0,16577229000,Ya
ATR001295,3276016306841295,Ruko,HGB,49074/Cikini,DKI Jakarta,Jakarta Pusat,Cikini,Cikini,98.6,49.6,45990000,6540000,4534614000,324384000,4858998000,Ya
ATR001296,3674012905691296,Ruko,SHM,94765/Kramat Jati,DKI Jakarta,Jakarta Timur,Kramat Jati,Kramat Jati,233.3,172.7,16120000,4210000,3760796000,727067000,4487863000,Ya
ATR001297,3171015205911297,Tanah,SHM,54548/Pluit,DKI Jakarta,Jakarta Utara,Pluit,Pluit,317.1,0.0,27320000,4630000,8663172000,0,8663172000,Ya
ATR001298,3671010712911298,Ruko,HGB,99983/Bojong Jaya,Banten,Tangerang,Karawaci,Bojong Jaya,94.8,78.5,10170000,3750000,964116000,294375000,1258491000,Ya
ATR001299,3671011112011299,Tanah,SHM,30689/Cakung Barat,DKI Jakarta,Jakarta Timur,Cakung,Cakung Barat,218.6,0.0,11500000,3530000,2513900000,0,2513900000,Ya
ATR001300,3671012506031300,Rumah,HGB,58957/Menteng,DKI Jakarta,Jakarta Pusat,Menteng,Menteng,326.3,207.0,55200000,6480000,18011760000,1341360000,19353120000,Ya
ATR001301,3276010608931301,Ruko,SHM,16009/Margahayu,Jawa Barat,Bekasi,Bekasi Timur,Margahayu,381.7,367.9,8100000,3110000,3091770000,1144169000,4235939000,Ya
ATR001302,3276012707971302,Tanah,HGB,18614/Mekarjaya,Jawa Barat,Depok,Sukmajaya,Mekarjaya,123.7,0.0,7310000,3860000,904247000,0,904247000,Ya
ATR001303,3674016102671303,Ruko,SHM,37970/Menteng,DKI Jakarta,Jakarta Pusat,Menteng,Menteng,106.3,124.3,49300000,6110000,5240590000,759473000,6000063000,Ya
ATR001304,3173013105751304,Tanah,SHM,56871/Cengkareng Barat,DKI Jakarta,Jakarta Barat,Cengkareng,Cengkareng Barat,186.6,0.0,14820000,4190000,2765412000,0,2765412000,Ya
ATR001305,3275015203741305,Gudang,HGB,45354/Gunung,DKI Jakarta,Jakarta Selatan,Kebayoran Baru,Gunung,395.4,215.4,40170000,5200000,15883218000,1120080000,17003298000,Ya
ATR001306,3172011501951306,Tanah,HGB,65119/Kramat Jati,DKI Jakarta,Jakarta Timur,Kramat Jati,Kramat Jati,78.5,0.0,19820000,4520000,1555870000,0,1555870000,Ya
ATR001307,3671011110781307,Tanah,HGB,98011/Cengkareng Barat,DKI Jakarta,Jakarta Barat,Cengkareng,Cengkareng Barat,250.9,0.0,14420000,3820000,3617978000,0,3617978000,Ya
ATR001308,3173015005771308,Rumah,HGB,98303/Kemiri Muka,Jawa Barat,Depok,Beji,Kemiri Muka,261.8,174.9,8850000,4340000,2316930000,759066000,3075996000,Ya
ATR001309,3674010712941309,Tanah,HGB,35226/Bintara,Jawa Barat,Bekasi,Bekasi Barat,Bintara,332.9,0.0,9780000,3570000,3255762000,0,3255762000,Ya
ATR001310,3674011209721310,Rumah,HGB,98068/Kelapa Gading Barat,DKI Jakarta,Jakarta Utara,Kelapa Gading,Kelapa Gading Barat,109.5,115.8,26070000,5640000,2854665000,653112000,3507777000,Ya
ATR001311,3671011905891311,Tanah,HGB,11949/Cengkareng Barat,DKI Jakarta,Jakarta Barat,Cengkareng,Cengkareng Barat,295.3,0.0,14350000,3880000,4237555000,0,4237555000,Ya
ATR001312,3173015606861312,Rumah,HGB,35198/Kramat Jati,DKI Jakarta,Jakarta Timur,Kramat Jati,Kramat Jati,131.2,73.2,19100000,4370000,2505920000,319884000,2825804000,Ya
ATR001313,3171014402731313,Rumah,HGB,55005/Bojong Jaya,Banten,Tangerang,Karawaci,Bojong Jaya,281.1,160.9,10210000,3340000,2870031000,537406000,3407437000,Ya
ATR001314,3671011509691314,Ruko,HGB,51474/Bintara,Jawa Barat,Bekasi,Bekasi Barat,Bintara,196.8,106.5,8990000,3370000,1769232000,358905000,2128137000,Ya
ATR001315,3275014401901315,Gudang,SHM,17777/Poris Plawad,Banten,Tangerang,Cipondoh,Poris Plawad,179.2,200.4,8180000,3050000,1465856000,611220000,2077076000,Ya
ATR001316,3275012402921316,Ruko,HGB,52355/Cengkareng Barat,DKI Jakarta,Jakarta Barat,Cengkareng,Cengkareng Barat,186.9,116.1,17430000,4460000,3257667000,517806000,3775473000,Ya
ATR001317,3275015301941317,Gudang,SHM,39938/Kramat Jati,DKI Jakarta,Jakarta Timur,Kramat Jati,Kramat Jati,184.7,108.0,18690000,3990000,3452043000,430920000,3882963000,Tidak
ATR001318,3172010701831318,Ruko,SHM,62345/Gunung,DKI Jakarta,Jakarta Selatan,Kebayoran Baru,Gunung,325.4,264.3,46060000,6740000,14987924000,1781382000,16769306000,Ya
ATR001319,3172014711671319,Ruko,SHM,96359/Cengkareng Barat,DKI Jakarta,Jakarta Barat,Cengkareng,Cengkareng Barat,119.3,95.8,17650000,4380000,2105645000,419604000,2525249000,Ya
ATR001320,3175016602881320,Ruko,SHM,89048/Sukabumi Selatan,DKI Jakarta,Jakarta Barat,Kebon Jeruk,Sukabumi Selatan,354.7,431.0,24770000,4390000,8785919000,1892090000,10678009000,Ya
ATR001321,3671015607811321,Rumah,HGB,48654/Paledang,Jawa Barat,Bogor,Bogor Tengah,Paledang,311.8,344.7,7220000,3060000,2251196000,1054782000,3305978000,Ya
ATR001322,3174015407721322,Tanah,SHM,87744/Kelapa Gading Barat,DKI Jakarta,Jakarta Utara,Kelapa Gading,Kelapa Gading Barat,304.8,0.0,21900000,5140000,6675120000,0,6675120000,Ya
ATR001323,3276015904711323,Rumah,HGB,78852/Kelapa Gading Barat,DKI Jakarta,Jakarta Utara,Kelapa Gading,Kelapa Gading Barat,174.7,89.9,24250000,5280000,4236475000,474672000,4711147000,Ya
ATR001324,3172014809901324,Gudang,HGB,94351/Kemiri Muka,Jawa Barat,Depok,Beji,Kemiri Muka,285.6,333.9,9150000,3370000,2613240000,1125243000,3738483000,Ya
ATR001325,3674012412721325,Ruko,SHM,48657/Kelapa Gading Barat,DKI Jakarta,Jakarta Utara,Kelapa Gading,Kelapa Gading Barat,113.2,144.9,27570000,5200000,3120924000,753480000,3874404000,Tidak
ATR001326,3671014208691326,Gudang,SHM,44318/Paledang,Jawa Barat,Bogor,Bogor Tengah,Paledang,93.1,69.1,7290000,3250000,678699000,224575000,903274000,Ya
ATR001327,3275015105921327,Ruko,HGB,29705/Margahayu,Jawa Barat,Bekasi,Bekasi Timur,Margahayu,82.3,77.3,8220000,3760000,676506000,290648000,967154000,Ya
ATR001328,3172016312011328,Tanah,HGB,23470/Rawa Buntu,Jawa Barat,Tangerang Selatan,Serpong,Rawa Buntu,184.0,0.0,13240000,3630000,2436160000,0,2436160000,Ya
ATR001329,3175010606741329,Ruko,HGB,69071/Poris Plawad,Banten,Tangerang,Cipondoh,Poris Plawad,251.3,278.9,7980000,3100000,2005374000,864590000,2869964000,Ya
ATR001330,3671010406811330,Tanah,HGB,83274/Duren Tiga,DKI Jakarta,Jakarta Selatan,Pancoran,Duren Tiga,355.0,0.0,29390000,6270000,10433450000,0,10433450000,Ya
ATR001331,3671016312021331,Rumah,SHM,90426/Kelapa Gading Barat,DKI Jakarta,Jakarta Utara,Kelapa Gading,Kelapa Gading Barat,108.5,88.1,28390000,4920000,3080315000,433452000,3513767000,Ya
ATR001332,3172016906881332,Tanah,SHM,18654/Rawa Buntu,Jawa Barat,Tangerang Selatan,Serpong,Rawa Buntu,359.6,0.0,11460000,3500000,4121016000,0,4121016000,Ya
ATR001333,3671011601831333,Ruko,SHM,25873/Margahayu,Jawa Barat,Bekasi,Bekasi Timur,Margahayu,165.9,186.9,7860000,3580000,1303974000,669102000,1973076000,Ya
ATR001334,3271014807721334,Rumah,HGB,56595/Cikini,DKI Jakarta,Jakarta Pusat,Cikini,Cikini,190.0,162.4,38510000,5760000,7316900000,935424000,8252324000,Ya
ATR001335,3671016212721335,Rumah,HGB,16594/Rawa Buntu,Jawa Barat,Tangerang Selatan,Serpong,Rawa Buntu,335.0,264.5,12090000,4200000,4050150000,1110900000,5161050000,Ya
ATR001336,3271010309931336,Rumah,SHM,10231/Kramat Jati,DKI Jakarta,Jakarta Timur,Kramat Jati,Kramat Jati,154.4,192.5,19210000,4600000,2966024000,885500000,3851524000,Ya
ATR001337,3175014104801337,Ruko,HGB,83892/Pluit,DKI Jakarta,Jakarta Utara,Pluit,Pluit,70.0,69.6,27080000,5370000,1895600000,373752000,2269352000,Ya
ATR001338,3671016304821338,Ruko,HGB,79309/Poris Plawad,Banten,Tangerang,Cipondoh,Poris Plawad,87.7,57.4,8510000,3310000,746327000,189994000,936321000,Ya
ATR001339,3174016710701339,Tanah,HGB,59663/Cengkareng Barat,DKI Jakarta,Jakarta Barat,Cengkareng,Cengkareng Barat,77.9,0.0,13780000,4470000,1073462000,0,1073462000,Ya
ATR001340,3171011707731340,Gudang,SHM,39223/Bintara,Jawa Barat,Bekasi,Bekasi Barat,Bintara,233.0,161.8,9660000,3420000,2250780000,553356000,2804136000,Ya
ATR001341,3174012204881341,Tanah,HGB,46075/Kelapa Gading Barat,DKI Jakarta,Jakarta Utara,Kelapa Gading,Kelapa Gading Barat,216.6,0.0,23400000,4810000,5068440000,0,5068440000,Ya
ATR001342,3173015502831342,Ruko,HGB,13516/Gunung,DKI Jakarta,Jakarta Selatan,Kebayoran Baru,Gunung,281.3,326.2,43890000,5230000,12346257000,1706026000,14052283000,Ya
ATR001343,3671015509861343,Ruko,HGB,95499/Rawa Buntu,Jawa Barat,Tangerang Selatan,Serpong,Rawa Buntu,393.2,384.2,12760000,3410000,5017232000,1310122000,6327354000,Ya
ATR001344,3671016309971344,Tanah,SHM,87453/Cakung Barat,DKI Jakarta,Jakarta Timur,Cakung,Cakung Barat,72.8,0.0,12250000,4500000,891800000,0,891800000,Tidak
ATR001345,3671012411731345,Ruko,HGB,41280/Pluit,DKI Jakarta,Jakarta Utara,Pluit,Pluit,243.8,211.3,30600000,5580000,7460280000,1179054000,8639334000,Ya
ATR001346,3671012903981346,Gudang,HGB,52748/Pluit,DKI Jakarta,Jakarta Utara,Pluit,Pluit,218.3,151.1,26760000,5230000,5841708000,790253000,6631961000,Ya
ATR001347,3671015108751347,Ruko,SHM,26188/Tebet Timur,DKI Jakarta,Jakarta Selatan,Tebet,Tebet Timur,181.3,114.5,28030000,6040000,5081839000,691580000,5773419000,Ya
ATR001348,3674016401981348,Rumah,SHM,93515/Cikini,DKI Jakarta,Jakarta Pusat,Cikini,Cikini,175.0,218.5,44950000,5480000,7866250000,1197380000,9063630000,Ya
ATR001349,3671014206921349,Ruko,SHM,61570/Menteng,DKI Jakarta,Jakarta Pusat,Menteng,Menteng,312.0,362.6,62720000,7260000,19568640000,2632476000,22201116000,Ya
ATR001350,3175016201761350,Ruko,SHM,96508/Kelapa Gading Barat,DKI Jakarta,Jakarta Utara,Kelapa Gading,Kelapa Gading Barat,240.2,125.4,23100000,5140000,5548620000,644556000,6193176000,Ya
ATR001351,3671011111701351,Tanah,HGB,44416/Rawa Buntu,Jawa Barat,Tangerang Selatan,Serpong,Rawa Buntu,249.5,0.0,12870000,3740000,3211065000,0,3211065000,Ya
ATR001352,3175012002991352,Gudang,SHM,70869/Paledang,Jawa Barat,Bogor,Bogor Tengah,Paledang,90.0,74.8,7530000,3600000,677700000,269280000,946980000,Tidak
ATR001353,3276015608751353,Tanah,SHM,58486/Mekarjaya,Jawa Barat,Depok,Sukmajaya,Mekarjaya,154.5,0.0,8500000,3420000,1313250000,0,1313250000,Ya
ATR001354,3671012911691354,Rumah,HGB,94582/Tebet Timur,DKI Jakarta,Jakarta Selatan,Tebet,Tebet Timur,351.4,368.0,31210000,5010000,10967194000,1843680000,12810874000,Ya
ATR001355,3175014212731355,Ruko,SHM,60440/Tebet Timur,DKI Jakarta,Jakarta Selatan,Tebet,Tebet Timur,80.3,97.2,26560000,5190000,2132768000,504468000,2637236000,Ya
ATR001356,3671014303691356,Tanah,HGB,33501/Cakung Barat,DKI Jakarta,Jakarta Timur,Cakung,Cakung Barat,379.8,0.0,10370000,3820000,3938526000,0,3938526000,Ya
ATR001357,3671012605831357,Ruko,SHM,27039/Cengkareng Barat,DKI Jakarta,Jakarta Barat,Cengkareng,Cengkareng Barat,194.7,128.4,15640000,4059999,3045108000,521304000,3566412000,Ya
ATR001358,3174014506701358,Rumah,SHM,10434/Kemiri Muka,Jawa Barat,Depok,Beji,Kemiri Muka,319.1,288.5,11470000,3760000,3660077000,1084760000,4744837000,Ya
ATR001359,3173012201821359,Ruko,SHM,43467/Paledang,Jawa Barat,Bogor,Bogor Tengah,Paledang,149.2,126.6,6280000,3860000,936976000,488676000,1425652000,Ya
ATR001360,3276010407691360,Tanah,SHM,67793/Paledang,Jawa Barat,Bogor,Bogor Tengah,Paledang,151.2,0.0,7190000,3630000,1087128000,0,1087128000,Tidak
ATR001361,3674011210701361,Rumah,HGB,31375/Rawa Buntu,Jawa Barat,Tangerang Selatan,Serpong,Rawa Buntu,359.8,328.2,12990000,4070000,4673802000,1335774000,6009576000,Ya
ATR001362,3671010210701362,Ruko,HGB,35580/Cakung Barat,DKI Jakarta,Jakarta Timur,Cakung,Cakung Barat,99.0,59.5,12110000,3720000,1198890000,221340000,1420230000,Ya
ATR001363,3671015703891363,Ruko,SHM,78049/Margahayu,Jawa Barat,Bekasi,Bekasi Timur,Margahayu,305.8,160.8,8230000,3640000,2516734000,585312000,3102046000,Tidak
ATR001364,3173011107701364,Rumah,HGB,24107/Kelapa Gading Barat,DKI Jakarta,Jakarta Utara,Kelapa Gading,Kelapa Gading Barat,224.6,123.7,25390000,5730000,5702594000,708801000,6411395000,Tidak
ATR001365,3671010605841365,Rumah,SHM,76445/Poris Plawad,Banten,Tangerang,Cipondoh,Poris Plawad,206.3,156.0,8410000,3090000,1734983000,482040000,2217023000,Ya
ATR001366,3174015412741366,Rumah,SHM,79115/Bintara,Jawa Barat,Bekasi,Bekasi Barat,Bintara,197.9,105.5,8590000,3530000,1699961000,372415000,2072376000,Ya
ATR001367,3671015407811367,Rumah,SHM,89258/Kramat Jati,DKI Jakarta,Jakarta Timur,Kramat Jati,Kramat Jati,382.6,273.3,19680000,3900000,7529568000,1065870000,8595438000,Ya
ATR001368,3275012102711368,Tanah,HGB,23717/Tebet Timur,DKI Jakarta,Jakarta Selatan,Tebet,Tebet Timur,84.0,0.0,31650000,5940000,2658600000,0,2658600000,Ya
ATR001369,3173010511891369,Ruko,HGB,31750/Pluit,DKI Jakarta,Jakarta Utara,Pluit,Pluit,340.1,346.2,30800000,5640000,10475080000,1952568000,12427648000,Ya
ATR001370,3671011006011370,Gudang,HGB,81223/Paledang,Jawa Barat,Bogor,Bogor Tengah,Paledang,235.8,140.0,7060000,3020000,1664748000,422800000,2087548000,Ya
ATR001371,3172012711661371,Gudang,HGB,94250/Paledang,Jawa Barat,Bogor,Bogor Tengah,Paledang,224.0,223.6,5970000,3090000,1337280000,690924000,2028204000,Ya
ATR001372,3271012701871372,Ruko,SHM,36840/Pluit,DKI Jakarta,Jakarta Utara,Pluit,Pluit,383.2,309.2,26390000,5640000,10112648000,1743888000,11856536000,Ya
ATR001373,3671011601851373,Gudang,HGB,85252/Duren Tiga,DKI Jakarta,Jakarta Selatan,Pancoran,Duren Tiga,161.6,133.9,27460000,6270000,4437536000,839553000,5277089000,Ya
ATR001374,3671012403921374,Tanah,SHM,94036/Sukabumi Selatan,DKI Jakarta,Jakarta Barat,Kebon Jeruk,Sukabumi Selatan,186.4,0.0,18870000,4580000,3517368000,0,3517368000,Ya
ATR001375,3671014704021375,Ruko,HGB,60190/Kelapa Gading Barat,DKI Jakarta,Jakarta Utara,Kelapa Gading,Kelapa Gading Barat,128.4,72.4,24810000,4440000,3185604000,321456000,3507060000,Ya
ATR001376,3275015511981376,Ruko,HGB,22421/Duren Tiga,DKI Jakarta,Jakarta Selatan,Pancoran,Duren Tiga,334.6,373.8,33740000,6080000,11289404000,2272704000,13562108000,Ya
ATR001377,3671014804911377,Rumah,SHM,28677/Mekarjaya,Jawa Barat,Depok,Sukmajaya,Mekarjaya,77.8,87.6,9380000,3920000,729764000,343392000,1073156000,Ya
ATR001378,3175011003001378,Ruko,SHM,15680/Menteng,DKI Jakarta,Jakarta Pusat,Menteng,Menteng,139.2,163.7,58750000,7440000,8178000000,1217928000,9395928000,Ya
ATR001379,3671016908931379,Rumah,HGB,50329/Kramat Jati,DKI Jakarta,Jakarta Timur,Kramat Jati,Kramat Jati,136.7,91.5,19580000,4080000,2676586000,373320000,3049906000,Ya
ATR001380,3671017107691380,Rumah,HGB,17392/Poris Plawad,Banten,Tangerang,Cipondoh,Poris Plawad,399.5,207.7,8250000,3260000,3295875000,677102000,3972977000,Ya
ATR001381,3171015004021381,Rumah,SHM,52675/Tebet Timur,DKI Jakarta,Jakarta Selatan,Tebet,Tebet Timur,248.6,303.6,31580000,4690000,7850788000,1423884000,9274672000,Ya
ATR001382,3174010112961382,Rumah,SHM,95152/Sukabumi Selatan,DKI Jakarta,Jakarta Barat,Kebon Jeruk,Sukabumi Selatan,145.1,150.2,24560000,4940000,3563656000,741988000,4305644000,Ya
ATR001383,3174016912681383,Tanah,SHM,53372/Kemiri Muka,Jawa Barat,Depok,Beji,Kemiri Muka,124.1,0.0,10910000,4330000,1353931000,0,1353931000,Ya
ATR001384,3671013007711384,Ruko,HGB,88391/Cakung Barat,DKI Jakarta,Jakarta Timur,Cakung,Cakung Barat,228.2,129.8,12210000,4000000,2786322000,519200000,3305522000,Ya
ATR001385,3271010201891385,Tanah,HGB,93059/Cakung Barat,DKI Jakarta,Jakarta Timur,Cakung,Cakung Barat,210.3,0.0,11400000,4030000,2397420000,0,2397420000,Ya
ATR001386,3671014910671386,Gudang,SHM,75265/Poris Plawad,Banten,Tangerang,Cipondoh,Poris Plawad,62.9,69.7,7980000,3260000,501942000,227222000,729164000,Ya
ATR001387,3275010906781387,Ruko,HGB,34550/Kelapa Gading Barat,DKI Jakarta,Jakarta Utara,Kelapa Gading,Kelapa Gading Barat,316.7,400.4,23050000,4920000,7299935000,1969968000,9269903000,Ya
ATR001388,3276011410851388,Rumah,HGB,51583/Kramat Jati,DKI Jakarta,Jakarta Timur,Kramat Jati,Kramat Jati,256.2,159.8,17220000,4770000,4411764000,762246000,5174010000,Ya
ATR001389,3275011106001389,Tanah,HGB,31432/Cakung Barat,DKI Jakarta,Jakarta Timur,Cakung,Cakung Barat,191.4,0.0,11710000,4070000,2241294000,0,2241294000,Ya
ATR001390,3671011412791390,Ruko,SHM,80655/Cengkareng Barat,DKI Jakarta,Jakarta Barat,Cengkareng,Cengkareng Barat,86.7,104.5,13970000,4460000,1211199000,466070000,1677269000,Ya
ATR001391,3674016003821391,Tanah,SHM,68257/Paledang,Jawa Barat,Bogor,Bogor Tengah,Paledang,152.0,0.0,6730000,3470000,1022960000,0,1022960000,Ya
ATR001392,3171012702901392,Rumah,SHM,22717/Pluit,DKI Jakarta,Jakarta Utara,Pluit,Pluit,380.2,415.0,23650000,5570000,8991730000,2311550000,11303280000,Ya
ATR001393,3174015807871393,Ruko,HGB,42911/Kelapa Gading Barat,DKI Jakarta,Jakarta Utara,Kelapa Gading,Kelapa Gading Barat,220.0,118.7,22680000,5650000,4989600000,670655000,5660255000,Ya
ATR001394,3276011010981394,Ruko,SHM,87819/Cengkareng Barat,DKI Jakarta,Jakarta Barat,Cengkareng,Cengkareng Barat,162.6,131.3,17700000,4510000,2878020000,592163000,3470183000,Ya
ATR001395,3172015112981395,Rumah,HGB,51362/Poris Plawad,Banten,Tangerang,Cipondoh,Poris Plawad,100.0,70.2,8450000,3480000,845000000,244296000,1089296000,Ya
ATR001396,3276016602761396,Gudang,HGB,33043/Poris Plawad,Banten,Tangerang,Cipondoh,Poris Plawad,262.8,208.4,8189999,3420000,2152332000,712728000,2865060000,Ya
ATR001397,3674012806711397,Ruko,HGB,10831/Cengkareng Barat,DKI Jakarta,Jakarta Barat,Cengkareng,Cengkareng Barat,103.9,96.6,18100000,3960000,1880590000,382536000,2263126000,Ya
ATR001398,3674016911021398,Gudang,SHM,74639/Poris Plawad,Banten,Tangerang,Cipondoh,Poris Plawad,319.8,223.3,6460000,2990000,2065908000,667667000,2733575000,Ya
ATR001399,3276010705691399,Gudang,SHM,56497/Mekarjaya,Jawa Barat,Depok,Sukmajaya,Mekarjaya,127.9,101.9,8500000,3840000,1087150000,391296000,1478446000,Ya
ATR001400,3674016708921400,Ruko,SHM,97262/Mekarjaya,Jawa Barat,Depok,Sukmajaya,Mekarjaya,198.2,176.0,8600000,3940000,1704520000,693440000,2397960000,Ya
ATR001401,3271016405911401,Rumah,SHM,94811/Kemiri Muka,Jawa Barat,Depok,Beji,Kemiri Muka,334.7,352.9,10170000,4030000,3403899000,1422187000,4826086000,Ya
ATR001402,3271012001761402,Tanah,SHM,80993/Mekarjaya,Jawa Barat,Depok,Sukmajaya,Mekarjaya,107.1,0.0,8920000,3630000,955332000,0,955332000,Ya
ATR001403,3671011704741403,Rumah,SHM,14000/Cikini,DKI Jakarta,Jakarta Pusat,Cikini,Cikini,174.9,214.3,41050000,5250000,7179645000,1125075000,8304720000,Ya
ATR001404,3173015210861404,Tanah,HGB,69366/Cakung Barat,DKI Jakarta,Jakarta Timur,Cakung,Cakung Barat,317.2,0.0,13060000,3990000,4142632000,0,4142632000,Ya
ATR001405,3674011208951405,Gudang,HGB,56547/Cikini,DKI Jakarta,Jakarta Pusat,Cikini,Cikini,151.0,125.1,44780000,6710000,6761780000,839421000,7601201000,Ya
ATR001406,3276016408651406,Tanah,HGB,58927/Poris Plawad,Banten,Tangerang,Cipondoh,Poris Plawad,352.1,0.0,6570000,3770000,2313297000,0,2313297000,Ya
ATR001407,3276015708731407,Rumah,SHM,91165/Kemiri Muka,Jawa Barat,Depok,Beji,Kemiri Muka,120.6,83.4,9750000,3520000,1175850000,293568000,1469418000,Ya
ATR001408,3271010706671408,Ruko,HGB,99954/Kemiri Muka,Jawa Barat,Depok,Beji,Kemiri Muka,105.9,78.0,10220000,3730000,1082298000,290940000,1373238000,Ya
ATR001409,3171016910711409,Ruko,SHM,53633/Margahayu,Jawa Barat,Bekasi,Bekasi Timur,Margahayu,313.8,381.2,8620000,3420000,2704956000,1303704000,4008660000,Ya
ATR001410,3275016608691410,Ruko,SHM,45666/Gunung,DKI Jakarta,Jakarta Selatan,Kebayoran Baru,Gunung,111.7,67.5,42920000,6550000,4794164000,442125000,5236289000,Ya
ATR001411,3671015111691411,Ruko,SHM,34296/Tebet Timur,DKI Jakarta,Jakarta Selatan,Tebet,Tebet Timur,81.5,49.3,31010000,5720000,2527315000,281996000,2809311000,Ya
ATR001412,3671010212841412,Ruko,HGB,69454/Margahayu,Jawa Barat,Bekasi,Bekasi Timur,Margahayu,248.8,229.4,8369999,3310000,2082456000,759314000,2841770000,Ya
ATR001413,3171012705671413,Ruko,HGB,58515/Margahayu,Jawa Barat,Bekasi,Bekasi Timur,Margahayu,165.2,174.3,6840000,3460000,1129968000,603078000,1733046000,Ya
ATR001414,3671014909851414,Ruko,HGB,57546/Kemiri Muka,Jawa Barat,Depok,Beji,Kemiri Muka,244.8,136.6,10870000,3480000,2660976000,475368000,3136344000,Ya
ATR001415,3271013009001415,Ruko,SHM,87063/Mekarjaya,Jawa Barat,Depok,Sukmajaya,Mekarjaya,333.1,316.3,9110000,3770000,3034541000,1192451000,4226992000,Ya
ATR001416,3276017010731416,Rumah,HGB,20956/Paledang,Jawa Barat,Bogor,Bogor Tengah,Paledang,335.0,246.5,7150000,3650000,2395250000,899725000,3294975000,Ya
ATR001417,3276012411751417,Rumah,HGB,78111/Gunung,DKI Jakarta,Jakarta Selatan,Kebayoran Baru,Gunung,162.9,141.3,49290000,6770000,8029341000,956601000,8985942000,Ya
ATR001418,3271011401971418,Ruko,SHM,41628/Pluit,DKI Jakarta,Jakarta Utara,Pluit,Pluit,284.9,348.3,23750000,4870000,6766375000,1696221000,8462596000,Ya
ATR001419,3174014605821419,Tanah,HGB,65866/Sukabumi Selatan,DKI Jakarta,Jakarta Barat,Kebon Jeruk,Sukabumi Selatan,340.1,0.0,24360000,4870000,8284836000,0,8284836000,Ya
ATR001420,3174012506031420,Tanah,HGB,93423/Kramat Jati,DKI Jakarta,Jakarta Timur,Kramat Jati,Kramat Jati,208.8,0.0,16550000,4220000,3455640000,0,3455640000,Ya
ATR001421,3276010507771421,Ruko,SHM,59179/Tebet Timur,DKI Jakarta,Jakarta Selatan,Tebet,Tebet Timur,85.7,99.6,27390000,5660000,2347323000,563736000,2911059000,Ya
ATR001422,3276015503851422,Tanah,HGB,38800/Pluit,DKI Jakarta,Jakarta Utara,Pluit,Pluit,174.7,0.0,23680000,6030000,4136896000,0,4136896000,Ya
ATR001423,3671016301011423,Rumah,HGB,31615/Tebet Timur,DKI Jakarta,Jakarta Selatan,Tebet,Tebet Timur,216.3,146.8,31640000,5240000,6843732000,769232000,7612964000,Ya
ATR001424,3175010209021424,Ruko,HGB,79230/Bojong Jaya,Banten,Tangerang,Karawaci,Bojong Jaya,251.5,315.6,7660000,3320000,1926490000,1047792000,2974282000,Ya
ATR001425,3171016204021425,Ruko,HGB,29520/Duren Tiga,DKI Jakarta,Jakarta Selatan,Pancoran,Duren Tiga,118.2,69.8,30630000,6100000,3620466000,425780000,4046246000,Ya
ATR001426,3671010805661426,Tanah,HGB,24605/Poris Plawad,Banten,Tangerang,Cipondoh,Poris Plawad,398.2,0.0,7900000,2970000,3145780000,0,3145780000,Tidak
ATR001427,3174010209651427,Ruko,HGB,24621/Bintara,Jawa Barat,Bekasi,Bekasi Barat,Bintara,198.7,145.0,9160000,3580000,1820092000,519100000,2339192000,Ya
ATR001428,3174014405661428,Rumah,SHM,62075/Gunung,DKI Jakarta,Jakarta Selatan,Kebayoran Baru,Gunung,60.5,52.0,49550000,6130000,2997775000,318760000,3316535000,Tidak
ATR001429,3275014207971429,Tanah,HGB,17560/Gunung,DKI Jakarta,Jakarta Selatan,Kebayoran Baru,Gunung,157.5,0.0,42040000,5390000,6621300000,0,6621300000,Ya
ATR001430,3671017009731430,Ruko,HGB,25520/Pluit,DKI Jakarta,Jakarta Utara,Pluit,Pluit,157.0,178.1,30290000,6060000,4755530000,1079286000,5834816000,Ya
ATR001431,3276012702651431,Rumah,HGB,68073/Menteng,DKI Jakarta,Jakarta Pusat,Menteng,Menteng,359.6,274.2,48610000,7220000,17480156000,1979724000,19459880000,Ya
ATR001432,3173010106841432,Ruko,SHM,87912/Kemiri Muka,Jawa Barat,Depok,Beji,Kemiri Muka,116.0,97.9,9360000,4070000,1085760000,398453000,1484213000,Ya
ATR001433,3671014108961433,Gudang,HGB,68086/Poris Plawad,Banten,Tangerang,Cipondoh,Poris Plawad,396.4,215.6,7170000,3380000,2842188000,728728000,3570916000,Ya
ATR001434,3671016306811434,Ruko,HGB,98224/Gunung,DKI Jakarta,Jakarta Selatan,Kebayoran Baru,Gunung,167.4,181.4,50060000,6790000,8380044000,1231706000,9611750000,Ya
ATR001435,3671015703001435,Rumah,HGB,90725/Gunung,DKI Jakarta,Jakarta Selatan,Kebayoran Baru,Gunung,349.2,328.4,49400000,5650000,17250480000,1855460000,19105940000,Ya
ATR001436,3674010702731436,Ruko,SHM,29605/Kemiri Muka,Jawa Barat,Depok,Beji,Kemiri Muka,167.8,146.6,9360000,4330000,1570608000,634778000,2205386000,Ya
ATR001437,3173012106961437,Tanah,HGB,80917/Rawa Buntu,Jawa Barat,Tangerang Selatan,Serpong,Rawa Buntu,93.3,0.0,12100000,3470000,1128930000,0,1128930000,Ya
ATR001438,3671013103711438,Rumah,HGB,69286/Rawa Buntu,Jawa Barat,Tangerang Selatan,Serpong,Rawa Buntu,134.6,117.3,11760000,4360000,1582896000,511428000,2094324000,Ya
ATR001439,3171016611861439,Rumah,SHM,43549/Poris Plawad,Banten,Tangerang,Cipondoh,Poris Plawad,204.9,157.2,7090000,3680000,1452741000,578496000,2031237000,Ya
ATR001440,3171012804711440,Rumah,HGB,79603/Cakung Barat,DKI Jakarta,Jakarta Timur,Cakung,Cakung Barat,64.4,73.2,11920000,3560000,767648000,260592000,1028240000,Ya
ATR001441,3172015907801441,Rumah,HGB,33195/Margahayu,Jawa Barat,Bekasi,Bekasi Timur,Margahayu,377.1,447.8,8500000,3580000,3205350000,1603124000,4808474000,Ya
ATR001442,3275011111961442,Gudang,SHM,40714/Mekarjaya,Jawa Barat,Depok,Sukmajaya,Mekarjaya,391.6,498.4,7770000,3940000,3042732000,1963696000,5006428000,Ya
ATR001443,3171015002021443,Ruko,SHM,84695/Tebet Timur,DKI Jakarta,Jakarta Selatan,Tebet,Tebet Timur,132.6,138.0,27200000,6210000,3606720000,856980000,4463700000,Ya
ATR001444,3173014205881444,Tanah,HGB,43730/Mekarjaya,Jawa Barat,Depok,Sukmajaya,Mekarjaya,233.9,0.0,9570000,4040000,2238423000,0,2238423000,Ya
ATR001445,3275010708861445,Ruko,HGB,12091/Paledang,Jawa Barat,Bogor,Bogor Tengah,Paledang,184.7,183.8,6280000,3880000,1159916000,713144000,1873060000,Ya
ATR001446,3275011308011446,Ruko,SHM,38322/Menteng,DKI Jakarta,Jakarta Pusat,Menteng,Menteng,116.8,69.7,48160000,7300000,5625088000,508810000,6133898000,Ya
ATR001447,3171016012661447,Rumah,SHM,96228/Margahayu,Jawa Barat,Bekasi,Bekasi Timur,Margahayu,201.5,173.1,8240000,3140000,1660360000,543534000,2203894000,Ya
ATR001448,3671015408871448,Tanah,HGB,60050/Duren Tiga,DKI Jakarta,Jakarta Selatan,Pancoran,Duren Tiga,376.7,0.0,33680000,5960000,12687256000,0,12687256000,Ya
ATR001449,3671015906031449,Ruko,SHM,46310/Mekarjaya,Jawa Barat,Depok,Sukmajaya,Mekarjaya,171.2,171.6,7930000,4040000,1357616000,693264000,2050880000,Ya
ATR001450,3671010904861450,Rumah,SHM,48505/Tebet Timur,DKI Jakarta,Jakarta Selatan,Tebet,Tebet Timur,84.4,103.6,31850000,4800000,2688140000,497280000,3185420000,Ya
ATR001451,3671011312741451,Rumah,SHM,93979/Margahayu,Jawa Barat,Bekasi,Bekasi Timur,Margahayu,163.1,132.8,7230000,3680000,1179213000,488704000,1667917000,Tidak
ATR001452,3275015303831452,Rumah,HGB,52736/Sukabumi Selatan,DKI Jakarta,Jakarta Barat,Kebon Jeruk,Sukabumi Selatan,231.0,130.8,22790000,4760000,5264490000,622608000,5887098000,Ya
ATR001453,3671015807891453,Ruko,SHM,97020/Gunung,DKI Jakarta,Jakarta Selatan,Kebayoran Baru,Gunung,207.8,136.0,40830000,6480000,8484474000,881280000,9365754000,Ya
ATR001454,3674017105771454,Ruko,HGB,84718/Cakung Barat,DKI Jakarta,Jakarta Timur,Cakung,Cakung Barat,320.9,213.3,11360000,3960000,3645424000,844668000,4490092000,Tidak
ATR001455,3671015609971455,Ruko,HGB,80606/Kemiri Muka,Jawa Barat,Depok,Beji,Kemiri Muka,376.8,250.8,9570000,3400000,3605976000,852720000,4458696000,Ya
ATR001456,3671016406751456,Ruko,SHM,95676/Duren Tiga,DKI Jakarta,Jakarta Selatan,Pancoran,Duren Tiga,216.6,264.4,33870000,5310000,7336242000,1403964000,8740206000,Ya
ATR001457,3671010508951457,Rumah,SHM,41628/Duren Tiga,DKI Jakarta,Jakarta Selatan,Pancoran,Duren Tiga,364.7,417.7,25530000,5200000,9310791000,2172040000,11482831000,Ya
ATR001458,3671011508951458,Ruko,SHM,13451/Margahayu,Jawa Barat,Bekasi,Bekasi Timur,Margahayu,138.1,91.1,6890000,3750000,951509000,341625000,1293134000,Ya
ATR001459,3275011707681459,Gudang,SHM,49828/Cengkareng Barat,DKI Jakarta,Jakarta Barat,Cengkareng,Cengkareng Barat,77.8,53.3,17450000,4640000,1357610000,247312000,1604922000,Ya
ATR001460,3275016608841460,Ruko,HGB,88436/Kemiri Muka,Jawa Barat,Depok,Beji,Kemiri Muka,201.5,258.4,9100000,3480000,1833650000,899232000,2732882000,Ya
ATR001461,3671015911931461,Tanah,HGB,99437/Cengkareng Barat,DKI Jakarta,Jakarta Barat,Cengkareng,Cengkareng Barat,118.7,0.0,15420000,4720000,1830354000,0,1830354000,Ya
ATR001462,3171015512951462,Tanah,SHM,89278/Bojong Jaya,Banten,Tangerang,Karawaci,Bojong Jaya,200.1,0.0,10170000,3110000,2035017000,0,2035017000,Ya
ATR001463,3671015302931463,Ruko,SHM,74816/Sukabumi Selatan,DKI Jakarta,Jakarta Barat,Kebon Jeruk,Sukabumi Selatan,252.4,250.5,18960000,4850000,4785504000,1214925000,6000429000,Ya
ATR001464,3671012907711464,Ruko,SHM,92047/Bojong Jaya,Banten,Tangerang,Karawaci,Bojong Jaya,297.3,300.4,8520000,3160000,2532996000,949264000,3482260000,Ya
ATR001465,3275012204681465,Ruko,SHM,66887/Duren Tiga,DKI Jakarta,Jakarta Selatan,Pancoran,Duren Tiga,103.8,130.6,29780000,5200000,3091164000,679120000,3770284000,Ya
ATR001466,3171015509941466,Ruko,SHM,91740/Bojong Jaya,Banten,Tangerang,Karawaci,Bojong Jaya,229.3,171.5,9840000,4000000,2256312000,686000000,2942312000,Ya
ATR001467,3276016912791467,Ruko,HGB,98887/Rawa Buntu,Jawa Barat,Tangerang Selatan,Serpong,Rawa Buntu,76.0,72.4,12950000,3560000,984200000,257744000,1241944000,Ya
ATR001468,3173016803731468,Ruko,SHM,48207/Gunung,DKI Jakarta,Jakarta Selatan,Kebayoran Baru,Gunung,360.0,185.8,48410000,5950000,17427600000,1105510000,18533110000,Ya
ATR001469,3271012605031469,Ruko,HGB,93713/Kelapa Gading Barat,DKI Jakarta,Jakarta Utara,Kelapa Gading,Kelapa Gading Barat,62.4,72.1,23950000,5260000,1494480000,379246000,1873726000,Ya
ATR001470,3671016411871470,Ruko,HGB,22585/Kemiri Muka,Jawa Barat,Depok,Beji,Kemiri Muka,298.9,378.0,10090000,3690000,3015901000,1394820000,4410721000,Tidak
ATR001471,3671011908771471,Rumah,HGB,99762/Menteng,DKI Jakarta,Jakarta Pusat,Menteng,Menteng,278.3,205.5,48840000,7170000,13592172000,1473435000,15065607000,Ya
ATR001472,3671012512781472,Ruko,HGB,31389/Cikini,DKI Jakarta,Jakarta Pusat,Cikini,Cikini,284.6,249.5,36390000,6180000,10356594000,1541910000,11898504000,Ya
ATR001473,3276012706681473,Rumah,HGB,16573/Tebet Timur,DKI Jakarta,Jakarta Selatan,Tebet,Tebet Timur,200.5,187.9,27460000,5910000,5505730000,1110489000,6616219000,Ya
ATR001474,3171010601971474,Gudang,HGB,78010/Bojong Jaya,Banten,Tangerang,Karawaci,Bojong Jaya,322.2,171.1,8170000,3640000,2632374000,622804000,3255178000,Ya
ATR001475,3172011209901475,Ruko,HGB,98911/Bintara,Jawa Barat,Bekasi,Bekasi Barat,Bintara,343.9,403.7,8470000,3720000,2912833000,1501764000,4414597000,Ya
ATR001476,3271014709891476,Rumah,HGB,73507/Tebet Timur,DKI Jakarta,Jakarta Selatan,Tebet,Tebet Timur,113.5,59.6,31750000,5070000,3603625000,302172000,3905797000,Ya
ATR001477,3174017008981477,Gudang,HGB,73460/Poris Plawad,Banten,Tangerang,Cipondoh,Poris Plawad,88.3,109.7,7680000,3570000,678144000,391629000,1069773000,Ya
ATR001478,3276011901011478,Rumah,SHM,14388/Kramat Jati,DKI Jakarta,Jakarta Timur,Kramat Jati,Kramat Jati,177.5,177.0,15510000,4080000,2753025000,722160000,3475185000,Ya
ATR001479,3172010408741479,Tanah,SHM,57906/Sukabumi Selatan,DKI Jakarta,Jakarta Barat,Kebon Jeruk,Sukabumi Selatan,320.7,0.0,21010000,4820000,6737907000,0,6737907000,Ya
ATR001480,3674014407771480,Ruko,HGB,22106/Duren Tiga,DKI Jakarta,Jakarta Selatan,Pancoran,Duren Tiga,60.1,41.6,27370000,5090000,1644937000,211744000,1856681000,Ya
ATR001481,3671010201981481,Rumah,HGB,33340/Mekarjaya,Jawa Barat,Depok,Sukmajaya,Mekarjaya,155.1,101.3,8510000,3990000,1319901000,404187000,1724088000,Ya
ATR001482,3173010505871482,Ruko,HGB,93056/Cikini,DKI Jakarta,Jakarta Pusat,Cikini,Cikini,86.7,68.1,42970000,6090000,3725499000,414729000,4140228000,Ya
ATR001483,3271014410821483,Rumah,SHM,89956/Mekarjaya,Jawa Barat,Depok,Sukmajaya,Mekarjaya,386.3,438.1,8760000,3590000,3383988000,1572779000,4956767000,Ya
ATR001484,3172014602891484,Ruko,HGB,76329/Cengkareng Barat,DKI Jakarta,Jakarta Barat,Cengkareng,Cengkareng Barat,394.7,318.4,14330000,4410000,5656051000,1404144000,7060195000,Ya
ATR001485,3275011008031485,Tanah,HGB,19867/Cakung Barat,DKI Jakarta,Jakarta Timur,Cakung,Cakung Barat,259.2,0.0,12310000,3930000,3190752000,0,3190752000,Ya
ATR001486,3276010810711486,Tanah,SHM,27863/Poris Plawad,Banten,Tangerang,Cipondoh,Poris Plawad,150.1,0.0,7380000,3440000,1107738000,0,1107738000,Ya
ATR001487,3674016808851487,Tanah,HGB,91626/Margahayu,Jawa Barat,Bekasi,Bekasi Timur,Margahayu,326.6,0.0,7750000,3760000,2531150000,0,2531150000,Ya
ATR001488,3271014812991488,Gudang,HGB,73743/Cikini,DKI Jakarta,Jakarta Pusat,Cikini,Cikini,377.1,304.1,42750000,5140000,16121025000,1563074000,17684099000,Ya
ATR001489,3671010306801489,Tanah,HGB,85661/Paledang,Jawa Barat,Bogor,Bogor Tengah,Paledang,225.6,0.0,7790000,3430000,1757424000,0,1757424000,Ya
ATR001490,3175010408711490,Ruko,SHM,65396/Kelapa Gading Barat,DKI Jakarta,Jakarta Utara,Kelapa Gading,Kelapa Gading Barat,224.5,200.3,22150000,5670000,4972675000,1135701000,6108376000,Ya
ATR001491,3172015902031491,Tanah,HGB,58592/Rawa Buntu,Jawa Barat,Tangerang Selatan,Serpong,Rawa Buntu,365.9,0.0,13480000,4530000,4932332000,0,4932332000,Ya
ATR001492,3671012410011492,Tanah,HGB,43563/Cengkareng Barat,DKI Jakarta,Jakarta Barat,Cengkareng,Cengkareng Barat,290.2,0.0,17340000,3740000,5032068000,0,5032068000,Ya
ATR001493,3671010409851493,Ruko,SHM,41593/Bojong Jaya,Banten,Tangerang,Karawaci,Bojong Jaya,71.7,64.4,8070000,3260000,578619000,209944000,788563000,Ya
ATR001494,3671012406681494,Ruko,SHM,25822/Rawa Buntu,Jawa Barat,Tangerang Selatan,Serpong,Rawa Buntu,207.0,206.7,10470000,4000000,2167290000,826800000,2994090000,Ya
ATR001495,3671015212951495,Ruko,HGB,72559/Pluit,DKI Jakarta,Jakarta Utara,Pluit,Pluit,255.2,257.7,27460000,5680000,7007792000,1463736000,8471528000,Ya
ATR001496,3271012504901496,Ruko,SHM,98106/Margahayu,Jawa Barat,Bekasi,Bekasi Timur,Margahayu,320.1,270.9,7960000,3760000,2547996000,1018584000,3566580000,Ya
ATR001497,3175016310771497,Ruko,SHM,37619/Bintara,Jawa Barat,Bekasi,Bekasi Barat,Bintara,282.4,281.0,8490000,3330000,2397576000,935730000,3333306000,Ya
ATR001498,3276017006791498,Ruko,HGB,58288/Bojong Jaya,Banten,Tangerang,Karawaci,Bojong Jaya,373.9,393.1,7990000,3450000,2987461000,1356195000,4343656000,Ya
ATR001499,3171010407811499,Tanah,SHM,71676/Sukabumi Selatan,DKI Jakarta,Jakarta Barat,Kebon Jeruk,Sukabumi Selatan,344.1,0.0,18990000,4600000,6534459000,0,6534459000,Ya
ATR001500,3275010307781500,Tanah,SHM,89926/Bintara,Jawa Barat,Bekasi,Bekasi Barat,Bintara,63.1,0.0,8189999,4320000,516789000,0,516789000,Ya
ATR001501,3671014705661501,Tanah,HGB,51892/Paledang,Jawa Barat,Bogor,Bogor Tengah,Paledang,149.0,0.0,6090000,2920000,907410000,0,907410000,Ya
ATR001502,3271014701721502,Ruko,SHM,99316/Kramat Jati,DKI Jakarta,Jakarta Timur,Kramat Jati,Kramat Jati,359.7,299.5,19190000,5060000,6902643000,1515470000,8418113000,Ya
ATR001503,3671014803671503,Tanah,SHM,42914/Sukabumi Selatan,DKI Jakarta,Jakarta Barat,Kebon Jeruk,Sukabumi Selatan,125.0,0.0,22110000,5610000,2763750000,0,2763750000,Ya
ATR001504,3171015312841504,Tanah,SHM,84571/Cikini,DKI Jakarta,Jakarta Pusat,Cikini,Cikini,82.4,0.0,42310000,6130000,3486344000,0,3486344000,Ya
ATR001505,3174010207771505,Ruko,HGB,85511/Bintara,Jawa Barat,Bekasi,Bekasi Barat,Bintara,101.6,94.2,10020000,3700000,1018032000,348540000,1366572000,Ya
ATR001506,3275011908661506,Rumah,HGB,31729/Kemiri Muka,Jawa Barat,Depok,Beji,Kemiri Muka,84.0,60.7,9470000,4310000,795480000,261617000,1057097000,Ya
ATR001507,3174014102841507,Tanah,SHM,39188/Bojong Jaya,Banten,Tangerang,Karawaci,Bojong Jaya,216.7,0.0,9460000,3240000,2049982000,0,2049982000,Ya
ATR001508,3174016011731508,Tanah,HGB,43951/Bintara,Jawa Barat,Bekasi,Bekasi Barat,Bintara,311.1,0.0,9990000,3940000,3107889000,0,3107889000,Ya
ATR001509,3671010403001509,Ruko,SHM,49953/Pluit,DKI Jakarta,Jakarta Utara,Pluit,Pluit,102.9,129.3,24020000,5740000,2471658000,742182000,3213840000,Ya
ATR001510,3173010603751510,Tanah,HGB,15461/Rawa Buntu,Jawa Barat,Tangerang Selatan,Serpong,Rawa Buntu,377.4,0.0,12790000,4300000,4826946000,0,4826946000,Ya
ATR001511,3173016402841511,Ruko,SHM,78077/Paledang,Jawa Barat,Bogor,Bogor Tengah,Paledang,210.6,209.4,7570000,3000000,1594242000,628200000,2222442000,Tidak
ATR001512,3674010605001512,Tanah,HGB,78362/Margahayu,Jawa Barat,Bekasi,Bekasi Timur,Margahayu,362.7,0.0,7450000,3950000,2702115000,0,2702115000,Ya
ATR001513,3275016111801513,Ruko,SHM,69219/Mekarjaya,Jawa Barat,Depok,Sukmajaya,Mekarjaya,217.0,163.1,8710000,3850000,1890070000,627935000,2518005000,Ya
ATR001514,3674016612731514,Ruko,SHM,92580/Tebet Timur,DKI Jakarta,Jakarta Selatan,Tebet,Tebet Timur,273.9,290.2,29770000,4760000,8154003000,1381352000,9535355000,Ya
ATR001515,3671012206931515,Ruko,HGB,38519/Bintara,Jawa Barat,Bekasi,Bekasi Barat,Bintara,215.8,153.2,8300000,3780000,1791140000,579096000,2370236000,Ya
ATR001516,3674012607671516,Tanah,SHM,58128/Margahayu,Jawa Barat,Bekasi,Bekasi Timur,Margahayu,188.6,0.0,8600000,3160000,1621960000,0,1621960000,Ya
ATR001517,3172012806671517,Rumah,SHM,64796/Bintara,Jawa Barat,Bekasi,Bekasi Barat,Bintara,397.2,443.4,8220000,3800000,3264984000,1684920000,4949904000,Ya
ATR001518,3275012104941518,Ruko,SHM,63578/Cikini,DKI Jakarta,Jakarta Pusat,Cikini,Cikini,199.3,224.0,43250000,5510000,8619725000,1234240000,9853965000,Ya
ATR001519,3671011404751519,Rumah,SHM,18325/Mekarjaya,Jawa Barat,Depok,Sukmajaya,Mekarjaya,261.5,210.2,8500000,3710000,2222750000,779842000,3002592000,Ya
ATR001520,3275010811001520,Rumah,SHM,93350/Duren Tiga,DKI Jakarta,Jakarta Selatan,Pancoran,Duren Tiga,225.4,203.7,27090000,6020000,6106086000,1226274000,7332360000,Ya
ATR001521,3671012010791521,Ruko,SHM,49418/Mekarjaya,Jawa Barat,Depok,Sukmajaya,Mekarjaya,104.6,116.4,9600000,4080000,1004160000,474912000,1479072000,Ya
ATR001522,3276015409671522,Ruko,HGB,68173/Menteng,DKI Jakarta,Jakarta Pusat,Menteng,Menteng,106.1,97.1,48610000,7350000,5157521000,713685000,5871206000,Ya
ATR001523,3275010602711523,Gudang,HGB,81410/Paledang,Jawa Barat,Bogor,Bogor Tengah,Paledang,145.9,120.4,6750000,3700000,984825000,445480000,1430305000,Ya
ATR001524,3671015903831524,Ruko,HGB,37727/Rawa Buntu,Jawa Barat,Tangerang Selatan,Serpong,Rawa Buntu,118.1,84.3,12030000,3580000,1420743000,301794000,1722537000,Ya
ATR001525,3671014112701525,Tanah,HGB,87347/Paledang,Jawa Barat,Bogor,Bogor Tengah,Paledang,252.4,0.0,7450000,3850000,1880380000,0,1880380000,Ya
ATR001526,3671016104931526,Rumah,SHM,78814/Poris Plawad,Banten,Tangerang,Cipondoh,Poris Plawad,381.7,265.6,6670000,3200000,2545939000,849920000,3395859000,Ya
ATR001527,3671012402731527,Ruko,HGB,42528/Tebet Timur,DKI Jakarta,Jakarta Selatan,Tebet,Tebet Timur,390.5,463.7,24720000,6240000,9653160000,2893488000,12546648000,Ya
ATR001528,3674012003771528,Tanah,SHM,33047/Rawa Buntu,Jawa Barat,Tangerang Selatan,Serpong,Rawa Buntu,63.2,0.0,11790000,3460000,745128000,0,745128000,Ya
ATR001529,3674012609781529,Ruko,SHM,96371/Cikini,DKI Jakarta,Jakarta Pusat,Cikini,Cikini,175.1,153.9,41360000,6660000,7242136000,1024974000,8267110000,Ya
ATR001530,3276016004821530,Ruko,HGB,69362/Margahayu,Jawa Barat,Bekasi,Bekasi Timur,Margahayu,207.6,239.9,8970000,3190000,1862172000,765281000,2627453000,Ya
ATR001531,3173014812731531,Ruko,HGB,60976/Bintara,Jawa Barat,Bekasi,Bekasi Barat,Bintara,156.7,84.2,9460000,4210000,1482382000,354482000,1836864000,Ya
ATR001532,3671014103711532,Ruko,HGB,24912/Cengkareng Barat,DKI Jakarta,Jakarta Barat,Cengkareng,Cengkareng Barat,336.2,397.6,17990000,3900000,6048238000,1550640000,7598878000,Ya
ATR001533,3171012409881533,Ruko,HGB,30275/Kramat Jati,DKI Jakarta,Jakarta Timur,Kramat Jati,Kramat Jati,169.0,159.2,15570000,3880000,2631330000,617696000,3249026000,Ya
ATR001534,3671015006921534,Tanah,SHM,46782/Kramat Jati,DKI Jakarta,Jakarta Timur,Kramat Jati,Kramat Jati,211.1,0.0,16680000,4080000,3521148000,0,3521148000,Ya
ATR001535,3271016803001535,Ruko,HGB,27237/Kemiri Muka,Jawa Barat,Depok,Beji,Kemiri Muka,60.1,68.8,8740000,3450000,525274000,237360000,762634000,Ya
ATR001536,3276015610901536,Ruko,HGB,25993/Poris Plawad,Banten,Tangerang,Cipondoh,Poris Plawad,224.9,176.3,7100000,3870000,1596790000,682281000,2279071000,Ya
ATR001537,3172014606971537,Rumah,HGB,19852/Cakung Barat,DKI Jakarta,Jakarta Timur,Cakung,Cakung Barat,68.0,57.4,13350000,3760000,907800000,215824000,1123624000,Ya
ATR001538,3671011610701538,Ruko,HGB,15814/Bojong Jaya,Banten,Tangerang,Karawaci,Bojong Jaya,317.9,313.1,9190000,3120000,2921501000,976872000,3898373000,Ya
ATR001539,3671015508811539,Ruko,SHM,89326/Kemiri Muka,Jawa Barat,Depok,Beji,Kemiri Muka,271.7,181.0,10010000,3850000,2719717000,696850000,3416567000,Ya
ATR001540,3271015102821540,Rumah,SHM,60375/Cengkareng Barat,DKI Jakarta,Jakarta Barat,Cengkareng,Cengkareng Barat,382.5,449.0,17070000,3670000,6529275000,1647830000,8177105000,Ya
ATR001541,3171010212971541,Tanah,SHM,90786/Rawa Buntu,Jawa Barat,Tangerang Selatan,Serpong,Rawa Buntu,227.5,0.0,10780000,4570000,2452450000,0,2452450000,Ya
ATR001542,3275016509901542,Tanah,SHM,86312/Cikini,DKI Jakarta,Jakarta Pusat,Cikini,Cikini,225.7,0.0,38370000,6250000,8660109000,0,8660109000,Ya
ATR001543,3174017012741543,Gudang,HGB,11928/Rawa Buntu,Jawa Barat,Tangerang Selatan,Serpong,Rawa Buntu,206.3,148.5,13400000,3450000,2764420000,512325000,3276745000,Ya
ATR001544,3175011007851544,Ruko,HGB,76433/Kelapa Gading Barat,DKI Jakarta,Jakarta Utara,Kelapa Gading,Kelapa Gading Barat,343.2,253.3,27170000,4470000,9324744000,1132251000,10456995000,Tidak
ATR001545,3674016001001545,Ruko,SHM,17501/Bintara,Jawa Barat,Bekasi,Bekasi Barat,Bintara,239.0,177.5,8630000,3310000,2062570000,587525000,2650095000,Tidak
ATR001546,3173012708841546,Rumah,SHM,93096/Sukabumi Selatan,DKI Jakarta,Jakarta Barat,Kebon Jeruk,Sukabumi Selatan,73.4,75.2,21620000,5670000,1586908000,426384000,2013292000,Ya
ATR001547,3671010802671547,Rumah,HGB,95372/Tebet Timur,DKI Jakarta,Jakarta Selatan,Tebet,Tebet Timur,240.9,213.4,29700000,4790000,7154730000,1022186000,8176916000,Ya
ATR001548,3671014412731548,Gudang,HGB,92123/Kemiri Muka,Jawa Barat,Depok,Beji,Kemiri Muka,133.0,145.0,9070000,3880000,1206310000,562600000,1768910000,Ya
ATR001549,3671010209741549,Ruko,HGB,90412/Gunung,DKI Jakarta,Jakarta Selatan,Kebayoran Baru,Gunung,353.0,442.6,45250000,5730000,15973250000,2536098000,18509348000,Ya
ATR001550,3671016601951550,Tanah,SHM,51825/Kelapa Gading Barat,DKI Jakarta,Jakarta Utara,Kelapa Gading,Kelapa Gading Barat,76.9,0.0,23260000,5440000,1788694000,0,1788694000,Ya
ATR001551,3171016106771551,Rumah,SHM,98783/Kramat Jati,DKI Jakarta,Jakarta Timur,Kramat Jati,Kramat Jati,381.0,311.3,19050000,4490000,7258050000,1397737000,8655787000,Ya
ATR001552,3171016402771552,Ruko,HGB,14070/Bojong Jaya,Banten,Tangerang,Karawaci,Bojong Jaya,151.0,130.5,8920000,3820000,1346920000,498510000,1845430000,Tidak
ATR001553,3171011009941553,Tanah,SHM,70344/Rawa Buntu,Jawa Barat,Tangerang Selatan,Serpong,Rawa Buntu,172.0,0.0,10350000,4000000,1780200000,0,1780200000,Ya
ATR001554,3173016210931554,Rumah,SHM,36782/Menteng,DKI Jakarta,Jakarta Pusat,Menteng,Menteng,117.3,130.0,63000000,7370000,7389900000,958100000,8348000000,Ya
ATR001555,3172014810841555,Tanah,HGB,77022/Margahayu,Jawa Barat,Bekasi,Bekasi Timur,Margahayu,357.6,0.0,8490000,3550000,3036024000,0,3036024000,Ya
ATR001556,3172012901001556,Rumah,HGB,83184/Tebet Timur,DKI Jakarta,Jakarta Selatan,Tebet,Tebet Timur,348.9,308.5,26930000,5490000,9395877000,1693665000,11089542000,Ya
ATR001557,3671010104851557,Rumah,HGB,37449/Rawa Buntu,Jawa Barat,Tangerang Selatan,Serpong,Rawa Buntu,124.3,151.7,12630000,4160000,1569909000,631072000,2200981000,Ya
ATR001558,3674012003011558,Tanah,SHM,36005/Paledang,Jawa Barat,Bogor,Bogor Tengah,Paledang,265.4,0.0,6200000,2970000,1645480000,0,1645480000,Ya
ATR001559,3275011405911559,Rumah,HGB,74983/Kramat Jati,DKI Jakarta,Jakarta Timur,Kramat Jati,Kramat Jati,196.9,191.2,15780000,4410000,3107082000,843192000,3950274000,Ya
ATR001560,3173012505821560,Tanah,SHM,19523/Kemiri Muka,Jawa Barat,Depok,Beji,Kemiri Muka,395.6,0.0,10180000,4010000,4027208000,0,4027208000,Ya
ATR001561,3173016611721561,Tanah,SHM,49902/Poris Plawad,Banten,Tangerang,Cipondoh,Poris Plawad,92.2,0.0,8570000,3180000,790154000,0,790154000,Ya
ATR001562,3271011211841562,Rumah,HGB,41547/Sukabumi Selatan,DKI Jakarta,Jakarta Barat,Kebon Jeruk,Sukabumi Selatan,281.0,146.1,24050000,5050000,6758050000,737805000,7495855000,Ya
ATR001563,3175011507921563,Ruko,HGB,84710/Gunung,DKI Jakarta,Jakarta Selatan,Kebayoran Baru,Gunung,80.9,51.0,50330000,6330000,4071697000,322830000,4394527000,Ya
ATR001564,3671016710821564,Rumah,HGB,77189/Paledang,Jawa Barat,Bogor,Bogor Tengah,Paledang,82.3,86.6,7150000,3300000,588445000,285780000,874225000,Ya
ATR001565,3271012608001565,Tanah,SHM,82894/Cengkareng Barat,DKI Jakarta,Jakarta Barat,Cengkareng,Cengkareng Barat,133.7,0.0,16810000,4790000,2247497000,0,2247497000,Ya
ATR001566,3172014201711566,Tanah,HGB,46604/Gunung,DKI Jakarta,Jakarta Selatan,Kebayoran Baru,Gunung,263.0,0.0,43980000,5900000,11566740000,0,11566740000,Ya
ATR001567,3276012011661567,Tanah,SHM,39936/Mekarjaya,Jawa Barat,Depok,Sukmajaya,Mekarjaya,340.5,0.0,8460000,3650000,2880630000,0,2880630000,Ya
ATR001568,3173016409721568,Tanah,HGB,56767/Menteng,DKI Jakarta,Jakarta Pusat,Menteng,Menteng,121.8,0.0,48170000,6920000,5867106000,0,5867106000,Ya
ATR001569,3671011005691569,Rumah,SHM,38469/Mekarjaya,Jawa Barat,Depok,Sukmajaya,Mekarjaya,294.6,239.3,8289999,3570000,2442234000,854301000,3296535000,Ya
ATR001570,3171012502031570,Tanah,SHM,24010/Gunung,DKI Jakarta,Jakarta Selatan,Kebayoran Baru,Gunung,94.2,0.0,42430000,6290000,3996906000,0,3996906000,Ya
ATR001571,3674015301891571,Tanah,SHM,68690/Cikini,DKI Jakarta,Jakarta Pusat,Cikini,Cikini,157.3,0.0,39520000,5450000,6216496000,0,6216496000,Ya
ATR001572,3276012207021572,Rumah,SHM,28422/Tebet Timur,DKI Jakarta,Jakarta Selatan,Tebet,Tebet Timur,67.8,82.5,25570000,5050000,1733646000,416625000,2150271000,Ya
ATR001573,3671012210991573,Ruko,SHM,20401/Paledang,Jawa Barat,Bogor,Bogor Tengah,Paledang,103.3,104.5,6110000,3030000,631163000,316635000,947798000,Ya
ATR001574,3671010601701574,Rumah,SHM,13168/Bojong Jaya,Banten,Tangerang,Karawaci,Bojong Jaya,175.5,187.1,9160000,3340000,1607580000,624914000,2232494000,Ya
ATR001575,3175016604721575,Tanah,HGB,25250/Kemiri Muka,Jawa Barat,Depok,Beji,Kemiri Muka,99.5,0.0,10110000,3730000,1005945000,0,1005945000,Ya
ATR001576,3276011001021576,Rumah,HGB,31949/Margahayu,Jawa Barat,Bekasi,Bekasi Timur,Margahayu,265.4,317.7,9200000,3720000,2441680000,1181844000,3623524000,Ya
ATR001577,3174010311741577,Tanah,SHM,11269/Margahayu,Jawa Barat,Bekasi,Bekasi Timur,Margahayu,136.6,0.0,7420000,3580000,1013572000,0,1013572000,Ya
ATR001578,3671010409731578,Rumah,SHM,15573/Poris Plawad,Banten,Tangerang,Cipondoh,Poris Plawad,370.7,294.6,7220000,3280000,2676454000,966288000,3642742000,Ya
ATR001579,3172010311961579,Gudang,SHM,70251/Tebet Timur,DKI Jakarta,Jakarta Selatan,Tebet,Tebet Timur,281.3,278.9,26610000,6020000,7485393000,1678978000,9164371000,Ya
ATR001580,3671011105721580,Ruko,SHM,39557/Kramat Jati,DKI Jakarta,Jakarta Timur,Kramat Jati,Kramat Jati,356.1,324.1,17450000,4500000,6213945000,1458450000,7672395000,Ya
ATR001581,3275010709871581,Ruko,SHM,30460/Margahayu,Jawa Barat,Bekasi,Bekasi Timur,Margahayu,64.3,77.0,7870000,3430000,506041000,264110000,770151000,Ya
ATR001582,3671010811991582,Rumah,SHM,19851/Cakung Barat,DKI Jakarta,Jakarta Timur,Cakung,Cakung Barat,209.4,187.8,11650000,4210000,2439510000,790638000,3230148000,Ya
ATR001583,3671010209801583,Ruko,SHM,33150/Cakung Barat,DKI Jakarta,Jakarta Timur,Cakung,Cakung Barat,386.9,378.9,13110000,3530000,5072259000,1337517000,6409776000,Ya
ATR001584,3674014604691584,Ruko,SHM,88217/Tebet Timur,DKI Jakarta,Jakarta Selatan,Tebet,Tebet Timur,174.5,166.7,31030000,4800000,5414735000,800160000,6214895000,Ya
ATR001585,3172015909701585,Tanah,HGB,60877/Kelapa Gading Barat,DKI Jakarta,Jakarta Utara,Kelapa Gading,Kelapa Gading Barat,349.1,0.0,22850000,5460000,7976935000,0,7976935000,Ya
ATR001586,3671014904891586,Tanah,SHM,62819/Margahayu,Jawa Barat,Bekasi,Bekasi Timur,Margahayu,343.2,0.0,7100000,3200000,2436720000,0,2436720000,Ya
ATR001587,3671014504991587,Gudang,HGB,28720/Gunung,DKI Jakarta,Jakarta Selatan,Kebayoran Baru,Gunung,381.8,317.7,42660000,6190000,16287588000,1966563000,18254151000,Ya
ATR001588,3671016805801588,Tanah,HGB,57770/Paledang,Jawa Barat,Bogor,Bogor Tengah,Paledang,344.6,0.0,8039999,2910000,2770584000,0,2770584000,Ya
ATR001589,3173011001771589,Ruko,SHM,66872/Gunung,DKI Jakarta,Jakarta Selatan,Kebayoran Baru,Gunung,267.2,309.0,42100000,5530000,11249120000,1708770000,12957890000,Ya
ATR001590,3172016701001590,Ruko,HGB,39974/Cakung Barat,DKI Jakarta,Jakarta Timur,Cakung,Cakung Barat,79.2,63.0,12020000,4070000,951984000,256410000,1208394000,Ya
ATR001591,3671014301011591,Gudang,HGB,13568/Sukabumi Selatan,DKI Jakarta,Jakarta Barat,Kebon Jeruk,Sukabumi Selatan,180.6,178.8,22560000,5070000,4074336000,906516000,4980852000,Ya
ATR001592,3671013101821592,Gudang,SHM,65209/Menteng,DKI Jakarta,Jakarta Pusat,Menteng,Menteng,148.2,84.1,48720000,5960000,7220304000,501236000,7721540000,Ya
ATR001593,3671011206651593,Rumah,SHM,14674/Cikini,DKI Jakarta,Jakarta Pusat,Cikini,Cikini,345.8,366.9,43470000,5730000,15031926000,2102337000,17134263000,Ya
ATR001594,3671016410651594,Ruko,HGB,59527/Kelapa Gading Barat,DKI Jakarta,Jakarta Utara,Kelapa Gading,Kelapa Gading Barat,193.9,126.7,21710000,5340000,4209569000,676578000,4886147000,Tidak
ATR001595,3276010510921595,Rumah,SHM,57603/Menteng,DKI Jakarta,Jakarta Pusat,Menteng,Menteng,116.7,62.7,59610000,6020000,6956487000,377454000,7333941000,Ya
ATR001596,3174015101651596,Ruko,HGB,23172/Duren Tiga,DKI Jakarta,Jakarta Selatan,Pancoran,Duren Tiga,299.3,376.1,29180000,5770000,8733574000,2170097000,10903671000,Ya
ATR001597,3271011005691597,Tanah,SHM,13842/Cakung Barat,DKI Jakarta,Jakarta Timur,Cakung,Cakung Barat,274.4,0.0,11820000,3630000,3243408000,0,3243408000,Ya
ATR001598,3174016310881598,Rumah,SHM,17223/Poris Plawad,Banten,Tangerang,Cipondoh,Poris Plawad,239.7,275.3,8029999,3570000,1924791000,982821000,2907612000,Ya
ATR001599,3174015205751599,Ruko,SHM,48458/Poris Plawad,Banten,Tangerang,Cipondoh,Poris Plawad,305.0,274.6,8390000,3830000,2558950000,1051718000,3610668000,Ya
ATR001600,3271016405721600,Rumah,SHM,93587/Tebet Timur,DKI Jakarta,Jakarta Selatan,Tebet,Tebet Timur,339.0,179.7,26880000,5570000,9112320000,1000929000,10113249000,Ya
ATR001601,3276014704731601,Rumah,HGB,64378/Cakung Barat,DKI Jakarta,Jakarta Timur,Cakung,Cakung Barat,313.7,158.9,10810000,4099999,3391097000,651490000,4042587000,Ya
ATR001602,3674015410781602,Tanah,SHM,39136/Pluit,DKI Jakarta,Jakarta Utara,Pluit,Pluit,371.7,0.0,28660000,5570000,10652922000,0,10652922000,Ya
ATR001603,3171016112881603,Tanah,HGB,72982/Margahayu,Jawa Barat,Bekasi,Bekasi Timur,Margahayu,60.4,0.0,7090000,3640000,428236000,0,428236000,Ya
ATR001604,3671012402651604,Tanah,SHM,87076/Cengkareng Barat,DKI Jakarta,Jakarta Barat,Cengkareng,Cengkareng Barat,201.9,0.0,17110000,4230000,3454509000,0,3454509000,Ya
ATR001605,3671013005931605,Ruko,SHM,11528/Pluit,DKI Jakarta,Jakarta Utara,Pluit,Pluit,125.3,146.9,28820000,5930000,3611146000,871117000,4482263000,Ya
ATR001606,3171016103911606,Ruko,HGB,23365/Tebet Timur,DKI Jakarta,Jakarta Selatan,Tebet,Tebet Timur,396.7,264.8,23900000,6320000,9481130000,1673536000,11154666000,Ya
ATR001607,3173016712671607,Tanah,HGB,73981/Margahayu,Jawa Barat,Bekasi,Bekasi Timur,Margahayu,287.1,0.0,7220000,3690000,2072862000,0,2072862000,Ya
ATR001608,3271016602861608,Tanah,HGB,66429/Bintara,Jawa Barat,Bekasi,Bekasi Barat,Bintara,168.9,0.0,9460000,3440000,1597794000,0,1597794000,Ya
ATR001609,3175015701911609,Tanah,SHM,45125/Rawa Buntu,Jawa Barat,Tangerang Selatan,Serpong,Rawa Buntu,174.4,0.0,10960000,3780000,1911424000,0,1911424000,Ya
ATR001610,3275012112741610,Rumah,SHM,39510/Margahayu,Jawa Barat,Bekasi,Bekasi Timur,Margahayu,366.7,299.9,7390000,3540000,2709913000,1061646000,3771559000,Ya
ATR001611,3671012802841611,Rumah,HGB,57284/Poris Plawad,Banten,Tangerang,Cipondoh,Poris Plawad,313.1,399.8,7360000,3770000,2304416000,1507246000,3811662000,Ya
ATR001612,3276010706651612,Ruko,HGB,60922/Rawa Buntu,Jawa Barat,Tangerang Selatan,Serpong,Rawa Buntu,113.5,119.5,12050000,4179999,1367675000,499510000,1867185000,Ya
ATR001613,3271016404021613,Ruko,SHM,22803/Kelapa Gading Barat,DKI Jakarta,Jakarta Utara,Kelapa Gading,Kelapa Gading Barat,209.7,256.0,26880000,5180000,5636736000,1326080000,6962816000,Ya
ATR001614,3276015402781614,Tanah,SHM,28408/Rawa Buntu,Jawa Barat,Tangerang Selatan,Serpong,Rawa Buntu,170.7,0.0,13740000,4200000,2345418000,0,2345418000,Ya
ATR001615,3276014206741615,Tanah,SHM,59191/Cakung Barat,DKI Jakarta,Jakarta Timur,Cakung,Cakung Barat,171.1,0.0,12440000,3470000,2128484000,0,2128484000,Ya
ATR001616,3174011611881616,Tanah,SHM,63211/Bintara,Jawa Barat,Bekasi,Bekasi Barat,Bintara,213.0,0.0,8550000,3730000,1821150000,0,1821150000,Ya
ATR001617,3172010109911617,Ruko,SHM,73780/Tebet Timur,DKI Jakarta,Jakarta Selatan,Tebet,Tebet Timur,116.0,122.0,28120000,5010000,3261920000,611220000,3873140000,Ya
ATR001618,3671015110921618,Tanah,HGB,25726/Bintara,Jawa Barat,Bekasi,Bekasi Barat,Bintara,261.2,0.0,7850000,3400000,2050420000,0,2050420000,Ya
ATR001619,3172012204671619,Gudang,HGB,70486/Poris Plawad,Banten,Tangerang,Cipondoh,Poris Plawad,336.2,370.5,8070000,3620000,2713134000,1341210000,4054344000,Ya
ATR001620,3671010509931620,Ruko,SHM,46774/Paledang,Jawa Barat,Bogor,Bogor Tengah,Paledang,222.2,225.3,6030000,3520000,1339866000,793056000,2132922000,Ya
ATR001621,3674015202991621,Tanah,HGB,94869/Margahayu,Jawa Barat,Bekasi,Bekasi Timur,Margahayu,230.1,0.0,7660000,3360000,1762566000,0,1762566000,Ya
ATR001622,3671012509981622,Ruko,HGB,35726/Kramat Jati,DKI Jakarta,Jakarta Timur,Kramat Jati,Kramat Jati,295.6,353.8,17150000,4860000,5069540000,1719468000,6789008000,Ya
ATR001623,3671017110011623,Rumah,HGB,31583/Kemiri Muka,Jawa Barat,Depok,Beji,Kemiri Muka,360.2,332.2,10050000,3890000,3620010000,1292258000,4912268000,Ya
ATR001624,3671016212831624,Tanah,SHM,43697/Tebet Timur,DKI Jakarta,Jakarta Selatan,Tebet,Tebet Timur,388.0,0.0,24420000,4760000,9474960000,0,9474960000,Ya
ATR001625,3671016411651625,Gudang,SHM,13915/Bojong Jaya,Banten,Tangerang,Karawaci,Bojong Jaya,240.2,238.3,8950000,3160000,2149790000,753028000,2902818000,Ya
ATR001626,3671014609801626,Rumah,HGB,39816/Sukabumi Selatan,DKI Jakarta,Jakarta Barat,Kebon Jeruk,Sukabumi Selatan,314.1,235.4,20720000,5510000,6508152000,1297054000,7805206000,Ya
ATR001627,3671010112661627,Rumah,HGB,21585/Kelapa Gading Barat,DKI Jakarta,Jakarta Utara,Kelapa Gading,Kelapa Gading Barat,359.6,253.6,25700000,5880000,9241720000,1491168000,10732888000,Ya
ATR001628,3671016403741628,Rumah,SHM,71474/Cengkareng Barat,DKI Jakarta,Jakarta Barat,Cengkareng,Cengkareng Barat,200.9,211.3,15250000,3920000,3063725000,828296000,3892021000,Tidak
ATR001629,3175014911751629,Ruko,HGB,48723/Menteng,DKI Jakarta,Jakarta Pusat,Menteng,Menteng,315.3,320.3,52610000,5620000,16587933000,1800086000,18388019000,Ya
ATR001630,3174015003941630,Tanah,HGB,57622/Pluit,DKI Jakarta,Jakarta Utara,Pluit,Pluit,248.4,0.0,29120000,5360000,7233408000,0,7233408000,Ya
ATR001631,3173014701781631,Rumah,SHM,83391/Poris Plawad,Banten,Tangerang,Cipondoh,Poris Plawad,71.4,56.6,6910000,3350000,493374000,189610000,682984000,Ya
ATR001632,3671014805991632,Tanah,SHM,65906/Gunung,DKI Jakarta,Jakarta Selatan,Kebayoran Baru,Gunung,384.4,0.0,41260000,6760000,15860344000,0,15860344000,Ya
ATR001633,3275016508011633,Rumah,HGB,35663/Poris Plawad,Banten,Tangerang,Cipondoh,Poris Plawad,395.1,372.7,8470000,2900000,3346497000,1080830000,4427327000,Ya
ATR001634,3674016502021634,Rumah,HGB,27725/Pluit,DKI Jakarta,Jakarta Utara,Pluit,Pluit,367.0,224.5,23730000,5180000,8708910000,1162910000,9871820000,Ya
ATR001635,3175012805711635,Ruko,HGB,36624/Mekarjaya,Jawa Barat,Depok,Sukmajaya,Mekarjaya,244.4,225.3,7580000,3060000,1852552000,689418000,2541970000,Ya
ATR001636,3671016207911636,Ruko,SHM,89980/Kemiri Muka,Jawa Barat,Depok,Beji,Kemiri Muka,89.8,90.4,11240000,3470000,1009352000,313688000,1323040000,Ya
ATR001637,3671016207901637,Ruko,SHM,44219/Tebet Timur,DKI Jakarta,Jakarta Selatan,Tebet,Tebet Timur,86.8,85.3,25180000,5890000,2185624000,502417000,2688041000,Ya
ATR001638,3175011202891638,Tanah,SHM,44618/Pluit,DKI Jakarta,Jakarta Utara,Pluit,Pluit,217.6,0.0,27810000,4780000,6051456000,0,6051456000,Ya
ATR001639,3271011810991639,Ruko,HGB,15400/Kemiri Muka,Jawa Barat,Depok,Beji,Kemiri Muka,162.9,167.8,8970000,4010000,1461213000,672878000,2134091000,Ya
ATR001640,3671016012871640,Ruko,HGB,10790/Cikini,DKI Jakarta,Jakarta Pusat,Cikini,Cikini,204.6,142.8,42980000,5570000,8793708000,795396000,9589104000,Ya
ATR001641,3671016202921641,Rumah,HGB,17765/Mekarjaya,Jawa Barat,Depok,Sukmajaya,Mekarjaya,363.2,238.7,8790000,3150000,3192528000,751905000,3944433000,Ya
ATR001642,3276015010661642,Tanah,SHM,57579/Kemiri Muka,Jawa Barat,Depok,Beji,Kemiri Muka,302.5,0.0,10480000,3940000,3170200000,0,3170200000,Ya
ATR001643,3175014101991643,Rumah,SHM,96604/Kramat Jati,DKI Jakarta,Jakarta Timur,Kramat Jati,Kramat Jati,188.5,109.8,19180000,4510000,3615430000,495198000,4110628000,Ya
ATR001644,3172010811931644,Tanah,SHM,68996/Duren Tiga,DKI Jakarta,Jakarta Selatan,Pancoran,Duren Tiga,144.6,0.0,28420000,5230000,4109532000,0,4109532000,Ya
ATR001645,3671010704661645,Tanah,SHM,81563/Kemiri Muka,Jawa Barat,Depok,Beji,Kemiri Muka,176.0,0.0,10910000,4250000,1920160000,0,1920160000,Ya
ATR001646,3276016804731646,Gudang,HGB,49212/Tebet Timur,DKI Jakarta,Jakarta Selatan,Tebet,Tebet Timur,214.9,112.7,31190000,4700000,6702731000,529690000,7232421000,Tidak
ATR001647,3674010308881647,Rumah,HGB,98993/Duren Tiga,DKI Jakarta,Jakarta Selatan,Pancoran,Duren Tiga,226.3,175.1,33820000,4720000,7653466000,826472000,8479938000,Ya
ATR001648,3174015810711648,Tanah,SHM,68868/Gunung,DKI Jakarta,Jakarta Selatan,Kebayoran Baru,Gunung,246.6,0.0,41210000,5870000,10162386000,0,10162386000,Ya
ATR001649,3671015306651649,Rumah,HGB,82675/Gunung,DKI Jakarta,Jakarta Selatan,Kebayoran Baru,Gunung,307.2,153.8,50900000,5400000,15636480000,830520000,16467000000,Ya
ATR001650,3671010203661650,Ruko,HGB,34632/Kramat Jati,DKI Jakarta,Jakarta Timur,Kramat Jati,Kramat Jati,149.6,79.3,15960000,5160000,2387616000,409188000,2796804000,Ya
ATR001651,3172012106011651,Tanah,HGB,91059/Cakung Barat,DKI Jakarta,Jakarta Timur,Cakung,Cakung Barat,99.2,0.0,10590000,4260000,1050528000,0,1050528000,Ya
ATR001652,3174016901011652,Tanah,SHM,86682/Menteng,DKI Jakarta,Jakarta Pusat,Menteng,Menteng,147.4,0.0,47100000,5960000,6942540000,0,6942540000,Ya
ATR001653,3271012909781653,Ruko,HGB,66894/Kemiri Muka,Jawa Barat,Depok,Beji,Kemiri Muka,95.2,80.5,9190000,3820000,874888000,307510000,1182398000,Ya
ATR001654,3671015009651654,Tanah,SHM,60170/Menteng,DKI Jakarta,Jakarta Pusat,Menteng,Menteng,379.8,0.0,61700000,6630000,23433660000,0,23433660000,Ya
ATR001655,3674014102731655,Rumah,HGB,72850/Kelapa Gading Barat,DKI Jakarta,Jakarta Utara,Kelapa Gading,Kelapa Gading Barat,189.6,157.3,26710000,5120000,5064216000,805376000,5869592000,Ya
ATR001656,3173014705831656,Rumah,HGB,60123/Margahayu,Jawa Barat,Bekasi,Bekasi Timur,Margahayu,381.0,292.9,8150000,3160000,3105150000,925564000,4030714000,Ya
ATR001657,3271014901701657,Rumah,SHM,82755/Kramat Jati,DKI Jakarta,Jakarta Timur,Kramat Jati,Kramat Jati,200.6,133.4,20030000,4040000,4018018000,538936000,4556954000,Ya
ATR001658,3671012412981658,Gudang,SHM,99194/Cengkareng Barat,DKI Jakarta,Jakarta Barat,Cengkareng,Cengkareng Barat,265.9,280.1,15440000,4670000,4105496000,1308067000,5413563000,Ya
ATR001659,3275010806651659,Ruko,HGB,42481/Duren Tiga,DKI Jakarta,Jakarta Selatan,Pancoran,Duren Tiga,209.4,116.0,29680000,6030000,6214992000,699480000,6914472000,Ya
ATR001660,3271011910921660,Ruko,SHM,56685/Poris Plawad,Banten,Tangerang,Cipondoh,Poris Plawad,342.9,307.0,6640000,2900000,2276856000,890300000,3167156000,Ya
ATR001661,3671016405021661,Ruko,SHM,77455/Mekarjaya,Jawa Barat,Depok,Sukmajaya,Mekarjaya,297.3,336.6,7980000,3600000,2372454000,1211760000,3584214000,Ya
ATR001662,3174015901751662,Tanah,SHM,78284/Kemiri Muka,Jawa Barat,Depok,Beji,Kemiri Muka,199.6,0.0,9190000,3390000,1834324000,0,1834324000,Ya
ATR001663,3671011510951663,Ruko,SHM,42883/Bintara,Jawa Barat,Bekasi,Bekasi Barat,Bintara,78.8,51.9,7670000,3950000,604396000,205005000,809401000,Ya
ATR001664,3671012702761664,Rumah,SHM,52248/Sukabumi Selatan,DKI Jakarta,Jakarta Barat,Kebon Jeruk,Sukabumi Selatan,390.9,256.0,20980000,4790000,8201082000,1226240000,9427322000,Ya
ATR001665,3173012310001665,Tanah,SHM,34334/Pluit,DKI Jakarta,Jakarta Utara,Pluit,Pluit,345.3,0.0,23210000,6000000,8014413000,0,8014413000,Ya
ATR001666,3671011303981666,Ruko,HGB,83979/Bojong Jaya,Banten,Tangerang,Karawaci,Bojong Jaya,242.1,226.3,9420000,3480000,2280582000,787524000,3068106000,Ya
ATR001667,3174015104671667,Rumah,SHM,83767/Menteng,DKI Jakarta,Jakarta Pusat,Menteng,Menteng,75.2,40.9,54290000,6600000,4082608000,269940000,4352548000,Ya
ATR001668,3172012710681668,Tanah,HGB,34336/Rawa Buntu,Jawa Barat,Tangerang Selatan,Serpong,Rawa Buntu,95.6,0.0,13160000,3650000,1258096000,0,1258096000,Ya
ATR001669,3175014802011669,Ruko,SHM,54415/Rawa Buntu,Jawa Barat,Tangerang Selatan,Serpong,Rawa Buntu,167.6,137.5,10740000,4000000,1800024000,550000000,2350024000,Ya
ATR001670,3271011709771670,Tanah,HGB,74092/Cakung Barat,DKI Jakarta,Jakarta Timur,Cakung,Cakung Barat,210.1,0.0,11970000,4420000,2514897000,0,2514897000,Ya
ATR001671,3671014405011671,Ruko,SHM,16957/Sukabumi Selatan,DKI Jakarta,Jakarta Barat,Kebon Jeruk,Sukabumi Selatan,226.8,160.2,24540000,5120000,5565672000,820224000,6385896000,Ya
ATR001672,3275015209711672,Ruko,HGB,12432/Sukabumi Selatan,DKI Jakarta,Jakarta Barat,Kebon Jeruk,Sukabumi Selatan,151.5,173.1,18990000,5740000,2876985000,993594000,3870579000,Ya
ATR001673,3276011906831673,Ruko,HGB,70806/Menteng,DKI Jakarta,Jakarta Pusat,Menteng,Menteng,330.7,269.8,54870000,7240000,18145509000,1953352000,20098861000,Ya
ATR001674,3671013009891674,Ruko,SHM,86241/Margahayu,Jawa Barat,Bekasi,Bekasi Timur,Margahayu,242.7,130.9,6810000,3320000,1652787000,434588000,2087375000,Ya
ATR001675,3674015802701675,Ruko,HGB,11664/Menteng,DKI Jakarta,Jakarta Pusat,Menteng,Menteng,101.2,59.8,53530000,6790000,5417236000,406042000,5823278000,Ya
ATR001676,3171015103901676,Ruko,HGB,14588/Paledang,Jawa Barat,Bogor,Bogor Tengah,Paledang,120.7,68.0,7920000,3160000,955944000,214880000,1170824000,Ya
ATR001677,3671013001681677,Gudang,HGB,50178/Bintara,Jawa Barat,Bekasi,Bekasi Barat,Bintara,353.6,395.3,8109999,4170000,2867696000,1648401000,4516097000,Ya
ATR001678,3175017112781678,Gudang,HGB,13211/Bintara,Jawa Barat,Bekasi,Bekasi Barat,Bintara,262.9,202.4,8359999,3370000,2197844000,682088000,2879932000,Ya
ATR001679,3172015412681679,Ruko,SHM,50554/Kemiri Muka,Jawa Barat,Depok,Beji,Kemiri Muka,259.0,204.0,9930000,3640000,2571870000,742560000,3314430000,Ya
ATR001680,3674012309681680,Rumah,HGB,71711/Sukabumi Selatan,DKI Jakarta,Jakarta Barat,Kebon Jeruk,Sukabumi Selatan,366.4,231.2,21220000,4460000,7775008000,1031152000,8806160000,Ya
ATR001681,3674014403651681,Ruko,HGB,42202/Cakung Barat,DKI Jakarta,Jakarta Timur,Cakung,Cakung Barat,307.8,383.4,11200000,4540000,3447360000,1740636000,5187996000,Ya
ATR001682,3671016811871682,Ruko,HGB,58845/Menteng,DKI Jakarta,Jakarta Pusat,Menteng,Menteng,265.0,144.6,61500000,6560000,16297500000,948576000,17246076000,Ya
ATR001683,3173011911691683,Rumah,HGB,88572/Kemiri Muka,Jawa Barat,Depok,Beji,Kemiri Muka,342.7,212.6,8620000,4230000,2954074000,899298000,3853372000,Ya
ATR001684,3275015310781684,Ruko,HGB,33600/Mekarjaya,Jawa Barat,Depok,Sukmajaya,Mekarjaya,103.9,90.9,8750000,3090000,909125000,280881000,1190006000,Ya
ATR001685,3671014405721685,Tanah,HGB,38631/Kemiri Muka,Jawa Barat,Depok,Beji,Kemiri Muka,71.2,0.0,9760000,4250000,694912000,0,694912000,Tidak
ATR001686,3174017001951686,Gudang,SHM,74097/Kramat Jati,DKI Jakarta,Jakarta Timur,Kramat Jati,Kramat Jati,276.6,174.1,20190000,4520000,5584554000,786932000,6371486000,Ya
ATR001687,3276010510781687,Tanah,SHM,84838/Gunung,DKI Jakarta,Jakarta Selatan,Kebayoran Baru,Gunung,373.4,0.0,48480000,6420000,18102432000,0,18102432000,Ya
ATR001688,3674016508761688,Rumah,HGB,52093/Gunung,DKI Jakarta,Jakarta Selatan,Kebayoran Baru,Gunung,128.1,85.7,47540000,5500000,6089874000,471350000,6561224000,Ya
ATR001689,3671014909681689,Gudang,HGB,18243/Menteng,DKI Jakarta,Jakarta Pusat,Menteng,Menteng,325.9,367.3,54230000,7070000,17673557000,2596811000,20270368000,Ya
ATR001690,3276010507691690,Rumah,SHM,68763/Sukabumi Selatan,DKI Jakarta,Jakarta Barat,Kebon Jeruk,Sukabumi Selatan,282.6,192.9,20510000,4720000,5796126000,910488000,6706614000,Ya
ATR001691,3671014608681691,Rumah,SHM,29701/Margahayu,Jawa Barat,Bekasi,Bekasi Timur,Margahayu,152.9,102.1,7890000,4040000,1206381000,412484000,1618865000,Ya
ATR001692,3275011506911692,Ruko,HGB,60416/Poris Plawad,Banten,Tangerang,Cipondoh,Poris Plawad,304.9,320.1,6590000,3830000,2009291000,1225983000,3235274000,Ya
ATR001693,3671015805971693,Tanah,HGB,14376/Bojong Jaya,Banten,Tangerang,Karawaci,Bojong Jaya,183.7,0.0,9690000,3340000,1780053000,0,1780053000,Ya
ATR001694,3171011708841694,Ruko,SHM,86416/Bintara,Jawa Barat,Bekasi,Bekasi Barat,Bintara,73.5,86.1,8860000,3960000,651210000,340956000,992166000,Ya
ATR001695,3173014503711695,Rumah,SHM,30990/Menteng,DKI Jakarta,Jakarta Pusat,Menteng,Menteng,290.2,324.4,54560000,6730000,15833312000,2183212000,18016524000,Ya
ATR001696,3671015512991696,Tanah,SHM,66067/Cengkareng Barat,DKI Jakarta,Jakarta Barat,Cengkareng,Cengkareng Barat,364.0,0.0,15990000,4630000,5820360000,0,5820360000,Ya
ATR001697,3271012707021697,Rumah,SHM,70620/Sukabumi Selatan,DKI Jakarta,Jakarta Barat,Kebon Jeruk,Sukabumi Selatan,199.6,136.5,21380000,5490000,4267448000,749385000,5016833000,Ya
ATR001698,3671010903001698,Rumah,SHM,38554/Sukabumi Selatan,DKI Jakarta,Jakarta Barat,Kebon Jeruk,Sukabumi Selatan,238.3,272.8,21030000,5210000,5011449000,1421288000,6432737000,Ya
ATR001699,3171012409821699,Rumah,HGB,35267/Duren Tiga,DKI Jakarta,Jakarta Selatan,Pancoran,Duren Tiga,97.2,110.4,26390000,5120000,2565108000,565248000,3130356000,Ya
ATR001700,3674016211941700,Tanah,HGB,98337/Kelapa Gading Barat,DKI Jakarta,Jakarta Utara,Kelapa Gading,Kelapa Gading Barat,177.8,0.0,28550000,5950000,5076190000,0,5076190000,Ya
ATR001701,3671010501691701,Ruko,HGB,83601/Paledang,Jawa Barat,Bogor,Bogor Tengah,Paledang,73.9,78.6,6900000,2990000,509910000,235014000,744924000,Ya
ATR001702,3171017004811702,Rumah,SHM,24241/Cikini,DKI Jakarta,Jakarta Pusat,Cikini,Cikini,70.6,84.4,35660000,5330000,2517596000,449852000,2967448000,Ya
ATR001703,3271010108871703,Rumah,SHM,13299/Kelapa Gading Barat,DKI Jakarta,Jakarta Utara,Kelapa Gading,Kelapa Gading Barat,386.5,407.6,27260000,5040000,10535990000,2054304000,12590294000,Ya
ATR001704,3171011207691704,Tanah,HGB,80605/Mekarjaya,Jawa Barat,Depok,Sukmajaya,Mekarjaya,139.7,0.0,8450000,3660000,1180465000,0,1180465000,Ya
ATR001705,3671011006751705,Ruko,SHM,55063/Paledang,Jawa Barat,Bogor,Bogor Tengah,Paledang,147.4,185.6,6310000,3870000,930094000,718272000,1648366000,Ya
ATR001706,3173014609871706,Tanah,HGB,55742/Kelapa Gading Barat,DKI Jakarta,Jakarta Utara,Kelapa Gading,Kelapa Gading Barat,223.6,0.0,23750000,5120000,5310500000,0,5310500000,Ya
ATR001707,3173010702871707,Ruko,HGB,35427/Kemiri Muka,Jawa Barat,Depok,Beji,Kemiri Muka,208.1,173.1,10700000,4010000,2226670000,694131000,2920801000,Ya
ATR001708,3173016504031708,Ruko,HGB,77089/Duren Tiga,DKI Jakarta,Jakarta Selatan,Pancoran,Duren Tiga,145.0,143.2,30770000,5290000,4461650000,757528000,5219178000,Ya
ATR001709,3671015408991709,Rumah,SHM,63021/Bojong Jaya,Banten,Tangerang,Karawaci,Bojong Jaya,166.7,102.3,8230000,3170000,1371941000,324291000,1696232000,Ya
ATR001710,3174010402021710,Tanah,SHM,11808/Margahayu,Jawa Barat,Bekasi,Bekasi Timur,Margahayu,284.6,0.0,9080000,3850000,2584168000,0,2584168000,Ya
ATR001711,3171016005691711,Ruko,HGB,39306/Bojong Jaya,Banten,Tangerang,Karawaci,Bojong Jaya,360.6,429.2,8850000,3690000,3191310000,1583748000,4775058000,Tidak
ATR001712,3671012708961712,Tanah,SHM,49087/Bojong Jaya,Banten,Tangerang,Karawaci,Bojong Jaya,241.0,0.0,10090000,3150000,2431690000,0,2431690000,Ya
ATR001713,3674015408711713,Ruko,HGB,76466/Bojong Jaya,Banten,Tangerang,Karawaci,Bojong Jaya,209.9,203.1,9850000,4130000,2067515000,838803000,2906318000,Ya
ATR001714,3674016508951714,Rumah,HGB,11281/Menteng,DKI Jakarta,Jakarta Pusat,Menteng,Menteng,76.1,86.8,56720000,5910000,4316392000,512988000,4829380000,Ya
ATR001715,3175017101921715,Rumah,SHM,98843/Rawa Buntu,Jawa Barat,Tangerang Selatan,Serpong,Rawa Buntu,312.4,348.7,12000000,3770000,3748800000,1314599000,5063399000,Tidak
ATR001716,3671011207911716,Ruko,SHM,97948/Cengkareng Barat,DKI Jakarta,Jakarta Barat,Cengkareng,Cengkareng Barat,285.5,236.0,14950000,4490000,4268225000,1059640000,5327865000,Ya
ATR001717,3671015104861717,Rumah,HGB,34193/Cikini,DKI Jakarta,Jakarta Pusat,Cikini,Cikini,118.4,109.4,37480000,6230000,4437632000,681562000,5119194000,Ya
ATR001718,3276014208951718,Rumah,SHM,66653/Bojong Jaya,Banten,Tangerang,Karawaci,Bojong Jaya,282.7,205.4,7650000,3200000,2162655000,657280000,2819935000,Ya
ATR001719,3275016704911719,Rumah,HGB,59484/Duren Tiga,DKI Jakarta,Jakarta Selatan,Pancoran,Duren Tiga,354.9,243.8,32509999,5680000,11537799000,1384784000,12922583000,Tidak
ATR001720,3171010509671720,Gudang,HGB,38512/Gunung,DKI Jakarta,Jakarta Selatan,Kebayoran Baru,Gunung,187.0,195.4,39110000,5810000,7313570000,1135274000,8448844000,Tidak
ATR001721,3173015310691721,Ruko,SHM,44328/Kemiri Muka,Jawa Barat,Depok,Beji,Kemiri Muka,243.3,177.7,8860000,4030000,2155638000,716131000,2871769000,Ya
ATR001722,3174016410811722,Tanah,SHM,77669/Poris Plawad,Banten,Tangerang,Cipondoh,Poris Plawad,187.1,0.0,8510000,2910000,1592221000,0,1592221000,Ya
ATR001723,3671010507901723,Tanah,SHM,29884/Duren Tiga,DKI Jakarta,Jakarta Selatan,Pancoran,Duren Tiga,373.2,0.0,28390000,5090000,10595148000,0,10595148000,Ya
ATR001724,3173014311851724,Ruko,SHM,50046/Poris Plawad,Banten,Tangerang,Cipondoh,Poris Plawad,340.1,198.1,8500000,3700000,2890850000,732970000,3623820000,Ya
ATR001725,3171011504731725,Tanah,SHM,10430/Pluit,DKI Jakarta,Jakarta Utara,Pluit,Pluit,302.1,0.0,26070000,5140000,7875747000,0,7875747000,Ya
ATR001726,3674014806841726,Ruko,SHM,46331/Rawa Buntu,Jawa Barat,Tangerang Selatan,Serpong,Rawa Buntu,387.3,232.9,11710000,3980000,4535283000,926942000,5462225000,Ya
ATR001727,3271015711691727,Tanah,SHM,62670/Poris Plawad,Banten,Tangerang,Cipondoh,Poris Plawad,183.5,0.0,6490000,3590000,1190915000,0,1190915000,Ya
ATR001728,3173012012741728,Rumah,HGB,86104/Kelapa Gading Barat,DKI Jakarta,Jakarta Utara,Kelapa Gading,Kelapa Gading Barat,126.2,145.5,27270000,5180000,3441474000,753690000,4195164000,Ya
ATR001729,3671015912011729,Ruko,SHM,83513/Kramat Jati,DKI Jakarta,Jakarta Timur,Kramat Jati,Kramat Jati,277.0,202.4,16570000,4810000,4589890000,973544000,5563434000,Ya
ATR001730,3671015901661730,Ruko,SHM,36668/Kemiri Muka,Jawa Barat,Depok,Beji,Kemiri Muka,92.2,46.6,8960000,3310000,826112000,154246000,980358000,Tidak
ATR001731,3275015108721731,Gudang,HGB,95062/Sukabumi Selatan,DKI Jakarta,Jakarta Barat,Kebon Jeruk,Sukabumi Selatan,158.2,98.0,20290000,5650000,3209878000,553700000,3763578000,Ya
ATR001732,3271010507011732,Ruko,SHM,93315/Cikini,DKI Jakarta,Jakarta Pusat,Cikini,Cikini,184.0,220.6,38740000,5700000,7128160000,1257420000,8385580000,Ya
ATR001733,3171011010721733,Ruko,SHM,83173/Paledang,Jawa Barat,Bogor,Bogor Tengah,Paledang,188.5,142.0,7370000,3190000,1389245000,452980000,1842225000,Ya
ATR001734,3172016009971734,Rumah,SHM,96397/Duren Tiga,DKI Jakarta,Jakarta Selatan,Pancoran,Duren Tiga,82.4,53.8,29170000,6220000,2403608000,334636000,2738244000,Ya
ATR001735,3171011104721735,Tanah,SHM,14479/Poris Plawad,Banten,Tangerang,Cipondoh,Poris Plawad,285.8,0.0,6950000,3020000,1986310000,0,1986310000,Ya
ATR001736,3671017006701736,Tanah,HGB,73790/Kramat Jati,DKI Jakarta,Jakarta Timur,Kramat Jati,Kramat Jati,163.8,0.0,16149999,4059999,2645370000,0,2645370000,Ya
ATR001737,3671015407671737,Rumah,SHM,42027/Duren Tiga,DKI Jakarta,Jakarta Selatan,Pancoran,Duren Tiga,65.4,61.9,28920000,5510000,1891368000,341069000,2232437000,Ya
ATR001738,3276015112671738,Rumah,HGB,78302/Rawa Buntu,Jawa Barat,Tangerang Selatan,Serpong,Rawa Buntu,166.5,122.6,12840000,4450000,2137860000,545570000,2683430000,Ya
ATR001739,3671015002731739,Rumah,SHM,76964/Mekarjaya,Jawa Barat,Depok,Sukmajaya,Mekarjaya,93.2,113.5,8119999,3660000,756784000,415410000,1172194000,Ya
ATR001740,3674015604791740,Rumah,SHM,71876/Paledang,Jawa Barat,Bogor,Bogor Tengah,Paledang,102.8,99.9,7050000,3100000,724740000,309690000,1034430000,Ya
ATR001741,3275011402851741,Rumah,HGB,79566/Kramat Jati,DKI Jakarta,Jakarta Timur,Kramat Jati,Kramat Jati,331.0,321.8,15820000,4560000,5236420000,1467408000,6703828000,Ya
ATR001742,3275016807731742,Tanah,HGB,13969/Rawa Buntu,Jawa Barat,Tangerang Selatan,Serpong,Rawa Buntu,329.5,0.0,12460000,3580000,4105570000,0,4105570000,Ya
ATR001743,3171014307691743,Ruko,HGB,73015/Sukabumi Selatan,DKI Jakarta,Jakarta Barat,Kebon Jeruk,Sukabumi Selatan,290.3,150.8,21420000,4750000,6218226000,716300000,6934526000,Ya
ATR001744,3671011710811744,Tanah,SHM,68226/Bojong Jaya,Banten,Tangerang,Karawaci,Bojong Jaya,133.5,0.0,9250000,4050000,1234875000,0,1234875000,Ya
ATR001745,3671012807781745,Ruko,HGB,93126/Sukabumi Selatan,DKI Jakarta,Jakarta Barat,Kebon Jeruk,Sukabumi Selatan,373.3,478.9,18770000,5180000,7006841000,2480702000,9487543000,Ya
ATR001746,3671012211801746,Tanah,SHM,82896/Poris Plawad,Banten,Tangerang,Cipondoh,Poris Plawad,352.4,0.0,6940000,3890000,2445656000,0,2445656000,Ya
ATR001747,3671016207931747,Gudang,SHM,68725/Cikini,DKI Jakarta,Jakarta Pusat,Cikini,Cikini,329.8,187.5,36200000,6470000,11938760000,1213125000,13151885000,Ya
ATR001748,3174014703981748,Tanah,HGB,84995/Rawa Buntu,Jawa Barat,Tangerang Selatan,Serpong,Rawa Buntu,337.7,0.0,10250000,4190000,3461425000,0,3461425000,Ya
ATR001749,3172017007821749,Tanah,HGB,42123/Bintara,Jawa Barat,Bekasi,Bekasi Barat,Bintara,267.9,0.0,9530000,3620000,2553087000,0,2553087000,Ya
ATR001750,3671015507721750,Ruko,SHM,41846/Kemiri Muka,Jawa Barat,Depok,Beji,Kemiri Muka,83.7,81.3,10060000,4080000,842022000,331704000,1173726000,Ya
ATR001751,3171010904771751,Tanah,SHM,92881/Kramat Jati,DKI Jakarta,Jakarta Timur,Kramat Jati,Kramat Jati,203.6,0.0,17450000,3860000,3552820000,0,3552820000,Ya
ATR001752,3275015101711752,Ruko,HGB,22993/Kelapa Gading Barat,DKI Jakarta,Jakarta Utara,Kelapa Gading,Kelapa Gading Barat,391.8,469.7,23720000,5340000,9293496000,2508198000,11801694000,Ya
ATR001753,3271010901941753,Rumah,SHM,40303/Duren Tiga,DKI Jakarta,Jakarta Selatan,Pancoran,Duren Tiga,210.0,108.0,26170000,5520000,5495700000,596160000,6091860000,Tidak
ATR001754,3172011010921754,Ruko,HGB,75312/Gunung,DKI Jakarta,Jakarta Selatan,Kebayoran Baru,Gunung,295.7,164.6,40810000,6490000,12067517000,1068254000,13135771000,Ya
ATR001755,3671014211831755,Tanah,HGB,60556/Bojong Jaya,Banten,Tangerang,Karawaci,Bojong Jaya,270.0,0.0,9390000,3090000,2535300000,0,2535300000,Ya
ATR001756,3671015104021756,Tanah,SHM,46300/Paledang,Jawa Barat,Bogor,Bogor Tengah,Paledang,328.0,0.0,6490000,3610000,2128720000,0,2128720000,Ya
ATR001757,3276010910851757,Ruko,SHM,43465/Duren Tiga,DKI Jakarta,Jakarta Selatan,Pancoran,Duren Tiga,73.7,48.7,27110000,5230000,1998007000,254701000,2252708000,Ya
ATR001758,3171011304001758,Rumah,SHM,14869/Kelapa Gading Barat,DKI Jakarta,Jakarta Utara,Kelapa Gading,Kelapa Gading Barat,232.9,205.3,23280000,4470000,5421912000,917691000,6339603000,Ya
ATR001759,3174015506821759,Tanah,HGB,26798/Bojong Jaya,Banten,Tangerang,Karawaci,Bojong Jaya,194.6,0.0,8460000,4000000,1646316000,0,1646316000,Ya
ATR001760,3674016609981760,Rumah,HGB,76032/Kelapa Gading Barat,DKI Jakarta,Jakarta Utara,Kelapa Gading,Kelapa Gading Barat,351.6,315.0,22230000,5510000,7816068000,1735650000,9551718000,Ya
ATR001761,3173015509791761,Rumah,SHM,68808/Pluit,DKI Jakarta,Jakarta Utara,Pluit,Pluit,210.0,115.9,29630000,4710000,6222300000,545889000,6768189000,Ya
ATR001762,3174012607721762,Ruko,HGB,19204/Bojong Jaya,Banten,Tangerang,Karawaci,Bojong Jaya,353.8,308.4,9660000,3730000,3417708000,1150332000,4568040000,Ya
ATR001763,3674011201001763,Gudang,SHM,69257/Paledang,Jawa Barat,Bogor,Bogor Tengah,Paledang,206.8,233.4,6920000,3850000,1431056000,898590000,2329646000,Ya
ATR001764,3671010806981764,Gudang,SHM,64527/Mekarjaya,Jawa Barat,Depok,Sukmajaya,Mekarjaya,217.3,245.1,9320000,3660000,2025236000,897066000,2922302000,Ya
ATR001765,3271010211671765,Ruko,HGB,93967/Cakung Barat,DKI Jakarta,Jakarta Timur,Cakung,Cakung Barat,219.0,279.1,12910000,4370000,2827290000,1219667000,4046957000,Ya
ATR001766,3271014907751766,Ruko,HGB,83050/Duren Tiga,DKI Jakarta,Jakarta Selatan,Pancoran,Duren Tiga,219.1,222.9,32970000,4760000,7223727000,1061004000,8284731000,Ya
ATR001767,3175014412861767,Ruko,SHM,65921/Poris Plawad,Banten,Tangerang,Cipondoh,Poris Plawad,246.5,162.2,7090000,3180000,1747685000,515796000,2263481000,Ya
ATR001768,3173016408971768,Ruko,HGB,19758/Bintara,Jawa Barat,Bekasi,Bekasi Barat,Bintara,77.6,48.6,9840000,3380000,763584000,164268000,927852000,Ya
ATR001769,3173012910891769,Ruko,HGB,94464/Kemiri Muka,Jawa Barat,Depok,Beji,Kemiri Muka,214.1,195.6,10790000,3740000,2310139000,731544000,3041683000,Ya
ATR001770,3276011711901770,Gudang,HGB,63040/Sukabumi Selatan,DKI Jakarta,Jakarta Barat,Kebon Jeruk,Sukabumi Selatan,270.2,159.5,19730000,4910000,5331046000,783145000,6114191000,Ya
ATR001771,3674011010981771,Ruko,HGB,58697/Sukabumi Selatan,DKI Jakarta,Jakarta Barat,Kebon Jeruk,Sukabumi Selatan,312.8,301.7,21260000,4510000,6650128000,1360667000,8010795000,Ya
ATR001772,3674010112931772,Ruko,HGB,56339/Kemiri Muka,Jawa Barat,Depok,Beji,Kemiri Muka,255.7,214.5,10040000,3420000,2567228000,733590000,3300818000,Ya
ATR001773,3674012206031773,Rumah,HGB,73132/Sukabumi Selatan,DKI Jakarta,Jakarta Barat,Kebon Jeruk,Sukabumi Selatan,349.9,247.2,21940000,5710000,7676806000,1411512000,9088318000,Ya
ATR001774,3275015605821774,Ruko,HGB,83774/Paledang,Jawa Barat,Bogor,Bogor Tengah,Paledang,262.3,150.1,7220000,2980000,1893806000,447298000,2341104000,Tidak
ATR001775,3671017110001775,Ruko,HGB,54459/Cikini,DKI Jakarta,Jakarta Pusat,Cikini,Cikini,303.3,342.9,42450000,6160000,12875085000,2112264000,14987349000,Ya
ATR001776,3671012604991776,Tanah,SHM,80218/Rawa Buntu,Jawa Barat,Tangerang Selatan,Serpong,Rawa Buntu,351.8,0.0,13640000,4000000,4798552000,0,4798552000,Ya
ATR001777,3173012503991777,Gudang,SHM,67646/Rawa Buntu,Jawa Barat,Tangerang Selatan,Serpong,Rawa Buntu,258.3,240.4,11840000,3650000,3058272000,877460000,3935732000,Ya
ATR001778,3671011310831778,Rumah,SHM,34917/Kelapa Gading Barat,DKI Jakarta,Jakarta Utara,Kelapa Gading,Kelapa Gading Barat,142.1,129.0,24100000,5120000,3424610000,660480000,4085090000,Tidak
ATR001779,3671015209721779,Tanah,SHM,45215/Margahayu,Jawa Barat,Bekasi,Bekasi Timur,Margahayu,179.1,0.0,7890000,3200000,1413099000,0,1413099000,Ya
ATR001780,3175012707781780,Rumah,SHM,56059/Cengkareng Barat,DKI Jakarta,Jakarta Barat,Cengkareng,Cengkareng Barat,323.6,309.5,17250000,3760000,5582100000,1163720000,6745820000,Ya
ATR001781,3674010807731781,Rumah,SHM,30369/Margahayu,Jawa Barat,Bekasi,Bekasi Timur,Margahayu,146.2,99.8,6830000,3200000,998546000,319360000,1317906000,Ya
ATR001782,3671011202001782,Gudang,SHM,90982/Menteng,DKI Jakarta,Jakarta Pusat,Menteng,Menteng,99.7,128.5,51840000,5780000,5168448000,742730000,5911178000,Ya
ATR001783,3671016905951783,Ruko,SHM,62161/Pluit,DKI Jakarta,Jakarta Utara,Pluit,Pluit,259.8,143.2,29940000,6030000,7778412000,863496000,8641908000,Ya
ATR001784,3671012809791784,Ruko,SHM,67430/Menteng,DKI Jakarta,Jakarta Pusat,Menteng,Menteng,213.0,110.3,57320000,6330000,12209160000,698199000,12907359000,Ya
ATR001785,3173016502671785,Tanah,SHM,87214/Kemiri Muka,Jawa Barat,Depok,Beji,Kemiri Muka,130.3,0.0,10460000,3700000,1362938000,0,1362938000,Ya
ATR001786,3172014606721786,Tanah,SHM,49848/Kelapa Gading Barat,DKI Jakarta,Jakarta Utara,Kelapa Gading,Kelapa Gading Barat,294.3,0.0,25490000,5760000,7501707000,0,7501707000,Ya
ATR001787,3671010605901787,Rumah,SHM,91937/Cakung Barat,DKI Jakarta,Jakarta Timur,Cakung,Cakung Barat,327.1,339.8,10610000,4230000,3470531000,1437354000,4907885000,Ya
ATR001788,3671014604971788,Rumah,SHM,77175/Kramat Jati,DKI Jakarta,Jakarta Timur,Kramat Jati,Kramat Jati,381.3,233.8,18770000,4340000,7157001000,1014692000,8171693000,Tidak
ATR001789,3172012105701789,Rumah,SHM,11989/Margahayu,Jawa Barat,Bekasi,Bekasi Timur,Margahayu,172.2,218.7,8960000,3350000,1542912000,732645000,2275557000,Ya
ATR001790,3276015810931790,Rumah,SHM,90572/Rawa Buntu,Jawa Barat,Tangerang Selatan,Serpong,Rawa Buntu,398.5,279.8,11770000,4019999,4690345000,1124796000,5815141000,Ya
ATR001791,3671015905781791,Rumah,SHM,75015/Poris Plawad,Banten,Tangerang,Cipondoh,Poris Plawad,65.2,44.1,7010000,3340000,457052000,147294000,604346000,Ya
ATR001792,3174011203731792,Tanah,SHM,98921/Rawa Buntu,Jawa Barat,Tangerang Selatan,Serpong,Rawa Buntu,356.9,0.0,12740000,3500000,4546906000,0,4546906000,Ya
ATR001793,3276010411811793,Tanah,HGB,14230/Duren Tiga,DKI Jakarta,Jakarta Selatan,Pancoran,Duren Tiga,282.2,0.0,34110000,4680000,9625842000,0,9625842000,Ya
ATR001794,3172016607011794,Ruko,HGB,87077/Kramat Jati,DKI Jakarta,Jakarta Timur,Kramat Jati,Kramat Jati,375.4,467.6,19190000,4860000,7203926000,2272536000,9476462000,Ya
ATR001795,3671011105871795,Tanah,SHM,18645/Kelapa Gading Barat,DKI Jakarta,Jakarta Utara,Kelapa Gading,Kelapa Gading Barat,234.7,0.0,22990000,4700000,5395753000,0,5395753000,Ya
ATR001796,3674011103011796,Rumah,HGB,57826/Margahayu,Jawa Barat,Bekasi,Bekasi Timur,Margahayu,105.9,92.7,9050000,3260000,958395000,302202000,1260597000,Tidak
ATR001797,3171017007981797,Rumah,HGB,37811/Pluit,DKI Jakarta,Jakarta Utara,Pluit,Pluit,398.1,376.0,24330000,5010000,9685773000,1883760000,11569533000,Ya
ATR001798,3674010504681798,Ruko,SHM,99848/Cikini,DKI Jakarta,Jakarta Pusat,Cikini,Cikini,165.2,119.7,45670000,5380000,7544684000,643986000,8188670000,Ya
ATR001799,3671010812821799,Ruko,SHM,54679/Paledang,Jawa Barat,Bogor,Bogor Tengah,Paledang,60.1,58.7,7870000,3180000,472987000,186666000,659653000,Ya
ATR001800,3276015203671800,Tanah,HGB,51228/Margahayu,Jawa Barat,Bekasi,Bekasi Timur,Margahayu,281.6,0.0,8510000,3800000,2396416000,0,2396416000,Ya
ATR001801,3275012604661801,Tanah,HGB,25177/Paledang,Jawa Barat,Bogor,Bogor Tengah,Paledang,145.7,0.0,7960000,3830000,1159772000,0,1159772000,Ya
ATR001802,3671014604031802,Ruko,SHM,13759/Gunung,DKI Jakarta,Jakarta Selatan,Kebayoran Baru,Gunung,347.7,299.7,43980000,5380000,15291846000,1612386000,16904232000,Ya
ATR001803,3671015012701803,Gudang,SHM,63480/Kemiri Muka,Jawa Barat,Depok,Beji,Kemiri Muka,242.7,125.7,9830000,4120000,2385741000,517884000,2903625000,Ya
ATR001804,3276014107671804,Ruko,SHM,20392/Duren Tiga,DKI Jakarta,Jakarta Selatan,Pancoran,Duren Tiga,276.0,338.8,25660000,5590000,7082160000,1893892000,8976052000,Ya
ATR001805,3276014107901805,Rumah,SHM,31564/Mekarjaya,Jawa Barat,Depok,Sukmajaya,Mekarjaya,244.1,185.3,7570000,4019999,1847837000,744906000,2592743000,Ya
ATR001806,3173015408921806,Rumah,HGB,59362/Kelapa Gading Barat,DKI Jakarta,Jakarta Utara,Kelapa Gading,Kelapa Gading Barat,358.6,347.4,26310000,5670000,9434766000,1969758000,11404524000,Ya
ATR001807,3674012207761807,Ruko,SHM,76881/Mekarjaya,Jawa Barat,Depok,Sukmajaya,Mekarjaya,195.3,177.9,9270000,3460000,1810431000,615534000,2425965000,Ya
ATR001808,3174017004671808,Rumah,SHM,60733/Duren Tiga,DKI Jakarta,Jakarta Selatan,Pancoran,Duren Tiga,92.5,113.9,26320000,5740000,2434600000,653786000,3088386000,Ya
ATR001809,3671010801671809,Rumah,HGB,57440/Mekarjaya,Jawa Barat,Depok,Sukmajaya,Mekarjaya,197.9,206.5,7400000,3700000,1464460000,764050000,2228510000,Ya
ATR001810,3171011905781810,Rumah,SHM,60397/Cengkareng Barat,DKI Jakarta,Jakarta Barat,Cengkareng,Cengkareng Barat,341.6,217.4,17910000,4400000,6118056000,956560000,7074616000,Ya
ATR001811,3173016008981811,Tanah,SHM,64777/Bojong Jaya,Banten,Tangerang,Karawaci,Bojong Jaya,225.0,0.0,9110000,4050000,2049750000,0,2049750000,Ya
ATR001812,3671015104001812,Rumah,SHM,78798/Tebet Timur,DKI Jakarta,Jakarta Selatan,Tebet,Tebet Timur,212.4,152.8,27100000,5310000,5756040000,811368000,6567408000,Ya
ATR001813,3671010907681813,Tanah,HGB,89691/Bojong Jaya,Banten,Tangerang,Karawaci,Bojong Jaya,151.3,0.0,9970000,3140000,1508461000,0,1508461000,Ya
ATR001814,3671011209971814,Gudang,HGB,59435/Poris Plawad,Banten,Tangerang,Cipondoh,Poris Plawad,118.8,92.1,6510000,3170000,773388000,291957000,1065345000,Ya
ATR001815,3173010311011815,Rumah,SHM,77357/Gunung,DKI Jakarta,Jakarta Selatan,Kebayoran Baru,Gunung,360.9,244.4,44510000,5950000,16063659000,1454180000,17517839000,Ya
ATR001816,3172016405771816,Ruko,SHM,47807/Mekarjaya,Jawa Barat,Depok,Sukmajaya,Mekarjaya,319.4,290.8,8940000,3980000,2855436000,1157384000,4012820000,Ya
ATR001817,3276010106991817,Rumah,SHM,35292/Menteng,DKI Jakarta,Jakarta Pusat,Menteng,Menteng,197.0,241.5,58970000,6580000,11617090000,1589070000,13206160000,Ya
ATR001818,3171016907821818,Gudang,HGB,79001/Kemiri Muka,Jawa Barat,Depok,Beji,Kemiri Muka,178.2,163.3,10470000,3710000,1865754000,605843000,2471597000,Ya
ATR001819,3674010612701819,Rumah,SHM,28102/Mekarjaya,Jawa Barat,Depok,Sukmajaya,Mekarjaya,352.8,220.1,8380000,3500000,2956464000,770350000,3726814000,Ya
ATR001820,3671016911661820,Tanah,SHM,69006/Margahayu,Jawa Barat,Bekasi,Bekasi Timur,Margahayu,145.0,0.0,8340000,4010000,1209300000,0,1209300000,Ya
ATR001821,3171011505011821,Ruko,SHM,95846/Gunung,DKI Jakarta,Jakarta Selatan,Kebayoran Baru,Gunung,369.7,478.6,39680000,5520000,14669696000,2641872000,17311568000,Tidak
ATR001822,3171015007941822,Ruko,HGB,48575/Cakung Barat,DKI Jakarta,Jakarta Timur,Cakung,Cakung Barat,385.8,223.1,10250000,3590000,3954450000,800929000,4755379000,Tidak
ATR001823,3172010602861823,Gudang,SHM,99981/Cakung Barat,DKI Jakarta,Jakarta Timur,Cakung,Cakung Barat,121.2,109.3,13250000,3420000,1605900000,373806000,1979706000,Ya
ATR001824,3174012811841824,Tanah,SHM,46002/Kramat Jati,DKI Jakarta,Jakarta Timur,Kramat Jati,Kramat Jati,154.2,0.0,19960000,4210000,3077832000,0,3077832000,Ya
ATR001825,3674014812701825,Rumah,HGB,89515/Pluit,DKI Jakarta,Jakarta Utara,Pluit,Pluit,289.2,195.8,23230000,5160000,6718116000,1010328000,7728444000,Ya
ATR001826,3275011003981826,Gudang,HGB,34318/Tebet Timur,DKI Jakarta,Jakarta Selatan,Tebet,Tebet Timur,335.1,382.1,27640000,5680000,9262164000,2170328000,11432492000,Ya
ATR001827,3173015108751827,Rumah,HGB,27186/Pluit,DKI Jakarta,Jakarta Utara,Pluit,Pluit,341.2,286.6,25180000,4930000,8591416000,1412938000,10004354000,Ya
ATR001828,3271012607021828,Tanah,SHM,64931/Sukabumi Selatan,DKI Jakarta,Jakarta Barat,Kebon Jeruk,Sukabumi Selatan,212.7,0.0,21600000,4390000,4594320000,0,4594320000,Ya
ATR001829,3671010109931829,Rumah,SHM,67941/Bintara,Jawa Barat,Bekasi,Bekasi Barat,Bintara,132.7,87.3,8760000,3490000,1162452000,304677000,1467129000,Ya
ATR001830,3671016403961830,Ruko,HGB,24307/Duren Tiga,DKI Jakarta,Jakarta Selatan,Pancoran,Duren Tiga,186.3,160.1,30330000,5010000,5650479000,802101000,6452580000,Ya
ATR001831,3674013103781831,Rumah,SHM,62289/Gunung,DKI Jakarta,Jakarta Selatan,Kebayoran Baru,Gunung,359.3,304.3,43810000,5160000,15740933000,1570188000,17311121000,Ya
ATR001832,3276015901881832,Rumah,HGB,73781/Paledang,Jawa Barat,Bogor,Bogor Tengah,Paledang,248.4,235.3,7430000,3070000,1845612000,722371000,2567983000,Ya
ATR001833,3671015809771833,Ruko,SHM,26858/Bintara,Jawa Barat,Bekasi,Bekasi Barat,Bintara,335.6,422.1,8020000,3800000,2691512000,1603980000,4295492000,Ya
ATR001834,3671010805671834,Rumah,HGB,72841/Cikini,DKI Jakarta,Jakarta Pusat,Cikini,Cikini,80.4,61.1,35720000,6380000,2871888000,389818000,3261706000,Ya
ATR001835,3275013001851835,Rumah,HGB,71820/Cakung Barat,DKI Jakarta,Jakarta Timur,Cakung,Cakung Barat,108.9,55.3,13110000,3610000,1427679000,199633000,1627312000,Ya
ATR001836,3271012203661836,Rumah,HGB,86365/Pluit,DKI Jakarta,Jakarta Utara,Pluit,Pluit,174.6,169.1,25510000,4640000,4454046000,784624000,5238670000,Ya
ATR001837,3674014406671837,Ruko,SHM,89271/Menteng,DKI Jakarta,Jakarta Pusat,Menteng,Menteng,123.9,104.4,57610000,6040000,7137879000,630576000,7768455000,Ya
ATR001838,3172016308791838,Rumah,SHM,31395/Kelapa Gading Barat,DKI Jakarta,Jakarta Utara,Kelapa Gading,Kelapa Gading Barat,236.4,232.8,28470000,5340000,6730308000,1243152000,7973460000,Ya
ATR001839,3674010603911839,Ruko,HGB,49077/Bojong Jaya,Banten,Tangerang,Karawaci,Bojong Jaya,255.0,316.8,9890000,3410000,2521950000,1080288000,3602238000,Ya
ATR001840,3671015901911840,Ruko,SHM,59423/Cakung Barat,DKI Jakarta,Jakarta Timur,Cakung,Cakung Barat,149.3,134.9,12880000,4000000,1922984000,539600000,2462584000,Ya
ATR001841,3671014610821841,Rumah,HGB,25870/Poris Plawad,Banten,Tangerang,Cipondoh,Poris Plawad,306.0,350.3,7030000,3570000,2151180000,1250571000,3401751000,Ya
ATR001842,3172016611761842,Ruko,HGB,73819/Sukabumi Selatan,DKI Jakarta,Jakarta Barat,Kebon Jeruk,Sukabumi Selatan,362.3,426.1,22170000,5290000,8032191000,2254069000,10286260000,Ya
ATR001843,3171016202031843,Ruko,HGB,76349/Cengkareng Barat,DKI Jakarta,Jakarta Barat,Cengkareng,Cengkareng Barat,228.5,171.5,17220000,3850000,3934770000,660275000,4595045000,Ya
ATR001844,3671015506791844,Rumah,SHM,78073/Poris Plawad,Banten,Tangerang,Cipondoh,Poris Plawad,354.3,382.5,7280000,3110000,2579304000,1189575000,3768879000,Ya
ATR001845,3276016511921845,Rumah,SHM,84035/Paledang,Jawa Barat,Bogor,Bogor Tengah,Paledang,156.6,100.4,7510000,3150000,1176066000,316260000,1492326000,Ya
ATR001846,3275010612671846,Gudang,HGB,26017/Duren Tiga,DKI Jakarta,Jakarta Selatan,Pancoran,Duren Tiga,191.2,245.8,29020000,4810000,5548624000,1182298000,6730922000,Ya
ATR001847,3172014607911847,Ruko,HGB,86557/Bojong Jaya,Banten,Tangerang,Karawaci,Bojong Jaya,260.9,255.5,8780000,3530000,2290702000,901915000,3192617000,Ya
ATR001848,3173014208671848,Ruko,HGB,89941/Gunung,DKI Jakarta,Jakarta Selatan,Kebayoran Baru,Gunung,235.6,212.9,40270000,5290000,9487612000,1126241000,10613853000,Ya
ATR001849,3671011705001849,Ruko,HGB,44132/Gunung,DKI Jakarta,Jakarta Selatan,Kebayoran Baru,Gunung,94.3,93.1,40900000,5550000,3856870000,516705000,4373575000,Ya
ATR001850,3674011810741850,Rumah,HGB,16985/Mekarjaya,Jawa Barat,Depok,Sukmajaya,Mekarjaya,385.7,456.6,7810000,3410000,3012317000,1557006000,4569323000,Ya
ATR001851,3171016001901851,Tanah,HGB,45742/Mekarjaya,Jawa Barat,Depok,Sukmajaya,Mekarjaya,227.2,0.0,7280000,3790000,1654016000,0,1654016000,Ya
ATR001852,3275016708971852,Ruko,HGB,83494/Pluit,DKI Jakarta,Jakarta Utara,Pluit,Pluit,365.5,230.8,29460000,5760000,10767630000,1329408000,12097038000,Ya
ATR001853,3674012201001853,Tanah,HGB,43101/Kemiri Muka,Jawa Barat,Depok,Beji,Kemiri Muka,195.5,0.0,9010000,3520000,1761455000,0,1761455000,Ya
ATR001854,3174017012751854,Ruko,SHM,82038/Mekarjaya,Jawa Barat,Depok,Sukmajaya,Mekarjaya,249.1,206.5,9640000,3200000,2401324000,660800000,3062124000,Tidak
ATR001855,3271015009911855,Rumah,SHM,69817/Paledang,Jawa Barat,Bogor,Bogor Tengah,Paledang,138.4,154.8,6660000,3040000,921744000,470592000,1392336000,Ya
ATR001856,3175015011911856,Gudang,SHM,90078/Pluit,DKI Jakarta,Jakarta Utara,Pluit,Pluit,165.0,169.5,27540000,5260000,4544100000,891570000,5435670000,Ya
ATR001857,3271011709741857,Gudang,HGB,10955/Menteng,DKI Jakarta,Jakarta Pusat,Menteng,Menteng,309.0,176.2,57770000,7270000,17850930000,1280974000,19131904000,Ya
ATR001858,3671011908941858,Rumah,SHM,83249/Sukabumi Selatan,DKI Jakarta,Jakarta Barat,Kebon Jeruk,Sukabumi Selatan,107.8,115.7,21590000,4860000,2327402000,562302000,2889704000,Ya
ATR001859,3674010304981859,Tanah,HGB,78576/Tebet Timur,DKI Jakarta,Jakarta Selatan,Tebet,Tebet Timur,232.3,0.0,24860000,5460000,5774978000,0,5774978000,Ya
ATR001860,3671012806981860,Ruko,SHM,83377/Menteng,DKI Jakarta,Jakarta Pusat,Menteng,Menteng,147.8,130.7,63120000,6860000,9329136000,896602000,10225738000,Ya
ATR001861,3671015001681861,Rumah,HGB,70168/Bintara,Jawa Barat,Bekasi,Bekasi Barat,Bintara,201.0,224.0,7760000,3370000,1559760000,754880000,2314640000,Ya
ATR001862,3271016307821862,Ruko,HGB,56953/Tebet Timur,DKI Jakarta,Jakarta Selatan,Tebet,Tebet Timur,196.7,231.4,26710000,5760000,5253857000,1332864000,6586721000,Ya
ATR001863,3671010203651863,Tanah,SHM,88725/Tebet Timur,DKI Jakarta,Jakarta Selatan,Tebet,Tebet Timur,259.3,0.0,26800000,5630000,6949240000,0,6949240000,Ya
ATR001864,3276014205651864,Gudang,HGB,69224/Kramat Jati,DKI Jakarta,Jakarta Timur,Kramat Jati,Kramat Jati,88.5,114.5,15990000,3920000,1415115000,448840000,1863955000,Ya
ATR001865,3671016006791865,Ruko,HGB,98670/Paledang,Jawa Barat,Bogor,Bogor Tengah,Paledang,162.6,165.9,6640000,3290000,1079664000,545811000,1625475000,Ya
ATR001866,3174014305821866,Ruko,SHM,72809/Margahayu,Jawa Barat,Bekasi,Bekasi Timur,Margahayu,176.6,146.3,8530000,3610000,1506398000,528143000,2034541000,Tidak
ATR001867,3271015506761867,Tanah,HGB,33762/Paledang,Jawa Barat,Bogor,Bogor Tengah,Paledang,74.2,0.0,7010000,3490000,520142000,0,520142000,Ya
ATR001868,3171016809881868,Rumah,HGB,79143/Kemiri Muka,Jawa Barat,Depok,Beji,Kemiri Muka,76.7,73.5,11060000,3510000,848302000,257985000,1106287000,Ya
ATR001869,3173011409731869,Tanah,SHM,39682/Kemiri Muka,Jawa Barat,Depok,Beji,Kemiri Muka,66.5,0.0,10700000,4290000,711550000,0,711550000,Ya
ATR001870,3671012110971870,Rumah,SHM,41691/Bojong Jaya,Banten,Tangerang,Karawaci,Bojong Jaya,209.3,112.2,10130000,3570000,2120209000,400554000,2520763000,Ya
ATR001871,3172016007991871,Gudang,SHM,63749/Tebet Timur,DKI Jakarta,Jakarta Selatan,Tebet,Tebet Timur,294.5,260.8,24840000,5030000,7315380000,1311824000,8627204000,Ya
ATR001872,3671017011691872,Rumah,HGB,49735/Cikini,DKI Jakarta,Jakarta Pusat,Cikini,Cikini,255.3,254.7,40070000,6570000,10229871000,1673379000,11903250000,Ya
ATR001873,3674014306781873,Ruko,HGB,61970/Tebet Timur,DKI Jakarta,Jakarta Selatan,Tebet,Tebet Timur,269.3,137.4,29640000,5360000,7982052000,736464000,8718516000,Ya
ATR001874,3275012507721874,Ruko,HGB,84320/Bintara,Jawa Barat,Bekasi,Bekasi Barat,Bintara,280.7,219.0,10130000,3380000,2843491000,740220000,3583711000,Ya
ATR001875,3671014901861875,Rumah,HGB,39490/Paledang,Jawa Barat,Bogor,Bogor Tengah,Paledang,61.5,76.2,6190000,2990000,380685000,227838000,608523000,Ya
ATR001876,3671016508851876,Rumah,SHM,43647/Margahayu,Jawa Barat,Bekasi,Bekasi Timur,Margahayu,187.0,125.6,8199999,3540000,1533400000,444624000,1978024000,Ya
ATR001877,3671012208021877,Ruko,HGB,23524/Poris Plawad,Banten,Tangerang,Cipondoh,Poris Plawad,168.7,193.7,7930000,3630000,1337791000,703131000,2040922000,Ya
ATR001878,3171010504841878,Tanah,HGB,59845/Cikini,DKI Jakarta,Jakarta Pusat,Cikini,Cikini,165.7,0.0,35200000,5590000,5832640000,0,5832640000,Ya
ATR001879,3271012902881879,Tanah,SHM,19995/Kramat Jati,DKI Jakarta,Jakarta Timur,Kramat Jati,Kramat Jati,393.4,0.0,17970000,3840000,7069398000,0,7069398000,Ya
ATR001880,3671011001861880,Ruko,SHM,43379/Kramat Jati,DKI Jakarta,Jakarta Timur,Kramat Jati,Kramat Jati,169.5,163.2,15710000,5100000,2662845000,832320000,3495165000,Ya
ATR001881,3171012812701881,Tanah,SHM,13089/Rawa Buntu,Jawa Barat,Tangerang Selatan,Serpong,Rawa Buntu,370.3,0.0,13010000,4310000,4817603000,0,4817603000,Ya
ATR001882,3173012206951882,Tanah,SHM,56576/Poris Plawad,Banten,Tangerang,Cipondoh,Poris Plawad,273.1,0.0,7810000,3530000,2132911000,0,2132911000,Ya
ATR001883,3271014203681883,Ruko,HGB,13392/Sukabumi Selatan,DKI Jakarta,Jakarta Barat,Kebon Jeruk,Sukabumi Selatan,395.4,429.3,23830000,5560000,9422382000,2386908000,11809290000,Ya
ATR001884,3671010510851884,Ruko,HGB,78765/Kelapa Gading Barat,DKI Jakarta,Jakarta Utara,Kelapa Gading,Kelapa Gading Barat,88.5,78.4,25110000,5710000,2222235000,447664000,2669899000,Ya
ATR001885,3671014907721885,Ruko,SHM,15026/Kemiri Muka,Jawa Barat,Depok,Beji,Kemiri Muka,254.1,234.2,8610000,3930000,2187801000,920406000,3108207000,Ya
ATR001886,3674012207681886,Ruko,SHM,34660/Duren Tiga,DKI Jakarta,Jakarta Selatan,Pancoran,Duren Tiga,113.6,110.8,30840000,4950000,3503424000,548460000,4051884000,Ya
ATR001887,3671015012711887,Ruko,HGB,27436/Duren Tiga,DKI Jakarta,Jakarta Selatan,Pancoran,Duren Tiga,393.2,320.4,27550000,4960000,10832660000,1589184000,12421844000,Ya
ATR001888,3671016504701888,Tanah,HGB,26099/Kelapa Gading Barat,DKI Jakarta,Jakarta Utara,Kelapa Gading,Kelapa Gading Barat,267.2,0.0,26080000,4560000,6968576000,0,6968576000,Ya
ATR001889,3171014105771889,Ruko,HGB,77374/Pluit,DKI Jakarta,Jakarta Utara,Pluit,Pluit,192.4,144.4,26700000,5130000,5137080000,740772000,5877852000,Ya
ATR001890,3674010412871890,Ruko,SHM,70577/Cengkareng Barat,DKI Jakarta,Jakarta Barat,Cengkareng,Cengkareng Barat,375.9,279.2,17750000,4550000,6672225000,1270360000,7942585000,Ya
ATR001891,3671015205991891,Rumah,SHM,95413/Kemiri Muka,Jawa Barat,Depok,Beji,Kemiri Muka,143.6,138.1,9320000,4170000,1338352000,575877000,1914229000,Ya
ATR001892,3175015209701892,Rumah,SHM,41655/Kramat Jati,DKI Jakarta,Jakarta Timur,Kramat Jati,Kramat Jati,252.0,194.4,17040000,4700000,4294080000,913680000,5207760000,Ya
ATR001893,3276015109691893,Tanah,HGB,67132/Sukabumi Selatan,DKI Jakarta,Jakarta Barat,Kebon Jeruk,Sukabumi Selatan,267.1,0.0,24330000,4650000,6498543000,0,6498543000,Ya
ATR001894,3671010303031894,Gudang,SHM,22278/Kelapa Gading Barat,DKI Jakarta,Jakarta Utara,Kelapa Gading,Kelapa Gading Barat,213.2,108.6,25430000,5450000,5421676000,591870000,6013546000,Ya
ATR001895,3671011503851895,Rumah,HGB,68687/Bojong Jaya,Banten,Tangerang,Karawaci,Bojong Jaya,310.3,297.0,7830000,3190000,2429649000,947430000,3377079000,Ya
ATR001896,3674016203861896,Gudang,SHM,64285/Margahayu,Jawa Barat,Bekasi,Bekasi Timur,Margahayu,153.5,86.5,7830000,3660000,1201905000,316590000,1518495000,Ya
ATR001897,3674012310741897,Ruko,HGB,16953/Kramat Jati,DKI Jakarta,Jakarta Timur,Kramat Jati,Kramat Jati,304.9,309.5,17100000,4840000,5213790000,1497980000,6711770000,Ya
ATR001898,3174010211871898,Rumah,SHM,38023/Kemiri Muka,Jawa Barat,Depok,Beji,Kemiri Muka,276.7,260.9,8530000,4019999,2360251000,1048818000,3409069000,Ya
ATR001899,3671016810931899,Rumah,SHM,93403/Duren Tiga,DKI Jakarta,Jakarta Selatan,Pancoran,Duren Tiga,380.5,439.2,30790000,5090000,11715595000,2235528000,13951123000,Ya
ATR001900,3671011102891900,Ruko,SHM,93681/Paledang,Jawa Barat,Bogor,Bogor Tengah,Paledang,175.7,154.8,6570000,3420000,1154349000,529416000,1683765000,Ya
ATR001901,3671015006821901,Rumah,SHM,37780/Kemiri Muka,Jawa Barat,Depok,Beji,Kemiri Muka,392.4,230.1,11300000,4270000,4434120000,982527000,5416647000,Ya
ATR001902,3671016001841902,Ruko,HGB,58425/Cengkareng Barat,DKI Jakarta,Jakarta Barat,Cengkareng,Cengkareng Barat,306.5,260.2,16620000,4000000,5094030000,1040800000,6134830000,Ya
ATR001903,3175014906691903,Rumah,SHM,26708/Bintara,Jawa Barat,Bekasi,Bekasi Barat,Bintara,256.6,230.6,9210000,3560000,2363286000,820936000,3184222000,Ya
ATR001904,3271012802661904,Tanah,HGB,63917/Gunung,DKI Jakarta,Jakarta Selatan,Kebayoran Baru,Gunung,88.5,0.0,38960000,5560000,3447960000,0,3447960000,Ya
ATR001905,3173010304031905,Ruko,HGB,44119/Mekarjaya,Jawa Barat,Depok,Sukmajaya,Mekarjaya,95.3,109.6,7320000,3770000,697596000,413192000,1110788000,Ya
ATR001906,3674011107701906,Ruko,SHM,88904/Kelapa Gading Barat,DKI Jakarta,Jakarta Utara,Kelapa Gading,Kelapa Gading Barat,356.3,316.4,23540000,5230000,8387302000,1654772000,10042074000,Ya
ATR001907,3171010408001907,Ruko,SHM,49331/Rawa Buntu,Jawa Barat,Tangerang Selatan,Serpong,Rawa Buntu,251.9,149.0,13790000,3910000,3473701000,582590000,4056291000,Ya
ATR001908,3674016301811908,Ruko,SHM,54518/Cakung Barat,DKI Jakarta,Jakarta Timur,Cakung,Cakung Barat,301.5,238.5,13200000,3950000,3979800000,942075000,4921875000,Ya
ATR001909,3175014703781909,Ruko,HGB,92521/Cengkareng Barat,DKI Jakarta,Jakarta Barat,Cengkareng,Cengkareng Barat,96.5,113.6,17130000,3840000,1653045000,436224000,2089269000,Ya
ATR001910,3271015504711910,Tanah,HGB,94740/Kemiri Muka,Jawa Barat,Depok,Beji,Kemiri Muka,167.5,0.0,11430000,3520000,1914525000,0,1914525000,Ya
ATR001911,3671012212971911,Rumah,SHM,42513/Tebet Timur,DKI Jakarta,Jakarta Selatan,Tebet,Tebet Timur,70.2,57.4,28600000,6250000,2007720000,358750000,2366470000,Ya
ATR001912,3175014804921912,Rumah,HGB,53659/Rawa Buntu,Jawa Barat,Tangerang Selatan,Serpong,Rawa Buntu,338.5,317.4,10350000,3780000,3503475000,1199772000,4703247000,Ya
ATR001913,3671016404021913,Tanah,HGB,15684/Duren Tiga,DKI Jakarta,Jakarta Selatan,Pancoran,Duren Tiga,383.2,0.0,33229999,5050000,12733736000,0,12733736000,Ya
ATR001914,3674011411981914,Ruko,SHM,75927/Mekarjaya,Jawa Barat,Depok,Sukmajaya,Mekarjaya,128.4,159.0,9400000,3900000,1206960000,620100000,1827060000,Ya
ATR001915,3276014509711915,Tanah,SHM,97802/Pluit,DKI Jakarta,Jakarta Utara,Pluit,Pluit,231.5,0.0,26710000,4910000,6183365000,0,6183365000,Ya
ATR001916,3174016712771916,Tanah,HGB,98030/Cengkareng Barat,DKI Jakarta,Jakarta Barat,Cengkareng,Cengkareng Barat,70.4,0.0,14230000,4690000,1001792000,0,1001792000,Ya
ATR001917,3174017004961917,Ruko,HGB,56048/Pluit,DKI Jakarta,Jakarta Utara,Pluit,Pluit,203.8,186.2,25950000,5680000,5288610000,1057616000,6346226000,Ya
ATR001918,3275013011671918,Tanah,HGB,90848/Duren Tiga,DKI Jakarta,Jakarta Selatan,Pancoran,Duren Tiga,319.5,0.0,32000000,5010000,10224000000,0,10224000000,Ya
ATR001919,3172011706851919,Ruko,HGB,24240/Tebet Timur,DKI Jakarta,Jakarta Selatan,Tebet,Tebet Timur,219.7,168.0,30140000,5220000,6621758000,876960000,7498718000,Ya
ATR001920,3173016410931920,Ruko,HGB,87577/Menteng,DKI Jakarta,Jakarta Pusat,Menteng,Menteng,195.7,251.3,50480000,6720000,9878936000,1688736000,11567672000,Ya
ATR001921,3671016007651921,Tanah,HGB,30386/Mekarjaya,Jawa Barat,Depok,Sukmajaya,Mekarjaya,84.1,0.0,8470000,3820000,712327000,0,712327000,Ya
ATR001922,3275015704951922,Tanah,SHM,40413/Pluit,DKI Jakarta,Jakarta Utara,Pluit,Pluit,356.5,0.0,25290000,4640000,9015885000,0,9015885000,Ya
ATR001923,3174015802791923,Rumah,HGB,59621/Menteng,DKI Jakarta,Jakarta Pusat,Menteng,Menteng,188.6,181.3,59820000,6160000,11282052000,1116808000,12398860000,Ya
ATR001924,3172016404711924,Tanah,HGB,45581/Kelapa Gading Barat,DKI Jakarta,Jakarta Utara,Kelapa Gading,Kelapa Gading Barat,106.0,0.0,23430000,4650000,2483580000,0,2483580000,Ya
ATR001925,3175011212811925,Rumah,HGB,43315/Cikini,DKI Jakarta,Jakarta Pusat,Cikini,Cikini,135.7,145.7,45320000,6050000,6149924000,881485000,7031409000,Ya
ATR001926,3171014111901926,Tanah,SHM,37617/Tebet Timur,DKI Jakarta,Jakarta Selatan,Tebet,Tebet Timur,216.8,0.0,26540000,5460000,5753872000,0,5753872000,Ya
ATR001927,3171011711971927,Ruko,SHM,71888/Menteng,DKI Jakarta,Jakarta Pusat,Menteng,Menteng,395.2,494.1,60980000,7260000,24099296000,3587166000,27686462000,Ya
ATR001928,3271010305921928,Rumah,SHM,54861/Bojong Jaya,Banten,Tangerang,Karawaci,Bojong Jaya,283.5,344.8,8710000,4099999,2469285000,1413680000,3882965000,Ya
ATR001929,3671010802761929,Ruko,SHM,41443/Cakung Barat,DKI Jakarta,Jakarta Timur,Cakung,Cakung Barat,264.4,282.3,13620000,3690000,3601128000,1041687000,4642815000,Ya
ATR001930,3175012702831930,Ruko,SHM,34403/Cengkareng Barat,DKI Jakarta,Jakarta Barat,Cengkareng,Cengkareng Barat,237.1,169.5,17330000,4270000,4108943000,723765000,4832708000,Ya
ATR001931,3276014208811931,Ruko,SHM,13290/Kramat Jati,DKI Jakarta,Jakarta Timur,Kramat Jati,Kramat Jati,169.8,150.3,18630000,4370000,3163374000,656811000,3820185000,Ya
ATR001932,3171016002831932,Ruko,HGB,55376/Pluit,DKI Jakarta,Jakarta Utara,Pluit,Pluit,387.0,351.9,28890000,5160000,11180430000,1815804000,12996234000,Ya
ATR001933,3671011709701933,Ruko,HGB,89560/Margahayu,Jawa Barat,Bekasi,Bekasi Timur,Margahayu,198.4,164.1,8109999,3650000,1609024000,598965000,2207989000,Ya
ATR001934,3674010209681934,Rumah,HGB,68008/Paledang,Jawa Barat,Bogor,Bogor Tengah,Paledang,105.8,94.9,6310000,3020000,667598000,286598000,954196000,Ya
ATR001935,3671014606831935,Ruko,SHM,87895/Bojong Jaya,Banten,Tangerang,Karawaci,Bojong Jaya,265.7,273.0,8730000,4040000,2319561000,1102920000,3422481000,Ya
ATR001936,3276011808921936,Ruko,HGB,37200/Sukabumi Selatan,DKI Jakarta,Jakarta Barat,Kebon Jeruk,Sukabumi Selatan,321.5,255.5,25040000,5480000,8050360000,1400140000,9450500000,Ya
ATR001937,3174016004871937,Tanah,HGB,20413/Duren Tiga,DKI Jakarta,Jakarta Selatan,Pancoran,Duren Tiga,118.5,0.0,27940000,5150000,3310890000,0,3310890000,Ya
ATR001938,3671011607011938,Rumah,HGB,68316/Bojong Jaya,Banten,Tangerang,Karawaci,Bojong Jaya,350.8,184.3,7860000,3360000,2757288000,619248000,3376536000,Ya
ATR001939,3674012802001939,Rumah,SHM,79382/Bojong Jaya,Banten,Tangerang,Karawaci,Bojong Jaya,138.8,158.0,9170000,3070000,1272796000,485060000,1757856000,Ya
ATR001940,3671010706821940,Ruko,HGB,73215/Tebet Timur,DKI Jakarta,Jakarta Selatan,Tebet,Tebet Timur,198.7,117.5,29480000,5830000,5857676000,685025000,6542701000,Ya
ATR001941,3671010709871941,Ruko,SHM,89167/Kramat Jati,DKI Jakarta,Jakarta Timur,Kramat Jati,Kramat Jati,307.7,153.9,20450000,4920000,6292465000,757188000,7049653000,Ya
ATR001942,3275012106831942,Rumah,SHM,99406/Mekarjaya,Jawa Barat,Depok,Sukmajaya,Mekarjaya,65.3,81.4,9290000,3960000,606637000,322344000,928981000,Ya
ATR001943,3671010502701943,Ruko,HGB,57364/Duren Tiga,DKI Jakarta,Jakarta Selatan,Pancoran,Duren Tiga,311.2,394.6,31610000,5620000,9837032000,2217652000,12054684000,Tidak
ATR001944,3175011303771944,Ruko,HGB,62980/Poris Plawad,Banten,Tangerang,Cipondoh,Poris Plawad,210.6,206.3,7450000,3840000,1568970000,792192000,2361162000,Ya
ATR001945,3671012212681945,Ruko,HGB,54757/Tebet Timur,DKI Jakarta,Jakarta Selatan,Tebet,Tebet Timur,230.4,241.8,30450000,5640000,7015680000,1363752000,8379432000,Ya
ATR001946,3175011112901946,Tanah,HGB,98986/Kemiri Muka,Jawa Barat,Depok,Beji,Kemiri Muka,380.3,0.0,8690000,3690000,3304807000,0,3304807000,Ya
ATR001947,3275016207981947,Ruko,SHM,37420/Margahayu,Jawa Barat,Bekasi,Bekasi Timur,Margahayu,172.0,159.9,8990000,3970000,1546280000,634803000,2181083000,Ya
ATR001948,3276014909671948,Rumah,HGB,56750/Kramat Jati,DKI Jakarta,Jakarta Timur,Kramat Jati,Kramat Jati,91.6,89.0,18170000,4179999,1664372000,372020000,2036392000,Ya
ATR001949,3171016005891949,Rumah,HGB,17006/Rawa Buntu,Jawa Barat,Tangerang Selatan,Serpong,Rawa Buntu,375.3,308.5,13410000,3860000,5032773000,1190810000,6223583000,Ya
ATR001950,3671012502911950,Ruko,SHM,97101/Poris Plawad,Banten,Tangerang,Cipondoh,Poris Plawad,221.8,132.7,8460000,3350000,1876428000,444545000,2320973000,Ya
ATR001951,3172015008851951,Tanah,HGB,96902/Cikini,DKI Jakarta,Jakarta Pusat,Cikini,Cikini,184.8,0.0,34230000,5280000,6325704000,0,6325704000,Ya
ATR001952,3276016402921952,Tanah,HGB,86732/Cikini,DKI Jakarta,Jakarta Pusat,Cikini,Cikini,294.6,0.0,38020000,6350000,11200692000,0,11200692000,Ya
ATR001953,3276015103761953,Ruko,HGB,37283/Gunung,DKI Jakarta,Jakarta Selatan,Kebayoran Baru,Gunung,299.3,267.6,50600000,5980000,15144580000,1600248000,16744828000,Ya
ATR001954,3173015010911954,Tanah,HGB,44039/Poris Plawad,Banten,Tangerang,Cipondoh,Poris Plawad,127.8,0.0,7070000,2930000,903546000,0,903546000,Ya
ATR001955,3173014603981955,Rumah,HGB,34922/Bojong Jaya,Banten,Tangerang,Karawaci,Bojong Jaya,144.5,107.4,9730000,3410000,1405985000,366234000,1772219000,Ya
ATR001956,3671014905881956,Tanah,HGB,92460/Kramat Jati,DKI Jakarta,Jakarta Timur,Kramat Jati,Kramat Jati,117.5,0.0,19480000,4000000,2288900000,0,2288900000,Ya
ATR001957,3671013005841957,Ruko,HGB,11707/Cengkareng Barat,DKI Jakarta,Jakarta Barat,Cengkareng,Cengkareng Barat,232.4,244.0,16640000,4590000,3867136000,1119960000,4987096000,Ya
ATR001958,3671011006851958,Tanah,SHM,85255/Paledang,Jawa Barat,Bogor,Bogor Tengah,Paledang,160.8,0.0,6540000,3040000,1051632000,0,1051632000,Ya
ATR001959,3275014410941959,Tanah,SHM,25832/Paledang,Jawa Barat,Bogor,Bogor Tengah,Paledang,165.3,0.0,7050000,3570000,1165365000,0,1165365000,Ya
ATR001960,3275016804001960,Tanah,SHM,62109/Duren Tiga,DKI Jakarta,Jakarta Selatan,Pancoran,Duren Tiga,304.6,0.0,28530000,5150000,8690238000,0,8690238000,Ya
ATR001961,3173017101711961,Gudang,SHM,61745/Paledang,Jawa Barat,Bogor,Bogor Tengah,Paledang,68.1,38.4,6830000,3850000,465123000,147840000,612963000,Ya
ATR001962,3171011604751962,Gudang,HGB,20820/Cengkareng Barat,DKI Jakarta,Jakarta Barat,Cengkareng,Cengkareng Barat,90.0,105.9,17120000,4340000,1540800000,459606000,2000406000,Ya
ATR001963,3671016101811963,Rumah,HGB,45990/Margahayu,Jawa Barat,Bekasi,Bekasi Timur,Margahayu,197.4,133.7,8029999,3650000,1585122000,488005000,2073127000,Ya
ATR001964,3175016601001964,Tanah,SHM,74056/Paledang,Jawa Barat,Bogor,Bogor Tengah,Paledang,252.1,0.0,7940000,3810000,2001674000,0,2001674000,Ya
ATR001965,3172016407911965,Tanah,SHM,68060/Poris Plawad,Banten,Tangerang,Cipondoh,Poris Plawad,332.5,0.0,8500000,2990000,2826250000,0,2826250000,Ya
ATR001966,3171017003891966,Rumah,SHM,13268/Pluit,DKI Jakarta,Jakarta Utara,Pluit,Pluit,228.3,268.8,27040000,5690000,6173232000,1529472000,7702704000,Ya
ATR001967,3276015504001967,Tanah,SHM,11498/Bojong Jaya,Banten,Tangerang,Karawaci,Bojong Jaya,145.8,0.0,9630000,3240000,1404054000,0,1404054000,Ya
ATR001968,3671010501661968,Tanah,HGB,20492/Tebet Timur,DKI Jakarta,Jakarta Selatan,Tebet,Tebet Timur,150.1,0.0,26740000,5840000,4013674000,0,4013674000,Ya
ATR001969,3171011612011969,Tanah,SHM,53323/Rawa Buntu,Jawa Barat,Tangerang Selatan,Serpong,Rawa Buntu,248.8,0.0,10560000,4370000,2627328000,0,2627328000,Ya
ATR001970,3271016104961970,Gudang,SHM,17787/Kramat Jati,DKI Jakarta,Jakarta Timur,Kramat Jati,Kramat Jati,280.5,303.0,16430000,5020000,4608615000,1521060000,6129675000,Ya
ATR001971,3276012604881971,Rumah,HGB,59486/Paledang,Jawa Barat,Bogor,Bogor Tengah,Paledang,205.8,132.9,7930000,3660000,1631994000,486414000,2118408000,Ya
ATR001972,3271010212841972,Tanah,SHM,82068/Cengkareng Barat,DKI Jakarta,Jakarta Barat,Cengkareng,Cengkareng Barat,174.8,0.0,17490000,4450000,3057252000,0,3057252000,Ya
ATR001973,3175015405911973,Tanah,HGB,29446/Margahayu,Jawa Barat,Bekasi,Bekasi Timur,Margahayu,210.0,0.0,8520000,3480000,1789200000,0,1789200000,Ya
ATR001974,3271013101771974,Ruko,SHM,22638/Bojong Jaya,Banten,Tangerang,Karawaci,Bojong Jaya,275.1,352.4,8490000,3560000,2335599000,1254544000,3590143000,Ya
ATR001975,3276011607741975,Rumah,SHM,27131/Margahayu,Jawa Barat,Bekasi,Bekasi Timur,Margahayu,244.1,286.8,8630000,3120000,2106583000,894816000,3001399000,Tidak
ATR001976,3271016401761976,Rumah,HGB,46801/Kelapa Gading Barat,DKI Jakarta,Jakarta Utara,Kelapa Gading,Kelapa Gading Barat,315.8,376.2,26130000,5760000,8251854000,2166912000,10418766000,Ya
ATR001977,3674010209651977,Tanah,HGB,16323/Paledang,Jawa Barat,Bogor,Bogor Tengah,Paledang,178.2,0.0,7790000,3100000,1388178000,0,1388178000,Ya
ATR001978,3671010502811978,Tanah,HGB,94396/Margahayu,Jawa Barat,Bekasi,Bekasi Timur,Margahayu,328.0,0.0,8810000,3240000,2889680000,0,2889680000,Ya
ATR001979,3172010807841979,Rumah,HGB,79253/Sukabumi Selatan,DKI Jakarta,Jakarta Barat,Kebon Jeruk,Sukabumi Selatan,293.5,268.9,24180000,4880000,7096830000,1312232000,8409062000,Ya
ATR001980,3175012611681980,Ruko,SHM,19489/Bojong Jaya,Banten,Tangerang,Karawaci,Bojong Jaya,156.8,141.8,9080000,3930000,1423744000,557274000,1981018000,Ya
ATR001981,3173014507031981,Tanah,SHM,15158/Cengkareng Barat,DKI Jakarta,Jakarta Barat,Cengkareng,Cengkareng Barat,257.7,0.0,17350000,3810000,4471095000,0,4471095000,Ya
ATR001982,3271010505651982,Rumah,SHM,76031/Gunung,DKI Jakarta,Jakarta Selatan,Kebayoran Baru,Gunung,357.0,200.1,41580000,6350000,14844060000,1270635000,16114695000,Ya
ATR001983,3671011512861983,Rumah,SHM,23727/Cengkareng Barat,DKI Jakarta,Jakarta Barat,Cengkareng,Cengkareng Barat,357.9,264.3,13660000,3950000,4888914000,1043985000,5932899000,Ya
ATR001984,3171014410021984,Rumah,HGB,61210/Menteng,DKI Jakarta,Jakarta Pusat,Menteng,Menteng,187.8,174.3,61210000,7300000,11495238000,1272390000,12767628000,Ya
ATR001985,3173016812901985,Rumah,HGB,53390/Cengkareng Barat,DKI Jakarta,Jakarta Barat,Cengkareng,Cengkareng Barat,217.1,203.9,18160000,4830000,3942536000,984837000,4927373000,Ya
ATR001986,3671011811851986,Ruko,HGB,57796/Bojong Jaya,Banten,Tangerang,Karawaci,Bojong Jaya,307.2,246.5,7670000,3070000,2356224000,756755000,3112979000,Ya
ATR001987,3172014704781987,Ruko,SHM,39480/Mekarjaya,Jawa Barat,Depok,Sukmajaya,Mekarjaya,226.0,117.1,8980000,3380000,2029480000,395798000,2425278000,Ya
ATR001988,3173016701941988,Ruko,HGB,92998/Margahayu,Jawa Barat,Bekasi,Bekasi Timur,Margahayu,162.3,102.9,7780000,3310000,1262694000,340599000,1603293000,Ya
ATR001989,3275014410001989,Ruko,HGB,74120/Poris Plawad,Banten,Tangerang,Cipondoh,Poris Plawad,127.6,115.7,6730000,3570000,858748000,413049000,1271797000,Ya
ATR001990,3674010503741990,Ruko,SHM,86429/Duren Tiga,DKI Jakarta,Jakarta Selatan,Pancoran,Duren Tiga,97.5,85.2,26140000,5660000,2548650000,482232000,3030882000,Ya
ATR001991,3271011101941991,Ruko,SHM,73318/Poris Plawad,Banten,Tangerang,Cipondoh,Poris Plawad,239.4,218.8,8450000,3450000,2022930000,754860000,2777790000,Ya
ATR001992,3171010705851992,Rumah,HGB,51220/Rawa Buntu,Jawa Barat,Tangerang Selatan,Serpong,Rawa Buntu,196.6,247.6,13000000,3740000,2555800000,926024000,3481824000,Ya
ATR001993,3271012211911993,Tanah,SHM,80522/Kramat Jati,DKI Jakarta,Jakarta Timur,Kramat Jati,Kramat Jati,207.0,0.0,19770000,4940000,4092390000,0,4092390000,Ya
ATR001994,3671015604801994,Rumah,SHM,35375/Tebet Timur,DKI Jakarta,Jakarta Selatan,Tebet,Tebet Timur,298.4,218.6,26300000,5160000,7847920000,1127976000,8975896000,Ya
ATR001995,3173015708821995,Ruko,SHM,44568/Cengkareng Barat,DKI Jakarta,Jakarta Barat,Cengkareng,Cengkareng Barat,138.1,69.2,17030000,3790000,2351843000,262268000,2614111000,Ya
ATR001996,3276012703011996,Tanah,HGB,14230/Bojong Jaya,Banten,Tangerang,Karawaci,Bojong Jaya,140.8,0.0,8680000,3570000,1222144000,0,1222144000,Ya
ATR001997,3271016905911997,Tanah,HGB,71421/Tebet Timur,DKI Jakarta,Jakarta Selatan,Tebet,Tebet Timur,390.0,0.0,29810000,5210000,11625900000,0,11625900000,Ya
ATR001998,3671011602791998,Rumah,HGB,55510/Bintara,Jawa Barat,Bekasi,Bekasi Barat,Bintara,212.5,212.7,8050000,3450000,1710625000,733815000,2444440000,Ya
ATR001999,3173011105991999,Ruko,HGB,48091/Cakung Barat,DKI Jakarta,Jakarta Timur,Cakung,Cakung Barat,147.1,118.3,13340000,4200000,1962314000,496860000,2459174000,Ya
ATR002000,3671011907762000,Gudang,SHM,79337/Duren Tiga,DKI Jakarta,Jakarta Selatan,Pancoran,Duren Tiga,292.5,150.9,32119999,5480000,9395100000,826932000,10222032000,Ya
ATR002001,3175011902872001,Rumah,SHM,71748/Cikini,DKI Jakarta,Jakarta Pusat,Cikini,Cikini,384.6,477.1,44910000,6020000,17272386000,2872142000,20144528000,Ya
ATR002002,3671012504962002,Ruko,SHM,16907/Cikini,DKI Jakarta,Jakarta Pusat,Cikini,Cikini,218.1,229.4,44610000,5470000,9729441000,1254818000,10984259000,Ya
ATR002003,3173010912932003,Ruko,HGB,76447/Cakung Barat,DKI Jakarta,Jakarta Timur,Cakung,Cakung Barat,337.2,432.7,13370000,3740000,4508364000,1618298000,6126662000,Ya
ATR002004,3671015207652004,Tanah,SHM,60893/Kramat Jati,DKI Jakarta,Jakarta Timur,Kramat Jati,Kramat Jati,98.2,0.0,16870000,4650000,1656634000,0,1656634000,Ya
ATR002005,3171012003662005,Ruko,SHM,81314/Sukabumi Selatan,DKI Jakarta,Jakarta Barat,Kebon Jeruk,Sukabumi Selatan,365.7,365.3,18740000,4530000,6853218000,1654809000,8508027000,Ya
ATR002006,3173010202032006,Ruko,HGB,82533/Gunung,DKI Jakarta,Jakarta Selatan,Kebayoran Baru,Gunung,183.5,165.3,38840000,5730000,7127140000,947169000,8074309000,Ya
ATR002007,3671015204962007,Rumah,HGB,20364/Tebet Timur,DKI Jakarta,Jakarta Selatan,Tebet,Tebet Timur,280.0,244.0,27960000,5380000,7828800000,1312720000,9141520000,Tidak
ATR002008,3271012906902008,Tanah,HGB,75813/Menteng,DKI Jakarta,Jakarta Pusat,Menteng,Menteng,133.0,0.0,55270000,6960000,7350910000,0,7350910000,Ya
ATR002009,3174015011692009,Rumah,SHM,17874/Tebet Timur,DKI Jakarta,Jakarta Selatan,Tebet,Tebet Timur,375.9,301.6,27690000,4820000,10408671000,1453712000,11862383000,Ya
ATR002010,3671012810772010,Gudang,HGB,73400/Margahayu,Jawa Barat,Bekasi,Bekasi Timur,Margahayu,158.0,99.3,8109999,3630000,1281380000,360459000,1641839000,Ya
ATR002011,3671016705682011,Tanah,SHM,68356/Cikini,DKI Jakarta,Jakarta Pusat,Cikini,Cikini,297.4,0.0,41490000,5440000,12339126000,0,12339126000,Ya
ATR002012,3271014809872012,Ruko,SHM,10103/Menteng,DKI Jakarta,Jakarta Pusat,Menteng,Menteng,304.9,281.6,53280000,6150000,16245072000,1731840000,17976912000,Ya
ATR002013,3173015909022013,Rumah,SHM,96442/Poris Plawad,Banten,Tangerang,Cipondoh,Poris Plawad,379.3,393.5,6540000,3360000,2480622000,1322160000,3802782000,Ya
ATR002014,3671015309862014,Gudang,HGB,40537/Mekarjaya,Jawa Barat,Depok,Sukmajaya,Mekarjaya,92.1,118.9,9650000,3140000,888765000,373346000,1262111000,Ya
ATR002015,3671013001022015,Tanah,HGB,29954/Bintara,Jawa Barat,Bekasi,Bekasi Barat,Bintara,183.5,0.0,9930000,3710000,1822155000,0,1822155000,Ya
ATR002016,3175014604662016,Rumah,HGB,25013/Kemiri Muka,Jawa Barat,Depok,Beji,Kemiri Muka,275.6,308.6,8600000,3910000,2370160000,1206626000,3576786000,Ya
ATR002017,3276016006892017,Tanah,SHM,61765/Duren Tiga,DKI Jakarta,Jakarta Selatan,Pancoran,Duren Tiga,177.6,0.0,28630000,5450000,5084688000,0,5084688000,Ya
ATR002018,3173014511992018,Rumah,HGB,45925/Bojong Jaya,Banten,Tangerang,Karawaci,Bojong Jaya,96.5,59.5,7740000,3570000,746910000,212415000,959325000,Tidak
ATR002019,3671015203652019,Gudang,HGB,23218/Kemiri Muka,Jawa Barat,Depok,Beji,Kemiri Muka,99.3,124.8,10700000,3960000,1062510000,494208000,1556718000,Ya
ATR002020,3276015006762020,Rumah,SHM,55864/Kelapa Gading Barat,DKI Jakarta,Jakarta Utara,Kelapa Gading,Kelapa Gading Barat,341.1,199.7,25040000,5510000,8541144000,1100347000,9641491000,Ya
ATR002021,3174016101012021,Rumah,HGB,35091/Kelapa Gading Barat,DKI Jakarta,Jakarta Utara,Kelapa Gading,Kelapa Gading Barat,343.1,191.4,26430000,5250000,9068133000,1004850000,10072983000,Ya
ATR002022,3671015409862022,Rumah,SHM,54930/Mekarjaya,Jawa Barat,Depok,Sukmajaya,Mekarjaya,175.7,175.1,9500000,3600000,1669150000,630360000,2299510000,Ya
ATR002023,3671014904942023,Rumah,HGB,59785/Kramat Jati,DKI Jakarta,Jakarta Timur,Kramat Jati,Kramat Jati,196.7,114.5,15630000,3890000,3074421000,445405000,3519826000,Ya
ATR002024,3671012704712024,Ruko,HGB,73227/Bojong Jaya,Banten,Tangerang,Karawaci,Bojong Jaya,174.7,187.7,9660000,3110000,1687602000,583747000,2271349000,Ya
ATR002025,3671016605702025,Ruko,HGB,21591/Sukabumi Selatan,DKI Jakarta,Jakarta Barat,Kebon Jeruk,Sukabumi Selatan,153.2,143.7,19650000,4450000,3010380000,639465000,3649845000,Tidak
ATR002026,3172014305922026,Ruko,HGB,14457/Margahayu,Jawa Barat,Bekasi,Bekasi Timur,Margahayu,333.4,214.9,7780000,3440000,2593852000,739256000,3333108000,Ya
ATR002027,3173010808952027,Ruko,SHM,96060/Sukabumi Selatan,DKI Jakarta,Jakarta Barat,Kebon Jeruk,Sukabumi Selatan,233.5,140.6,23580000,4850000,5505930000,681910000,6187840000,Ya
ATR002028,3671016907852028,Ruko,SHM,23087/Paledang,Jawa Barat,Bogor,Bogor Tengah,Paledang,187.7,168.6,6670000,3140000,1251959000,529404000,1781363000,Ya
ATR002029,3671015509682029,Ruko,SHM,90613/Cengkareng Barat,DKI Jakarta,Jakarta Barat,Cengkareng,Cengkareng Barat,66.5,74.3,14420000,3630000,958930000,269709000,1228639000,Ya
ATR002030,3171010201832030,Ruko,SHM,98982/Bintara,Jawa Barat,Bekasi,Bekasi Barat,Bintara,323.1,371.9,8980000,3460000,2901438000,1286774000,4188212000,Ya
ATR002031,3276012501812031,Ruko,SHM,56025/Mekarjaya,Jawa Barat,Depok,Sukmajaya,Mekarjaya,297.9,207.6,9530000,3170000,2838987000,658092000,3497079000,Tidak
ATR002032,3671014306932032,Ruko,HGB,97481/Menteng,DKI Jakarta,Jakarta Pusat,Menteng,Menteng,352.5,370.2,62240000,6930000,21939600000,2565486000,24505086000,Ya
ATR002033,3172015605712033,Tanah,SHM,95262/Sukabumi Selatan,DKI Jakarta,Jakarta Barat,Kebon Jeruk,Sukabumi Selatan,210.3,0.0,19170000,4830000,4031451000,0,4031451000,Ya
ATR002034,3171014712652034,Rumah,HGB,29784/Kelapa Gading Barat,DKI Jakarta,Jakarta Utara,Kelapa Gading,Kelapa Gading Barat,191.4,146.3,25720000,5780000,4922808000,845614000,5768422000,Ya
ATR002035,3271010905742035,Ruko,HGB,19869/Pluit,DKI Jakarta,Jakarta Utara,Pluit,Pluit,191.1,119.7,28580000,4670000,5461638000,558999000,6020637000,Ya
ATR002036,3671010902822036,Rumah,HGB,99748/Duren Tiga,DKI Jakarta,Jakarta Selatan,Pancoran,Duren Tiga,157.3,103.7,33930000,4710000,5337189000,488427000,5825616000,Ya
ATR002037,3671011408972037,Tanah,HGB,22009/Sukabumi Selatan,DKI Jakarta,Jakarta Barat,Kebon Jeruk,Sukabumi Selatan,67.4,0.0,21890000,5000000,1475386000,0,1475386000,Ya
ATR002038,3671011301932038,Tanah,SHM,66938/Margahayu,Jawa Barat,Bekasi,Bekasi Timur,Margahayu,104.9,0.0,7700000,3790000,807730000,0,807730000,Ya
ATR002039,3674016308722039,Rumah,SHM,52062/Kramat Jati,DKI Jakarta,Jakarta Timur,Kramat Jati,Kramat Jati,240.5,233.7,16379999,4210000,3939390000,983877000,4923267000,Ya
ATR002040,3671014207992040,Rumah,SHM,13501/Kemiri Muka,Jawa Barat,Depok,Beji,Kemiri Muka,144.8,98.5,10060000,3870000,1456688000,381195000,1837883000,Tidak
ATR002041,3671011805652041,Rumah,HGB,20990/Poris Plawad,Banten,Tangerang,Cipondoh,Poris Plawad,126.5,128.2,8210000,3460000,1038565000,443572000,1482137000,Ya
ATR002042,3276015304862042,Tanah,SHM,45928/Rawa Buntu,Jawa Barat,Tangerang Selatan,Serpong,Rawa Buntu,149.3,0.0,10340000,3770000,1543762000,0,1543762000,Ya
ATR002043,3671016306862043,Tanah,SHM,52170/Poris Plawad,Banten,Tangerang,Cipondoh,Poris Plawad,76.2,0.0,6870000,3610000,523494000,0,523494000,Ya
ATR002044,3671012210992044,Rumah,HGB,68055/Kemiri Muka,Jawa Barat,Depok,Beji,Kemiri Muka,214.8,227.4,9660000,3410000,2074968000,775434000,2850402000,Ya
ATR002045,3671016507902045,Rumah,SHM,48639/Sukabumi Selatan,DKI Jakarta,Jakarta Barat,Kebon Jeruk,Sukabumi Selatan,257.2,323.7,19150000,5010000,4925380000,1621737000,6547117000,Ya
ATR002046,3671014704012046,Tanah,HGB,70786/Cengkareng Barat,DKI Jakarta,Jakarta Barat,Cengkareng,Cengkareng Barat,232.8,0.0,13720000,3960000,3194016000,0,3194016000,Ya
ATR002047,3271016301922047,Tanah,HGB,48041/Margahayu,Jawa Barat,Bekasi,Bekasi Timur,Margahayu,248.3,0.0,7880000,3370000,1956604000,0,1956604000,Ya
ATR002048,3671014708702048,Tanah,HGB,47493/Sukabumi Selatan,DKI Jakarta,Jakarta Barat,Kebon Jeruk,Sukabumi Selatan,190.3,0.0,24210000,5700000,4607163000,0,4607163000,Ya
ATR002049,3275016112882049,Rumah,SHM,28357/Paledang,Jawa Barat,Bogor,Bogor Tengah,Paledang,193.7,228.0,6850000,3450000,1326845000,786600000,2113445000,Ya
ATR002050,3671013009762050,Rumah,HGB,78484/Margahayu,Jawa Barat,Bekasi,Bekasi Timur,Margahayu,312.8,289.5,8740000,3900000,2733872000,1129050000,3862922000,Ya
ATR002051,3671012009992051,Tanah,SHM,86506/Paledang,Jawa Barat,Bogor,Bogor Tengah,Paledang,303.3,0.0,7630000,3240000,2314179000,0,2314179000,Ya
ATR002052,3671012606022052,Tanah,SHM,83420/Pluit,DKI Jakarta,Jakarta Utara,Pluit,Pluit,60.9,0.0,26600000,5070000,1619940000,0,1619940000,Ya
ATR002053,3171012204832053,Tanah,HGB,55671/Poris Plawad,Banten,Tangerang,Cipondoh,Poris Plawad,123.9,0.0,8310000,3150000,1029609000,0,1029609000,Ya
ATR002054,3276010804822054,Rumah,SHM,59496/Cengkareng Barat,DKI Jakarta,Jakarta Barat,Cengkareng,Cengkareng Barat,223.4,200.9,14630000,3910000,3268342000,785519000,4053861000,Ya
ATR002055,3674016801002055,Rumah,SHM,39261/Cikini,DKI Jakarta,Jakarta Pusat,Cikini,Cikini,304.3,339.6,39550000,6390000,12035065000,2170044000,14205109000,Ya
ATR002056,3674016305002056,Ruko,SHM,54252/Menteng,DKI Jakarta,Jakarta Pusat,Menteng,Menteng,107.0,136.2,60300000,5920000,6452100000,806304000,7258404000,Ya
ATR002057,3674015611802057,Tanah,HGB,61557/Rawa Buntu,Jawa Barat,Tangerang Selatan,Serpong,Rawa Buntu,102.7,0.0,10700000,4300000,1098890000,0,1098890000,Ya
ATR002058,3276014505032058,Tanah,SHM,43568/Margahayu,Jawa Barat,Bekasi,Bekasi Timur,Margahayu,326.2,0.0,8590000,3710000,2802058000,0,2802058000,Ya
ATR002059,3674011505812059,Ruko,HGB,44240/Menteng,DKI Jakarta,Jakarta Pusat,Menteng,Menteng,66.2,49.6,57270000,5540000,3791274000,274784000,4066058000,Ya
ATR002060,3271011012752060,Rumah,SHM,26915/Mekarjaya,Jawa Barat,Depok,Sukmajaya,Mekarjaya,349.6,366.1,7900000,3800000,2761840000,1391180000,4153020000,Ya
ATR002061,3275016409912061,Rumah,HGB,77638/Kelapa Gading Barat,DKI Jakarta,Jakarta Utara,Kelapa Gading,Kelapa Gading Barat,164.3,86.9,28250000,4960000,4641475000,431024000,5072499000,Ya
ATR002062,3172015001992062,Gudang,SHM,64030/Pluit,DKI Jakarta,Jakarta Utara,Pluit,Pluit,227.2,253.3,24750000,4930000,5623200000,1248769000,6871969000,Ya
ATR002063,3271012506932063,Tanah,HGB,58589/Poris Plawad,Banten,Tangerang,Cipondoh,Poris Plawad,397.2,0.0,6820000,3480000,2708904000,0,2708904000,Ya
ATR002064,3175016209662064,Rumah,SHM,58701/Duren Tiga,DKI Jakarta,Jakarta Selatan,Pancoran,Duren Tiga,109.9,140.3,34030000,6130000,3739897000,860039000,4599936000,Ya
ATR002065,3174014104712065,Ruko,HGB,52952/Cikini,DKI Jakarta,Jakarta Pusat,Cikini,Cikini,275.6,305.6,45830000,5420000,12630748000,1656352000,14287100000,Ya
ATR002066,3671010401702066,Ruko,SHM,92074/Cengkareng Barat,DKI Jakarta,Jakarta Barat,Cengkareng,Cengkareng Barat,175.2,112.2,15620000,4570000,2736624000,512754000,3249378000,Ya
ATR002067,3276012509892067,Tanah,SHM,56458/Pluit,DKI Jakarta,Jakarta Utara,Pluit,Pluit,242.8,0.0,31010000,5140000,7529228000,0,7529228000,Ya
ATR002068,3172016601972068,Rumah,HGB,79015/Mekarjaya,Jawa Barat,Depok,Sukmajaya,Mekarjaya,184.2,150.0,9000000,4070000,1657800000,610500000,2268300000,Ya
ATR002069,3275010807682069,Rumah,HGB,50947/Gunung,DKI Jakarta,Jakarta Selatan,Kebayoran Baru,Gunung,321.3,183.6,41100000,6000000,13205430000,1101600000,14307030000,Ya
ATR002070,3276010504862070,Rumah,HGB,25077/Bojong Jaya,Banten,Tangerang,Karawaci,Bojong Jaya,146.0,133.4,7690000,3350000,1122740000,446890000,1569630000,Ya
ATR002071,3175014304022071,Rumah,SHM,25590/Sukabumi Selatan,DKI Jakarta,Jakarta Barat,Kebon Jeruk,Sukabumi Selatan,254.9,316.2,22960000,4870000,5852504000,1539894000,7392398000,Ya
ATR002072,3275014612872072,Rumah,SHM,74933/Kramat Jati,DKI Jakarta,Jakarta Timur,Kramat Jati,Kramat Jati,326.9,215.8,16010000,4740000,5233669000,1022892000,6256561000,Ya
ATR002073,3174011006002073,Ruko,SHM,55894/Bojong Jaya,Banten,Tangerang,Karawaci,Bojong Jaya,328.5,358.4,9340000,4130000,3068190000,1480192000,4548382000,Ya
ATR002074,3671012810012074,Rumah,SHM,43570/Kelapa Gading Barat,DKI Jakarta,Jakarta Utara,Kelapa Gading,Kelapa Gading Barat,98.5,114.5,23140000,5630000,2279290000,644635000,2923925000,Tidak
ATR002075,3671010411782075,Tanah,SHM,60711/Bintara,Jawa Barat,Bekasi,Bekasi Barat,Bintara,296.9,0.0,9260000,3750000,2749294000,0,2749294000,Ya
ATR002076,3171016110892076,Ruko,HGB,42547/Tebet Timur,DKI Jakarta,Jakarta Selatan,Tebet,Tebet Timur,180.0,181.6,30110000,5790000,5419800000,1051464000,6471264000,Ya
ATR002077,3276015403922077,Tanah,HGB,56248/Kelapa Gading Barat,DKI Jakarta,Jakarta Utara,Kelapa Gading,Kelapa Gading Barat,228.0,0.0,27190000,5160000,6199320000,0,6199320000,Ya
ATR002078,3671010701942078,Rumah,HGB,22937/Kelapa Gading Barat,DKI Jakarta,Jakarta Utara,Kelapa Gading,Kelapa Gading Barat,322.2,331.5,24320000,5820000,7835904000,1929330000,9765234000,Ya
ATR002079,3671016205792079,Ruko,SHM,14273/Menteng,DKI Jakarta,Jakarta Pusat,Menteng,Menteng,398.5,237.1,47000000,7260000,18729500000,1721346000,20450846000,Ya
ATR002080,3173014208742080,Rumah,HGB,39148/Menteng,DKI Jakarta,Jakarta Pusat,Menteng,Menteng,308.1,353.9,60920000,7460000,18769452000,2640094000,21409546000,Ya
ATR002081,3171012405692081,Ruko,SHM,92490/Poris Plawad,Banten,Tangerang,Cipondoh,Poris Plawad,301.5,178.6,7290000,3750000,2197935000,669750000,2867685000,Ya
ATR002082,3174014702812082,Ruko,SHM,51075/Kramat Jati,DKI Jakarta,Jakarta Timur,Kramat Jati,Kramat Jati,261.0,235.7,18790000,5140000,4904190000,1211498000,6115688000,Ya
ATR002083,3671016709812083,Rumah,SHM,98368/Rawa Buntu,Jawa Barat,Tangerang Selatan,Serpong,Rawa Buntu,255.1,303.7,11930000,3490000,3043343000,1059913000,4103256000,Ya
ATR002084,3276012102902084,Tanah,HGB,19631/Menteng,DKI Jakarta,Jakarta Pusat,Menteng,Menteng,172.9,0.0,49310000,7180000,8525699000,0,8525699000,Ya
ATR002085,3275014109752085,Ruko,HGB,23777/Cikini,DKI Jakarta,Jakarta Pusat,Cikini,Cikini,377.3,431.9,42320000,5110000,15967336000,2207009000,18174345000,Ya
ATR002086,3172016211962086,Rumah,HGB,35511/Pluit,DKI Jakarta,Jakarta Utara,Pluit,Pluit,127.1,156.2,24360000,4960000,3096156000,774752000,3870908000,Ya
ATR002087,3174012908982087,Ruko,SHM,99279/Tebet Timur,DKI Jakarta,Jakarta Selatan,Tebet,Tebet Timur,149.5,99.8,28830000,4820000,4310085000,481036000,4791121000,Ya
ATR002088,3171010701892088,Rumah,HGB,84700/Mekarjaya,Jawa Barat,Depok,Sukmajaya,Mekarjaya,186.6,200.9,8640000,3520000,1612224000,707168000,2319392000,Ya
ATR002089,3671016112742089,Tanah,SHM,96116/Cengkareng Barat,DKI Jakarta,Jakarta Barat,Cengkareng,Cengkareng Barat,184.3,0.0,18090000,3640000,3333987000,0,3333987000,Ya
ATR002090,3671012411852090,Tanah,SHM,31833/Cakung Barat,DKI Jakarta,Jakarta Timur,Cakung,Cakung Barat,363.0,0.0,13090000,3620000,4751670000,0,4751670000,Ya
ATR002091,3275014601002091,Ruko,HGB,44265/Poris Plawad,Banten,Tangerang,Cipondoh,Poris Plawad,303.8,172.4,8199999,3620000,2491160000,624088000,3115248000,Ya
ATR002092,3671010409692092,Ruko,HGB,52702/Menteng,DKI Jakarta,Jakarta Pusat,Menteng,Menteng,94.1,101.1,57970000,7150000,5454977000,722865000,6177842000,Ya
ATR002093,3271016308762093,Ruko,SHM,30257/Bojong Jaya,Banten,Tangerang,Karawaci,Bojong Jaya,67.9,54.2,8050000,3660000,546595000,198372000,744967000,Ya
ATR002094,3674011305872094,Tanah,HGB,43007/Poris Plawad,Banten,Tangerang,Cipondoh,Poris Plawad,193.1,0.0,8279999,2890000,1598868000,0,1598868000,Ya
ATR002095,3173016504992095,Tanah,HGB,93880/Pluit,DKI Jakarta,Jakarta Utara,Pluit,Pluit,70.3,0.0,25610000,5950000,1800383000,0,1800383000,Ya
ATR002096,3172011412022096,Ruko,SHM,78770/Pluit,DKI Jakarta,Jakarta Utara,Pluit,Pluit,266.2,229.3,30550000,4700000,8132410000,1077710000,9210120000,Ya
ATR002097,3674014702822097,Gudang,SHM,82107/Tebet Timur,DKI Jakarta,Jakarta Selatan,Tebet,Tebet Timur,70.0,59.3,26130000,6110000,1829100000,362323000,2191423000,Ya
ATR002098,3275011009952098,Rumah,SHM,64270/Margahayu,Jawa Barat,Bekasi,Bekasi Timur,Margahayu,268.8,248.8,7020000,3540000,1886976000,880752000,2767728000,Tidak
ATR002099,3276016508832099,Gudang,SHM,57848/Gunung,DKI Jakarta,Jakarta Selatan,Kebayoran Baru,Gunung,344.0,417.9,49360000,5290000,16979840000,2210691000,19190531000,Ya
ATR002100,3173016209892100,Rumah,SHM,78902/Poris Plawad,Banten,Tangerang,Cipondoh,Poris Plawad,61.1,45.4,6620000,3370000,404482000,152998000,557480000,Ya
ATR002101,3671014505992101,Rumah,SHM,42431/Bojong Jaya,Banten,Tangerang,Karawaci,Bojong Jaya,357.3,392.8,10180000,3120000,3637314000,1225536000,4862850000,Ya
ATR002102,3271014311912102,Tanah,SHM,69777/Tebet Timur,DKI Jakarta,Jakarta Selatan,Tebet,Tebet Timur,284.9,0.0,26230000,5090000,7472927000,0,7472927000,Ya
ATR002103,3276010310702103,Tanah,HGB,78667/Bojong Jaya,Banten,Tangerang,Karawaci,Bojong Jaya,151.7,0.0,9030000,3540000,1369851000,0,1369851000,Ya
ATR002104,3275015501032104,Ruko,SHM,16699/Paledang,Jawa Barat,Bogor,Bogor Tengah,Paledang,288.7,233.8,6480000,3060000,1870776000,715428000,2586204000,Ya
ATR002105,3175016603722105,Tanah,SHM,18049/Cakung Barat,DKI Jakarta,Jakarta Timur,Cakung,Cakung Barat,312.2,0.0,12920000,4200000,4033624000,0,4033624000,Ya
ATR002106,3671016010892106,Tanah,HGB,84855/Bojong Jaya,Banten,Tangerang,Karawaci,Bojong Jaya,259.9,0.0,9190000,3580000,2388481000,0,2388481000,Ya
ATR002107,3173016312732107,Gudang,SHM,87374/Kramat Jati,DKI Jakarta,Jakarta Timur,Kramat Jati,Kramat Jati,227.2,216.4,19160000,3970000,4353152000,859108000,5212260000,Ya
ATR002108,3674011110742108,Rumah,HGB,31932/Mekarjaya,Jawa Barat,Depok,Sukmajaya,Mekarjaya,106.2,58.8,9710000,4090000,1031202000,240492000,1271694000,Ya
ATR002109,3671014802702109,Rumah,SHM,55665/Menteng,DKI Jakarta,Jakarta Pusat,Menteng,Menteng,210.7,136.7,54760000,7140000,11537932000,976038000,12513970000,Tidak
ATR002110,3171013011832110,Gudang,SHM,68371/Duren Tiga,DKI Jakarta,Jakarta Selatan,Pancoran,Duren Tiga,275.6,215.8,30930000,5190000,8524308000,1120002000,9644310000,Ya
ATR002111,3671012011752111,Ruko,SHM,69551/Tebet Timur,DKI Jakarta,Jakarta Selatan,Tebet,Tebet Timur,355.9,336.9,26530000,5160000,9442027000,1738404000,11180431000,Ya
ATR002112,3276010507952112,Ruko,SHM,87902/Cikini,DKI Jakarta,Jakarta Pusat,Cikini,Cikini,337.4,290.3,37900000,5950000,12787460000,1727285000,14514745000,Ya
ATR002113,3172010506962113,Ruko,SHM,96796/Kelapa Gading Barat,DKI Jakarta,Jakarta Utara,Kelapa Gading,Kelapa Gading Barat,102.4,121.5,27980000,5900000,2865152000,716850000,3582002000,Ya
ATR002114,3275011406702114,Rumah,HGB,80508/Bojong Jaya,Banten,Tangerang,Karawaci,Bojong Jaya,133.8,106.9,8550000,3250000,1143990000,347425000,1491415000,Ya
ATR002115,3175016406822115,Rumah,SHM,61176/Sukabumi Selatan,DKI Jakarta,Jakarta Barat,Kebon Jeruk,Sukabumi Selatan,222.1,264.9,18910000,5220000,4199911000,1382778000,5582689000,Ya
ATR002116,3172016403842116,Ruko,HGB,94523/Cakung Barat,DKI Jakarta,Jakarta Timur,Cakung,Cakung Barat,318.2,384.7,12820000,4510000,4079324000,1734997000,5814321000,Ya
ATR002117,3674011407932117,Ruko,HGB,89823/Cengkareng Barat,DKI Jakarta,Jakarta Barat,Cengkareng,Cengkareng Barat,231.1,118.2,13630000,3870000,3149893000,457434000,3607327000,Ya
ATR002118,3275015506862118,Tanah,SHM,40107/Duren Tiga,DKI Jakarta,Jakarta Selatan,Pancoran,Duren Tiga,148.5,0.0,27090000,4720000,4022865000,0,4022865000,Ya
ATR002119,3171016012972119,Rumah,HGB,69708/Sukabumi Selatan,DKI Jakarta,Jakarta Barat,Kebon Jeruk,Sukabumi Selatan,62.8,68.4,19700000,5620000,1237160000,384408000,1621568000,Ya
ATR002120,3271010411782120,Ruko,SHM,44412/Cikini,DKI Jakarta,Jakarta Pusat,Cikini,Cikini,282.3,293.0,34060000,6870000,9615138000,2012910000,11628048000,Ya
ATR002121,3671016201722121,Ruko,SHM,66973/Margahayu,Jawa Barat,Bekasi,Bekasi Timur,Margahayu,364.3,374.3,7630000,4030000,2779609000,1508429000,4288038000,Ya
ATR002122,3671012806942122,Ruko,SHM,55894/Duren Tiga,DKI Jakarta,Jakarta Selatan,Pancoran,Duren Tiga,251.3,145.7,33800000,4910000,8493940000,715387000,9209327000,Ya
ATR002123,3671016108732123,Gudang,HGB,57930/Pluit,DKI Jakarta,Jakarta Utara,Pluit,Pluit,249.8,277.6,27970000,4870000,6986906000,1351912000,8338818000,Ya
ATR002124,3671012203662124,Tanah,SHM,86941/Cakung Barat,DKI Jakarta,Jakarta Timur,Cakung,Cakung Barat,317.4,0.0,13750000,4370000,4364250000,0,4364250000,Ya
ATR002125,3173012302822125,Tanah,SHM,98671/Kemiri Muka,Jawa Barat,Depok,Beji,Kemiri Muka,367.3,0.0,9730000,3830000,3573829000,0,3573829000,Ya
ATR002126,3275010607902126,Tanah,HGB,84226/Kelapa Gading Barat,DKI Jakarta,Jakarta Utara,Kelapa Gading,Kelapa Gading Barat,212.2,0.0,27060000,5240000,5742132000,0,5742132000,Ya
ATR002127,3175012904942127,Ruko,SHM,95469/Pluit,DKI Jakarta,Jakarta Utara,Pluit,Pluit,147.8,78.4,27670000,4870000,4089626000,381808000,4471434000,Ya
ATR002128,3175014504952128,Tanah,SHM,46023/Gunung,DKI Jakarta,Jakarta Selatan,Kebayoran Baru,Gunung,282.3,0.0,47450000,6450000,13395135000,0,13395135000,Ya
ATR002129,3275015110872129,Ruko,SHM,19310/Pluit,DKI Jakarta,Jakarta Utara,Pluit,Pluit,364.0,454.7,29490000,5520000,10734360000,2509944000,13244304000,Ya
ATR002130,3671017005802130,Gudang,SHM,72024/Bojong Jaya,Banten,Tangerang,Karawaci,Bojong Jaya,394.2,283.6,8199999,3540000,3232440000,1003944000,4236384000,Ya
ATR002131,3275016802762131,Rumah,HGB,77644/Kramat Jati,DKI Jakarta,Jakarta Timur,Kramat Jati,Kramat Jati,392.7,381.2,18310000,4710000,7190337000,1795452000,8985789000,Ya
ATR002132,3175015707852132,Rumah,HGB,45448/Kelapa Gading Barat,DKI Jakarta,Jakarta Utara,Kelapa Gading,Kelapa Gading Barat,70.9,70.2,26620000,5070000,1887358000,355914000,2243272000,Ya
ATR002133,3671015007742133,Rumah,SHM,85539/Poris Plawad,Banten,Tangerang,Cipondoh,Poris Plawad,137.2,92.9,6740000,3270000,924728000,303783000,1228511000,Ya
ATR002134,3671015107852134,Rumah,HGB,55428/Kramat Jati,DKI Jakarta,Jakarta Timur,Kramat Jati,Kramat Jati,341.5,275.3,18480000,4800000,6310920000,1321440000,7632360000,Ya
ATR002135,3172011109762135,Ruko,HGB,96086/Bojong Jaya,Banten,Tangerang,Karawaci,Bojong Jaya,117.2,149.7,9320000,4120000,1092304000,616764000,1709068000,Ya
ATR002136,3172012808972136,Gudang,SHM,83065/Kramat Jati,DKI Jakarta,Jakarta Timur,Kramat Jati,Kramat Jati,299.0,202.7,16710000,4520000,4996290000,916204000,5912494000,Ya
ATR002137,3175012405922137,Rumah,SHM,20529/Tebet Timur,DKI Jakarta,Jakarta Selatan,Tebet,Tebet Timur,117.0,83.1,24100000,5840000,2819700000,485304000,3305004000,Ya
ATR002138,3671016509862138,Gudang,HGB,37567/Poris Plawad,Banten,Tangerang,Cipondoh,Poris Plawad,92.0,58.6,6610000,3510000,608120000,205686000,813806000,Ya
ATR002139,3671014911792139,Rumah,SHM,96192/Pluit,DKI Jakarta,Jakarta Utara,Pluit,Pluit,316.5,163.4,24970000,5920000,7903005000,967328000,8870333000,Ya
ATR002140,3674016705982140,Rumah,HGB,93402/Cikini,DKI Jakarta,Jakarta Pusat,Cikini,Cikini,84.8,98.1,39920000,6620000,3385216000,649422000,4034638000,Ya
ATR002141,3671016207032141,Rumah,HGB,65620/Kemiri Muka,Jawa Barat,Depok,Beji,Kemiri Muka,291.8,377.8,9200000,3940000,2684560000,1488532000,4173092000,Ya
ATR002142,3173012208892142,Tanah,HGB,95630/Tebet Timur,DKI Jakarta,Jakarta Selatan,Tebet,Tebet Timur,73.4,0.0,23920000,4870000,1755728000,0,1755728000,Ya
ATR002143,3674011709802143,Tanah,SHM,59830/Bojong Jaya,Banten,Tangerang,Karawaci,Bojong Jaya,252.8,0.0,9140000,3090000,2310592000,0,2310592000,Ya
ATR002144,3276012005762144,Rumah,SHM,48456/Cikini,DKI Jakarta,Jakarta Pusat,Cikini,Cikini,374.4,306.3,41500000,6500000,15537600000,1990950000,17528550000,Ya
ATR002145,3671010104952145,Ruko,SHM,10611/Kelapa Gading Barat,DKI Jakarta,Jakarta Utara,Kelapa Gading,Kelapa Gading Barat,236.6,280.7,24190000,5810000,5723354000,1630867000,7354221000,Ya
ATR002146,3173015107782146,Gudang,HGB,25216/Cikini,DKI Jakarta,Jakarta Pusat,Cikini,Cikini,155.3,84.2,43550000,5850000,6763315000,492570000,7255885000,Ya
ATR002147,3271014104962147,Ruko,HGB,95311/Poris Plawad,Banten,Tangerang,Cipondoh,Poris Plawad,138.8,169.5,8250000,3450000,1145100000,584775000,1729875000,Ya
ATR002148,3671015810772148,Gudang,HGB,45299/Mekarjaya,Jawa Barat,Depok,Sukmajaya,Mekarjaya,221.3,180.0,9560000,3200000,2115628000,576000000,2691628000,Ya
ATR002149,3674015608772149,Tanah,HGB,72002/Kemiri Muka,Jawa Barat,Depok,Beji,Kemiri Muka,177.2,0.0,9990000,3750000,1770228000,0,1770228000,Ya
ATR002150,3276015605782150,Ruko,HGB,79816/Paledang,Jawa Barat,Bogor,Bogor Tengah,Paledang,107.6,98.0,6460000,3080000,695096000,301840000,996936000,Ya
ATR002151,3172010703032151,Rumah,HGB,60638/Paledang,Jawa Barat,Bogor,Bogor Tengah,Paledang,319.3,268.8,7270000,3630000,2321311000,975744000,3297055000,Ya
ATR002152,3671012805802152,Gudang,SHM,99941/Sukabumi Selatan,DKI Jakarta,Jakarta Barat,Kebon Jeruk,Sukabumi Selatan,220.0,178.3,21180000,5210000,4659600000,928943000,5588543000,Ya
ATR002153,3173011304842153,Tanah,HGB,27305/Bojong Jaya,Banten,Tangerang,Karawaci,Bojong Jaya,348.7,0.0,10010000,3240000,3490487000,0,3490487000,Ya
ATR002154,3175012903912154,Ruko,SHM,98384/Bojong Jaya,Banten,Tangerang,Karawaci,Bojong Jaya,274.3,203.3,7700000,4019999,2112110000,817266000,2929376000,Ya
ATR002155,3671010508982155,Tanah,HGB,42747/Gunung,DKI Jakarta,Jakarta Selatan,Kebayoran Baru,Gunung,376.0,0.0,47940000,6470000,18025440000,0,18025440000,Ya
ATR002156,3671014612872156,Ruko,HGB,92254/Cengkareng Barat,DKI Jakarta,Jakarta Barat,Cengkareng,Cengkareng Barat,139.6,128.0,14430000,3950000,2014428000,505600000,2520028000,Ya
ATR002157,3175010912962157,Rumah,HGB,27644/Duren Tiga,DKI Jakarta,Jakarta Selatan,Pancoran,Duren Tiga,114.3,75.9,32600000,4950000,3726180000,375705000,4101885000,Ya
ATR002158,3671015101962158,Ruko,SHM,35527/Gunung,DKI Jakarta,Jakarta Selatan,Kebayoran Baru,Gunung,274.0,350.9,42720000,5310000,11705280000,1863279000,13568559000,Ya
ATR002159,3671015412922159,Rumah,HGB,55120/Tebet Timur,DKI Jakarta,Jakarta Selatan,Tebet,Tebet Timur,368.2,415.1,29030000,5190000,10688846000,2154369000,12843215000,Ya
ATR002160,3275013110782160,Tanah,HGB,82779/Mekarjaya,Jawa Barat,Depok,Sukmajaya,Mekarjaya,91.0,0.0,8960000,3840000,815360000,0,815360000,Tidak
ATR002161,3271011502022161,Gudang,HGB,59564/Kramat Jati,DKI Jakarta,Jakarta Timur,Kramat Jati,Kramat Jati,148.5,76.4,18250000,4780000,2710125000,365192000,3075317000,Ya
ATR002162,3172012807862162,Gudang,HGB,56822/Bintara,Jawa Barat,Bekasi,Bekasi Barat,Bintara,125.9,89.3,9030000,3610000,1136877000,322373000,1459250000,Ya
ATR002163,3171015006812163,Tanah,HGB,83065/Bintara,Jawa Barat,Bekasi,Bekasi Barat,Bintara,221.1,0.0,9810000,3890000,2168991000,0,2168991000,Ya
ATR002164,3275014109802164,Gudang,HGB,13207/Pluit,DKI Jakarta,Jakarta Utara,Pluit,Pluit,173.1,201.7,25170000,5370000,4356927000,1083129000,5440056000,Ya
ATR002165,3671015404012165,Ruko,HGB,75662/Kemiri Muka,Jawa Barat,Depok,Beji,Kemiri Muka,221.7,167.3,9300000,4330000,2061810000,724409000,2786219000,Ya
ATR002166,3671016608742166,Rumah,HGB,50616/Paledang,Jawa Barat,Bogor,Bogor Tengah,Paledang,327.7,421.9,5990000,3600000,1962923000,1518840000,3481763000,Ya
ATR002167,3175011204822167,Rumah,SHM,15893/Rawa Buntu,Jawa Barat,Tangerang Selatan,Serpong,Rawa Buntu,73.8,60.7,13570000,3410000,1001466000,206987000,1208453000,Ya
ATR002168,3671016703992168,Tanah,HGB,56183/Gunung,DKI Jakarta,Jakarta Selatan,Kebayoran Baru,Gunung,230.5,0.0,50040000,5250000,11534220000,0,11534220000,Ya
ATR002169,3674015412682169,Rumah,HGB,54639/Cengkareng Barat,DKI Jakarta,Jakarta Barat,Cengkareng,Cengkareng Barat,291.2,301.5,18120000,4610000,5276544000,1389915000,6666459000,Ya
ATR002170,3174014704012170,Tanah,HGB,91488/Sukabumi Selatan,DKI Jakarta,Jakarta Barat,Kebon Jeruk,Sukabumi Selatan,220.2,0.0,21330000,4720000,4696866000,0,4696866000,Ya
ATR002171,3271011607922171,Rumah,HGB,93287/Rawa Buntu,Jawa Barat,Tangerang Selatan,Serpong,Rawa Buntu,190.6,161.2,13730000,3510000,2616938000,565812000,3182750000,Ya
ATR002172,3271011505702172,Rumah,HGB,10793/Rawa Buntu,Jawa Barat,Tangerang Selatan,Serpong,Rawa Buntu,223.3,223.1,13190000,3830000,2945327000,854473000,3799800000,Ya
ATR002173,3172017011972173,Ruko,HGB,58742/Kelapa Gading Barat,DKI Jakarta,Jakarta Utara,Kelapa Gading,Kelapa Gading Barat,199.2,159.3,28190000,5710000,5615448000,909603000,6525051000,Ya
ATR002174,3671010703722174,Rumah,HGB,37788/Gunung,DKI Jakarta,Jakarta Selatan,Kebayoran Baru,Gunung,96.8,81.5,39580000,6210000,3831344000,506115000,4337459000,Ya
ATR002175,3671011812802175,Rumah,HGB,89083/Cakung Barat,DKI Jakarta,Jakarta Timur,Cakung,Cakung Barat,237.6,120.2,11340000,4210000,2694384000,506042000,3200426000,Ya
ATR002176,3671015506982176,Ruko,SHM,78494/Pluit,DKI Jakarta,Jakarta Utara,Pluit,Pluit,392.6,470.8,25860000,4580000,10152636000,2156264000,12308900000,Ya
ATR002177,3172016002932177,Ruko,SHM,35929/Menteng,DKI Jakarta,Jakarta Pusat,Menteng,Menteng,369.8,427.7,48860000,7470000,18068428000,3194919000,21263347000,Ya
ATR002178,3671016112972178,Ruko,HGB,95846/Bojong Jaya,Banten,Tangerang,Karawaci,Bojong Jaya,306.2,375.5,8289999,4040000,2538398000,1517020000,4055418000,Ya
ATR002179,3174011011792179,Rumah,HGB,31434/Bintara,Jawa Barat,Bekasi,Bekasi Barat,Bintara,392.0,284.2,10220000,3290000,4006240000,935018000,4941258000,Ya
ATR002180,3171014510762180,Ruko,SHM,97185/Kramat Jati,DKI Jakarta,Jakarta Timur,Kramat Jati,Kramat Jati,240.9,212.5,16510000,4780000,3977259000,1015750000,4993009000,Ya
ATR002181,3175012809682181,Tanah,SHM,47855/Cakung Barat,DKI Jakarta,Jakarta Timur,Cakung,Cakung Barat,248.0,0.0,11110000,4550000,2755280000,0,2755280000,Ya
ATR002182,3276016311742182,Ruko,HGB,70557/Duren Tiga,DKI Jakarta,Jakarta Selatan,Pancoran,Duren Tiga,127.9,88.7,29230000,5060000,3738517000,448822000,4187339000,Ya
ATR002183,3671011109832183,Tanah,SHM,24148/Duren Tiga,DKI Jakarta,Jakarta Selatan,Pancoran,Duren Tiga,356.6,0.0,31910000,5630000,11379106000,0,11379106000,Ya
ATR002184,3674016807682184,Rumah,HGB,48602/Margahayu,Jawa Barat,Bekasi,Bekasi Timur,Margahayu,296.0,187.4,8690000,3330000,2572240000,624042000,3196282000,Ya
ATR002185,3671016103972185,Rumah,HGB,81500/Cakung Barat,DKI Jakarta,Jakarta Timur,Cakung,Cakung Barat,179.2,212.7,10660000,4080000,1910272000,867816000,2778088000,Ya
ATR002186,3276016702902186,Ruko,HGB,89116/Tebet Timur,DKI Jakarta,Jakarta Selatan,Tebet,Tebet Timur,299.6,366.7,27450000,5480000,8224020000,2009516000,10233536000,Ya
ATR002187,3173015902872187,Rumah,HGB,39275/Cikini,DKI Jakarta,Jakarta Pusat,Cikini,Cikini,237.1,211.0,40940000,6340000,9706874000,1337740000,11044614000,Ya
ATR002188,3671014808912188,Ruko,HGB,71646/Kemiri Muka,Jawa Barat,Depok,Beji,Kemiri Muka,339.2,287.8,8720000,4130000,2957824000,1188614000,4146438000,Ya
ATR002189,3171010310812189,Gudang,SHM,93344/Cengkareng Barat,DKI Jakarta,Jakarta Barat,Cengkareng,Cengkareng Barat,94.1,94.8,17820000,4690000,1676862000,444612000,2121474000,Tidak
ATR002190,3671015607872190,Ruko,HGB,77735/Kelapa Gading Barat,DKI Jakarta,Jakarta Utara,Kelapa Gading,Kelapa Gading Barat,355.0,178.1,24100000,5700000,8555500000,1015170000,9570670000,Ya
ATR002191,3271017007712191,Ruko,HGB,20681/Bojong Jaya,Banten,Tangerang,Karawaci,Bojong Jaya,264.5,260.5,8640000,4040000,2285280000,1052420000,3337700000,Ya
ATR002192,3172016705962192,Ruko,SHM,79002/Margahayu,Jawa Barat,Bekasi,Bekasi Timur,Margahayu,218.0,283.0,7980000,3250000,1739640000,919750000,2659390000,Ya
ATR002193,3671016303842193,Ruko,HGB,50255/Paledang,Jawa Barat,Bogor,Bogor Tengah,Paledang,336.8,377.7,7610000,3610000,2563048000,1363497000,3926545000,Ya
ATR002194,3271012304002194,Rumah,SHM,80735/Pluit,DKI Jakarta,Jakarta Utara,Pluit,Pluit,353.1,428.9,24520000,4710000,8658012000,2020119000,10678131000,Tidak
ATR002195,3276014106972195,Tanah,HGB,93162/Kelapa Gading Barat,DKI Jakarta,Jakarta Utara,Kelapa Gading,Kelapa Gading Barat,355.2,0.0,27950000,5800000,9927840000,0,9927840000,Ya
ATR002196,3175012710902196,Tanah,SHM,68592/Pluit,DKI Jakarta,Jakarta Utara,Pluit,Pluit,279.8,0.0,27370000,4590000,7658126000,0,7658126000,Ya
ATR002197,3671010707862197,Ruko,SHM,52111/Poris Plawad,Banten,Tangerang,Cipondoh,Poris Plawad,231.8,236.0,7510000,3390000,1740818000,800040000,2540858000,Ya
ATR002198,3671012604772198,Ruko,SHM,65039/Cakung Barat,DKI Jakarta,Jakarta Timur,Cakung,Cakung Barat,154.8,97.1,10900000,4570000,1687320000,443747000,2131067000,Ya
ATR002199,3674015512822199,Rumah,HGB,49215/Tebet Timur,DKI Jakarta,Jakarta Selatan,Tebet,Tebet Timur,151.6,147.4,28930000,4930000,4385788000,726682000,5112470000,Ya
ATR002200,3275010408922200,Tanah,HGB,54041/Gunung,DKI Jakarta,Jakarta Selatan,Kebayoran Baru,Gunung,327.0,0.0,41450000,5620000,13554150000,0,13554150000,Ya
ATR002201,3271016912922201,Rumah,HGB,65503/Bintara,Jawa Barat,Bekasi,Bekasi Barat,Bintara,340.7,360.5,7870000,3710000,2681309000,1337455000,4018764000,Ya
ATR002202,3174015201812202,Rumah,SHM,93936/Poris Plawad,Banten,Tangerang,Cipondoh,Poris Plawad,123.7,106.2,7730000,3220000,956201000,341964000,1298165000,Ya
ATR002203,3671014301692203,Rumah,SHM,39772/Kramat Jati,DKI Jakarta,Jakarta Timur,Kramat Jati,Kramat Jati,345.8,262.4,19830000,3960000,6857214000,1039104000,7896318000,Ya
ATR002204,3271016807982204,Rumah,SHM,69116/Gunung,DKI Jakarta,Jakarta Selatan,Kebayoran Baru,Gunung,111.9,63.4,46910000,5950000,5249229000,377230000,5626459000,Ya
ATR002205,3173010509862205,Tanah,SHM,55685/Cakung Barat,DKI Jakarta,Jakarta Timur,Cakung,Cakung Barat,183.5,0.0,11230000,4000000,2060705000,0,2060705000,Ya
ATR002206,3671010704842206,Gudang,SHM,32419/Poris Plawad,Banten,Tangerang,Cipondoh,Poris Plawad,177.1,186.8,8080000,3760000,1430968000,702368000,2133336000,Tidak
ATR002207,3674016109802207,Ruko,HGB,52963/Sukabumi Selatan,DKI Jakarta,Jakarta Barat,Kebon Jeruk,Sukabumi Selatan,150.7,161.7,21300000,5270000,3209910000,852159000,4062069000,Ya
ATR002208,3276016508932208,Ruko,SHM,33126/Poris Plawad,Banten,Tangerang,Cipondoh,Poris Plawad,397.9,431.0,8520000,3740000,3390108000,1611940000,5002048000,Ya
ATR002209,3172010112762209,Ruko,SHM,33740/Bintara,Jawa Barat,Bekasi,Bekasi Barat,Bintara,336.9,292.2,8330000,3650000,2806377000,1066530000,3872907000,Ya
ATR002210,3275015504672210,Rumah,HGB,20166/Kelapa Gading Barat,DKI Jakarta,Jakarta Utara,Kelapa Gading,Kelapa Gading Barat,238.2,215.3,25190000,5940000,6000258000,1278882000,7279140000,Ya
ATR002211,3175016202962211,Ruko,SHM,70978/Menteng,DKI Jakarta,Jakarta Pusat,Menteng,Menteng,115.0,91.4,53750000,6230000,6181250000,569422000,6750672000,Ya
ATR002212,3271016801942212,Ruko,HGB,23459/Cengkareng Barat,DKI Jakarta,Jakarta Barat,Cengkareng,Cengkareng Barat,238.2,228.1,17690000,4590000,4213758000,1046979000,5260737000,Ya
ATR002213,3276010109752213,Ruko,HGB,36366/Kelapa Gading Barat,DKI Jakarta,Jakarta Utara,Kelapa Gading,Kelapa Gading Barat,302.7,256.8,23460000,4500000,7101342000,1155600000,8256942000,Ya
ATR002214,3674017103812214,Rumah,SHM,30166/Cikini,DKI Jakarta,Jakarta Pusat,Cikini,Cikini,180.8,126.8,42340000,6490000,7655072000,822932000,8478004000,Ya
ATR002215,3171010904982215,Tanah,HGB,93092/Cakung Barat,DKI Jakarta,Jakarta Timur,Cakung,Cakung Barat,76.8,0.0,13260000,3410000,1018368000,0,1018368000,Ya
ATR002216,3175016209972216,Tanah,SHM,15828/Gunung,DKI Jakarta,Jakarta Selatan,Kebayoran Baru,Gunung,273.4,0.0,42590000,5540000,11644106000,0,11644106000,Ya
ATR002217,3172016312962217,Tanah,HGB,60838/Margahayu,Jawa Barat,Bekasi,Bekasi Timur,Margahayu,140.1,0.0,7130000,3720000,998913000,0,998913000,Ya
ATR002218,3174012906682218,Ruko,HGB,37241/Sukabumi Selatan,DKI Jakarta,Jakarta Barat,Kebon Jeruk,Sukabumi Selatan,239.7,233.0,20670000,4300000,4954599000,1001900000,5956499000,Ya
ATR002219,3671015110902219,Rumah,HGB,10269/Cakung Barat,DKI Jakarta,Jakarta Timur,Cakung,Cakung Barat,69.0,75.3,11340000,4360000,782460000,328308000,1110768000,Ya
ATR002220,3174011108982220,Ruko,HGB,37270/Kramat Jati,DKI Jakarta,Jakarta Timur,Kramat Jati,Kramat Jati,214.0,194.8,19150000,4190000,4098100000,816212000,4914312000,Ya
ATR002221,3276014507812221,Ruko,HGB,46402/Sukabumi Selatan,DKI Jakarta,Jakarta Barat,Kebon Jeruk,Sukabumi Selatan,249.1,189.7,21620000,5220000,5385542000,990234000,6375776000,Ya
ATR002222,3671011202772222,Ruko,SHM,87649/Duren Tiga,DKI Jakarta,Jakarta Selatan,Pancoran,Duren Tiga,270.9,253.4,32159999,5840000,8712144000,1479856000,10192000000,Ya
ATR002223,3671015606032223,Ruko,HGB,14945/Bojong Jaya,Banten,Tangerang,Karawaci,Bojong Jaya,290.8,348.6,8820000,3510000,2564856000,1223586000,3788442000,Ya
ATR002224,3671016310842224,Rumah,SHM,57184/Kramat Jati,DKI Jakarta,Jakarta Timur,Kramat Jati,Kramat Jati,258.1,143.7,20120000,3870000,5192972000,556119000,5749091000,Ya
ATR002225,3671010302012225,Rumah,SHM,56006/Duren Tiga,DKI Jakarta,Jakarta Selatan,Pancoran,Duren Tiga,318.0,401.5,25990000,5660000,8264820000,2272490000,10537310000,Ya
ATR002226,3276016109972226,Rumah,SHM,97628/Menteng,DKI Jakarta,Jakarta Pusat,Menteng,Menteng,172.4,98.7,56030000,6460000,9659572000,637602000,10297174000,Ya
ATR002227,3171016602952227,Gudang,HGB,15709/Margahayu,Jawa Barat,Bekasi,Bekasi Timur,Margahayu,268.2,292.4,8640000,4040000,2317248000,1181296000,3498544000,Ya
ATR002228,3671010406002228,Ruko,HGB,80252/Cengkareng Barat,DKI Jakarta,Jakarta Barat,Cengkareng,Cengkareng Barat,384.0,457.9,15020000,3770000,5767680000,1726283000,7493963000,Ya
ATR002229,3671015102732229,Tanah,SHM,93034/Bintara,Jawa Barat,Bekasi,Bekasi Barat,Bintara,196.6,0.0,9200000,3900000,1808720000,0,1808720000,Ya
ATR002230,3674014106732230,Ruko,SHM,53752/Cikini,DKI Jakarta,Jakarta Pusat,Cikini,Cikini,233.4,136.3,44300000,5660000,10339620000,771458000,11111078000,Tidak
ATR002231,3271010201002231,Ruko,SHM,32080/Kelapa Gading Barat,DKI Jakarta,Jakarta Utara,Kelapa Gading,Kelapa Gading Barat,100.1,126.8,21930000,4780000,2195193000,606104000,2801297000,Ya
ATR002232,3276012411732232,Tanah,HGB,57211/Cengkareng Barat,DKI Jakarta,Jakarta Barat,Cengkareng,Cengkareng Barat,299.7,0.0,17680000,4120000,5298696000,0,5298696000,Ya
ATR002233,3171012701652233,Tanah,HGB,20074/Sukabumi Selatan,DKI Jakarta,Jakarta Barat,Kebon Jeruk,Sukabumi Selatan,260.7,0.0,22860000,5520000,5959602000,0,5959602000,Ya
ATR002234,3674015211692234,Gudang,SHM,10559/Menteng,DKI Jakarta,Jakarta Pusat,Menteng,Menteng,180.5,221.1,61620000,7430000,11122410000,1642773000,12765183000,Ya
ATR002235,3671016804732235,Rumah,SHM,72032/Cengkareng Barat,DKI Jakarta,Jakarta Barat,Cengkareng,Cengkareng Barat,103.3,119.7,15570000,4820000,1608381000,576954000,2185335000,Ya
ATR002236,3671010301672236,Ruko,SHM,35732/Bintara,Jawa Barat,Bekasi,Bekasi Barat,Bintara,248.3,229.4,8520000,3320000,2115516000,761608000,2877124000,Ya
ATR002237,3671014101832237,Tanah,HGB,14687/Cengkareng Barat,DKI Jakarta,Jakarta Barat,Cengkareng,Cengkareng Barat,332.9,0.0,14270000,4550000,4750483000,0,4750483000,Ya
ATR002238,3175015211702238,Rumah,SHM,38696/Bintara,Jawa Barat,Bekasi,Bekasi Barat,Bintara,199.1,140.0,9970000,4030000,1985027000,564200000,2549227000,Ya
ATR002239,3671010506732239,Rumah,HGB,62670/Pluit,DKI Jakarta,Jakarta Utara,Pluit,Pluit,267.3,153.1,26790000,4810000,7160967000,736411000,7897378000,Ya
ATR002240,3174010411912240,Rumah,SHM,78919/Sukabumi Selatan,DKI Jakarta,Jakarta Barat,Kebon Jeruk,Sukabumi Selatan,284.8,350.0,21360000,4560000,6083328000,1596000000,7679328000,Ya
ATR002241,3275010909892241,Ruko,SHM,90284/Cikini,DKI Jakarta,Jakarta Pusat,Cikini,Cikini,356.2,391.3,44430000,6070000,15825966000,2375191000,18201157000,Ya
ATR002242,3671015408732242,Ruko,HGB,79451/Poris Plawad,Banten,Tangerang,Cipondoh,Poris Plawad,107.6,83.8,7250000,3410000,780100000,285758000,1065858000,Ya
ATR002243,3276015108992243,Ruko,SHM,15740/Margahayu,Jawa Barat,Bekasi,Bekasi Timur,Margahayu,357.3,217.1,7210000,3450000,2576133000,748995000,3325128000,Ya
ATR002244,3671012906812244,Ruko,HGB,37328/Bintara,Jawa Barat,Bekasi,Bekasi Barat,Bintara,269.0,328.8,10250000,3980000,2757250000,1308624000,4065874000,Ya
ATR002245,3173015405962245,Gudang,SHM,70404/Cakung Barat,DKI Jakarta,Jakarta Timur,Cakung,Cakung Barat,238.6,159.1,12090000,4070000,2884674000,647537000,3532211000,Ya
ATR002246,3671012003652246,Rumah,HGB,10127/Cikini,DKI Jakarta,Jakarta Pusat,Cikini,Cikini,134.8,107.1,38370000,6830000,5172276000,731493000,5903769000,Ya
ATR002247,3271010503702247,Ruko,SHM,49843/Poris Plawad,Banten,Tangerang,Cipondoh,Poris Plawad,316.7,348.6,6970000,3470000,2207399000,1209642000,3417041000,Ya
ATR002248,3674014405952248,Rumah,HGB,13437/Cengkareng Barat,DKI Jakarta,Jakarta Barat,Cengkareng,Cengkareng Barat,221.6,278.4,14630000,3660000,3242008000,1018944000,4260952000,Ya
ATR002249,3671015512792249,Rumah,HGB,12034/Menteng,DKI Jakarta,Jakarta Pusat,Menteng,Menteng,348.2,450.6,57960000,7350000,20181672000,3311910000,23493582000,Ya
ATR002250,3671014611022250,Rumah,HGB,55483/Pluit,DKI Jakarta,Jakarta Utara,Pluit,Pluit,347.1,331.6,26050000,5990000,9041955000,1986284000,11028239000,Ya
ATR002251,3671014509012251,Rumah,SHM,94610/Pluit,DKI Jakarta,Jakarta Utara,Pluit,Pluit,243.2,208.4,27530000,5250000,6695296000,1094100000,7789396000,Ya
ATR002252,3271016103952252,Rumah,HGB,87430/Margahayu,Jawa Barat,Bekasi,Bekasi Timur,Margahayu,359.9,307.9,8210000,3210000,2954779000,988359000,3943138000,Ya
ATR002253,3271010907952253,Ruko,SHM,31470/Paledang,Jawa Barat,Bogor,Bogor Tengah,Paledang,143.4,152.5,6160000,3820000,883344000,582550000,1465894000,Ya
ATR002254,3276016602942254,Tanah,SHM,15522/Cakung Barat,DKI Jakarta,Jakarta Timur,Cakung,Cakung Barat,129.6,0.0,10850000,3420000,1406160000,0,1406160000,Ya
ATR002255,3674016909912255,Tanah,SHM,62336/Cengkareng Barat,DKI Jakarta,Jakarta Barat,Cengkareng,Cengkareng Barat,357.5,0.0,16550000,3810000,5916625000,0,5916625000,Ya
ATR002256,3173015702682256,Ruko,SHM,14873/Sukabumi Selatan,DKI Jakarta,Jakarta Barat,Kebon Jeruk,Sukabumi Selatan,221.8,280.2,20330000,5350000,4509194000,1499070000,6008264000,Ya
ATR002257,3173011703892257,Ruko,HGB,23202/Kemiri Muka,Jawa Barat,Depok,Beji,Kemiri Muka,161.3,139.5,8710000,4139999,1404923000,577530000,1982453000,Ya
ATR002258,3671012504762258,Rumah,SHM,54548/Sukabumi Selatan,DKI Jakarta,Jakarta Barat,Kebon Jeruk,Sukabumi Selatan,306.6,170.1,25000000,4540000,7665000000,772254000,8437254000,Ya
ATR002259,3276012207732259,Tanah,SHM,49481/Poris Plawad,Banten,Tangerang,Cipondoh,Poris Plawad,335.2,0.0,8550000,3380000,2865960000,0,2865960000,Ya
ATR002260,3173010302972260,Ruko,SHM,81773/Cikini,DKI Jakarta,Jakarta Pusat,Cikini,Cikini,186.0,120.4,39320000,5400000,7313520000,650160000,7963680000,Tidak
ATR002261,3172014405932261,Tanah,SHM,38350/Margahayu,Jawa Barat,Bekasi,Bekasi Timur,Margahayu,92.7,0.0,8210000,3740000,761067000,0,761067000,Ya
ATR002262,3271014312702262,Ruko,SHM,45332/Kramat Jati,DKI Jakarta,Jakarta Timur,Kramat Jati,Kramat Jati,285.1,169.0,18300000,4210000,5217330000,711490000,5928820000,Tidak
ATR002263,3174014504752263,Ruko,SHM,93363/Tebet Timur,DKI Jakarta,Jakarta Selatan,Tebet,Tebet Timur,319.1,407.8,24120000,5150000,7696692000,2100170000,9796862000,Ya
ATR002264,3671016203892264,Gudang,HGB,27873/Kelapa Gading Barat,DKI Jakarta,Jakarta Utara,Kelapa Gading,Kelapa Gading Barat,63.8,44.3,26340000,4780000,1680492000,211754000,1892246000,Ya
ATR002265,3271014510002265,Rumah,SHM,32388/Cikini,DKI Jakarta,Jakarta Pusat,Cikini,Cikini,361.9,381.8,38740000,5770000,14020006000,2202986000,16222992000,Ya
ATR002266,3171016304892266,Tanah,SHM,40335/Kelapa Gading Barat,DKI Jakarta,Jakarta Utara,Kelapa Gading,Kelapa Gading Barat,120.2,0.0,26010000,4990000,3126402000,0,3126402000,Ya
ATR002267,3671016509712267,Ruko,SHM,11976/Cikini,DKI Jakarta,Jakarta Pusat,Cikini,Cikini,317.2,313.5,38370000,5480000,12170964000,1717980000,13888944000,Ya
ATR002268,3173015005772268,Tanah,SHM,68666/Tebet Timur,DKI Jakarta,Jakarta Selatan,Tebet,Tebet Timur,225.4,0.0,25690000,5000000,5790526000,0,5790526000,Ya
ATR002269,3275012712992269,Gudang,SHM,81378/Rawa Buntu,Jawa Barat,Tangerang Selatan,Serpong,Rawa Buntu,324.2,221.5,12100000,3940000,3922820000,872710000,4795530000,Ya
ATR002270,3275010408862270,Rumah,SHM,53635/Kramat Jati,DKI Jakarta,Jakarta Timur,Kramat Jati,Kramat Jati,358.2,427.8,17740000,3850000,6354468000,1647030000,8001498000,Ya
ATR002271,3671010711822271,Ruko,HGB,84340/Gunung,DKI Jakarta,Jakarta Selatan,Kebayoran Baru,Gunung,266.1,251.8,47040000,5380000,12517344000,1354684000,13872028000,Ya
ATR002272,3275010701772272,Ruko,SHM,53994/Menteng,DKI Jakarta,Jakarta Pusat,Menteng,Menteng,122.1,134.4,52340000,6910000,6390714000,928704000,7319418000,Ya
ATR002273,3674010901952273,Ruko,HGB,59890/Sukabumi Selatan,DKI Jakarta,Jakarta Barat,Kebon Jeruk,Sukabumi Selatan,198.7,211.4,20200000,5440000,4013740000,1150016000,5163756000,Ya
ATR002274,3171014805902274,Ruko,HGB,63850/Menteng,DKI Jakarta,Jakarta Pusat,Menteng,Menteng,259.8,203.4,54710000,6690000,14213658000,1360746000,15574404000,Ya
ATR002275,3671012406792275,Ruko,HGB,63464/Kramat Jati,DKI Jakarta,Jakarta Timur,Kramat Jati,Kramat Jati,297.4,251.9,16390000,4110000,4874386000,1035309000,5909695000,Ya
ATR002276,3674013107782276,Ruko,HGB,17340/Paledang,Jawa Barat,Bogor,Bogor Tengah,Paledang,162.3,178.4,7620000,3100000,1236726000,553040000,1789766000,Tidak
ATR002277,3275011303882277,Ruko,HGB,70079/Bojong Jaya,Banten,Tangerang,Karawaci,Bojong Jaya,230.8,284.7,9560000,3840000,2206448000,1093248000,3299696000,Ya
ATR002278,3276015709982278,Gudang,SHM,59278/Poris Plawad,Banten,Tangerang,Cipondoh,Poris Plawad,134.8,68.4,7990000,3240000,1077052000,221616000,1298668000,Ya
ATR002279,3172015911812279,Gudang,SHM,82329/Duren Tiga,DKI Jakarta,Jakarta Selatan,Pancoran,Duren Tiga,175.2,202.4,26680000,4960000,4674336000,1003904000,5678240000,Ya
ATR002280,3171011402772280,Tanah,HGB,15209/Cakung Barat,DKI Jakarta,Jakarta Timur,Cakung,Cakung Barat,198.9,0.0,11460000,4320000,2279394000,0,2279394000,Ya
ATR002281,3671010506652281,Rumah,SHM,59377/Gunung,DKI Jakarta,Jakarta Selatan,Kebayoran Baru,Gunung,179.4,209.9,39150000,6800000,7023510000,1427320000,8450830000,Tidak
ATR002282,3671012508702282,Tanah,SHM,25988/Gunung,DKI Jakarta,Jakarta Selatan,Kebayoran Baru,Gunung,90.1,0.0,42180000,5770000,3800418000,0,3800418000,Ya
ATR002283,3671010107692283,Rumah,SHM,65233/Pluit,DKI Jakarta,Jakarta Utara,Pluit,Pluit,262.6,266.7,29090000,4690000,7639034000,1250823000,8889857000,Ya
ATR002284,3674016309792284,Rumah,SHM,66272/Duren Tiga,DKI Jakarta,Jakarta Selatan,Pancoran,Duren Tiga,299.9,288.5,33509999,5830000,10049649000,1681955000,11731604000,Ya
ATR002285,3671011102852285,Ruko,HGB,52107/Kramat Jati,DKI Jakarta,Jakarta Timur,Kramat Jati,Kramat Jati,206.1,184.5,15600000,5110000,3215160000,942795000,4157955000,Ya
ATR002286,3674014610002286,Ruko,HGB,69622/Bojong Jaya,Banten,Tangerang,Karawaci,Bojong Jaya,297.1,268.9,7720000,4059999,2293612000,1091734000,3385346000,Ya
ATR002287,3173016207792287,Rumah,SHM,49416/Cakung Barat,DKI Jakarta,Jakarta Timur,Cakung,Cakung Barat,238.2,162.7,10640000,3840000,2534448000,624768000,3159216000,Ya
ATR002288,3275015809022288,Gudang,SHM,18392/Cakung Barat,DKI Jakarta,Jakarta Timur,Cakung,Cakung Barat,232.3,295.7,12270000,4470000,2850321000,1321779000,4172100000,Ya
ATR002289,3175016411722289,Rumah,SHM,31725/Cengkareng Barat,DKI Jakarta,Jakarta Barat,Cengkareng,Cengkareng Barat,221.6,262.3,15860000,4660000,3514576000,1222318000,4736894000,Ya
ATR002290,3276016511922290,Gudang,SHM,35794/Kramat Jati,DKI Jakarta,Jakarta Timur,Kramat Jati,Kramat Jati,103.8,122.9,18470000,5030000,1917186000,618187000,2535373000,Ya
ATR002291,3671016806002291,Ruko,SHM,35801/Rawa Buntu,Jawa Barat,Tangerang Selatan,Serpong,Rawa Buntu,78.2,70.4,11550000,4150000,903210000,292160000,1195370000,Ya
ATR002292,3171011801762292,Gudang,HGB,33147/Rawa Buntu,Jawa Barat,Tangerang Selatan,Serpong,Rawa Buntu,155.4,146.9,12750000,3560000,1981350000,522964000,2504314000,Ya
ATR002293,3271012107692293,Tanah,SHM,60434/Kramat Jati,DKI Jakarta,Jakarta Timur,Kramat Jati,Kramat Jati,266.1,0.0,20430000,4280000,5436423000,0,5436423000,Ya
ATR002294,3174010511752294,Rumah,SHM,86140/Cikini,DKI Jakarta,Jakarta Pusat,Cikini,Cikini,232.2,132.0,45630000,5170000,10595286000,682440000,11277726000,Ya
ATR002295,3173011610962295,Gudang,SHM,22569/Kelapa Gading Barat,DKI Jakarta,Jakarta Utara,Kelapa Gading,Kelapa Gading Barat,238.5,189.6,21740000,5390000,5184990000,1021944000,6206934000,Ya
ATR002296,3175011704802296,Rumah,SHM,50828/Cengkareng Barat,DKI Jakarta,Jakarta Barat,Cengkareng,Cengkareng Barat,155.5,191.0,15060000,4139999,2341830000,790740000,3132570000,Ya
ATR002297,3671012510862297,Gudang,SHM,87366/Pluit,DKI Jakarta,Jakarta Utara,Pluit,Pluit,94.1,117.2,25980000,4630000,2444718000,542636000,2987354000,Ya
ATR002298,3172016412962298,Rumah,HGB,60838/Cikini,DKI Jakarta,Jakarta Pusat,Cikini,Cikini,264.1,240.6,42330000,5200000,11179353000,1251120000,12430473000,Ya
ATR002299,3172014505932299,Ruko,SHM,85403/Mekarjaya,Jawa Barat,Depok,Sukmajaya,Mekarjaya,338.5,190.9,9410000,3160000,3185285000,603244000,3788529000,Ya
ATR002300,3671011402972300,Gudang,HGB,14535/Sukabumi Selatan,DKI Jakarta,Jakarta Barat,Kebon Jeruk,Sukabumi Selatan,182.7,180.8,19710000,4350000,3601017000,786480000,4387497000,Ya
ATR002301,3174014802792301,Rumah,SHM,90426/Cengkareng Barat,DKI Jakarta,Jakarta Barat,Cengkareng,Cengkareng Barat,103.5,77.6,16070000,4310000,1663245000,334456000,1997701000,Ya
ATR002302,3671012801662302,Tanah,HGB,46481/Cakung Barat,DKI Jakarta,Jakarta Timur,Cakung,Cakung Barat,283.1,0.0,12390000,3890000,3507609000,0,3507609000,Ya
ATR002303,3671011310862303,Rumah,SHM,54827/Menteng,DKI Jakarta,Jakarta Pusat,Menteng,Menteng,200.9,235.8,50550000,5540000,10155495000,1306332000,11461827000,Ya
ATR002304,3173012010872304,Ruko,SHM,37161/Bojong Jaya,Banten,Tangerang,Karawaci,Bojong Jaya,128.8,156.1,9970000,3140000,1284136000,490154000,1774290000,Ya
ATR002305,3175016702932305,Rumah,HGB,91807/Rawa Buntu,Jawa Barat,Tangerang Selatan,Serpong,Rawa Buntu,228.4,225.5,11190000,4260000,2555796000,960630000,3516426000,Ya
ATR002306,3173011001722306,Ruko,SHM,54609/Duren Tiga,DKI Jakarta,Jakarta Selatan,Pancoran,Duren Tiga,170.4,88.7,32250000,5030000,5495400000,446161000,5941561000,Ya
ATR002307,3271015810652307,Ruko,HGB,54600/Sukabumi Selatan,DKI Jakarta,Jakarta Barat,Kebon Jeruk,Sukabumi Selatan,202.9,195.1,24460000,5550000,4962934000,1082805000,6045739000,Ya
ATR002308,3271016809772308,Rumah,HGB,17758/Bojong Jaya,Banten,Tangerang,Karawaci,Bojong Jaya,131.0,146.7,8820000,3270000,1155420000,479709000,1635129000,Ya
ATR002309,3671016802852309,Ruko,SHM,55267/Rawa Buntu,Jawa Barat,Tangerang Selatan,Serpong,Rawa Buntu,127.4,66.3,10270000,4150000,1308398000,275145000,1583543000,Ya
ATR002310,3271017010012310,Tanah,SHM,99247/Paledang,Jawa Barat,Bogor,Bogor Tengah,Paledang,165.8,0.0,6620000,3240000,1097596000,0,1097596000,Ya
ATR002311,3174011601712311,Tanah,HGB,10587/Cakung Barat,DKI Jakarta,Jakarta Timur,Cakung,Cakung Barat,79.8,0.0,13540000,3670000,1080492000,0,1080492000,Tidak
ATR002312,3171015706692312,Rumah,SHM,83079/Bojong Jaya,Banten,Tangerang,Karawaci,Bojong Jaya,118.3,132.2,8250000,3150000,975975000,416430000,1392405000,Ya
ATR002313,3671016607652313,Ruko,HGB,75923/Kemiri Muka,Jawa Barat,Depok,Beji,Kemiri Muka,352.0,289.6,10610000,3870000,3734720000,1120752000,4855472000,Ya
ATR002314,3175014904782314,Rumah,HGB,47372/Kelapa Gading Barat,DKI Jakarta,Jakarta Utara,Kelapa Gading,Kelapa Gading Barat,167.1,153.6,24890000,4970000,4159119000,763392000,4922511000,Ya
ATR002315,3671016301712315,Ruko,HGB,32044/Mekarjaya,Jawa Barat,Depok,Sukmajaya,Mekarjaya,116.4,72.1,8700000,3770000,1012680000,271817000,1284497000,Ya
ATR002316,3174010605662316,Rumah,SHM,58068/Menteng,DKI Jakarta,Jakarta Pusat,Menteng,Menteng,192.8,242.4,50820000,6830000,9798096000,1655592000,11453688000,Ya
ATR002317,3275015908842317,Ruko,SHM,82875/Margahayu,Jawa Barat,Bekasi,Bekasi Timur,Margahayu,212.4,265.5,8570000,3550000,1820268000,942525000,2762793000,Ya
ATR002318,3671011301722318,Ruko,SHM,70040/Margahayu,Jawa Barat,Bekasi,Bekasi Timur,Margahayu,295.5,287.7,8910000,3450000,2632905000,992565000,3625470000,Ya
ATR002319,3171011511772319,Ruko,HGB,27063/Tebet Timur,DKI Jakarta,Jakarta Selatan,Tebet,Tebet Timur,132.7,70.4,24160000,6110000,3206032000,430144000,3636176000,Ya
ATR002320,3671012101022320,Ruko,HGB,92038/Bintara,Jawa Barat,Bekasi,Bekasi Barat,Bintara,284.6,282.2,9940000,3780000,2828924000,1066716000,3895640000,Ya
ATR002321,3671015402032321,Ruko,SHM,58228/Menteng,DKI Jakarta,Jakarta Pusat,Menteng,Menteng,182.2,226.2,58280000,6030000,10618616000,1363986000,11982602000,Ya
ATR002322,3275016308792322,Ruko,SHM,95635/Bintara,Jawa Barat,Bekasi,Bekasi Barat,Bintara,241.2,147.2,9250000,3590000,2231100000,528448000,2759548000,Ya
ATR002323,3276010604762323,Gudang,SHM,65419/Kelapa Gading Barat,DKI Jakarta,Jakarta Utara,Kelapa Gading,Kelapa Gading Barat,382.5,387.5,27830000,5470000,10644975000,2119625000,12764600000,Ya
ATR002324,3174016811882324,Rumah,SHM,94851/Kemiri Muka,Jawa Barat,Depok,Beji,Kemiri Muka,234.3,243.8,11380000,3520000,2666334000,858176000,3524510000,Ya
ATR002325,3174017010762325,Ruko,SHM,51035/Poris Plawad,Banten,Tangerang,Cipondoh,Poris Plawad,374.2,387.8,8470000,3300000,3169474000,1279740000,4449214000,Tidak
ATR002326,3671015808782326,Rumah,HGB,14640/Poris Plawad,Banten,Tangerang,Cipondoh,Poris Plawad,298.9,159.5,8420000,3380000,2516738000,539110000,3055848000,Ya
ATR002327,3171016411982327,Tanah,HGB,32351/Sukabumi Selatan,DKI Jakarta,Jakarta Barat,Kebon Jeruk,Sukabumi Selatan,252.6,0.0,19690000,4950000,4973694000,0,4973694000,Ya
ATR002328,3171011502792328,Ruko,HGB,36031/Kelapa Gading Barat,DKI Jakarta,Jakarta Utara,Kelapa Gading,Kelapa Gading Barat,65.3,46.9,21270000,5070000,1388931000,237783000,1626714000,Ya
ATR002329,3671015807002329,Tanah,HGB,45475/Cikini,DKI Jakarta,Jakarta Pusat,Cikini,Cikini,331.6,0.0,45340000,6200000,15034744000,0,15034744000,Ya
ATR002330,3271012303992330,Tanah,HGB,93089/Sukabumi Selatan,DKI Jakarta,Jakarta Barat,Kebon Jeruk,Sukabumi Selatan,374.2,0.0,23820000,5110000,8913444000,0,8913444000,Ya
ATR002331,3271016403662331,Rumah,SHM,49108/Duren Tiga,DKI Jakarta,Jakarta Selatan,Pancoran,Duren Tiga,374.3,400.5,28820000,5850000,10787326000,2342925000,13130251000,Ya
ATR002332,3671012108822332,Ruko,SHM,72712/Gunung,DKI Jakarta,Jakarta Selatan,Kebayoran Baru,Gunung,191.4,157.9,40500000,5140000,7751700000,811606000,8563306000,Ya
ATR002333,3674012309802333,Rumah,HGB,34912/Duren Tiga,DKI Jakarta,Jakarta Selatan,Pancoran,Duren Tiga,282.6,322.7,34390000,5250000,9718614000,1694175000,11412789000,Ya
ATR002334,3671012111932334,Tanah,SHM,53928/Menteng,DKI Jakarta,Jakarta Pusat,Menteng,Menteng,378.6,0.0,49510000,6920000,18744486000,0,18744486000,Ya
ATR002335,3174014808772335,Rumah,SHM,91146/Kemiri Muka,Jawa Barat,Depok,Beji,Kemiri Muka,90.3,107.4,10940000,3270000,987882000,351198000,1339080000,Ya
ATR002336,3275016102942336,Tanah,SHM,34423/Bintara,Jawa Barat,Bekasi,Bekasi Barat,Bintara,76.7,0.0,8550000,3810000,655785000,0,655785000,Ya
ATR002337,3173015901792337,Gudang,SHM,62671/Kramat Jati,DKI Jakarta,Jakarta Timur,Kramat Jati,Kramat Jati,151.0,185.6,17290000,3890000,2610790000,721984000,3332774000,Ya
ATR002338,3671013004022338,Ruko,HGB,67413/Cengkareng Barat,DKI Jakarta,Jakarta Barat,Cengkareng,Cengkareng Barat,240.6,198.9,14910000,3740000,3587346000,743886000,4331232000,Ya
ATR002339,3674017101852339,Rumah,HGB,67451/Bojong Jaya,Banten,Tangerang,Karawaci,Bojong Jaya,398.7,304.5,8680000,3730000,3460716000,1135785000,4596501000,Ya
ATR002340,3172016011692340,Rumah,SHM,76356/Margahayu,Jawa Barat,Bekasi,Bekasi Timur,Margahayu,193.3,236.6,8140000,3550000,1573462000,839930000,2413392000,Ya
ATR002341,3671014504822341,Ruko,SHM,14851/Kemiri Muka,Jawa Barat,Depok,Beji,Kemiri Muka,384.0,436.1,8620000,3610000,3310080000,1574321000,4884401000,Ya
ATR002342,3276016306902342,Gudang,SHM,70319/Mekarjaya,Jawa Barat,Depok,Sukmajaya,Mekarjaya,166.9,176.9,9330000,3850000,1557177000,681065000,2238242000,Tidak
ATR002343,3671011012022343,Tanah,SHM,19068/Rawa Buntu,Jawa Barat,Tangerang Selatan,Serpong,Rawa Buntu,152.7,0.0,13350000,4320000,2038545000,0,2038545000,Ya
ATR002344,3171010804772344,Tanah,HGB,48010/Gunung,DKI Jakarta,Jakarta Selatan,Kebayoran Baru,Gunung,309.6,0.0,39660000,6520000,12278736000,0,12278736000,Ya
ATR002345,3671014606862345,Ruko,HGB,61344/Rawa Buntu,Jawa Barat,Tangerang Selatan,Serpong,Rawa Buntu,159.4,163.3,12510000,3650000,1994094000,596045000,2590139000,Ya
ATR002346,3276012308812346,Gudang,SHM,24741/Kelapa Gading Barat,DKI Jakarta,Jakarta Utara,Kelapa Gading,Kelapa Gading Barat,207.4,198.2,27820000,5870000,5769868000,1163434000,6933302000,Ya
ATR002347,3171015911912347,Rumah,SHM,13344/Rawa Buntu,Jawa Barat,Tangerang Selatan,Serpong,Rawa Buntu,316.3,269.3,12890000,3650000,4077107000,982945000,5060052000,Ya
ATR002348,3671014910792348,Rumah,SHM,17162/Cengkareng Barat,DKI Jakarta,Jakarta Barat,Cengkareng,Cengkareng Barat,275.6,141.8,17070000,4620000,4704492000,655116000,5359608000,Ya
ATR002349,3671012409682349,Rumah,SHM,19356/Gunung,DKI Jakarta,Jakarta Selatan,Kebayoran Baru,Gunung,212.3,250.7,48720000,5620000,10343256000,1408934000,11752190000,Ya
ATR002350,3671014204712350,Gudang,SHM,14032/Kelapa Gading Barat,DKI Jakarta,Jakarta Utara,Kelapa Gading,Kelapa Gading Barat,290.8,276.4,22470000,4900000,6534276000,1354360000,7888636000,Ya
ATR002351,3671015304992351,Ruko,SHM,12133/Kelapa Gading Barat,DKI Jakarta,Jakarta Utara,Kelapa Gading,Kelapa Gading Barat,294.0,378.9,27000000,5890000,7938000000,2231721000,10169721000,Ya
ATR002352,3276010603932352,Rumah,HGB,21219/Kemiri Muka,Jawa Barat,Depok,Beji,Kemiri Muka,322.3,166.4,10510000,3760000,3387373000,625664000,4013037000,Ya
ATR002353,3671010804712353,Tanah,HGB,15256/Cikini,DKI Jakarta,Jakarta Pusat,Cikini,Cikini,353.2,0.0,44250000,5140000,15629100000,0,15629100000,Ya
ATR002354,3671014103022354,Ruko,SHM,19835/Cengkareng Barat,DKI Jakarta,Jakarta Barat,Cengkareng,Cengkareng Barat,185.1,154.1,17590000,3960000,3255909000,610236000,3866145000,Tidak
ATR002355,3175012501932355,Ruko,HGB,11223/Tebet Timur,DKI Jakarta,Jakarta Selatan,Tebet,Tebet Timur,121.1,124.8,29450000,5090000,3566395000,635232000,4201627000,Ya
ATR002356,3671011807942356,Tanah,HGB,82041/Cakung Barat,DKI Jakarta,Jakarta Timur,Cakung,Cakung Barat,343.8,0.0,12940000,3790000,4448772000,0,4448772000,Ya
ATR002357,3173016802912357,Tanah,HGB,12021/Pluit,DKI Jakarta,Jakarta Utara,Pluit,Pluit,81.0,0.0,24640000,5280000,1995840000,0,1995840000,Ya
ATR002358,3671014502992358,Rumah,HGB,94866/Kemiri Muka,Jawa Barat,Depok,Beji,Kemiri Muka,346.7,372.5,11330000,4019999,3928111000,1497450000,5425561000,Tidak
ATR002359,3174011102842359,Rumah,HGB,78470/Menteng,DKI Jakarta,Jakarta Pusat,Menteng,Menteng,248.5,243.6,62870000,6780000,15623195000,1651608000,17274803000,Ya
ATR002360,3671014108992360,Rumah,SHM,53533/Sukabumi Selatan,DKI Jakarta,Jakarta Barat,Kebon Jeruk,Sukabumi Selatan,306.1,374.8,23950000,5130000,7331095000,1922724000,9253819000,Ya
ATR002361,3671015709652361,Tanah,HGB,25786/Margahayu,Jawa Barat,Bekasi,Bekasi Timur,Margahayu,396.7,0.0,7020000,3780000,2784834000,0,2784834000,Ya
ATR002362,3171015507732362,Ruko,HGB,72145/Cengkareng Barat,DKI Jakarta,Jakarta Barat,Cengkareng,Cengkareng Barat,277.6,273.7,14340000,3830000,3980784000,1048271000,5029055000,Ya
ATR002363,3671014501862363,Ruko,SHM,54926/Gunung,DKI Jakarta,Jakarta Selatan,Kebayoran Baru,Gunung,103.6,73.8,49530000,5690000,5131308000,419922000,5551230000,Ya
ATR002364,3671014706762364,Rumah,SHM,23725/Sukabumi Selatan,DKI Jakarta,Jakarta Barat,Kebon Jeruk,Sukabumi Selatan,380.0,259.1,21270000,5160000,8082600000,1336956000,9419556000,Ya
ATR002365,3671016908712365,Tanah,SHM,66941/Pluit,DKI Jakarta,Jakarta Utara,Pluit,Pluit,366.6,0.0,30370000,5740000,11133642000,0,11133642000,Ya
ATR002366,3174011205892366,Ruko,HGB,22611/Kramat Jati,DKI Jakarta,Jakarta Timur,Kramat Jati,Kramat Jati,68.4,55.2,16059999,4780000,1098504000,263856000,1362360000,Ya
ATR002367,3171010911002367,Tanah,HGB,90784/Cengkareng Barat,DKI Jakarta,Jakarta Barat,Cengkareng,Cengkareng Barat,75.0,0.0,17620000,3880000,1321500000,0,1321500000,Ya
ATR002368,3271010906892368,Rumah,SHM,61496/Cakung Barat,DKI Jakarta,Jakarta Timur,Cakung,Cakung Barat,287.1,242.2,11790000,3480000,3384909000,842856000,4227765000,Ya
ATR002369,3172013001862369,Ruko,HGB,52679/Menteng,DKI Jakarta,Jakarta Pusat,Menteng,Menteng,320.0,394.3,53570000,6350000,17142400000,2503805000,19646205000,Ya
ATR002370,3275011701722370,Ruko,HGB,34480/Tebet Timur,DKI Jakarta,Jakarta Selatan,Tebet,Tebet Timur,380.5,271.5,27500000,5990000,10463750000,1626285000,12090035000,Ya
ATR002371,3671010611962371,Rumah,SHM,14722/Pluit,DKI Jakarta,Jakarta Utara,Pluit,Pluit,97.6,97.8,24460000,5320000,2387296000,520296000,2907592000,Ya
ATR002372,3171011606792372,Tanah,SHM,34496/Paledang,Jawa Barat,Bogor,Bogor Tengah,Paledang,357.9,0.0,6920000,3180000,2476668000,0,2476668000,Ya
ATR002373,3276014610902373,Tanah,SHM,52193/Cikini,DKI Jakarta,Jakarta Pusat,Cikini,Cikini,357.2,0.0,36050000,5870000,12877060000,0,12877060000,Ya
ATR002374,3674015806922374,Rumah,HGB,52058/Gunung,DKI Jakarta,Jakarta Selatan,Kebayoran Baru,Gunung,322.9,284.0,42990000,5750000,13881471000,1633000000,15514471000,Ya
ATR002375,3275014611652375,Rumah,SHM,81931/Kramat Jati,DKI Jakarta,Jakarta Timur,Kramat Jati,Kramat Jati,248.3,266.7,20140000,5040000,5000762000,1344168000,6344930000,Ya
ATR002376,3275016406692376,Rumah,SHM,89915/Rawa Buntu,Jawa Barat,Tangerang Selatan,Serpong,Rawa Buntu,383.8,199.5,11560000,4470000,4436728000,891765000,5328493000,Ya
ATR002377,3671010804782377,Ruko,SHM,51628/Kemiri Muka,Jawa Barat,Depok,Beji,Kemiri Muka,152.8,113.4,10340000,3730000,1579952000,422982000,2002934000,Ya
ATR002378,3671016506702378,Ruko,HGB,15108/Sukabumi Selatan,DKI Jakarta,Jakarta Barat,Kebon Jeruk,Sukabumi Selatan,364.3,378.6,20050000,5650000,7304215000,2139090000,9443305000,Ya
ATR002379,3671011606852379,Ruko,SHM,19748/Menteng,DKI Jakarta,Jakarta Pusat,Menteng,Menteng,111.0,63.5,56050000,5750000,6221550000,365125000,6586675000,Ya
ATR002380,3276016309912380,Gudang,HGB,17722/Poris Plawad,Banten,Tangerang,Cipondoh,Poris Plawad,162.0,117.5,7730000,3720000,1252260000,437100000,1689360000,Ya
ATR002381,3674014208962381,Ruko,SHM,31592/Tebet Timur,DKI Jakarta,Jakarta Selatan,Tebet,Tebet Timur,149.2,103.9,31910000,4690000,4760972000,487291000,5248263000,Ya
ATR002382,3275011309962382,Gudang,SHM,86969/Mekarjaya,Jawa Barat,Depok,Sukmajaya,Mekarjaya,127.9,160.9,8100000,3540000,1035990000,569586000,1605576000,Ya
ATR002383,3671016208942383,Ruko,SHM,77678/Cikini,DKI Jakarta,Jakarta Pusat,Cikini,Cikini,259.8,196.0,40650000,6420000,10560870000,1258320000,11819190000,Ya
ATR002384,3671015910692384,Rumah,HGB,20076/Rawa Buntu,Jawa Barat,Tangerang Selatan,Serpong,Rawa Buntu,63.8,55.3,10670000,4200000,680746000,232260000,913006000,Ya
ATR002385,3275010812682385,Ruko,HGB,91608/Pluit,DKI Jakarta,Jakarta Utara,Pluit,Pluit,207.2,136.4,27390000,4690000,5675208000,639716000,6314924000,Ya
ATR002386,3171013112812386,Ruko,HGB,93351/Cikini,DKI Jakarta,Jakarta Pusat,Cikini,Cikini,77.4,97.8,35710000,6380000,2763954000,623964000,3387918000,Ya
ATR002387,3671012604652387,Rumah,HGB,15760/Cakung Barat,DKI Jakarta,Jakarta Timur,Cakung,Cakung Barat,96.8,87.8,11870000,4540000,1149016000,398612000,1547628000,Tidak
ATR002388,3671012103962388,Rumah,HGB,94511/Cikini,DKI Jakarta,Jakarta Pusat,Cikini,Cikini,325.1,319.1,39460000,5740000,12828446000,1831634000,14660080000,Tidak
ATR002389,3671012912872389,Rumah,HGB,91966/Kramat Jati,DKI Jakarta,Jakarta Timur,Kramat Jati,Kramat Jati,265.0,255.3,16550000,3890000,4385750000,993117000,5378867000,Tidak
ATR002390,3174010402862390,Ruko,HGB,81919/Margahayu,Jawa Barat,Bekasi,Bekasi Timur,Margahayu,166.7,142.4,7080000,3960000,1180236000,563904000,1744140000,Ya
ATR002391,3275015702032391,Ruko,SHM,53814/Duren Tiga,DKI Jakarta,Jakarta Selatan,Pancoran,Duren Tiga,343.6,210.4,33479999,5880000,11503728000,1237152000,12740880000,Ya
ATR002392,3674014104022392,Gudang,SHM,84124/Duren Tiga,DKI Jakarta,Jakarta Selatan,Pancoran,Duren Tiga,252.4,189.3,27100000,6090000,6840040000,1152837000,7992877000,Ya
ATR002393,3671014206922393,Ruko,HGB,29452/Cikini,DKI Jakarta,Jakarta Pusat,Cikini,Cikini,195.5,124.3,38600000,6670000,7546300000,829081000,8375381000,Ya
ATR002394,3276016102952394,Tanah,HGB,74580/Cengkareng Barat,DKI Jakarta,Jakarta Barat,Cengkareng,Cengkareng Barat,383.5,0.0,18140000,3750000,6956690000,0,6956690000,Ya
ATR002395,3173012309022395,Rumah,SHM,96929/Paledang,Jawa Barat,Bogor,Bogor Tengah,Paledang,353.3,287.7,5960000,3170000,2105668000,912009000,3017677000,Ya
ATR002396,3174012501872396,Rumah,SHM,11516/Margahayu,Jawa Barat,Bekasi,Bekasi Timur,Margahayu,331.8,201.3,7070000,4059999,2345826000,817278000,3163104000,Ya
ATR002397,3173014302912397,Tanah,SHM,42957/Paledang,Jawa Barat,Bogor,Bogor Tengah,Paledang,260.5,0.0,7570000,3330000,1971985000,0,1971985000,Ya
ATR002398,3173014309752398,Rumah,SHM,92975/Gunung,DKI Jakarta,Jakarta Selatan,Kebayoran Baru,Gunung,186.4,129.6,48090000,5860000,8963976000,759456000,9723432000,Tidak
ATR002399,3175011708862399,Tanah,SHM,35034/Bintara,Jawa Barat,Bekasi,Bekasi Barat,Bintara,178.8,0.0,10140000,4290000,1813032000,0,1813032000,Ya
ATR002400,3674015811662400,Gudang,HGB,85541/Menteng,DKI Jakarta,Jakarta Pusat,Menteng,Menteng,331.4,280.5,61890000,6400000,20510346000,1795200000,22305546000,Ya
ATR002401,3271014911002401,Tanah,SHM,98058/Kramat Jati,DKI Jakarta,Jakarta Timur,Kramat Jati,Kramat Jati,218.8,0.0,16530000,4090000,3616764000,0,3616764000,Ya
ATR002402,3671012110022402,Ruko,HGB,20996/Sukabumi Selatan,DKI Jakarta,Jakarta Barat,Kebon Jeruk,Sukabumi Selatan,316.9,311.8,23240000,4670000,7364756000,1456106000,8820862000,Ya
ATR002403,3671011105812403,Ruko,SHM,20793/Margahayu,Jawa Barat,Bekasi,Bekasi Timur,Margahayu,75.1,86.7,9180000,3500000,689418000,303450000,992868000,Ya
ATR002404,3271015801912404,Ruko,SHM,87284/Mekarjaya,Jawa Barat,Depok,Sukmajaya,Mekarjaya,117.7,120.3,8790000,3910000,1034583000,470373000,1504956000,Ya
ATR002405,3671014708002405,Ruko,SHM,59985/Pluit,DKI Jakarta,Jakarta Utara,Pluit,Pluit,319.6,335.7,25560000,5370000,8168976000,1802709000,9971685000,Ya
ATR002406,3174016204882406,Tanah,HGB,86864/Margahayu,Jawa Barat,Bekasi,Bekasi Timur,Margahayu,213.9,0.0,8910000,3510000,1905849000,0,1905849000,Ya
ATR002407,3171014410952407,Ruko,SHM,12608/Kemiri Muka,Jawa Barat,Depok,Beji,Kemiri Muka,260.7,170.4,10240000,3810000,2669568000,649224000,3318792000,Ya
ATR002408,3671015305842408,Rumah,SHM,91891/Bojong Jaya,Banten,Tangerang,Karawaci,Bojong Jaya,100.7,83.9,7850000,3170000,790495000,265963000,1056458000,Ya
ATR002409,3671010407852409,Ruko,SHM,96283/Tebet Timur,DKI Jakarta,Jakarta Selatan,Tebet,Tebet Timur,163.8,203.2,26960000,5930000,4416048000,1204976000,5621024000,Ya
ATR002410,3671012105912410,Rumah,HGB,38357/Paledang,Jawa Barat,Bogor,Bogor Tengah,Paledang,299.4,212.0,7930000,3430000,2374242000,727160000,3101402000,Ya
ATR002411,3171011010722411,Tanah,HGB,39953/Kemiri Muka,Jawa Barat,Depok,Beji,Kemiri Muka,184.1,0.0,8800000,4000000,1620080000,0,1620080000,Ya
ATR002412,3173015812992412,Tanah,HGB,15772/Cakung Barat,DKI Jakarta,Jakarta Timur,Cakung,Cakung Barat,221.6,0.0,10890000,4150000,2413224000,0,2413224000,Tidak
ATR002413,3174011512822413,Rumah,HGB,94248/Margahayu,Jawa Barat,Bekasi,Bekasi Timur,Margahayu,217.9,251.5,8020000,3600000,1747558000,905400000,2652958000,Ya
ATR002414,3674012607962414,Rumah,HGB,56428/Paledang,Jawa Barat,Bogor,Bogor Tengah,Paledang,362.6,409.2,6570000,3450000,2382282000,1411740000,3794022000,Ya
ATR002415,3275014501942415,Rumah,SHM,95014/Tebet Timur,DKI Jakarta,Jakarta Selatan,Tebet,Tebet Timur,210.9,187.1,30790000,6150000,6493611000,1150665000,7644276000,Ya
ATR002416,3271011901862416,Rumah,SHM,98968/Gunung,DKI Jakarta,Jakarta Selatan,Kebayoran Baru,Gunung,66.0,78.5,40600000,6220000,2679600000,488270000,3167870000,Ya
ATR002417,3674015410992417,Rumah,SHM,64537/Gunung,DKI Jakarta,Jakarta Selatan,Kebayoran Baru,Gunung,195.8,252.3,39610000,5860000,7755638000,1478478000,9234116000,Ya
ATR002418,3172011202712418,Rumah,SHM,56069/Kramat Jati,DKI Jakarta,Jakarta Timur,Kramat Jati,Kramat Jati,367.7,439.6,16579999,3930000,6096466000,1727628000,7824094000,Ya
ATR002419,3275011512932419,Ruko,HGB,50845/Bintara,Jawa Barat,Bekasi,Bekasi Barat,Bintara,174.4,181.0,7740000,3380000,1349856000,611780000,1961636000,Ya
ATR002420,3671015207932420,Ruko,HGB,18851/Duren Tiga,DKI Jakarta,Jakarta Selatan,Pancoran,Duren Tiga,132.2,156.8,26030000,5030000,3441166000,788704000,4229870000,Tidak
ATR002421,3276012609812421,Rumah,HGB,18628/Cikini,DKI Jakarta,Jakarta Pusat,Cikini,Cikini,207.2,220.1,36190000,6200000,7498568000,1364620000,8863188000,Ya
ATR002422,3174012102862422,Tanah,SHM,33600/Margahayu,Jawa Barat,Bekasi,Bekasi Timur,Margahayu,166.9,0.0,8790000,3710000,1467051000,0,1467051000,Ya
ATR002423,3671010207972423,Ruko,SHM,67700/Poris Plawad,Banten,Tangerang,Cipondoh,Poris Plawad,249.6,240.0,6750000,3300000,1684800000,792000000,2476800000,Ya
ATR002424,3276016701942424,Tanah,SHM,92620/Margahayu,Jawa Barat,Bekasi,Bekasi Timur,Margahayu,196.3,0.0,8630000,3580000,1694069000,0,1694069000,Tidak
ATR002425,3275012707012425,Tanah,HGB,90124/Rawa Buntu,Jawa Barat,Tangerang Selatan,Serpong,Rawa Buntu,159.8,0.0,11700000,4340000,1869660000,0,1869660000,Ya
ATR002426,3271015205902426,Tanah,HGB,78403/Bojong Jaya,Banten,Tangerang,Karawaci,Bojong Jaya,246.0,0.0,7790000,3490000,1916340000,0,1916340000,Ya
ATR002427,3674012501772427,Ruko,SHM,27554/Cengkareng Barat,DKI Jakarta,Jakarta Barat,Cengkareng,Cengkareng Barat,399.8,298.5,17850000,4420000,7136430000,1319370000,8455800000,Ya
ATR002428,3175015610712428,Rumah,HGB,83857/Duren Tiga,DKI Jakarta,Jakarta Selatan,Pancoran,Duren Tiga,244.8,287.0,33450000,4940000,8188560000,1417780000,9606340000,Ya
ATR002429,3671015010842429,Gudang,HGB,67075/Duren Tiga,DKI Jakarta,Jakarta Selatan,Pancoran,Duren Tiga,174.0,92.9,30880000,6090000,5373120000,565761000,5938881000,Ya
ATR002430,3674014601822430,Rumah,SHM,97540/Mekarjaya,Jawa Barat,Depok,Sukmajaya,Mekarjaya,311.6,312.3,8180000,3210000,2548888000,1002483000,3551371000,Ya
ATR002431,3671015911002431,Rumah,HGB,54432/Gunung,DKI Jakarta,Jakarta Selatan,Kebayoran Baru,Gunung,350.6,367.7,38490000,5490000,13494594000,2018673000,15513267000,Ya
ATR002432,3671010109722432,Ruko,SHM,53568/Cakung Barat,DKI Jakarta,Jakarta Timur,Cakung,Cakung Barat,253.9,280.6,10600000,4410000,2691340000,1237446000,3928786000,Ya
ATR002433,3671011905742433,Rumah,SHM,33247/Mekarjaya,Jawa Barat,Depok,Sukmajaya,Mekarjaya,294.6,376.2,7440000,4030000,2191824000,1516086000,3707910000,Ya
ATR002434,3174011406962434,Tanah,SHM,83262/Pluit,DKI Jakarta,Jakarta Utara,Pluit,Pluit,193.6,0.0,29850000,5950000,5778960000,0,5778960000,Ya
ATR002435,3171010501812435,Tanah,SHM,86446/Margahayu,Jawa Barat,Bekasi,Bekasi Timur,Margahayu,262.0,0.0,8500000,3960000,2227000000,0,2227000000,Ya
ATR002436,3174014401722436,Tanah,HGB,48159/Gunung,DKI Jakarta,Jakarta Selatan,Kebayoran Baru,Gunung,335.4,0.0,44750000,5910000,15009150000,0,15009150000,Ya
ATR002437,3276012611012437,Rumah,HGB,61856/Bojong Jaya,Banten,Tangerang,Karawaci,Bojong Jaya,233.1,292.8,9130000,4090000,2128203000,1197552000,3325755000,Ya
ATR002438,3671015701852438,Gudang,SHM,52597/Paledang,Jawa Barat,Bogor,Bogor Tengah,Paledang,306.2,352.1,7380000,3510000,2259756000,1235871000,3495627000,Ya
ATR002439,3174014610762439,Ruko,SHM,43909/Duren Tiga,DKI Jakarta,Jakarta Selatan,Pancoran,Duren Tiga,352.7,408.2,26600000,6080000,9381820000,2481856000,11863676000,Ya
ATR002440,3671014501842440,Rumah,SHM,75073/Paledang,Jawa Barat,Bogor,Bogor Tengah,Paledang,146.3,174.9,6860000,3710000,1003618000,648879000,1652497000,Ya
ATR002441,3271014101882441,Rumah,SHM,17434/Tebet Timur,DKI Jakarta,Jakarta Selatan,Tebet,Tebet Timur,61.3,54.9,24640000,5920000,1510432000,325008000,1835440000,Ya
ATR002442,3671010401922442,Rumah,SHM,37195/Mekarjaya,Jawa Barat,Depok,Sukmajaya,Mekarjaya,210.8,120.1,7960000,3900000,1677968000,468390000,2146358000,Ya
ATR002443,3271010105002443,Rumah,SHM,25161/Paledang,Jawa Barat,Bogor,Bogor Tengah,Paledang,280.0,345.5,7380000,3720000,2066400000,1285260000,3351660000,Ya
ATR002444,3171015506962444,Tanah,SHM,10723/Tebet Timur,DKI Jakarta,Jakarta Selatan,Tebet,Tebet Timur,145.2,0.0,31310000,5850000,4546212000,0,4546212000,Ya
ATR002445,3275016211702445,Tanah,SHM,43696/Rawa Buntu,Jawa Barat,Tangerang Selatan,Serpong,Rawa Buntu,285.7,0.0,11690000,3450000,3339833000,0,3339833000,Ya
ATR002446,3276014210772446,Ruko,HGB,11262/Menteng,DKI Jakarta,Jakarta Pusat,Menteng,Menteng,290.8,255.4,61600000,6180000,17913280000,1578372000,19491652000,Ya
ATR002447,3173010506892447,Ruko,HGB,74102/Tebet Timur,DKI Jakarta,Jakarta Selatan,Tebet,Tebet Timur,356.8,405.9,28130000,4890000,10036784000,1984851000,12021635000,Ya
ATR002448,3671015501882448,Rumah,HGB,24912/Rawa Buntu,Jawa Barat,Tangerang Selatan,Serpong,Rawa Buntu,283.1,228.8,13210000,4540000,3739751000,1038752000,4778503000,Ya
ATR002449,3671011003802449,Rumah,SHM,75363/Margahayu,Jawa Barat,Bekasi,Bekasi Timur,Margahayu,188.4,213.1,7640000,3240000,1439376000,690444000,2129820000,Ya
ATR002450,3674014906912450,Rumah,HGB,88541/Margahayu,Jawa Barat,Bekasi,Bekasi Timur,Margahayu,191.1,233.7,7370000,3280000,1408407000,766536000,2174943000,Tidak
ATR002451,3171010209022451,Rumah,HGB,98000/Gunung,DKI Jakarta,Jakarta Selatan,Kebayoran Baru,Gunung,68.5,77.3,42590000,5170000,2917415000,399641000,3317056000,Ya
ATR002452,3173011302822452,Ruko,HGB,94784/Margahayu,Jawa Barat,Bekasi,Bekasi Timur,Margahayu,107.5,101.2,7460000,3130000,801950000,316756000,1118706000,Ya
ATR002453,3671012102982453,Tanah,SHM,71110/Cikini,DKI Jakarta,Jakarta Pusat,Cikini,Cikini,99.3,0.0,34860000,6470000,3461598000,0,3461598000,Ya
ATR002454,3671017103832454,Tanah,SHM,12445/Mekarjaya,Jawa Barat,Depok,Sukmajaya,Mekarjaya,176.6,0.0,8289999,4059999,1464014000,0,1464014000,Ya
ATR002455,3674015310722455,Rumah,SHM,32200/Pluit,DKI Jakarta,Jakarta Utara,Pluit,Pluit,303.3,366.3,25540000,5110000,7746282000,1871793000,9618075000,Ya
ATR002456,3674011810742456,Tanah,SHM,78579/Margahayu,Jawa Barat,Bekasi,Bekasi Timur,Margahayu,272.0,0.0,7960000,3490000,2165120000,0,2165120000,Tidak
ATR002457,3175011611662457,Ruko,HGB,56622/Kelapa Gading Barat,DKI Jakarta,Jakarta Utara,Kelapa Gading,Kelapa Gading Barat,339.2,287.6,26700000,4840000,9056640000,1391984000,10448624000,Ya
ATR002458,3671016502782458,Ruko,SHM,79520/Pluit,DKI Jakarta,Jakarta Utara,Pluit,Pluit,179.8,147.9,23080000,5800000,4149784000,857820000,5007604000,Ya
ATR002459,3276014109882459,Rumah,HGB,42790/Poris Plawad,Banten,Tangerang,Cipondoh,Poris Plawad,257.3,143.9,6770000,3800000,1741921000,546820000,2288741000,Ya
ATR002460,3171016905732460,Ruko,SHM,97644/Poris Plawad,Banten,Tangerang,Cipondoh,Poris Plawad,383.1,497.6,7210000,3190000,2762151000,1587344000,4349495000,Ya
ATR002461,3671016104662461,Rumah,HGB,56173/Poris Plawad,Banten,Tangerang,Cipondoh,Poris Plawad,399.5,401.0,8160000,3690000,3259920000,1479690000,4739610000,Ya
ATR002462,3173010507832462,Ruko,SHM,79761/Cakung Barat,DKI Jakarta,Jakarta Timur,Cakung,Cakung Barat,255.3,297.8,12680000,3430000,3237204000,1021454000,4258658000,Ya
ATR002463,3671011502962463,Tanah,HGB,82936/Gunung,DKI Jakarta,Jakarta Selatan,Kebayoran Baru,Gunung,109.1,0.0,41400000,6730000,4516740000,0,4516740000,Ya
ATR002464,3671011805792464,Rumah,HGB,49801/Mekarjaya,Jawa Barat,Depok,Sukmajaya,Mekarjaya,134.7,100.7,8800000,3640000,1185360000,366548000,1551908000,Ya
ATR002465,3674016507852465,Tanah,SHM,97769/Cengkareng Barat,DKI Jakarta,Jakarta Barat,Cengkareng,Cengkareng Barat,115.8,0.0,14740000,4200000,1706892000,0,1706892000,Ya
ATR002466,3671014310852466,Gudang,HGB,94424/Mekarjaya,Jawa Barat,Depok,Sukmajaya,Mekarjaya,382.2,332.9,7370000,3850000,2816814000,1281665000,4098479000,Ya
ATR002467,3276015711952467,Ruko,SHM,77120/Gunung,DKI Jakarta,Jakarta Selatan,Kebayoran Baru,Gunung,282.2,204.2,45960000,6490000,12969912000,1325258000,14295170000,Ya
ATR002468,3671014101932468,Rumah,SHM,71321/Pluit,DKI Jakarta,Jakarta Utara,Pluit,Pluit,148.8,114.3,26710000,5980000,3974448000,683514000,4657962000,Ya
ATR002469,3275010501682469,Rumah,SHM,23721/Kelapa Gading Barat,DKI Jakarta,Jakarta Utara,Kelapa Gading,Kelapa Gading Barat,90.6,54.9,24970000,4590000,2262282000,251991000,2514273000,Ya
ATR002470,3171013103862470,Ruko,HGB,33556/Rawa Buntu,Jawa Barat,Tangerang Selatan,Serpong,Rawa Buntu,110.5,111.5,13620000,4600000,1505010000,512900000,2017910000,Ya
ATR002471,3671016508952471,Tanah,SHM,47422/Poris Plawad,Banten,Tangerang,Cipondoh,Poris Plawad,263.7,0.0,8300000,3010000,2188710000,0,2188710000,Ya
ATR002472,3175012111932472,Tanah,HGB,80414/Poris Plawad,Banten,Tangerang,Cipondoh,Poris Plawad,199.0,0.0,6840000,3300000,1361160000,0,1361160000,Ya
ATR002473,3671012502912473,Tanah,SHM,48719/Pluit,DKI Jakarta,Jakarta Utara,Pluit,Pluit,296.4,0.0,25000000,5000000,7410000000,0,7410000000,Ya
ATR002474,3275011511682474,Ruko,SHM,51595/Margahayu,Jawa Barat,Bekasi,Bekasi Timur,Margahayu,354.0,316.7,8170000,3670000,2892180000,1162289000,4054469000,Ya
ATR002475,3172017105992475,Ruko,SHM,24596/Duren Tiga,DKI Jakarta,Jakarta Selatan,Pancoran,Duren Tiga,125.5,137.6,26640000,4850000,3343320000,667360000,4010680000,Ya
ATR002476,3174010610712476,Rumah,SHM,78556/Kemiri Muka,Jawa Barat,Depok,Beji,Kemiri Muka,131.0,97.6,9930000,3740000,1300830000,365024000,1665854000,Ya
ATR002477,3671012102902477,Tanah,SHM,59557/Kemiri Muka,Jawa Barat,Depok,Beji,Kemiri Muka,272.0,0.0,10430000,4040000,2836960000,0,2836960000,Ya
ATR002478,3171014204702478,Ruko,HGB,75803/Kemiri Muka,Jawa Barat,Depok,Beji,Kemiri Muka,169.6,144.2,9420000,4350000,1597632000,627270000,2224902000,Ya
ATR002479,3671012203692479,Ruko,SHM,58433/Kramat Jati,DKI Jakarta,Jakarta Timur,Kramat Jati,Kramat Jati,116.0,58.5,15530000,4150000,1801480000,242775000,2044255000,Ya
ATR002480,3671016712952480,Rumah,SHM,85580/Kemiri Muka,Jawa Barat,Depok,Beji,Kemiri Muka,241.3,286.3,10710000,3480000,2584323000,996324000,3580647000,Ya
ATR002481,3171011101662481,Ruko,HGB,42839/Cakung Barat,DKI Jakarta,Jakarta Timur,Cakung,Cakung Barat,232.7,267.2,13220000,4490000,3076294000,1199728000,4276022000,Ya
ATR002482,3674016206802482,Ruko,HGB,48611/Gunung,DKI Jakarta,Jakarta Selatan,Kebayoran Baru,Gunung,296.1,174.5,45880000,5550000,13585068000,968475000,14553543000,Ya
ATR002483,3276011204702483,Tanah,SHM,85269/Pluit,DKI Jakarta,Jakarta Utara,Pluit,Pluit,275.6,0.0,25030000,4590000,6898268000,0,6898268000,Ya
ATR002484,3275014706732484,Rumah,SHM,43260/Bojong Jaya,Banten,Tangerang,Karawaci,Bojong Jaya,67.5,34.2,7950000,3320000,536625000,113544000,650169000,Ya
ATR002485,3674015610912485,Gudang,HGB,88993/Margahayu,Jawa Barat,Bekasi,Bekasi Timur,Margahayu,395.5,294.6,7110000,3650000,2812005000,1075290000,3887295000,Ya
ATR002486,3175011606882486,Rumah,HGB,48563/Tebet Timur,DKI Jakarta,Jakarta Selatan,Tebet,Tebet Timur,290.5,214.1,28520000,5850000,8285060000,1252485000,9537545000,Ya
ATR002487,3175010109742487,Rumah,SHM,28015/Rawa Buntu,Jawa Barat,Tangerang Selatan,Serpong,Rawa Buntu,286.6,343.0,13330000,4090000,3820378000,1402870000,5223248000,Ya
ATR002488,3275011809022488,Ruko,SHM,34026/Margahayu,Jawa Barat,Bekasi,Bekasi Timur,Margahayu,278.1,321.1,6810000,4130000,1893861000,1326143000,3220004000,Ya
ATR002489,3171016710922489,Ruko,SHM,20056/Bojong Jaya,Banten,Tangerang,Karawaci,Bojong Jaya,219.9,263.4,8260000,3570000,1816374000,940338000,2756712000,Ya
ATR002490,3671016907892490,Ruko,SHM,12904/Bintara,Jawa Barat,Bekasi,Bekasi Barat,Bintara,194.3,124.7,8630000,3660000,1676809000,456402000,2133211000,Tidak
ATR002491,3173011506762491,Tanah,SHM,90998/Paledang,Jawa Barat,Bogor,Bogor Tengah,Paledang,398.2,0.0,6190000,3630000,2464858000,0,2464858000,Ya
ATR002492,3173015105752492,Ruko,HGB,77683/Gunung,DKI Jakarta,Jakarta Selatan,Kebayoran Baru,Gunung,70.3,41.1,51280000,6790000,3604984000,279069000,3884053000,Ya
ATR002493,3671016707862493,Gudang,SHM,57043/Kemiri Muka,Jawa Barat,Depok,Beji,Kemiri Muka,115.0,79.6,10050000,3880000,1155750000,308848000,1464598000,Ya
ATR002494,3271010711002494,Rumah,SHM,41293/Gunung,DKI Jakarta,Jakarta Selatan,Kebayoran Baru,Gunung,317.3,237.2,50700000,6280000,16087110000,1489616000,17576726000,Ya
ATR002495,3173014703892495,Ruko,SHM,33507/Cengkareng Barat,DKI Jakarta,Jakarta Barat,Cengkareng,Cengkareng Barat,328.6,379.3,14990000,4000000,4925714000,1517200000,6442914000,Ya
ATR002496,3173013007982496,Tanah,HGB,55490/Rawa Buntu,Jawa Barat,Tangerang Selatan,Serpong,Rawa Buntu,116.0,0.0,10350000,3940000,1200600000,0,1200600000,Ya
ATR002497,3271014502032497,Ruko,SHM,36122/Cengkareng Barat,DKI Jakarta,Jakarta Barat,Cengkareng,Cengkareng Barat,322.4,398.4,16160000,3700000,5209984000,1474080000,6684064000,Ya
ATR002498,3671014604952498,Ruko,SHM,49887/Paledang,Jawa Barat,Bogor,Bogor Tengah,Paledang,324.7,186.6,6310000,2900000,2048857000,541140000,2589997000,Ya
ATR002499,3171011206882499,Ruko,HGB,28966/Paledang,Jawa Barat,Bogor,Bogor Tengah,Paledang,361.5,374.7,8010000,2950000,2895615000,1105365000,4000980000,Ya
ATR002500,3172012906812500,Tanah,HGB,39146/Bintara,Jawa Barat,Bekasi,Bekasi Barat,Bintara,336.8,0.0,8500000,4340000,2862800000,0,2862800000,Ya
ATR002501,3671012603832501,Ruko,SHM,36214/Rawa Buntu,Jawa Barat,Tangerang Selatan,Serpong,Rawa Buntu,362.4,436.5,12930000,4080000,4685832000,1780920000,6466752000,Ya
ATR002502,3671011803902502,Ruko,SHM,95244/Bintara,Jawa Barat,Bekasi,Bekasi Barat,Bintara,240.9,189.2,9790000,4090000,2358411000,773828000,3132239000,Ya
ATR002503,3271014311962503,Rumah,HGB,68620/Gunung,DKI Jakarta,Jakarta Selatan,Kebayoran Baru,Gunung,65.0,74.6,50920000,6520000,3309800000,486392000,3796192000,Ya
ATR002504,3276016106022504,Ruko,HGB,10076/Mekarjaya,Jawa Barat,Depok,Sukmajaya,Mekarjaya,87.6,45.3,8830000,3740000,773508000,169422000,942930000,Tidak
ATR002505,3174011208832505,Ruko,SHM,51770/Gunung,DKI Jakarta,Jakarta Selatan,Kebayoran Baru,Gunung,195.3,149.5,46680000,6590000,9116604000,985205000,10101809000,Ya
ATR002506,3175017003952506,Ruko,HGB,17818/Paledang,Jawa Barat,Bogor,Bogor Tengah,Paledang,333.1,280.3,7280000,3760000,2424968000,1053928000,3478896000,Ya
ATR002507,3174012201692507,Rumah,HGB,37391/Sukabumi Selatan,DKI Jakarta,Jakarta Barat,Kebon Jeruk,Sukabumi Selatan,133.7,85.0,18700000,5330000,2500190000,453050000,2953240000,Ya
ATR002508,3171014211662508,Gudang,SHM,45274/Cakung Barat,DKI Jakarta,Jakarta Timur,Cakung,Cakung Barat,142.9,105.5,12220000,3880000,1746238000,409340000,2155578000,Ya
ATR002509,3671012201792509,Gudang,HGB,46810/Kramat Jati,DKI Jakarta,Jakarta Timur,Kramat Jati,Kramat Jati,78.9,47.3,18000000,4280000,1420200000,202444000,1622644000,Ya
ATR002510,3671016709902510,Gudang,SHM,66957/Duren Tiga,DKI Jakarta,Jakarta Selatan,Pancoran,Duren Tiga,82.8,100.7,31730000,4880000,2627244000,491416000,3118660000,Ya
ATR002511,3174016904802511,Tanah,HGB,67243/Sukabumi Selatan,DKI Jakarta,Jakarta Barat,Kebon Jeruk,Sukabumi Selatan,391.5,0.0,23200000,4880000,9082800000,0,9082800000,Ya
ATR002512,3173012308972512,Ruko,HGB,76624/Kemiri Muka,Jawa Barat,Depok,Beji,Kemiri Muka,317.2,356.5,9930000,3720000,3149796000,1326180000,4475976000,Ya
ATR002513,3174015802912513,Gudang,HGB,95535/Kramat Jati,DKI Jakarta,Jakarta Timur,Kramat Jati,Kramat Jati,375.0,368.5,16399999,5070000,6150000000,1868295000,8018295000,Ya
ATR002514,3671015311962514,Rumah,HGB,19855/Sukabumi Selatan,DKI Jakarta,Jakarta Barat,Kebon Jeruk,Sukabumi Selatan,396.3,475.3,25290000,4620000,10022427000,2195886000,12218313000,Ya
ATR002515,3275015705932515,Rumah,HGB,99284/Mekarjaya,Jawa Barat,Depok,Sukmajaya,Mekarjaya,339.8,232.7,7480000,4120000,2541704000,958724000,3500428000,Ya
ATR002516,3674012508902516,Ruko,HGB,36603/Bintara,Jawa Barat,Bekasi,Bekasi Barat,Bintara,356.1,179.2,7710000,3760000,2745531000,673792000,3419323000,Ya
ATR002517,3172016408742517,Ruko,SHM,44135/Gunung,DKI Jakarta,Jakarta Selatan,Kebayoran Baru,Gunung,294.5,280.5,39300000,5390000,11573850000,1511895000,13085745000,Ya
ATR002518,3174012306732518,Tanah,HGB,97778/Margahayu,Jawa Barat,Bekasi,Bekasi Timur,Margahayu,123.1,0.0,8700000,3510000,1070970000,0,1070970000,Ya
ATR002519,3671015609982519,Ruko,HGB,50183/Cengkareng Barat,DKI Jakarta,Jakarta Barat,Cengkareng,Cengkareng Barat,224.7,128.7,14220000,3870000,3195234000,498069000,3693303000,Ya
ATR002520,3671012201872520,Ruko,SHM,18048/Tebet Timur,DKI Jakarta,Jakarta Selatan,Tebet,Tebet Timur,374.4,434.7,26610000,5120000,9962784000,2225664000,12188448000,Ya
ATR002521,3674015703792521,Tanah,HGB,98683/Poris Plawad,Banten,Tangerang,Cipondoh,Poris Plawad,305.4,0.0,8610000,3020000,2629494000,0,2629494000,Ya
ATR002522,3271011105872522,Ruko,HGB,88710/Rawa Buntu,Jawa Barat,Tangerang Selatan,Serpong,Rawa Buntu,296.1,345.2,13250000,4210000,3923325000,1453292000,5376617000,Tidak
ATR002523,3276012610822523,Ruko,HGB,78194/Kemiri Muka,Jawa Barat,Depok,Beji,Kemiri Muka,233.7,287.7,11400000,4200000,2664180000,1208340000,3872520000,Ya
ATR002524,3172014802972524,Ruko,HGB,72597/Sukabumi Selatan,DKI Jakarta,Jakarta Barat,Kebon Jeruk,Sukabumi Selatan,126.7,118.9,21690000,5570000,2748123000,662273000,3410396000,Ya
ATR002525,3175015011852525,Rumah,HGB,10019/Paledang,Jawa Barat,Bogor,Bogor Tengah,Paledang,147.6,162.6,6150000,3220000,907740000,523572000,1431312000,Ya
ATR002526,3671015110672526,Tanah,HGB,25913/Cikini,DKI Jakarta,Jakarta Pusat,Cikini,Cikini,271.7,0.0,35900000,6650000,9754030000,0,9754030000,Ya
ATR002527,3276015509712527,Rumah,SHM,69205/Kelapa Gading Barat,DKI Jakarta,Jakarta Utara,Kelapa Gading,Kelapa Gading Barat,371.8,325.1,23310000,4640000,8666658000,1508464000,10175122000,Ya
ATR002528,3175014709982528,Ruko,SHM,26739/Cengkareng Barat,DKI Jakarta,Jakarta Barat,Cengkareng,Cengkareng Barat,240.9,141.1,15480000,4310000,3729132000,608141000,4337273000,Ya
ATR002529,3671012505712529,Ruko,SHM,64807/Bojong Jaya,Banten,Tangerang,Karawaci,Bojong Jaya,119.6,133.9,10210000,3170000,1221116000,424463000,1645579000,Ya
ATR002530,3174011205932530,Ruko,HGB,54804/Bintara,Jawa Barat,Bekasi,Bekasi Barat,Bintara,386.4,204.9,10290000,3240000,3976056000,663876000,4639932000,Ya
ATR002531,3173011407692531,Ruko,HGB,72741/Kramat Jati,DKI Jakarta,Jakarta Timur,Kramat Jati,Kramat Jati,164.5,205.8,17010000,4710000,2798145000,969318000,3767463000,Ya
ATR002532,3271016707782532,Rumah,HGB,58474/Bintara,Jawa Barat,Bekasi,Bekasi Barat,Bintara,142.4,159.3,9080000,4290000,1292992000,683397000,1976389000,Ya
ATR002533,3276017012962533,Rumah,HGB,11818/Cengkareng Barat,DKI Jakarta,Jakarta Barat,Cengkareng,Cengkareng Barat,355.7,305.6,18300000,4780000,6509310000,1460768000,7970078000,Ya
ATR002534,3172011212892534,Ruko,SHM,89305/Sukabumi Selatan,DKI Jakarta,Jakarta Barat,Kebon Jeruk,Sukabumi Selatan,361.2,425.5,20090000,5190000,7256508000,2208345000,9464853000,Ya
ATR002535,3175011001662535,Rumah,HGB,53153/Mekarjaya,Jawa Barat,Depok,Sukmajaya,Mekarjaya,344.5,220.4,7410000,3490000,2552745000,769196000,3321941000,Ya
ATR002536,3174016509702536,Rumah,HGB,92363/Sukabumi Selatan,DKI Jakarta,Jakarta Barat,Kebon Jeruk,Sukabumi Selatan,350.7,448.7,21600000,4340000,7575120000,1947358000,9522478000,Ya
ATR002537,3175014403872537,Tanah,SHM,85809/Kramat Jati,DKI Jakarta,Jakarta Timur,Kramat Jati,Kramat Jati,252.2,0.0,17720000,4240000,4468984000,0,4468984000,Ya
ATR002538,3171010309882538,Rumah,HGB,43690/Cengkareng Barat,DKI Jakarta,Jakarta Barat,Cengkareng,Cengkareng Barat,175.2,193.7,16210000,4670000,2839992000,904579000,3744571000,Ya
ATR002539,3276015605952539,Rumah,HGB,56930/Cengkareng Barat,DKI Jakarta,Jakarta Barat,Cengkareng,Cengkareng Barat,141.0,166.5,16270000,3830000,2294070000,637695000,2931765000,Ya
ATR002540,3275014801742540,Ruko,SHM,89997/Rawa Buntu,Jawa Barat,Tangerang Selatan,Serpong,Rawa Buntu,181.6,213.5,11830000,4270000,2148328000,911645000,3059973000,Ya
ATR002541,3172010301872541,Tanah,HGB,60474/Tebet Timur,DKI Jakarta,Jakarta Selatan,Tebet,Tebet Timur,194.6,0.0,32060000,6010000,6238876000,0,6238876000,Ya
ATR002542,3276012008952542,Ruko,SHM,45724/Kramat Jati,DKI Jakarta,Jakarta Timur,Kramat Jati,Kramat Jati,154.4,117.9,18810000,4850000,2904264000,571815000,3476079000,Ya
ATR002543,3674010701772543,Rumah,HGB,29234/Sukabumi Selatan,DKI Jakarta,Jakarta Barat,Kebon Jeruk,Sukabumi Selatan,233.4,268.1,21580000,4440000,5036772000,1190364000,6227136000,Ya
ATR002544,3674011210822544,Rumah,HGB,77856/Rawa Buntu,Jawa Barat,Tangerang Selatan,Serpong,Rawa Buntu,383.8,435.4,12280000,4179999,4713064000,1819972000,6533036000,Ya
ATR002545,3671011807922545,Rumah,HGB,39453/Sukabumi Selatan,DKI Jakarta,Jakarta Barat,Kebon Jeruk,Sukabumi Selatan,205.6,157.3,25150000,5550000,5170840000,873015000,6043855000,Ya
ATR002546,3271010508992546,Tanah,HGB,41465/Tebet Timur,DKI Jakarta,Jakarta Selatan,Tebet,Tebet Timur,217.7,0.0,27290000,4920000,5941033000,0,5941033000,Tidak
ATR002547,3671014806762547,Rumah,HGB,33165/Bojong Jaya,Banten,Tangerang,Karawaci,Bojong Jaya,197.5,237.1,8160000,3650000,1611600000,865415000,2477015000,Ya
ATR002548,3175011406822548,Tanah,HGB,80204/Cengkareng Barat,DKI Jakarta,Jakarta Barat,Cengkareng,Cengkareng Barat,319.8,0.0,16390000,4360000,5241522000,0,5241522000,Ya
ATR002549,3671015812842549,Rumah,HGB,77575/Tebet Timur,DKI Jakarta,Jakarta Selatan,Tebet,Tebet Timur,131.8,73.7,26230000,5710000,3457114000,420827000,3877941000,Ya
ATR002550,3671010508672550,Rumah,SHM,80682/Rawa Buntu,Jawa Barat,Tangerang Selatan,Serpong,Rawa Buntu,268.1,251.9,11180000,3690000,2997358000,929511000,3926869000,Ya
ATR002551,3276016701812551,Rumah,HGB,96136/Mekarjaya,Jawa Barat,Depok,Sukmajaya,Mekarjaya,348.7,346.3,7700000,3250000,2684990000,1125475000,3810465000,Ya
ATR002552,3172014904852552,Rumah,HGB,67566/Kramat Jati,DKI Jakarta,Jakarta Timur,Kramat Jati,Kramat Jati,312.5,321.1,17500000,4179999,5468750000,1342198000,6810948000,Tidak
ATR002553,3175014905912553,Tanah,HGB,68383/Mekarjaya,Jawa Barat,Depok,Sukmajaya,Mekarjaya,331.1,0.0,7990000,3980000,2645489000,0,2645489000,Ya
ATR002554,3173012108682554,Rumah,HGB,80387/Bojong Jaya,Banten,Tangerang,Karawaci,Bojong Jaya,161.0,135.4,8150000,3180000,1312150000,430572000,1742722000,Ya
ATR002555,3275016208932555,Rumah,HGB,26068/Duren Tiga,DKI Jakarta,Jakarta Selatan,Pancoran,Duren Tiga,151.0,174.6,34460000,4800000,5203460000,838080000,6041540000,Ya
ATR002556,3674012101652556,Tanah,HGB,37738/Margahayu,Jawa Barat,Bekasi,Bekasi Timur,Margahayu,332.7,0.0,8690000,3880000,2891163000,0,2891163000,Ya
ATR002557,3174016605662557,Gudang,SHM,40742/Margahayu,Jawa Barat,Bekasi,Bekasi Timur,Margahayu,214.3,209.2,9140000,3410000,1958702000,713372000,2672074000,Ya
ATR002558,3671012510912558,Ruko,SHM,18264/Rawa Buntu,Jawa Barat,Tangerang Selatan,Serpong,Rawa Buntu,151.6,195.8,12610000,3960000,1911676000,775368000,2687044000,Ya
ATR002559,3275012710902559,Tanah,SHM,19878/Kelapa Gading Barat,DKI Jakarta,Jakarta Utara,Kelapa Gading,Kelapa Gading Barat,152.7,0.0,23310000,4600000,3559437000,0,3559437000,Ya
ATR002560,3172014707652560,Ruko,SHM,62140/Poris Plawad,Banten,Tangerang,Cipondoh,Poris Plawad,178.2,197.9,7740000,2990000,1379268000,591721000,1970989000,Ya
ATR002561,3172011612832561,Rumah,SHM,65600/Kemiri Muka,Jawa Barat,Depok,Beji,Kemiri Muka,264.5,335.6,10510000,3430000,2779895000,1151108000,3931003000,Ya
ATR002562,3671010911662562,Rumah,HGB,90914/Kramat Jati,DKI Jakarta,Jakarta Timur,Kramat Jati,Kramat Jati,280.5,146.6,15380000,4000000,4314090000,586400000,4900490000,Ya
ATR002563,3271014704892563,Rumah,HGB,72851/Bojong Jaya,Banten,Tangerang,Karawaci,Bojong Jaya,206.0,183.3,8020000,3790000,1652120000,694707000,2346827000,Ya
ATR002564,3173012107912564,Tanah,SHM,75825/Margahayu,Jawa Barat,Bekasi,Bekasi Timur,Margahayu,160.1,0.0,6830000,3140000,1093483000,0,1093483000,Ya
ATR002565,3172014309682565,Tanah,HGB,84645/Cikini,DKI Jakarta,Jakarta Pusat,Cikini,Cikini,112.4,0.0,38520000,6230000,4329648000,0,4329648000,Ya
ATR002566,3671016001912566,Tanah,HGB,63060/Kramat Jati,DKI Jakarta,Jakarta Timur,Kramat Jati,Kramat Jati,138.6,0.0,17160000,4650000,2378376000,0,2378376000,Ya
ATR002567,3671015012022567,Rumah,SHM,69748/Bojong Jaya,Banten,Tangerang,Karawaci,Bojong Jaya,316.1,298.0,8630000,3450000,2727943000,1028100000,3756043000,Ya
ATR002568,3174014312672568,Rumah,HGB,22058/Menteng,DKI Jakarta,Jakarta Pusat,Menteng,Menteng,73.3,94.6,57710000,6850000,4230143000,648010000,4878153000,Ya
ATR002569,3671015005762569,Rumah,HGB,70326/Cengkareng Barat,DKI Jakarta,Jakarta Barat,Cengkareng,Cengkareng Barat,265.9,236.1,14110000,3920000,3751849000,925512000,4677361000,Ya
ATR002570,3671010304772570,Rumah,HGB,32614/Cikini,DKI Jakarta,Jakarta Pusat,Cikini,Cikini,247.0,205.2,34870000,6390000,8612890000,1311228000,9924118000,Ya
ATR002571,3173015602022571,Gudang,SHM,88335/Cakung Barat,DKI Jakarta,Jakarta Timur,Cakung,Cakung Barat,268.8,244.1,11760000,4110000,3161088000,1003251000,4164339000,Ya
ATR002572,3173016707762572,Tanah,SHM,91294/Rawa Buntu,Jawa Barat,Tangerang Selatan,Serpong,Rawa Buntu,380.0,0.0,12320000,3770000,4681600000,0,4681600000,Ya
ATR002573,3674014305842573,Rumah,SHM,39190/Cakung Barat,DKI Jakarta,Jakarta Timur,Cakung,Cakung Barat,333.9,210.1,11250000,4220000,3756375000,886622000,4642997000,Ya
ATR002574,3276010601672574,Tanah,HGB,45308/Mekarjaya,Jawa Barat,Depok,Sukmajaya,Mekarjaya,329.5,0.0,7560000,3880000,2491020000,0,2491020000,Ya
ATR002575,3275015701712575,Gudang,HGB,22567/Cikini,DKI Jakarta,Jakarta Pusat,Cikini,Cikini,64.3,78.4,40980000,5730000,2635014000,449232000,3084246000,Ya
ATR002576,3175014910912576,Rumah,HGB,77881/Duren Tiga,DKI Jakarta,Jakarta Selatan,Pancoran,Duren Tiga,269.7,244.7,34420000,6300000,9283074000,1541610000,10824684000,Ya
ATR002577,3276012408022577,Ruko,SHM,83055/Kramat Jati,DKI Jakarta,Jakarta Timur,Kramat Jati,Kramat Jati,210.6,188.0,18990000,3960000,3999294000,744480000,4743774000,Ya
ATR002578,3171015706792578,Ruko,HGB,21042/Menteng,DKI Jakarta,Jakarta Pusat,Menteng,Menteng,85.6,47.8,49980000,6470000,4278288000,309266000,4587554000,Ya
ATR002579,3271010412912579,Tanah,SHM,69106/Mekarjaya,Jawa Barat,Depok,Sukmajaya,Mekarjaya,225.1,0.0,8080000,3150000,1818808000,0,1818808000,Ya
ATR002580,3671012910792580,Rumah,HGB,95610/Tebet Timur,DKI Jakarta,Jakarta Selatan,Tebet,Tebet Timur,152.2,151.0,32009999,4860000,4871922000,733860000,5605782000,Ya
ATR002581,3175015310942581,Gudang,SHM,25331/Kemiri Muka,Jawa Barat,Depok,Beji,Kemiri Muka,220.9,281.6,10820000,4250000,2390138000,1196800000,3586938000,Ya
ATR002582,3671015907972582,Tanah,HGB,49024/Cakung Barat,DKI Jakarta,Jakarta Timur,Cakung,Cakung Barat,397.3,0.0,10570000,3460000,4199461000,0,4199461000,Ya
ATR002583,3674011907912583,Tanah,SHM,35318/Pluit,DKI Jakarta,Jakarta Utara,Pluit,Pluit,375.3,0.0,23680000,4690000,8887104000,0,8887104000,Ya
ATR002584,3275011307872584,Ruko,SHM,55715/Margahayu,Jawa Barat,Bekasi,Bekasi Timur,Margahayu,95.5,63.7,9130000,3780000,871915000,240786000,1112701000,Ya
ATR002585,3671015505012585,Gudang,SHM,57283/Pluit,DKI Jakarta,Jakarta Utara,Pluit,Pluit,323.9,300.6,29410000,5450000,9525899000,1638270000,11164169000,Ya
ATR002586,3671011407872586,Tanah,SHM,21605/Sukabumi Selatan,DKI Jakarta,Jakarta Barat,Kebon Jeruk,Sukabumi Selatan,250.8,0.0,22220000,5490000,5572776000,0,5572776000,Tidak
ATR002587,3175012803702587,Tanah,HGB,49309/Gunung,DKI Jakarta,Jakarta Selatan,Kebayoran Baru,Gunung,199.8,0.0,48560000,5280000,9702288000,0,9702288000,Ya
ATR002588,3271010305752588,Rumah,SHM,48303/Margahayu,Jawa Barat,Bekasi,Bekasi Timur,Margahayu,186.3,99.0,7670000,3720000,1428921000,368280000,1797201000,Ya
ATR002589,3671015611882589,Ruko,HGB,84821/Poris Plawad,Banten,Tangerang,Cipondoh,Poris Plawad,374.2,210.4,8470000,3610000,3169474000,759544000,3929018000,Ya
ATR002590,3174012601932590,Rumah,SHM,22490/Mekarjaya,Jawa Barat,Depok,Sukmajaya,Mekarjaya,192.9,210.8,8760000,3790000,1689804000,798932000,2488736000,Ya
ATR002591,3671010910822591,Tanah,HGB,79842/Paledang,Jawa Barat,Bogor,Bogor Tengah,Paledang,225.9,0.0,8029999,3110000,1813977000,0,1813977000,Ya
ATR002592,3173013008682592,Rumah,SHM,34459/Cikini,DKI Jakarta,Jakarta Pusat,Cikini,Cikini,159.2,177.0,43170000,5630000,6872664000,996510000,7869174000,Ya
ATR002593,3174015309912593,Tanah,HGB,38364/Gunung,DKI Jakarta,Jakarta Selatan,Kebayoran Baru,Gunung,63.9,0.0,44020000,5840000,2812878000,0,2812878000,Tidak
ATR002594,3674015204662594,Rumah,HGB,35293/Pluit,DKI Jakarta,Jakarta Utara,Pluit,Pluit,219.7,154.9,30170000,5290000,6628349000,819421000,7447770000,Ya
ATR002595,3671014307012595,Ruko,SHM,67271/Margahayu,Jawa Barat,Bekasi,Bekasi Timur,Margahayu,92.5,74.6,9070000,3700000,838975000,276020000,1114995000,Ya
ATR002596,3175010909902596,Rumah,HGB,92930/Rawa Buntu,Jawa Barat,Tangerang Selatan,Serpong,Rawa Buntu,272.7,335.0,11190000,4010000,3051513000,1343350000,4394863000,Tidak
ATR002597,3671015406742597,Gudang,HGB,50557/Kelapa Gading Barat,DKI Jakarta,Jakarta Utara,Kelapa Gading,Kelapa Gading Barat,118.6,127.6,25860000,5480000,3066996000,699248000,3766244000,Ya
ATR002598,3175011703852598,Rumah,SHM,13979/Poris Plawad,Banten,Tangerang,Cipondoh,Poris Plawad,166.7,174.6,6860000,3320000,1143562000,579672000,1723234000,Ya
ATR002599,3671016306762599,Gudang,SHM,27339/Margahayu,Jawa Barat,Bekasi,Bekasi Timur,Margahayu,62.8,80.1,7840000,4110000,492352000,329211000,821563000,Ya
ATR002600,3674010203972600,Ruko,SHM,83995/Kemiri Muka,Jawa Barat,Depok,Beji,Kemiri Muka,259.7,171.6,10870000,4120000,2822939000,706992000,3529931000,Ya
ATR002601,3671010502892601,Ruko,HGB,13017/Cikini,DKI Jakarta,Jakarta Pusat,Cikini,Cikini,370.1,242.7,41360000,6870000,15307336000,1667349000,16974685000,Ya
ATR002602,3271011811932602,Tanah,HGB,29244/Cengkareng Barat,DKI Jakarta,Jakarta Barat,Cengkareng,Cengkareng Barat,385.2,0.0,15240000,3700000,5870448000,0,5870448000,Ya
ATR002603,3671012305752603,Ruko,SHM,90505/Cikini,DKI Jakarta,Jakarta Pusat,Cikini,Cikini,230.2,261.2,35800000,6290000,8241160000,1642948000,9884108000,Ya
ATR002604,3671010308032604,Rumah,HGB,37849/Kramat Jati,DKI Jakarta,Jakarta Timur,Kramat Jati,Kramat Jati,176.0,181.2,17820000,4920000,3136320000,891504000,4027824000,Ya
ATR002605,3671010404862605,Tanah,HGB,80974/Pluit,DKI Jakarta,Jakarta Utara,Pluit,Pluit,328.6,0.0,23470000,4810000,7712242000,0,7712242000,Ya
ATR002606,3671012812902606,Tanah,SHM,75881/Kramat Jati,DKI Jakarta,Jakarta Timur,Kramat Jati,Kramat Jati,350.7,0.0,16660000,4270000,5842662000,0,5842662000,Ya
ATR002607,3174015105742607,Tanah,SHM,22373/Paledang,Jawa Barat,Bogor,Bogor Tengah,Paledang,131.9,0.0,7650000,3680000,1009035000,0,1009035000,Ya
ATR002608,3674016411862608,Gudang,SHM,77056/Cikini,DKI Jakarta,Jakarta Pusat,Cikini,Cikini,217.7,243.8,38050000,6240000,8283485000,1521312000,9804797000,Ya
ATR002609,3671012703912609,Ruko,SHM,87007/Cikini,DKI Jakarta,Jakarta Pusat,Cikini,Cikini,267.0,166.1,43970000,5740000,11739990000,953414000,12693404000,Ya
ATR002610,3671012706952610,Tanah,SHM,97355/Gunung,DKI Jakarta,Jakarta Selatan,Kebayoran Baru,Gunung,345.9,0.0,38930000,5810000,13465887000,0,13465887000,Ya
ATR002611,3271013107882611,Ruko,HGB,74234/Bintara,Jawa Barat,Bekasi,Bekasi Barat,Bintara,156.8,192.8,9680000,3300000,1517824000,636240000,2154064000,Ya
ATR002612,3671012611682612,Tanah,SHM,92322/Kemiri Muka,Jawa Barat,Depok,Beji,Kemiri Muka,239.3,0.0,11200000,3590000,2680160000,0,2680160000,Ya
ATR002613,3671015505802613,Rumah,SHM,14996/Margahayu,Jawa Barat,Bekasi,Bekasi Timur,Margahayu,230.3,205.3,7890000,3280000,1817067000,673384000,2490451000,Ya
ATR002614,3674016102732614,Ruko,SHM,10803/Kelapa Gading Barat,DKI Jakarta,Jakarta Utara,Kelapa Gading,Kelapa Gading Barat,213.5,270.5,23210000,5490000,4955335000,1485045000,6440380000,Tidak
ATR002615,3671016607672615,Ruko,HGB,65054/Pluit,DKI Jakarta,Jakarta Utara,Pluit,Pluit,285.6,341.9,29650000,5080000,8468040000,1736852000,10204892000,Ya
ATR002616,3671016703812616,Tanah,SHM,25532/Rawa Buntu,Jawa Barat,Tangerang Selatan,Serpong,Rawa Buntu,113.1,0.0,12130000,3680000,1371903000,0,1371903000,Ya
ATR002617,3671016305022617,Tanah,SHM,64563/Cengkareng Barat,DKI Jakarta,Jakarta Barat,Cengkareng,Cengkareng Barat,239.5,0.0,15570000,3910000,3729015000,0,3729015000,Tidak
ATR002618,3671014211982618,Gudang,HGB,44339/Tebet Timur,DKI Jakarta,Jakarta Selatan,Tebet,Tebet Timur,84.4,45.1,25620000,6280000,2162328000,283228000,2445556000,Tidak
ATR002619,3276014504962619,Tanah,SHM,25691/Cakung Barat,DKI Jakarta,Jakarta Timur,Cakung,Cakung Barat,282.7,0.0,13370000,3660000,3779699000,0,3779699000,Tidak
ATR002620,3674012112002620,Rumah,HGB,91192/Bintara,Jawa Barat,Bekasi,Bekasi Barat,Bintara,108.5,63.0,7950000,3880000,862575000,244440000,1107015000,Ya
ATR002621,3671014811842621,Ruko,HGB,88018/Cikini,DKI Jakarta,Jakarta Pusat,Cikini,Cikini,184.7,236.8,39210000,5370000,7242087000,1271616000,8513703000,Ya
ATR002622,3175012101662622,Ruko,SHM,88940/Menteng,DKI Jakarta,Jakarta Pusat,Menteng,Menteng,290.9,339.1,54320000,6680000,15801688000,2265188000,18066876000,Ya
ATR002623,3671014612792623,Tanah,HGB,18619/Duren Tiga,DKI Jakarta,Jakarta Selatan,Pancoran,Duren Tiga,279.6,0.0,34370000,4760000,9609852000,0,9609852000,Ya
ATR002624,3171016009972624,Ruko,HGB,84577/Paledang,Jawa Barat,Bogor,Bogor Tengah,Paledang,251.2,176.3,7960000,3380000,1999552000,595894000,2595446000,Ya
ATR002625,3175016605012625,Tanah,HGB,85228/Cikini,DKI Jakarta,Jakarta Pusat,Cikini,Cikini,121.7,0.0,36930000,6600000,4494381000,0,4494381000,Ya
ATR002626,3171011605012626,Rumah,SHM,62156/Kelapa Gading Barat,DKI Jakarta,Jakarta Utara,Kelapa Gading,Kelapa Gading Barat,370.5,254.0,22160000,4430000,8210280000,1125220000,9335500000,Ya
ATR002627,3276016501742627,Gudang,SHM,19768/Tebet Timur,DKI Jakarta,Jakarta Selatan,Tebet,Tebet Timur,399.4,421.8,26390000,6120000,10540166000,2581416000,13121582000,Ya
ATR002628,3173012610732628,Ruko,SHM,24079/Kemiri Muka,Jawa Barat,Depok,Beji,Kemiri Muka,65.2,75.2,9400000,3400000,612880000,255680000,868560000,Ya
ATR002629,3171010803932629,Rumah,SHM,64572/Duren Tiga,DKI Jakarta,Jakarta Selatan,Pancoran,Duren Tiga,219.3,184.2,28100000,4960000,6162330000,913632000,7075962000,Ya
ATR002630,3671012107912630,Ruko,HGB,37552/Tebet Timur,DKI Jakarta,Jakarta Selatan,Tebet,Tebet Timur,396.6,445.1,26290000,5080000,10426614000,2261108000,12687722000,Ya
ATR002631,3271012308742631,Rumah,SHM,95881/Kelapa Gading Barat,DKI Jakarta,Jakarta Utara,Kelapa Gading,Kelapa Gading Barat,106.5,100.2,25790000,5520000,2746635000,553104000,3299739000,Ya
ATR002632,3173012104662632,Ruko,HGB,37207/Cengkareng Barat,DKI Jakarta,Jakarta Barat,Cengkareng,Cengkareng Barat,159.4,121.8,16870000,4010000,2689078000,488418000,3177496000,Ya
ATR002633,3171013003972633,Tanah,HGB,14374/Cikini,DKI Jakarta,Jakarta Pusat,Cikini,Cikini,187.3,0.0,37270000,5260000,6980671000,0,6980671000,Ya
ATR002634,3671016502952634,Rumah,HGB,36405/Menteng,DKI Jakarta,Jakarta Pusat,Menteng,Menteng,350.1,236.6,47820000,6970000,16741782000,1649102000,18390884000,Ya
ATR002635,3671015312862635,Rumah,SHM,55074/Tebet Timur,DKI Jakarta,Jakarta Selatan,Tebet,Tebet Timur,193.8,106.8,25700000,5980000,4980660000,638664000,5619324000,Ya
ATR002636,3173014309882636,Ruko,HGB,98756/Kemiri Muka,Jawa Barat,Depok,Beji,Kemiri Muka,130.4,100.2,8900000,3310000,1160560000,331662000,1492222000,Tidak
ATR002637,3175012003882637,Rumah,SHM,49378/Bojong Jaya,Banten,Tangerang,Karawaci,Bojong Jaya,282.9,264.1,9720000,3970000,2749788000,1048477000,3798265000,Ya
ATR002638,3671014107862638,Tanah,HGB,46211/Paledang,Jawa Barat,Bogor,Bogor Tengah,Paledang,65.6,0.0,6340000,3560000,415904000,0,415904000,Ya
ATR002639,3174015403842639,Ruko,HGB,52297/Bojong Jaya,Banten,Tangerang,Karawaci,Bojong Jaya,394.0,406.7,10230000,3280000,4030620000,1333976000,5364596000,Ya
ATR002640,3174016012732640,Gudang,SHM,99542/Bintara,Jawa Barat,Bekasi,Bekasi Barat,Bintara,169.3,218.7,8080000,3820000,1367944000,835434000,2203378000,Ya
ATR002641,3671012807702641,Ruko,SHM,31362/Margahayu,Jawa Barat,Bekasi,Bekasi Timur,Margahayu,207.1,181.1,9170000,3520000,1899107000,637472000,2536579000,Ya
ATR002642,3172016411012642,Tanah,HGB,93705/Kelapa Gading Barat,DKI Jakarta,Jakarta Utara,Kelapa Gading,Kelapa Gading Barat,78.5,0.0,27570000,5430000,2164245000,0,2164245000,Ya
ATR002643,3671015201012643,Ruko,HGB,23073/Mekarjaya,Jawa Barat,Depok,Sukmajaya,Mekarjaya,65.5,63.8,7260000,3060000,475530000,195228000,670758000,Ya
ATR002644,3671012408742644,Gudang,SHM,58444/Duren Tiga,DKI Jakarta,Jakarta Selatan,Pancoran,Duren Tiga,124.3,81.2,31380000,4760000,3900534000,386512000,4287046000,Ya
ATR002645,3671011403882645,Ruko,SHM,40729/Cakung Barat,DKI Jakarta,Jakarta Timur,Cakung,Cakung Barat,110.8,106.8,12580000,4270000,1393864000,456036000,1849900000,Ya
ATR002646,3674014410742646,Ruko,SHM,61963/Rawa Buntu,Jawa Barat,Tangerang Selatan,Serpong,Rawa Buntu,90.3,50.8,11730000,4540000,1059219000,230632000,1289851000,Ya
ATR002647,3271015508752647,Rumah,SHM,91850/Margahayu,Jawa Barat,Bekasi,Bekasi Timur,Margahayu,147.3,85.5,8250000,3790000,1215225000,324045000,1539270000,Ya
ATR002648,3172010412802648,Tanah,HGB,98663/Bintara,Jawa Barat,Bekasi,Bekasi Barat,Bintara,352.8,0.0,8960000,3380000,3161088000,0,3161088000,Ya
ATR002649,3671010712752649,Ruko,HGB,79552/Rawa Buntu,Jawa Barat,Tangerang Selatan,Serpong,Rawa Buntu,285.2,282.5,12110000,4220000,3453772000,1192150000,4645922000,Ya
ATR002650,3275016712012650,Rumah,SHM,89443/Gunung,DKI Jakarta,Jakarta Selatan,Kebayoran Baru,Gunung,359.7,348.5,48760000,5550000,17538972000,1934175000,19473147000,Ya
ATR002651,3674010612962651,Tanah,SHM,14287/Cengkareng Barat,DKI Jakarta,Jakarta Barat,Cengkareng,Cengkareng Barat,366.7,0.0,15450000,4550000,5665515000,0,5665515000,Ya
ATR002652,3671014907812652,Ruko,SHM,52803/Rawa Buntu,Jawa Barat,Tangerang Selatan,Serpong,Rawa Buntu,80.2,77.4,10670000,4560000,855734000,352944000,1208678000,Ya
ATR002653,3674014806992653,Ruko,HGB,73447/Bojong Jaya,Banten,Tangerang,Karawaci,Bojong Jaya,97.3,58.1,9260000,3430000,900998000,199283000,1100281000,Ya
ATR002654,3171016309742654,Ruko,SHM,35130/Rawa Buntu,Jawa Barat,Tangerang Selatan,Serpong,Rawa Buntu,244.2,197.9,10560000,4360000,2578752000,862844000,3441596000,Ya
ATR002655,3175010611792655,Tanah,HGB,71799/Paledang,Jawa Barat,Bogor,Bogor Tengah,Paledang,317.2,0.0,7680000,3110000,2436096000,0,2436096000,Ya
ATR002656,3172015704802656,Ruko,SHM,16782/Cakung Barat,DKI Jakarta,Jakarta Timur,Cakung,Cakung Barat,130.9,145.6,13610000,4260000,1781549000,620256000,2401805000,Ya
ATR002657,3173014105842657,Gudang,HGB,84300/Bintara,Jawa Barat,Bekasi,Bekasi Barat,Bintara,277.2,224.6,8800000,3320000,2439360000,745672000,3185032000,Ya
ATR002658,3271010811732658,Rumah,SHM,18067/Kelapa Gading Barat,DKI Jakarta,Jakarta Utara,Kelapa Gading,Kelapa Gading Barat,296.5,252.2,25390000,5290000,7528135000,1334138000,8862273000,Ya
ATR002659,3271010512892659,Rumah,HGB,82249/Mekarjaya,Jawa Barat,Depok,Sukmajaya,Mekarjaya,221.8,194.4,8220000,3950000,1823196000,767880000,2591076000,Ya
ATR002660,3671011702742660,Ruko,HGB,12938/Duren Tiga,DKI Jakarta,Jakarta Selatan,Pancoran,Duren Tiga,265.2,322.6,33299999,6140000,8831160000,1980764000,10811924000,Ya
ATR002661,3671010705662661,Rumah,SHM,45887/Poris Plawad,Banten,Tangerang,Cipondoh,Poris Plawad,71.9,51.0,7000000,3820000,503300000,194820000,698120000,Ya
ATR002662,3671015205992662,Rumah,SHM,82555/Tebet Timur,DKI Jakarta,Jakarta Selatan,Tebet,Tebet Timur,87.8,53.4,25110000,5720000,2204658000,305448000,2510106000,Ya
ATR002663,3671012901682663,Tanah,HGB,19825/Menteng,DKI Jakarta,Jakarta Pusat,Menteng,Menteng,352.3,0.0,62270000,5920000,21937721000,0,21937721000,Ya
ATR002664,3276011610912664,Ruko,SHM,14876/Paledang,Jawa Barat,Bogor,Bogor Tengah,Paledang,141.7,111.5,7870000,3480000,1115179000,388020000,1503199000,Ya
ATR002665,3671014910952665,Rumah,HGB,49900/Cengkareng Barat,DKI Jakarta,Jakarta Barat,Cengkareng,Cengkareng Barat,226.6,118.5,13910000,4250000,3152006000,503625000,3655631000,Ya
ATR002666,3671011705892666,Ruko,SHM,99393/Menteng,DKI Jakarta,Jakarta Pusat,Menteng,Menteng,133.2,143.5,60130000,6330000,8009316000,908355000,8917671000,Ya
ATR002667,3674016305842667,Ruko,SHM,11100/Cakung Barat,DKI Jakarta,Jakarta Timur,Cakung,Cakung Barat,197.4,205.8,12950000,4590000,2556330000,944622000,3500952000,Ya
ATR002668,3671010607842668,Rumah,HGB,31681/Poris Plawad,Banten,Tangerang,Cipondoh,Poris Plawad,199.8,126.4,6830000,3600000,1364634000,455040000,1819674000,Ya
ATR002669,3171014203992669,Rumah,SHM,84997/Pluit,DKI Jakarta,Jakarta Utara,Pluit,Pluit,194.2,125.0,25260000,5230000,4905492000,653750000,5559242000,Ya
ATR002670,3671012511842670,Tanah,HGB,66539/Margahayu,Jawa Barat,Bekasi,Bekasi Timur,Margahayu,139.4,0.0,8570000,3070000,1194658000,0,1194658000,Ya
ATR002671,3276017107002671,Rumah,SHM,30364/Duren Tiga,DKI Jakarta,Jakarta Selatan,Pancoran,Duren Tiga,329.9,235.2,30930000,5780000,10203807000,1359456000,11563263000,Ya
ATR002672,3171010902932672,Rumah,SHM,18213/Poris Plawad,Banten,Tangerang,Cipondoh,Poris Plawad,211.6,164.5,8260000,3660000,1747816000,602070000,2349886000,Ya
ATR002673,3671015806702673,Ruko,SHM,25880/Gunung,DKI Jakarta,Jakarta Selatan,Kebayoran Baru,Gunung,95.0,53.0,39520000,6150000,3754400000,325950000,4080350000,Ya
ATR002674,3173012804742674,Tanah,HGB,24138/Pluit,DKI Jakarta,Jakarta Utara,Pluit,Pluit,174.6,0.0,29050000,4970000,5072130000,0,5072130000,Ya
ATR002675,3271011509962675,Ruko,SHM,24507/Paledang,Jawa Barat,Bogor,Bogor Tengah,Paledang,313.5,218.4,7480000,3650000,2344980000,797160000,3142140000,Ya
ATR002676,3674016703942676,Ruko,HGB,77516/Menteng,DKI Jakarta,Jakarta Pusat,Menteng,Menteng,131.5,120.6,61950000,6770000,8146425000,816462000,8962887000,Ya
ATR002677,3173010108932677,Tanah,SHM,88500/Sukabumi Selatan,DKI Jakarta,Jakarta Barat,Kebon Jeruk,Sukabumi Selatan,292.1,0.0,21520000,5140000,6285992000,0,6285992000,Ya
ATR002678,3674012610692678,Ruko,SHM,98704/Margahayu,Jawa Barat,Bekasi,Bekasi Timur,Margahayu,235.1,270.6,8530000,3720000,2005403000,1006632000,3012035000,Ya
ATR002679,3671015611842679,Ruko,SHM,26180/Kemiri Muka,Jawa Barat,Depok,Beji,Kemiri Muka,344.2,429.8,8910000,3790000,3066822000,1628942000,4695764000,Ya
ATR002680,3275010102012680,Ruko,HGB,83869/Margahayu,Jawa Barat,Bekasi,Bekasi Timur,Margahayu,316.5,341.0,7140000,4010000,2259810000,1367410000,3627220000,Ya
ATR002681,3671013105732681,Rumah,SHM,10241/Kelapa Gading Barat,DKI Jakarta,Jakarta Utara,Kelapa Gading,Kelapa Gading Barat,331.1,286.6,23710000,4670000,7850381000,1338422000,9188803000,Ya
ATR002682,3671011812992682,Tanah,SHM,38737/Duren Tiga,DKI Jakarta,Jakarta Selatan,Pancoran,Duren Tiga,285.0,0.0,30450000,4880000,8678250000,0,8678250000,Ya
ATR002683,3174012404812683,Tanah,HGB,85982/Tebet Timur,DKI Jakarta,Jakarta Selatan,Tebet,Tebet Timur,84.6,0.0,30050000,5850000,2542230000,0,2542230000,Ya
ATR002684,3671016212792684,Rumah,HGB,92004/Margahayu,Jawa Barat,Bekasi,Bekasi Timur,Margahayu,250.5,142.2,8970000,4040000,2246985000,574488000,2821473000,Ya
ATR002685,3175010808872685,Ruko,SHM,34478/Margahayu,Jawa Barat,Bekasi,Bekasi Timur,Margahayu,374.9,430.8,8790000,3680000,3295371000,1585344000,4880715000,Ya
ATR002686,3275012706652686,Rumah,SHM,60886/Sukabumi Selatan,DKI Jakarta,Jakarta Barat,Kebon Jeruk,Sukabumi Selatan,134.1,102.2,22850000,4510000,3064185000,460922000,3525107000,Ya
ATR002687,3276014606022687,Rumah,HGB,41568/Rawa Buntu,Jawa Barat,Tangerang Selatan,Serpong,Rawa Buntu,219.1,150.4,12320000,4510000,2699312000,678304000,3377616000,Ya
ATR002688,3674010610802688,Rumah,SHM,32965/Kelapa Gading Barat,DKI Jakarta,Jakarta Utara,Kelapa Gading,Kelapa Gading Barat,286.6,276.9,24910000,4710000,7139206000,1304199000,8443405000,Ya
ATR002689,3276016803762689,Tanah,HGB,44581/Rawa Buntu,Jawa Barat,Tangerang Selatan,Serpong,Rawa Buntu,144.5,0.0,10530000,4300000,1521585000,0,1521585000,Ya
ATR002690,3275011706712690,Rumah,SHM,77166/Gunung,DKI Jakarta,Jakarta Selatan,Kebayoran Baru,Gunung,186.4,97.4,40100000,5410000,7474640000,526934000,8001574000,Ya
ATR002691,3671016704792691,Ruko,SHM,54923/Poris Plawad,Banten,Tangerang,Cipondoh,Poris Plawad,283.3,331.3,7210000,3780000,2042593000,1252314000,3294907000,Ya
ATR002692,3172011501012692,Tanah,HGB,31208/Bintara,Jawa Barat,Bekasi,Bekasi Barat,Bintara,170.6,0.0,8060000,3940000,1375036000,0,1375036000,Ya
ATR002693,3674010609012693,Ruko,HGB,81224/Rawa Buntu,Jawa Barat,Tangerang Selatan,Serpong,Rawa Buntu,268.5,297.9,12160000,4150000,3264960000,1236285000,4501245000,Ya
ATR002694,3173012808952694,Rumah,HGB,68407/Sukabumi Selatan,DKI Jakarta,Jakarta Barat,Kebon Jeruk,Sukabumi Selatan,161.7,127.3,23440000,5170000,3790248000,658141000,4448389000,Ya
ATR002695,3671012806792695,Tanah,SHM,75788/Paledang,Jawa Barat,Bogor,Bogor Tengah,Paledang,187.9,0.0,6930000,3320000,1302147000,0,1302147000,Ya
ATR002696,3276012301752696,Tanah,HGB,26031/Paledang,Jawa Barat,Bogor,Bogor Tengah,Paledang,374.3,0.0,7550000,3380000,2825965000,0,2825965000,Ya
ATR002697,3174013011902697,Ruko,HGB,86415/Gunung,DKI Jakarta,Jakarta Selatan,Kebayoran Baru,Gunung,365.1,222.3,41630000,6080000,15199113000,1351584000,16550697000,Ya
ATR002698,3175011010842698,Gudang,HGB,70367/Duren Tiga,DKI Jakarta,Jakarta Selatan,Pancoran,Duren Tiga,72.3,93.1,29590000,5270000,2139357000,490637000,2629994000,Ya
ATR002699,3671012502692699,Rumah,SHM,58906/Poris Plawad,Banten,Tangerang,Cipondoh,Poris Plawad,119.3,135.2,8520000,3310000,1016436000,447512000,1463948000,Tidak
ATR002700,3671016102872700,Rumah,HGB,87719/Pluit,DKI Jakarta,Jakarta Utara,Pluit,Pluit,340.1,300.9,28410000,5200000,9662241000,1564680000,11226921000,Ya
ATR002701,3173015803922701,Ruko,HGB,31950/Bintara,Jawa Barat,Bekasi,Bekasi Barat,Bintara,79.7,84.2,7790000,4160000,620863000,350272000,971135000,Ya
ATR002702,3671010206972702,Rumah,HGB,28423/Kemiri Muka,Jawa Barat,Depok,Beji,Kemiri Muka,140.6,106.7,9940000,3910000,1397564000,417197000,1814761000,Ya
ATR002703,3275011410942703,Tanah,SHM,26805/Cikini,DKI Jakarta,Jakarta Pusat,Cikini,Cikini,261.4,0.0,37570000,5200000,9820798000,0,9820798000,Ya
ATR002704,3674014908712704,Rumah,HGB,78746/Bojong Jaya,Banten,Tangerang,Karawaci,Bojong Jaya,94.4,107.0,10250000,3520000,967600000,376640000,1344240000,Ya
ATR002705,3275010503982705,Gudang,SHM,84255/Paledang,Jawa Barat,Bogor,Bogor Tengah,Paledang,109.9,103.4,6250000,3510000,686875000,362934000,1049809000,Ya
ATR002706,3174012210732706,Tanah,SHM,12948/Bojong Jaya,Banten,Tangerang,Karawaci,Bojong Jaya,126.5,0.0,9710000,3090000,1228315000,0,1228315000,Ya
ATR002707,3275015810682707,Ruko,HGB,32588/Cikini,DKI Jakarta,Jakarta Pusat,Cikini,Cikini,97.7,76.4,36080000,5770000,3525016000,440828000,3965844000,Ya
ATR002708,3671016209782708,Rumah,SHM,95691/Margahayu,Jawa Barat,Bekasi,Bekasi Timur,Margahayu,162.2,166.3,9010000,3490000,1461422000,580387000,2041809000,Ya
ATR002709,3174011911802709,Ruko,SHM,14292/Sukabumi Selatan,DKI Jakarta,Jakarta Barat,Kebon Jeruk,Sukabumi Selatan,152.0,179.8,22470000,4930000,3415440000,886414000,4301854000,Ya
ATR002710,3271014110692710,Ruko,HGB,77593/Kelapa Gading Barat,DKI Jakarta,Jakarta Utara,Kelapa Gading,Kelapa Gading Barat,212.9,153.9,28320000,5800000,6029328000,892620000,6921948000,Ya
ATR002711,3671015310972711,Gudang,SHM,23984/Menteng,DKI Jakarta,Jakarta Pusat,Menteng,Menteng,235.7,160.3,53530000,7230000,12617021000,1158969000,13775990000,Ya
ATR002712,3671011405942712,Rumah,HGB,27981/Kelapa Gading Barat,DKI Jakarta,Jakarta Utara,Kelapa Gading,Kelapa Gading Barat,173.6,115.7,27250000,5390000,4730600000,623623000,5354223000,Ya
ATR002713,3174011510022713,Tanah,SHM,17924/Bintara,Jawa Barat,Bekasi,Bekasi Barat,Bintara,133.9,0.0,8550000,4320000,1144845000,0,1144845000,Ya
ATR002714,3172012912682714,Rumah,SHM,38784/Cikini,DKI Jakarta,Jakarta Pusat,Cikini,Cikini,196.2,179.9,43350000,5710000,8505270000,1027229000,9532499000,Ya
ATR002715,3172011706862715,Tanah,SHM,37647/Tebet Timur,DKI Jakarta,Jakarta Selatan,Tebet,Tebet Timur,258.9,0.0,29390000,5850000,7609071000,0,7609071000,Ya
ATR002716,3271016512722716,Rumah,HGB,50295/Duren Tiga,DKI Jakarta,Jakarta Selatan,Pancoran,Duren Tiga,186.2,104.3,34130000,5390000,6355006000,562177000,6917183000,Ya
ATR002717,3171016001902717,Tanah,SHM,70944/Kramat Jati,DKI Jakarta,Jakarta Timur,Kramat Jati,Kramat Jati,286.5,0.0,18250000,4099999,5228625000,0,5228625000,Ya
ATR002718,3174010510842718,Rumah,SHM,58668/Paledang,Jawa Barat,Bogor,Bogor Tengah,Paledang,333.3,314.1,6980000,3010000,2326434000,945441000,3271875000,Ya
ATR002719,3671015003792719,Ruko,SHM,27450/Pluit,DKI Jakarta,Jakarta Utara,Pluit,Pluit,175.5,131.4,30670000,5750000,5382585000,755550000,6138135000,Ya
ATR002720,3671010107742720,Gudang,SHM,96585/Paledang,Jawa Barat,Bogor,Bogor Tengah,Paledang,236.0,149.6,8000000,3270000,1888000000,489192000,2377192000,Ya
ATR002721,3271010306662721,Rumah,HGB,83841/Cikini,DKI Jakarta,Jakarta Pusat,Cikini,Cikini,227.9,273.3,44650000,5120000,10175735000,1399296000,11575031000,Ya
ATR002722,3674015511932722,Rumah,HGB,90291/Mekarjaya,Jawa Barat,Depok,Sukmajaya,Mekarjaya,152.3,80.9,9390000,3990000,1430097000,322791000,1752888000,Ya
ATR002723,3275014803012723,Ruko,HGB,34095/Poris Plawad,Banten,Tangerang,Cipondoh,Poris Plawad,255.3,293.7,8140000,3800000,2078142000,1116060000,3194202000,Ya
ATR002724,3174015409652724,Rumah,HGB,94930/Bintara,Jawa Barat,Bekasi,Bekasi Barat,Bintara,389.0,504.5,7960000,4200000,3096440000,2118900000,5215340000,Ya
ATR002725,3174016301652725,Tanah,SHM,55568/Kelapa Gading Barat,DKI Jakarta,Jakarta Utara,Kelapa Gading,Kelapa Gading Barat,191.8,0.0,25850000,4510000,4958030000,0,4958030000,Ya
ATR002726,3671010208812726,Ruko,HGB,48005/Tebet Timur,DKI Jakarta,Jakarta Selatan,Tebet,Tebet Timur,356.1,238.9,27380000,6230000,9750018000,1488347000,11238365000,Ya
ATR002727,3674016807812727,Rumah,HGB,62806/Margahayu,Jawa Barat,Bekasi,Bekasi Timur,Margahayu,181.8,155.0,8050000,3740000,1463490000,579700000,2043190000,Ya
ATR002728,3674015904722728,Tanah,HGB,76326/Cakung Barat,DKI Jakarta,Jakarta Timur,Cakung,Cakung Barat,213.7,0.0,13140000,4040000,2808018000,0,2808018000,Ya
ATR002729,3671010603652729,Gudang,HGB,24835/Tebet Timur,DKI Jakarta,Jakarta Selatan,Tebet,Tebet Timur,283.7,304.7,28490000,4770000,8082613000,1453419000,9536032000,Ya
ATR002730,3271010903862730,Ruko,HGB,75418/Menteng,DKI Jakarta,Jakarta Pusat,Menteng,Menteng,157.0,114.0,57860000,5560000,9084020000,633840000,9717860000,Ya
ATR002731,3275012007822731,Tanah,HGB,93230/Pluit,DKI Jakarta,Jakarta Utara,Pluit,Pluit,150.2,0.0,25460000,5340000,3824092000,0,3824092000,Ya
ATR002732,3671011511862732,Tanah,SHM,18657/Kramat Jati,DKI Jakarta,Jakarta Timur,Kramat Jati,Kramat Jati,360.7,0.0,15760000,4420000,5684632000,0,5684632000,Ya
ATR002733,3671014702772733,Ruko,HGB,11076/Cikini,DKI Jakarta,Jakarta Pusat,Cikini,Cikini,269.4,197.7,39050000,6370000,10520070000,1259349000,11779419000,Tidak
ATR002734,3671010110792734,Tanah,HGB,84700/Kelapa Gading Barat,DKI Jakarta,Jakarta Utara,Kelapa Gading,Kelapa Gading Barat,363.7,0.0,23820000,5980000,8663334000,0,8663334000,Ya
ATR002735,3671016005902735,Tanah,SHM,37555/Sukabumi Selatan,DKI Jakarta,Jakarta Barat,Kebon Jeruk,Sukabumi Selatan,69.4,0.0,24140000,4550000,1675316000,0,1675316000,Ya
ATR002736,3172012402912736,Tanah,HGB,40447/Bojong Jaya,Banten,Tangerang,Karawaci,Bojong Jaya,140.6,0.0,8800000,3850000,1237280000,0,1237280000,Ya
ATR002737,3276015501912737,Tanah,SHM,66541/Cakung Barat,DKI Jakarta,Jakarta Timur,Cakung,Cakung Barat,140.8,0.0,12010000,4510000,1691008000,0,1691008000,Ya
ATR002738,3275012910712738,Ruko,HGB,50291/Margahayu,Jawa Barat,Bekasi,Bekasi Timur,Margahayu,169.9,218.5,8500000,3130000,1444150000,683905000,2128055000,Ya
ATR002739,3275017112952739,Gudang,HGB,86312/Kelapa Gading Barat,DKI Jakarta,Jakarta Utara,Kelapa Gading,Kelapa Gading Barat,117.3,127.0,22630000,5220000,2654499000,662940000,3317439000,Ya
ATR002740,3271014204772740,Tanah,SHM,24680/Paledang,Jawa Barat,Bogor,Bogor Tengah,Paledang,373.1,0.0,6670000,3820000,2488577000,0,2488577000,Tidak
ATR002741,3171010408692741,Ruko,HGB,18905/Rawa Buntu,Jawa Barat,Tangerang Selatan,Serpong,Rawa Buntu,62.1,54.1,10290000,4490000,639009000,242909000,881918000,Ya
ATR002742,3175011309822742,Tanah,HGB,81454/Menteng,DKI Jakarta,Jakarta Pusat,Menteng,Menteng,85.5,0.0,48570000,6270000,4152735000,0,4152735000,Tidak
ATR002743,3276010511752743,Tanah,SHM,35854/Mekarjaya,Jawa Barat,Depok,Sukmajaya,Mekarjaya,295.6,0.0,9440000,3460000,2790464000,0,2790464000,Ya
ATR002744,3671011309932744,Tanah,HGB,77604/Paledang,Jawa Barat,Bogor,Bogor Tengah,Paledang,391.3,0.0,5990000,3860000,2343887000,0,2343887000,Ya
ATR002745,3174015802852745,Tanah,HGB,49508/Margahayu,Jawa Barat,Bekasi,Bekasi Timur,Margahayu,63.4,0.0,8450000,4120000,535730000,0,535730000,Tidak
ATR002746,3172016201972746,Tanah,SHM,49627/Cikini,DKI Jakarta,Jakarta Pusat,Cikini,Cikini,114.7,0.0,36170000,6120000,4148699000,0,4148699000,Ya
ATR002747,3276015708912747,Ruko,HGB,59325/Pluit,DKI Jakarta,Jakarta Utara,Pluit,Pluit,311.4,200.8,30720000,5520000,9566208000,1108416000,10674624000,Ya
ATR002748,3172011211902748,Ruko,HGB,19068/Poris Plawad,Banten,Tangerang,Cipondoh,Poris Plawad,243.6,202.5,8570000,3480000,2087652000,704700000,2792352000,Ya
ATR002749,3175010702732749,Rumah,HGB,55402/Cengkareng Barat,DKI Jakarta,Jakarta Barat,Cengkareng,Cengkareng Barat,384.1,399.6,16230000,3570000,6233943000,1426572000,7660515000,Ya
ATR002750,3671013107952750,Rumah,SHM,56789/Tebet Timur,DKI Jakarta,Jakarta Selatan,Tebet,Tebet Timur,128.3,83.2,25940000,5180000,3328102000,430976000,3759078000,Ya
ATR002751,3275012703872751,Ruko,SHM,75237/Mekarjaya,Jawa Barat,Depok,Sukmajaya,Mekarjaya,203.0,117.6,7330000,3790000,1487990000,445704000,1933694000,Ya
ATR002752,3674012008872752,Rumah,HGB,46581/Rawa Buntu,Jawa Barat,Tangerang Selatan,Serpong,Rawa Buntu,211.0,212.6,13180000,3910000,2780980000,831266000,3612246000,Ya
ATR002753,3271015003982753,Tanah,HGB,44136/Gunung,DKI Jakarta,Jakarta Selatan,Kebayoran Baru,Gunung,384.2,0.0,49580000,5870000,19048636000,0,19048636000,Ya
ATR002754,3671012006922754,Ruko,SHM,46199/Rawa Buntu,Jawa Barat,Tangerang Selatan,Serpong,Rawa Buntu,120.2,114.0,13730000,4019999,1650346000,458280000,2108626000,Ya
ATR002755,3671010103662755,Gudang,HGB,89617/Kelapa Gading Barat,DKI Jakarta,Jakarta Utara,Kelapa Gading,Kelapa Gading Barat,198.5,257.9,25590000,4490000,5079615000,1157971000,6237586000,Ya
ATR002756,3175014412972756,Rumah,HGB,16836/Cakung Barat,DKI Jakarta,Jakarta Timur,Cakung,Cakung Barat,153.4,80.7,13160000,3730000,2018744000,301011000,2319755000,Ya
ATR002757,3671017010022757,Rumah,HGB,70101/Kelapa Gading Barat,DKI Jakarta,Jakarta Utara,Kelapa Gading,Kelapa Gading Barat,158.0,103.6,28550000,4980000,4510900000,515928000,5026828000,Ya
ATR002758,3275011907002758,Tanah,SHM,63361/Menteng,DKI Jakarta,Jakarta Pusat,Menteng,Menteng,267.4,0.0,56000000,7310000,14974400000,0,14974400000,Ya
ATR002759,3674011512752759,Rumah,HGB,67741/Duren Tiga,DKI Jakarta,Jakarta Selatan,Pancoran,Duren Tiga,197.3,234.8,27130000,5570000,5352749000,1307836000,6660585000,Tidak
ATR002760,3173014211972760,Rumah,HGB,70771/Sukabumi Selatan,DKI Jakarta,Jakarta Barat,Kebon Jeruk,Sukabumi Selatan,272.6,314.5,23010000,5510000,6272526000,1732895000,8005421000,Tidak
ATR002761,3271011807892761,Ruko,HGB,77879/Kelapa Gading Barat,DKI Jakarta,Jakarta Utara,Kelapa Gading,Kelapa Gading Barat,152.8,97.1,24880000,5510000,3801664000,535021000,4336685000,Ya
ATR002762,3275016705892762,Rumah,SHM,70661/Kelapa Gading Barat,DKI Jakarta,Jakarta Utara,Kelapa Gading,Kelapa Gading Barat,61.4,47.5,28520000,5500000,1751128000,261250000,2012378000,Ya
ATR002763,3671017003732763,Ruko,SHM,94176/Sukabumi Selatan,DKI Jakarta,Jakarta Barat,Kebon Jeruk,Sukabumi Selatan,125.5,98.5,19820000,4410000,2487410000,434385000,2921795000,Ya
ATR002764,3671011910942764,Ruko,SHM,51634/Menteng,DKI Jakarta,Jakarta Pusat,Menteng,Menteng,399.2,252.0,47650000,6170000,19021880000,1554840000,20576720000,Ya
ATR002765,3174010602012765,Rumah,HGB,25847/Kemiri Muka,Jawa Barat,Depok,Beji,Kemiri Muka,129.6,96.1,9100000,4110000,1179360000,394971000,1574331000,Ya
ATR002766,3271012512792766,Ruko,HGB,92296/Cakung Barat,DKI Jakarta,Jakarta Timur,Cakung,Cakung Barat,275.9,223.4,13470000,4560000,3716373000,1018704000,4735077000,Ya
ATR002767,3674010811702767,Rumah,HGB,88272/Bintara,Jawa Barat,Bekasi,Bekasi Barat,Bintara,135.8,125.0,7900000,3730000,1072820000,466250000,1539070000,Ya
ATR002768,3671016408812768,Ruko,SHM,70330/Mekarjaya,Jawa Barat,Depok,Sukmajaya,Mekarjaya,237.5,181.6,8610000,4099999,2044875000,744560000,2789435000,Ya
ATR002769,3671011511662769,Rumah,HGB,94139/Gunung,DKI Jakarta,Jakarta Selatan,Kebayoran Baru,Gunung,282.6,151.1,39150000,6090000,11063790000,920199000,11983989000,Ya
ATR002770,3671015411872770,Ruko,HGB,54222/Gunung,DKI Jakarta,Jakarta Selatan,Kebayoran Baru,Gunung,67.6,43.1,45880000,6370000,3101488000,274547000,3376035000,Ya
ATR002771,3271016708972771,Tanah,SHM,19337/Cakung Barat,DKI Jakarta,Jakarta Timur,Cakung,Cakung Barat,287.2,0.0,10860000,4139999,3118992000,0,3118992000,Ya
ATR002772,3671011209752772,Tanah,HGB,23674/Paledang,Jawa Barat,Bogor,Bogor Tengah,Paledang,282.3,0.0,8039999,3850000,2269692000,0,2269692000,Ya
ATR002773,3275010104952773,Rumah,HGB,87037/Cikini,DKI Jakarta,Jakarta Pusat,Cikini,Cikini,361.0,199.7,45440000,5610000,16403840000,1120317000,17524157000,Ya
ATR002774,3275011006992774,Tanah,SHM,85327/Kramat Jati,DKI Jakarta,Jakarta Timur,Kramat Jati,Kramat Jati,91.2,0.0,15910000,4810000,1450992000,0,1450992000,Tidak
ATR002775,3271016611982775,Rumah,HGB,26669/Bojong Jaya,Banten,Tangerang,Karawaci,Bojong Jaya,267.7,287.2,9710000,3340000,2599367000,959248000,3558615000,Ya
ATR002776,3671016611932776,Tanah,HGB,54817/Cengkareng Barat,DKI Jakarta,Jakarta Barat,Cengkareng,Cengkareng Barat,60.6,0.0,15280000,3870000,925968000,0,925968000,Ya
ATR002777,3671014803872777,Rumah,SHM,75282/Kramat Jati,DKI Jakarta,Jakarta Timur,Kramat Jati,Kramat Jati,121.0,72.6,20240000,4010000,2449040000,291126000,2740166000,Ya
ATR002778,3175014204692778,Rumah,HGB,66501/Paledang,Jawa Barat,Bogor,Bogor Tengah,Paledang,261.7,244.6,6160000,3220000,1612072000,787612000,2399684000,Ya
ATR002779,3276015007992779,Tanah,HGB,50374/Pluit,DKI Jakarta,Jakarta Utara,Pluit,Pluit,194.5,0.0,24480000,5400000,4761360000,0,4761360000,Ya
ATR002780,3674010512992780,Ruko,HGB,38315/Cikini,DKI Jakarta,Jakarta Pusat,Cikini,Cikini,240.9,204.1,38650000,6620000,9310785000,1351142000,10661927000,Ya
ATR002781,3173015712752781,Rumah,SHM,30175/Mekarjaya,Jawa Barat,Depok,Sukmajaya,Mekarjaya,309.6,342.4,8289999,3380000,2566584000,1157312000,3723896000,Ya
ATR002782,3175011910002782,Tanah,SHM,46071/Tebet Timur,DKI Jakarta,Jakarta Selatan,Tebet,Tebet Timur,91.7,0.0,24190000,4860000,2218223000,0,2218223000,Ya
ATR002783,3275016109692783,Tanah,HGB,84820/Duren Tiga,DKI Jakarta,Jakarta Selatan,Pancoran,Duren Tiga,231.4,0.0,33140000,5060000,7668596000,0,7668596000,Ya
ATR002784,3674010208012784,Tanah,SHM,59281/Margahayu,Jawa Barat,Bekasi,Bekasi Timur,Margahayu,384.7,0.0,9100000,3960000,3500770000,0,3500770000,Ya
ATR002785,3175015011752785,Tanah,SHM,99989/Pluit,DKI Jakarta,Jakarta Utara,Pluit,Pluit,84.7,0.0,27560000,5390000,2334332000,0,2334332000,Ya
ATR002786,3276015601822786,Ruko,HGB,64968/Menteng,DKI Jakarta,Jakarta Pusat,Menteng,Menteng,398.6,361.3,52450000,5890000,20906570000,2128057000,23034627000,Ya
ATR002787,3174016107912787,Ruko,HGB,40392/Gunung,DKI Jakarta,Jakarta Selatan,Kebayoran Baru,Gunung,233.1,220.1,49390000,6010000,11512809000,1322801000,12835610000,Ya
ATR002788,3174014403002788,Tanah,SHM,17201/Mekarjaya,Jawa Barat,Depok,Sukmajaya,Mekarjaya,273.5,0.0,9370000,3220000,2562695000,0,2562695000,Ya
ATR002789,3671015408012789,Tanah,SHM,25363/Poris Plawad,Banten,Tangerang,Cipondoh,Poris Plawad,289.5,0.0,6760000,3080000,1957020000,0,1957020000,Ya
ATR002790,3271015202772790,Rumah,SHM,33510/Poris Plawad,Banten,Tangerang,Cipondoh,Poris Plawad,71.0,61.8,7080000,3570000,502680000,220626000,723306000,Ya
ATR002791,3276015604972791,Rumah,SHM,65374/Gunung,DKI Jakarta,Jakarta Selatan,Kebayoran Baru,Gunung,182.5,153.6,51510000,6510000,9400575000,999936000,10400511000,Ya
ATR002792,3671011108912792,Tanah,HGB,92361/Bintara,Jawa Barat,Bekasi,Bekasi Barat,Bintara,209.2,0.0,8279999,3700000,1732176000,0,1732176000,Ya
ATR002793,3275016004872793,Ruko,HGB,80911/Menteng,DKI Jakarta,Jakarta Pusat,Menteng,Menteng,97.2,69.6,47520000,6370000,4618944000,443352000,5062296000,Ya
ATR002794,3671010102872794,Rumah,HGB,26594/Rawa Buntu,Jawa Barat,Tangerang Selatan,Serpong,Rawa Buntu,68.4,71.2,13560000,3680000,927504000,262016000,1189520000,Ya
ATR002795,3275011103672795,Rumah,HGB,19462/Cakung Barat,DKI Jakarta,Jakarta Timur,Cakung,Cakung Barat,391.5,497.1,11050000,3520000,4326075000,1749792000,6075867000,Ya
ATR002796,3271010203012796,Gudang,SHM,14357/Menteng,DKI Jakarta,Jakarta Pusat,Menteng,Menteng,298.7,322.8,57870000,6180000,17285769000,1994904000,19280673000,Ya
ATR002797,3171015106702797,Tanah,HGB,74444/Kramat Jati,DKI Jakarta,Jakarta Timur,Kramat Jati,Kramat Jati,257.5,0.0,17910000,4810000,4611825000,0,4611825000,Ya
ATR002798,3275016309902798,Ruko,HGB,17664/Margahayu,Jawa Barat,Bekasi,Bekasi Timur,Margahayu,175.1,128.7,7310000,3350000,1279981000,431145000,1711126000,Ya
ATR002799,3173012304782799,Tanah,SHM,22660/Kemiri Muka,Jawa Barat,Depok,Beji,Kemiri Muka,177.9,0.0,8610000,3440000,1531719000,0,1531719000,Ya
ATR002800,3671017012762800,Tanah,HGB,51293/Bintara,Jawa Barat,Bekasi,Bekasi Barat,Bintara,170.7,0.0,9450000,4050000,1613115000,0,1613115000,Ya
ATR002801,3671012607902801,Ruko,HGB,87364/Menteng,DKI Jakarta,Jakarta Pusat,Menteng,Menteng,386.0,199.6,58940000,7390000,22750840000,1475044000,24225884000,Ya
ATR002802,3171015502852802,Ruko,HGB,13599/Kramat Jati,DKI Jakarta,Jakarta Timur,Kramat Jati,Kramat Jati,117.1,89.2,16230000,4640000,1900533000,413888000,2314421000,Ya
ATR002803,3671012301662803,Rumah,HGB,40717/Pluit,DKI Jakarta,Jakarta Utara,Pluit,Pluit,167.8,156.3,28550000,5170000,4790690000,808071000,5598761000,Ya
ATR002804,3671016005992804,Gudang,SHM,45452/Duren Tiga,DKI Jakarta,Jakarta Selatan,Pancoran,Duren Tiga,322.3,177.8,31090000,5060000,10020307000,899668000,10919975000,Ya
ATR002805,3276012208872805,Tanah,HGB,16117/Kramat Jati,DKI Jakarta,Jakarta Timur,Kramat Jati,Kramat Jati,385.3,0.0,20050000,4370000,7725265000,0,7725265000,Ya
ATR002806,3671012006952806,Tanah,SHM,69694/Kelapa Gading Barat,DKI Jakarta,Jakarta Utara,Kelapa Gading,Kelapa Gading Barat,139.7,0.0,25240000,4600000,3526028000,0,3526028000,Ya
ATR002807,3171015301932807,Tanah,SHM,83578/Mekarjaya,Jawa Barat,Depok,Sukmajaya,Mekarjaya,60.5,0.0,8050000,3300000,487025000,0,487025000,Tidak
ATR002808,3671015307992808,Rumah,HGB,76409/Mekarjaya,Jawa Barat,Depok,Sukmajaya,Mekarjaya,307.3,239.6,7460000,3620000,2292458000,867352000,3159810000,Ya
ATR002809,3174016007762809,Tanah,HGB,73784/Poris Plawad,Banten,Tangerang,Cipondoh,Poris Plawad,242.4,0.0,8250000,3520000,1999800000,0,1999800000,Ya
ATR002810,3175016812802810,Tanah,HGB,14322/Kelapa Gading Barat,DKI Jakarta,Jakarta Utara,Kelapa Gading,Kelapa Gading Barat,244.0,0.0,28200000,5870000,6880800000,0,6880800000,Ya
ATR002811,3174010411942811,Rumah,HGB,94036/Duren Tiga,DKI Jakarta,Jakarta Selatan,Pancoran,Duren Tiga,164.0,142.3,27180000,5720000,4457520000,813956000,5271476000,Ya
ATR002812,3276010605772812,Ruko,HGB,37974/Paledang,Jawa Barat,Bogor,Bogor Tengah,Paledang,95.1,62.6,6960000,3800000,661896000,237880000,899776000,Ya
ATR002813,3671016807882813,Ruko,SHM,25477/Rawa Buntu,Jawa Barat,Tangerang Selatan,Serpong,Rawa Buntu,291.7,225.0,12260000,3940000,3576242000,886500000,4462742000,Ya
ATR002814,3671013110682814,Tanah,SHM,14336/Menteng,DKI Jakarta,Jakarta Pusat,Menteng,Menteng,77.2,0.0,54890000,6100000,4237508000,0,4237508000,Ya
ATR002815,3171015107752815,Tanah,SHM,37246/Bintara,Jawa Barat,Bekasi,Bekasi Barat,Bintara,386.7,0.0,8140000,3580000,3147738000,0,3147738000,Ya
ATR002816,3171014407722816,Tanah,SHM,29391/Rawa Buntu,Jawa Barat,Tangerang Selatan,Serpong,Rawa Buntu,353.4,0.0,11700000,4290000,4134780000,0,4134780000,Ya
ATR002817,3171010409002817,Rumah,HGB,15798/Cakung Barat,DKI Jakarta,Jakarta Timur,Cakung,Cakung Barat,165.4,134.7,11480000,4400000,1898792000,592680000,2491472000,Ya
ATR002818,3671016407792818,Rumah,SHM,62105/Cengkareng Barat,DKI Jakarta,Jakarta Barat,Cengkareng,Cengkareng Barat,164.9,172.1,16309999,4120000,2689519000,709052000,3398571000,Ya
ATR002819,3671016311722819,Ruko,HGB,46524/Sukabumi Selatan,DKI Jakarta,Jakarta Barat,Kebon Jeruk,Sukabumi Selatan,127.2,107.4,22010000,5600000,2799672000,601440000,3401112000,Ya
ATR002820,3671014312772820,Ruko,HGB,81943/Bojong Jaya,Banten,Tangerang,Karawaci,Bojong Jaya,355.1,360.6,7700000,3840000,2734270000,1384704000,4118974000,Ya
ATR002821,3174014511862821,Rumah,HGB,24371/Cengkareng Barat,DKI Jakarta,Jakarta Barat,Cengkareng,Cengkareng Barat,399.1,478.2,15030000,3890000,5998473000,1860198000,7858671000,Ya
ATR002822,3674014307762822,Rumah,HGB,58028/Kramat Jati,DKI Jakarta,Jakarta Timur,Kramat Jati,Kramat Jati,181.1,144.5,17020000,4660000,3082322000,673370000,3755692000,Ya
ATR002823,3671015609982823,Ruko,SHM,71221/Pluit,DKI Jakarta,Jakarta Utara,Pluit,Pluit,347.6,399.7,26810000,5860000,9319156000,2342242000,11661398000,Ya
ATR002824,3276015904942824,Tanah,HGB,17299/Poris Plawad,Banten,Tangerang,Cipondoh,Poris Plawad,66.0,0.0,7770000,3360000,512820000,0,512820000,Ya
ATR002825,3173016103982825,Tanah,HGB,97862/Cikini,DKI Jakarta,Jakarta Pusat,Cikini,Cikini,365.8,0.0,45640000,6240000,16695112000,0,16695112000,Ya
ATR002826,3275016308862826,Tanah,HGB,90302/Margahayu,Jawa Barat,Bekasi,Bekasi Timur,Margahayu,88.5,0.0,7190000,3850000,636315000,0,636315000,Ya
ATR002827,3671015412982827,Rumah,HGB,19549/Gunung,DKI Jakarta,Jakarta Selatan,Kebayoran Baru,Gunung,211.6,158.0,46450000,5430000,9828820000,857940000,10686760000,Ya
ATR002828,3674011304732828,Tanah,HGB,96769/Gunung,DKI Jakarta,Jakarta Selatan,Kebayoran Baru,Gunung,119.1,0.0,39110000,5690000,4658001000,0,4658001000,Ya
ATR002829,3175012302732829,Rumah,SHM,86939/Bintara,Jawa Barat,Bekasi,Bekasi Barat,Bintara,362.3,197.1,8130000,3860000,2945499000,760806000,3706305000,Ya
ATR002830,3671014904832830,Ruko,HGB,36005/Gunung,DKI Jakarta,Jakarta Selatan,Kebayoran Baru,Gunung,75.6,38.2,51590000,6290000,3900204000,240278000,4140482000,Ya
ATR002831,3172015702882831,Rumah,SHM,31883/Paledang,Jawa Barat,Bogor,Bogor Tengah,Paledang,219.9,156.8,6670000,3550000,1466733000,556640000,2023373000,Ya
ATR002832,3275015202662832,Rumah,SHM,53273/Kemiri Muka,Jawa Barat,Depok,Beji,Kemiri Muka,122.6,143.7,8860000,3480000,1086236000,500076000,1586312000,Ya
ATR002833,3671012309972833,Tanah,HGB,32069/Tebet Timur,DKI Jakarta,Jakarta Selatan,Tebet,Tebet Timur,107.9,0.0,31510000,5430000,3399929000,0,3399929000,Ya
ATR002834,3674011305732834,Gudang,SHM,45943/Sukabumi Selatan,DKI Jakarta,Jakarta Barat,Kebon Jeruk,Sukabumi Selatan,386.3,464.8,23680000,5650000,9147584000,2626120000,11773704000,Ya
ATR002835,3674016106702835,Ruko,HGB,62064/Margahayu,Jawa Barat,Bekasi,Bekasi Timur,Margahayu,344.4,362.3,8890000,3920000,3061716000,1420216000,4481932000,Ya
ATR002836,3174017103762836,Rumah,HGB,21327/Tebet Timur,DKI Jakarta,Jakarta Selatan,Tebet,Tebet Timur,323.3,229.5,26560000,4850000,8586848000,1113075000,9699923000,Ya
ATR002837,3171011203742837,Ruko,SHM,63031/Duren Tiga,DKI Jakarta,Jakarta Selatan,Pancoran,Duren Tiga,158.9,145.6,29020000,6260000,4611278000,911456000,5522734000,Ya
ATR002838,3171011908032838,Ruko,SHM,33061/Pluit,DKI Jakarta,Jakarta Utara,Pluit,Pluit,324.7,384.6,26480000,5110000,8598056000,1965306000,10563362000,Ya
ATR002839,3671015512692839,Ruko,HGB,89325/Kramat Jati,DKI Jakarta,Jakarta Timur,Kramat Jati,Kramat Jati,370.4,408.9,16530000,5020000,6122712000,2052678000,8175390000,Ya
ATR002840,3271011608812840,Ruko,SHM,74406/Duren Tiga,DKI Jakarta,Jakarta Selatan,Pancoran,Duren Tiga,255.9,298.2,27200000,5970000,6960480000,1780254000,8740734000,Ya
ATR002841,3674014702672841,Rumah,SHM,55565/Rawa Buntu,Jawa Barat,Tangerang Selatan,Serpong,Rawa Buntu,363.7,231.9,11710000,4400000,4258927000,1020360000,5279287000,Ya
ATR002842,3174015001872842,Ruko,SHM,86247/Kramat Jati,DKI Jakarta,Jakarta Timur,Kramat Jati,Kramat Jati,98.1,126.8,16810000,5140000,1649061000,651752000,2300813000,Ya
ATR002843,3271011205712843,Rumah,HGB,28299/Duren Tiga,DKI Jakarta,Jakarta Selatan,Pancoran,Duren Tiga,182.8,201.5,31420000,5630000,5743576000,1134445000,6878021000,Ya
ATR002844,3276011312932844,Tanah,SHM,55632/Cikini,DKI Jakarta,Jakarta Pusat,Cikini,Cikini,346.8,0.0,36820000,5900000,12769176000,0,12769176000,Ya
ATR002845,3172014609662845,Rumah,SHM,82346/Sukabumi Selatan,DKI Jakarta,Jakarta Barat,Kebon Jeruk,Sukabumi Selatan,262.6,183.9,20900000,4960000,5488340000,912144000,6400484000,Ya
ATR002846,3174011001702846,Rumah,HGB,61152/Mekarjaya,Jawa Barat,Depok,Sukmajaya,Mekarjaya,91.3,95.8,8320000,3990000,759616000,382242000,1141858000,Ya
ATR002847,3271016712702847,Rumah,HGB,99081/Duren Tiga,DKI Jakarta,Jakarta Selatan,Pancoran,Duren Tiga,62.8,62.4,26340000,5960000,1654152000,371904000,2026056000,Tidak
ATR002848,3271011707802848,Tanah,HGB,57715/Paledang,Jawa Barat,Bogor,Bogor Tengah,Paledang,240.6,0.0,7380000,3130000,1775628000,0,1775628000,Ya
ATR002849,3671016109792849,Ruko,SHM,67147/Rawa Buntu,Jawa Barat,Tangerang Selatan,Serpong,Rawa Buntu,351.1,222.6,11160000,3930000,3918276000,874818000,4793094000,Ya
ATR002850,3173016304942850,Tanah,SHM,40788/Kemiri Muka,Jawa Barat,Depok,Beji,Kemiri Muka,187.8,0.0,11280000,3340000,2118384000,0,2118384000,Ya
ATR002851,3671014706932851,Tanah,SHM,35494/Kelapa Gading Barat,DKI Jakarta,Jakarta Utara,Kelapa Gading,Kelapa Gading Barat,301.0,0.0,22940000,5440000,6904940000,0,6904940000,Ya
ATR002852,3275010810862852,Rumah,HGB,93297/Paledang,Jawa Barat,Bogor,Bogor Tengah,Paledang,79.0,47.1,7900000,3450000,624100000,162495000,786595000,Ya
ATR002853,3671016806952853,Rumah,SHM,60995/Menteng,DKI Jakarta,Jakarta Pusat,Menteng,Menteng,173.1,168.6,54920000,7370000,9506652000,1242582000,10749234000,Ya
ATR002854,3671013108902854,Rumah,HGB,94469/Kemiri Muka,Jawa Barat,Depok,Beji,Kemiri Muka,308.4,165.6,10150000,3760000,3130260000,622656000,3752916000,Ya
ATR002855,3174015803692855,Tanah,SHM,73088/Rawa Buntu,Jawa Barat,Tangerang Selatan,Serpong,Rawa Buntu,147.5,0.0,11170000,3890000,1647575000,0,1647575000,Ya
ATR002856,3276012910972856,Rumah,HGB,41271/Poris Plawad,Banten,Tangerang,Cipondoh,Poris Plawad,103.9,123.2,7630000,3770000,792757000,464464000,1257221000,Ya
ATR002857,3271011205032857,Tanah,SHM,28759/Gunung,DKI Jakarta,Jakarta Selatan,Kebayoran Baru,Gunung,155.9,0.0,45640000,5250000,7115276000,0,7115276000,Ya
ATR002858,3173012407772858,Gudang,SHM,90728/Paledang,Jawa Barat,Bogor,Bogor Tengah,Paledang,197.4,160.9,6590000,3360000,1300866000,540624000,1841490000,Ya
ATR002859,3275012407782859,Ruko,SHM,46819/Cakung Barat,DKI Jakarta,Jakarta Timur,Cakung,Cakung Barat,187.4,213.6,13200000,3770000,2473680000,805272000,3278952000,Ya
ATR002860,3671011910702860,Ruko,SHM,83441/Paledang,Jawa Barat,Bogor,Bogor Tengah,Paledang,357.1,193.6,7820000,3110000,2792522000,602096000,3394618000,Ya
ATR002861,3173014501812861,Tanah,SHM,69323/Gunung,DKI Jakarta,Jakarta Selatan,Kebayoran Baru,Gunung,258.1,0.0,45710000,6650000,11797751000,0,11797751000,Ya
ATR002862,3674012909692862,Rumah,SHM,38301/Duren Tiga,DKI Jakarta,Jakarta Selatan,Pancoran,Duren Tiga,178.0,165.6,32799999,5030000,5838400000,832968000,6671368000,Ya
ATR002863,3174014507802863,Rumah,SHM,75381/Paledang,Jawa Barat,Bogor,Bogor Tengah,Paledang,195.9,127.6,7540000,2980000,1477086000,380248000,1857334000,Ya
ATR002864,3671015508872864,Tanah,SHM,92688/Poris Plawad,Banten,Tangerang,Cipondoh,Poris Plawad,81.7,0.0,7180000,3500000,586606000,0,586606000,Ya
ATR002865,3171010803852865,Ruko,HGB,84786/Cikini,DKI Jakarta,Jakarta Pusat,Cikini,Cikini,197.6,166.6,36720000,5920000,7255872000,986272000,8242144000,Tidak
ATR002866,3175016312002866,Rumah,HGB,64602/Pluit,DKI Jakarta,Jakarta Utara,Pluit,Pluit,349.2,215.2,23190000,5990000,8097948000,1289048000,9386996000,Ya
ATR002867,3174014303972867,Ruko,SHM,61802/Cikini,DKI Jakarta,Jakarta Pusat,Cikini,Cikini,242.9,273.2,37780000,5970000,9176762000,1631004000,10807766000,Tidak
ATR002868,3671016205912868,Ruko,SHM,28521/Poris Plawad,Banten,Tangerang,Cipondoh,Poris Plawad,288.5,179.7,6670000,3100000,1924295000,557070000,2481365000,Ya
ATR002869,3276012604792869,Tanah,HGB,32788/Kelapa Gading Barat,DKI Jakarta,Jakarta Utara,Kelapa Gading,Kelapa Gading Barat,160.4,0.0,21410000,5890000,3434164000,0,3434164000,Ya
ATR002870,3171013003892870,Tanah,HGB,90179/Rawa Buntu,Jawa Barat,Tangerang Selatan,Serpong,Rawa Buntu,63.2,0.0,11050000,3680000,698360000,0,698360000,Ya
ATR002871,3674011412932871,Tanah,HGB,19870/Rawa Buntu,Jawa Barat,Tangerang Selatan,Serpong,Rawa Buntu,372.9,0.0,13370000,3950000,4985673000,0,4985673000,Ya
ATR002872,3671017009852872,Tanah,SHM,88616/Rawa Buntu,Jawa Barat,Tangerang Selatan,Serpong,Rawa Buntu,248.7,0.0,11080000,3460000,2755596000,0,2755596000,Ya
ATR002873,3671016105032873,Ruko,SHM,44442/Bojong Jaya,Banten,Tangerang,Karawaci,Bojong Jaya,123.5,81.4,8930000,3590000,1102855000,292226000,1395081000,Ya
ATR002874,3276012501792874,Ruko,SHM,61647/Tebet Timur,DKI Jakarta,Jakarta Selatan,Tebet,Tebet Timur,110.3,88.5,29540000,5050000,3258262000,446925000,3705187000,Ya
ATR002875,3674014509792875,Rumah,HGB,49601/Kramat Jati,DKI Jakarta,Jakarta Timur,Kramat Jati,Kramat Jati,249.5,302.1,17060000,4010000,4256470000,1211421000,5467891000,Ya
ATR002876,3271012102882876,Ruko,SHM,73426/Pluit,DKI Jakarta,Jakarta Utara,Pluit,Pluit,313.9,184.5,26390000,4530000,8283821000,835785000,9119606000,Ya
ATR002877,3271011307862877,Ruko,SHM,61079/Bintara,Jawa Barat,Bekasi,Bekasi Barat,Bintara,224.2,165.6,9930000,3920000,2226306000,649152000,2875458000,Ya
ATR002878,3276011004842878,Tanah,SHM,73487/Paledang,Jawa Barat,Bogor,Bogor Tengah,Paledang,198.7,0.0,6990000,2930000,1388913000,0,1388913000,Ya
ATR002879,3171012606912879,Tanah,SHM,23357/Kramat Jati,DKI Jakarta,Jakarta Timur,Kramat Jati,Kramat Jati,399.4,0.0,16280000,3990000,6502232000,0,6502232000,Ya
ATR002880,3172011408932880,Gudang,SHM,29137/Pluit,DKI Jakarta,Jakarta Utara,Pluit,Pluit,284.7,293.0,29820000,5700000,8489754000,1670100000,10159854000,Ya
ATR002881,3671012111732881,Tanah,SHM,61426/Pluit,DKI Jakarta,Jakarta Utara,Pluit,Pluit,268.4,0.0,28530000,5320000,7657452000,0,7657452000,Ya
ATR002882,3671010912782882,Tanah,SHM,84278/Poris Plawad,Banten,Tangerang,Cipondoh,Poris Plawad,279.3,0.0,7630000,3550000,2131059000,0,2131059000,Ya
ATR002883,3172014606932883,Rumah,SHM,21186/Mekarjaya,Jawa Barat,Depok,Sukmajaya,Mekarjaya,304.5,308.8,8550000,3800000,2603475000,1173440000,3776915000,Ya
ATR002884,3276012912792884,Rumah,SHM,65323/Margahayu,Jawa Barat,Bekasi,Bekasi Timur,Margahayu,142.2,71.3,8140000,3700000,1157508000,263810000,1421318000,Tidak
ATR002885,3175010302852885,Rumah,SHM,48819/Tebet Timur,DKI Jakarta,Jakarta Selatan,Tebet,Tebet Timur,182.9,149.1,25500000,4790000,4663950000,714189000,5378139000,Ya
ATR002886,3671016112852886,Ruko,SHM,39456/Poris Plawad,Banten,Tangerang,Cipondoh,Poris Plawad,144.9,143.0,7920000,3370000,1147608000,481910000,1629518000,Ya
ATR002887,3674012511682887,Ruko,HGB,10609/Cakung Barat,DKI Jakarta,Jakarta Timur,Cakung,Cakung Barat,210.9,153.5,13430000,4430000,2832387000,680005000,3512392000,Ya
ATR002888,3671010811652888,Ruko,HGB,29521/Pluit,DKI Jakarta,Jakarta Utara,Pluit,Pluit,68.8,39.4,25270000,6050000,1738576000,238370000,1976946000,Ya
ATR002889,3175014204772889,Rumah,HGB,72770/Poris Plawad,Banten,Tangerang,Cipondoh,Poris Plawad,186.9,226.3,7390000,3210000,1381191000,726423000,2107614000,Tidak
ATR002890,3671010601772890,Gudang,SHM,77113/Duren Tiga,DKI Jakarta,Jakarta Selatan,Pancoran,Duren Tiga,348.8,409.8,30110000,5980000,10502368000,2450604000,12952972000,Ya
ATR002891,3671010503722891,Tanah,SHM,96291/Duren Tiga,DKI Jakarta,Jakarta Selatan,Pancoran,Duren Tiga,254.9,0.0,34350000,5160000,8755815000,0,8755815000,Ya
ATR002892,3175012510712892,Rumah,SHM,85150/Tebet Timur,DKI Jakarta,Jakarta Selatan,Tebet,Tebet Timur,226.8,120.6,30210000,4950000,6851628000,596970000,7448598000,Ya
ATR002893,3174011407722893,Ruko,SHM,80429/Menteng,DKI Jakarta,Jakarta Pusat,Menteng,Menteng,89.1,112.0,51560000,5970000,4593996000,668640000,5262636000,Ya
ATR002894,3275011801032894,Gudang,HGB,57834/Cengkareng Barat,DKI Jakarta,Jakarta Barat,Cengkareng,Cengkareng Barat,381.6,408.1,17160000,4200000,6548256000,1714020000,8262276000,Ya
ATR002895,3671010806942895,Ruko,SHM,66705/Gunung,DKI Jakarta,Jakarta Selatan,Kebayoran Baru,Gunung,97.4,92.3,41580000,6860000,4049892000,633178000,4683070000,Ya
ATR002896,3275016009812896,Ruko,HGB,18303/Poris Plawad,Banten,Tangerang,Cipondoh,Poris Plawad,200.4,124.5,8140000,3010000,1631256000,374745000,2006001000,Ya
ATR002897,3172011404852897,Rumah,HGB,95040/Margahayu,Jawa Barat,Bekasi,Bekasi Timur,Margahayu,131.9,124.7,8690000,3400000,1146211000,423980000,1570191000,Ya
ATR002898,3671011708032898,Rumah,SHM,88242/Bintara,Jawa Barat,Bekasi,Bekasi Barat,Bintara,217.9,239.4,8250000,3480000,1797675000,833112000,2630787000,Tidak
ATR002899,3174016210812899,Gudang,HGB,86716/Margahayu,Jawa Barat,Bekasi,Bekasi Timur,Margahayu,384.4,496.8,8740000,3260000,3359656000,1619568000,4979224000,Ya
ATR002900,3276011103812900,Rumah,SHM,28076/Mekarjaya,Jawa Barat,Depok,Sukmajaya,Mekarjaya,175.7,132.6,9660000,3910000,1697262000,518466000,2215728000,Ya
ATR002901,3671014606722901,Rumah,HGB,84986/Cakung Barat,DKI Jakarta,Jakarta Timur,Cakung,Cakung Barat,123.2,151.2,13180000,3600000,1623776000,544320000,2168096000,Ya
ATR002902,3173014301862902,Ruko,HGB,99952/Poris Plawad,Banten,Tangerang,Cipondoh,Poris Plawad,152.6,86.2,7850000,3560000,1197910000,306872000,1504782000,Ya
ATR002903,3276012305842903,Ruko,SHM,69023/Menteng,DKI Jakarta,Jakarta Pusat,Menteng,Menteng,168.4,218.0,57940000,6950000,9757096000,1515100000,11272196000,Ya
ATR002904,3276012809932904,Ruko,SHM,99111/Tebet Timur,DKI Jakarta,Jakarta Selatan,Tebet,Tebet Timur,86.8,62.6,25890000,5060000,2247252000,316756000,2564008000,Ya
ATR002905,3275012501852905,Gudang,HGB,89573/Cengkareng Barat,DKI Jakarta,Jakarta Barat,Cengkareng,Cengkareng Barat,255.4,194.7,17540000,3800000,4479716000,739860000,5219576000,Ya
ATR002906,3275015006752906,Ruko,SHM,66338/Menteng,DKI Jakarta,Jakarta Pusat,Menteng,Menteng,64.6,57.2,47670000,7430000,3079482000,424996000,3504478000,Ya
ATR002907,3674012503772907,Tanah,HGB,71521/Cakung Barat,DKI Jakarta,Jakarta Timur,Cakung,Cakung Barat,226.6,0.0,10510000,4110000,2381566000,0,2381566000,Ya
ATR002908,3276012305852908,Ruko,HGB,29387/Cengkareng Barat,DKI Jakarta,Jakarta Barat,Cengkareng,Cengkareng Barat,124.8,119.1,17510000,4540000,2185248000,540714000,2725962000,Ya
ATR002909,3174011609982909,Tanah,SHM,99093/Kramat Jati,DKI Jakarta,Jakarta Timur,Kramat Jati,Kramat Jati,359.0,0.0,20360000,4370000,7309240000,0,7309240000,Ya
ATR002910,3671012804812910,Tanah,SHM,87377/Kelapa Gading Barat,DKI Jakarta,Jakarta Utara,Kelapa Gading,Kelapa Gading Barat,328.8,0.0,26480000,5970000,8706624000,0,8706624000,Ya
ATR002911,3174014409852911,Tanah,SHM,97576/Paledang,Jawa Barat,Bogor,Bogor Tengah,Paledang,180.7,0.0,6540000,3160000,1181778000,0,1181778000,Ya
ATR002912,3671014305722912,Tanah,SHM,43734/Poris Plawad,Banten,Tangerang,Cipondoh,Poris Plawad,301.1,0.0,6570000,3650000,1978227000,0,1978227000,Ya
ATR002913,3671012811902913,Tanah,HGB,52816/Mekarjaya,Jawa Barat,Depok,Sukmajaya,Mekarjaya,145.3,0.0,7870000,3740000,1143511000,0,1143511000,Ya
ATR002914,3172014808032914,Tanah,SHM,87453/Menteng,DKI Jakarta,Jakarta Pusat,Menteng,Menteng,358.0,0.0,60810000,7410000,21769980000,0,21769980000,Ya
ATR002915,3674013009782915,Rumah,HGB,11932/Bintara,Jawa Barat,Bekasi,Bekasi Barat,Bintara,368.9,423.1,10070000,3240000,3714823000,1370844000,5085667000,Tidak
ATR002916,3276011209782916,Ruko,SHM,32058/Rawa Buntu,Jawa Barat,Tangerang Selatan,Serpong,Rawa Buntu,221.0,251.6,10660000,3880000,2355860000,976208000,3332068000,Ya
ATR002917,3671011411882917,Tanah,HGB,51166/Paledang,Jawa Barat,Bogor,Bogor Tengah,Paledang,159.2,0.0,6210000,3710000,988632000,0,988632000,Ya
ATR002918,3671012308742918,Ruko,HGB,21478/Cakung Barat,DKI Jakarta,Jakarta Timur,Cakung,Cakung Barat,166.3,106.4,12320000,3710000,2048816000,394744000,2443560000,Ya
ATR002919,3674010810732919,Rumah,HGB,36444/Cakung Barat,DKI Jakarta,Jakarta Timur,Cakung,Cakung Barat,226.0,231.0,10640000,3610000,2404640000,833910000,3238550000,Ya
ATR002920,3175010406972920,Gudang,SHM,67605/Kelapa Gading Barat,DKI Jakarta,Jakarta Utara,Kelapa Gading,Kelapa Gading Barat,391.1,319.8,25740000,4800000,10066914000,1535040000,11601954000,Ya
ATR002921,3173014203762921,Ruko,SHM,59901/Duren Tiga,DKI Jakarta,Jakarta Selatan,Pancoran,Duren Tiga,85.2,45.0,29720000,5330000,2532144000,239850000,2771994000,Ya
ATR002922,3171011302772922,Gudang,SHM,55644/Sukabumi Selatan,DKI Jakarta,Jakarta Barat,Kebon Jeruk,Sukabumi Selatan,293.8,380.3,21310000,5190000,6260878000,1973757000,8234635000,Tidak
ATR002923,3276016408832923,Rumah,SHM,56991/Cengkareng Barat,DKI Jakarta,Jakarta Barat,Cengkareng,Cengkareng Barat,342.7,298.4,17140000,3730000,5873878000,1113032000,6986910000,Ya
ATR002924,3271015212762924,Ruko,SHM,41864/Cengkareng Barat,DKI Jakarta,Jakarta Barat,Cengkareng,Cengkareng Barat,154.9,97.4,15650000,3740000,2424185000,364276000,2788461000,Ya
ATR002925,3271012311762925,Gudang,SHM,52421/Rawa Buntu,Jawa Barat,Tangerang Selatan,Serpong,Rawa Buntu,215.1,198.9,10730000,3570000,2308023000,710073000,3018096000,Ya
ATR002926,3674013008752926,Tanah,HGB,81370/Kelapa Gading Barat,DKI Jakarta,Jakarta Utara,Kelapa Gading,Kelapa Gading Barat,394.9,0.0,21970000,4870000,8675953000,0,8675953000,Ya
ATR002927,3175016008942927,Gudang,SHM,14273/Poris Plawad,Banten,Tangerang,Cipondoh,Poris Plawad,84.6,101.6,7550000,3310000,638730000,336296000,975026000,Ya
ATR002928,3671012210812928,Gudang,SHM,84660/Margahayu,Jawa Barat,Bekasi,Bekasi Timur,Margahayu,161.0,119.9,8920000,3840000,1436120000,460416000,1896536000,Ya
ATR002929,3671014606032929,Gudang,HGB,54694/Poris Plawad,Banten,Tangerang,Cipondoh,Poris Plawad,331.6,234.0,7770000,3360000,2576532000,786240000,3362772000,Ya
ATR002930,3174016602662930,Ruko,SHM,77137/Bojong Jaya,Banten,Tangerang,Karawaci,Bojong Jaya,165.1,167.5,10030000,3490000,1655953000,584575000,2240528000,Ya
ATR002931,3671011009012931,Rumah,SHM,98379/Kelapa Gading Barat,DKI Jakarta,Jakarta Utara,Kelapa Gading,Kelapa Gading Barat,235.5,182.9,26290000,5900000,6191295000,1079110000,7270405000,Ya
ATR002932,3674011511752932,Rumah,SHM,83949/Bojong Jaya,Banten,Tangerang,Karawaci,Bojong Jaya,218.5,223.7,7930000,3330000,1732705000,744921000,2477626000,Ya
ATR002933,3275014902032933,Gudang,HGB,33068/Rawa Buntu,Jawa Barat,Tangerang Selatan,Serpong,Rawa Buntu,287.8,147.0,10940000,4220000,3148532000,620340000,3768872000,Ya
ATR002934,3671016608682934,Gudang,SHM,23995/Bintara,Jawa Barat,Bekasi,Bekasi Barat,Bintara,345.6,253.6,10160000,3860000,3511296000,978896000,4490192000,Ya
ATR002935,3171011209672935,Rumah,HGB,54395/Kelapa Gading Barat,DKI Jakarta,Jakarta Utara,Kelapa Gading,Kelapa Gading Barat,262.9,157.3,28470000,4610000,7484763000,725153000,8209916000,Ya
ATR002936,3674014109872936,Tanah,HGB,24546/Menteng,DKI Jakarta,Jakarta Pusat,Menteng,Menteng,336.6,0.0,56960000,7160000,19172736000,0,19172736000,Ya
ATR002937,3173013012742937,Rumah,HGB,60597/Sukabumi Selatan,DKI Jakarta,Jakarta Barat,Kebon Jeruk,Sukabumi Selatan,188.2,232.9,18940000,5530000,3564508000,1287937000,4852445000,Ya
ATR002938,3671015003982938,Rumah,HGB,11421/Duren Tiga,DKI Jakarta,Jakarta Selatan,Pancoran,Duren Tiga,348.6,213.1,30720000,6140000,10708992000,1308434000,12017426000,Ya
ATR002939,3674010906862939,Rumah,SHM,69333/Pluit,DKI Jakarta,Jakarta Utara,Pluit,Pluit,313.8,358.9,28920000,5980000,9075096000,2146222000,11221318000,Ya
ATR002940,3174016107812940,Rumah,SHM,60142/Tebet Timur,DKI Jakarta,Jakarta Selatan,Tebet,Tebet Timur,118.9,64.0,25870000,4910000,3075943000,314240000,3390183000,Ya
ATR002941,3175010804012941,Tanah,HGB,44034/Paledang,Jawa Barat,Bogor,Bogor Tengah,Paledang,122.9,0.0,6030000,2930000,741087000,0,741087000,Ya
ATR002942,3172016110832942,Tanah,HGB,41370/Paledang,Jawa Barat,Bogor,Bogor Tengah,Paledang,261.1,0.0,6700000,3800000,1749370000,0,1749370000,Ya
ATR002943,3174012212682943,Tanah,HGB,79290/Duren Tiga,DKI Jakarta,Jakarta Selatan,Pancoran,Duren Tiga,393.3,0.0,31050000,4980000,12211965000,0,12211965000,Ya
ATR002944,3175012706802944,Ruko,HGB,91499/Kelapa Gading Barat,DKI Jakarta,Jakarta Utara,Kelapa Gading,Kelapa Gading Barat,319.5,269.5,27710000,4660000,8853345000,1255870000,10109215000,Ya
ATR002945,3276011002862945,Tanah,HGB,68498/Mekarjaya,Jawa Barat,Depok,Sukmajaya,Mekarjaya,91.8,0.0,7760000,3320000,712368000,0,712368000,Ya
ATR002946,3271015602902946,Ruko,HGB,21674/Cikini,DKI Jakarta,Jakarta Pusat,Cikini,Cikini,86.6,72.9,40390000,6720000,3497774000,489888000,3987662000,Tidak
ATR002947,3671015009682947,Rumah,SHM,18543/Bojong Jaya,Banten,Tangerang,Karawaci,Bojong Jaya,316.2,403.7,9780000,4099999,3092436000,1655170000,4747606000,Ya
ATR002948,3172017010822948,Ruko,HGB,82345/Menteng,DKI Jakarta,Jakarta Pusat,Menteng,Menteng,87.1,71.6,57420000,6210000,5001282000,444636000,5445918000,Ya
ATR002949,3275016308672949,Rumah,HGB,43796/Mekarjaya,Jawa Barat,Depok,Sukmajaya,Mekarjaya,256.3,319.6,7310000,3890000,1873553000,1243244000,3116797000,Ya
ATR002950,3674015305792950,Gudang,SHM,25338/Paledang,Jawa Barat,Bogor,Bogor Tengah,Paledang,387.7,482.5,7550000,3420000,2927135000,1650150000,4577285000,Ya
ATR002951,3276014308922951,Ruko,HGB,42343/Cikini,DKI Jakarta,Jakarta Pusat,Cikini,Cikini,245.4,273.0,44750000,6520000,10981650000,1779960000,12761610000,Ya
ATR002952,3276014301662952,Rumah,HGB,52756/Menteng,DKI Jakarta,Jakarta Pusat,Menteng,Menteng,263.9,202.1,46900000,5920000,12376910000,1196432000,13573342000,Ya
ATR002953,3172016001732953,Rumah,SHM,66945/Tebet Timur,DKI Jakarta,Jakarta Selatan,Tebet,Tebet Timur,346.5,244.9,26190000,6260000,9074835000,1533074000,10607909000,Ya
ATR002954,3171016901742954,Rumah,SHM,80975/Menteng,DKI Jakarta,Jakarta Pusat,Menteng,Menteng,63.3,46.0,48720000,5730000,3083976000,263580000,3347556000,Ya
ATR002955,3275013010942955,Tanah,HGB,26475/Cengkareng Barat,DKI Jakarta,Jakarta Barat,Cengkareng,Cengkareng Barat,261.7,0.0,14510000,4030000,3797267000,0,3797267000,Ya
ATR002956,3671013005662956,Rumah,HGB,55310/Margahayu,Jawa Barat,Bekasi,Bekasi Timur,Margahayu,204.3,251.8,8000000,3490000,1634400000,878782000,2513182000,Ya
ATR002957,3674010712812957,Rumah,SHM,86267/Mekarjaya,Jawa Barat,Depok,Sukmajaya,Mekarjaya,84.9,48.5,8890000,3590000,754761000,174115000,928876000,Ya
ATR002958,3276016601812958,Tanah,SHM,56633/Kelapa Gading Barat,DKI Jakarta,Jakarta Utara,Kelapa Gading,Kelapa Gading Barat,371.5,0.0,24160000,5350000,8975440000,0,8975440000,Ya
ATR002959,3671011508732959,Ruko,HGB,35771/Gunung,DKI Jakarta,Jakarta Selatan,Kebayoran Baru,Gunung,393.7,458.6,50560000,5560000,19905472000,2549816000,22455288000,Ya
ATR002960,3275014606712960,Ruko,SHM,38582/Kemiri Muka,Jawa Barat,Depok,Beji,Kemiri Muka,150.3,100.2,11330000,3250000,1702899000,325650000,2028549000,Tidak
ATR002961,3275016506982961,Rumah,HGB,31032/Rawa Buntu,Jawa Barat,Tangerang Selatan,Serpong,Rawa Buntu,110.7,127.9,11190000,3820000,1238733000,488578000,1727311000,Ya
ATR002962,3671013004852962,Ruko,SHM,34881/Rawa Buntu,Jawa Barat,Tangerang Selatan,Serpong,Rawa Buntu,259.1,201.7,12570000,3420000,3256887000,689814000,3946701000,Ya
ATR002963,3276016811942963,Gudang,SHM,90968/Menteng,DKI Jakarta,Jakarta Pusat,Menteng,Menteng,93.9,78.4,60190000,7260000,5651841000,569184000,6221025000,Ya
ATR002964,3172011211762964,Rumah,SHM,50459/Kemiri Muka,Jawa Barat,Depok,Beji,Kemiri Muka,255.3,284.6,9370000,3700000,2392161000,1053020000,3445181000,Ya
ATR002965,3671012501792965,Gudang,HGB,90949/Cakung Barat,DKI Jakarta,Jakarta Timur,Cakung,Cakung Barat,105.9,55.2,10750000,4150000,1138425000,229080000,1367505000,Ya
ATR002966,3175011508722966,Tanah,HGB,71097/Poris Plawad,Banten,Tangerang,Cipondoh,Poris Plawad,124.5,0.0,7140000,2970000,888930000,0,888930000,Ya
ATR002967,3671011003992967,Tanah,HGB,77084/Kemiri Muka,Jawa Barat,Depok,Beji,Kemiri Muka,369.8,0.0,8560000,3970000,3165488000,0,3165488000,Ya
ATR002968,3175013012662968,Ruko,SHM,28580/Margahayu,Jawa Barat,Bekasi,Bekasi Timur,Margahayu,288.7,280.3,7340000,3970000,2119058000,1112791000,3231849000,Ya
ATR002969,3671014412662969,Ruko,HGB,39698/Pluit,DKI Jakarta,Jakarta Utara,Pluit,Pluit,339.7,280.2,30930000,5730000,10506921000,1605546000,12112467000,Tidak
ATR002970,3671011504822970,Ruko,SHM,65172/Paledang,Jawa Barat,Bogor,Bogor Tengah,Paledang,234.9,206.5,7540000,3790000,1771146000,782635000,2553781000,Tidak
ATR002971,3671012312862971,Tanah,HGB,22707/Margahayu,Jawa Barat,Bekasi,Bekasi Timur,Margahayu,170.3,0.0,8720000,3290000,1485016000,0,1485016000,Ya
ATR002972,3275016601962972,Rumah,SHM,67307/Duren Tiga,DKI Jakarta,Jakarta Selatan,Pancoran,Duren Tiga,121.1,94.2,33880000,4920000,4102868000,463464000,4566332000,Ya
ATR002973,3276012905822973,Ruko,HGB,88245/Bintara,Jawa Barat,Bekasi,Bekasi Barat,Bintara,261.6,156.1,8530000,3870000,2231448000,604107000,2835555000,Ya
ATR002974,3171010205912974,Rumah,SHM,89363/Pluit,DKI Jakarta,Jakarta Utara,Pluit,Pluit,332.2,424.5,24690000,4800000,8202018000,2037600000,10239618000,Ya
ATR002975,3275015608912975,Gudang,SHM,65704/Cengkareng Barat,DKI Jakarta,Jakarta Barat,Cengkareng,Cengkareng Barat,314.2,227.9,13700000,4250000,4304540000,968575000,5273115000,Tidak
ATR002976,3671015408902976,Rumah,HGB,75870/Poris Plawad,Banten,Tangerang,Cipondoh,Poris Plawad,193.0,161.4,8560000,3600000,1652080000,581040000,2233120000,Ya
ATR002977,3175011510962977,Ruko,HGB,40863/Cikini,DKI Jakarta,Jakarta Pusat,Cikini,Cikini,251.3,321.6,42270000,6710000,10622451000,2157936000,12780387000,Ya
ATR002978,3174016905702978,Ruko,HGB,29722/Gunung,DKI Jakarta,Jakarta Selatan,Kebayoran Baru,Gunung,309.9,226.9,42350000,6510000,13124265000,1477119000,14601384000,Ya
ATR002979,3671010708902979,Rumah,HGB,25912/Rawa Buntu,Jawa Barat,Tangerang Selatan,Serpong,Rawa Buntu,251.3,175.8,13140000,3530000,3302082000,620574000,3922656000,Ya
ATR002980,3171016308732980,Ruko,HGB,38749/Mekarjaya,Jawa Barat,Depok,Sukmajaya,Mekarjaya,264.9,172.1,8610000,3370000,2280789000,579977000,2860766000,Ya
ATR002981,3271015606722981,Rumah,SHM,44512/Duren Tiga,DKI Jakarta,Jakarta Selatan,Pancoran,Duren Tiga,179.5,98.8,34370000,4730000,6169415000,467324000,6636739000,Ya
ATR002982,3171014411782982,Gudang,HGB,43086/Kramat Jati,DKI Jakarta,Jakarta Timur,Kramat Jati,Kramat Jati,186.2,189.3,17220000,4730000,3206364000,895389000,4101753000,Ya
ATR002983,3275011503702983,Ruko,SHM,85994/Kelapa Gading Barat,DKI Jakarta,Jakarta Utara,Kelapa Gading,Kelapa Gading Barat,294.8,174.3,26180000,4860000,7717864000,847098000,8564962000,Ya
ATR002984,3172014901802984,Rumah,HGB,29271/Margahayu,Jawa Barat,Bekasi,Bekasi Timur,Margahayu,201.0,170.2,7920000,3820000,1591920000,650164000,2242084000,Ya
ATR002985,3171014708932985,Gudang,HGB,74831/Kelapa Gading Barat,DKI Jakarta,Jakarta Utara,Kelapa Gading,Kelapa Gading Barat,167.2,91.7,26400000,5310000,4414080000,486927000,4901007000,Ya
ATR002986,3171014802722986,Tanah,SHM,58503/Cengkareng Barat,DKI Jakarta,Jakarta Barat,Cengkareng,Cengkareng Barat,299.8,0.0,16180000,4160000,4850764000,0,4850764000,Ya
ATR002987,3671015612942987,Ruko,HGB,93442/Kramat Jati,DKI Jakarta,Jakarta Timur,Kramat Jati,Kramat Jati,276.4,284.1,16860000,4019999,4660104000,1142082000,5802186000,Ya
ATR002988,3175010703982988,Gudang,SHM,36353/Mekarjaya,Jawa Barat,Depok,Sukmajaya,Mekarjaya,277.4,332.4,8270000,3240000,2294098000,1076976000,3371074000,Ya
ATR002989,3174012407812989,Rumah,HGB,66492/Bintara,Jawa Barat,Bekasi,Bekasi Barat,Bintara,343.0,413.1,9290000,4210000,3186470000,1739151000,4925621000,Ya
ATR002990,3671014709002990,Gudang,SHM,16552/Margahayu,Jawa Barat,Bekasi,Bekasi Timur,Margahayu,96.5,55.4,8510000,3140000,821215000,173956000,995171000,Ya
ATR002991,3175010306702991,Ruko,HGB,84755/Mekarjaya,Jawa Barat,Depok,Sukmajaya,Mekarjaya,220.7,165.2,9440000,3240000,2083408000,535248000,2618656000,Ya
ATR002992,3173011406032992,Rumah,SHM,86385/Paledang,Jawa Barat,Bogor,Bogor Tengah,Paledang,323.2,169.5,7360000,3720000,2378752000,630540000,3009292000,Ya
ATR002993,3671011406942993,Rumah,HGB,22905/Tebet Timur,DKI Jakarta,Jakarta Selatan,Tebet,Tebet Timur,357.9,270.4,28730000,4800000,10282467000,1297920000,11580387000,Ya
ATR002994,3671015803982994,Tanah,SHM,39945/Kelapa Gading Barat,DKI Jakarta,Jakarta Utara,Kelapa Gading,Kelapa Gading Barat,92.0,0.0,23610000,5790000,2172120000,0,2172120000,Ya
ATR002995,3174015909962995,Gudang,HGB,23440/Cengkareng Barat,DKI Jakarta,Jakarta Barat,Cengkareng,Cengkareng Barat,251.0,212.5,15800000,4790000,3965800000,1017875000,4983675000,Ya
ATR002996,3671011312982996,Ruko,HGB,25511/Bintara,Jawa Barat,Bekasi,Bekasi Barat,Bintara,273.3,228.5,7820000,3790000,2137206000,866015000,3003221000,Ya
ATR002997,3172010710992997,Rumah,SHM,83870/Duren Tiga,DKI Jakarta,Jakarta Selatan,Pancoran,Duren Tiga,93.6,52.0,26880000,5940000,2515968000,308880000,2824848000,Ya
ATR002998,3174012706032998,Tanah,SHM,51642/Cikini,DKI Jakarta,Jakarta Pusat,Cikini,Cikini,252.1,0.0,39620000,6700000,9988202000,0,9988202000,Ya
ATR002999,3276015311842999,Ruko,SHM,91026/Duren Tiga,DKI Jakarta,Jakarta Selatan,Pancoran,Duren Tiga,336.1,386.7,31280000,5430000,10513208000,2099781000,12612989000,Ya
ATR003000,3275016008853000,Tanah,HGB,15867/Tebet Timur,DKI Jakarta,Jakarta Selatan,Tebet,Tebet Timur,374.8,0.0,24000000,4760000,8995200000,0,8995200000,Tidak
