account_id,NIK,account_number,bank_name,account_type,account_status,opened_date,average_balance_6m,average_monthly_credit,average_monthly_debit,transaction_frequency_monthly,overdraft_count_6m,current_balance
ACC000001,3276010601750001,6956650690,Bank BCA,Giro,Aktif,2023-08-14,10342365,2196060,2092204,148,0,13581790
ACC000002,3276010601750001,6225587025,BNI,Giro,Aktif,2020-05-20,19800614,2212722,1737140,76,0,9133735
ACC000003,3172010301920002,4729122289,Bank BNI,Tabungan,Aktif,2025-03-21,4014256,1124770,1040039,122,0,1718267
ACC000004,3671010604800003,4611355005,Bank BCA,Giro,Dormant,2021-10-23,14489012,1394768,1222864,22,1,3156322
ACC000005,3173016001890004,8727347064,Bank CIMB Niaga,Giro,Dormant,2025-08-11,1895269,1172430,1132201,157,0,317322
ACC000006,3173016001890004,8756052042,Bank Mandiri,Tabungan,Aktif,2018-03-01,8551321,1066368,956399,154,0,6110665
ACC000007,3275011505030005,8698981487,Bank Mandiri,Giro,Aktif,2023-10-08,10845679,717577,581630,83,0,15753449
ACC000008,3671012904920006,6726922051,BNI,Giro,Aktif,2020-10-26,40816074,1577663,1139914,94,0,31394462
ACC000009,3171015211010007,4455774248,BPR Mitra Usaha,Tabungan,Aktif,2023-08-18,6956555,1668750,1544124,169,1,7175297
ACC000010,3171015211010007,1685064152,Bank Permata,Tabungan,Dormant,2022-10-10,22284012,1107019,819430,39,0,5371849
ACC000011,3674013005710008,7835691965,Bank CIMB Niaga,Giro,Aktif,2017-07-15,13033497,2994080,2766627,98,0,21487836
ACC000012,3172016002870009,1432516533,Bank OCBC NISP,Tabungan,Aktif,2015-04-01,2352073,1407740,1372057,87,0,1858341
ACC000013,3271016610890010,7542927175,Bank OCBC NISP,Giro,Aktif,2018-09-27,8781566,446081,338479,129,0,6936981
ACC000014,3275016305970011,3925665950,Bank Danamon,Tabungan,Aktif,2015-10-03,5810581,1134612,1050783,44,0,5757120
ACC000015,3172010612990012,6671721218,Bank Permata,Giro,Aktif,2022-07-29,11244169,3384124,3259696,120,0,4561858
ACC000016,3174013110970013,9157802492,Bank Danamon,Tabungan,Aktif,2024-02-09,19152421,1617312,1312638,135,0,15944262
ACC000017,3671016412960014,7592611838,Bank Mandiri,Tabungan,Aktif,2021-03-04,30436142,3699126,2975860,55,0,52729265
ACC000018,3671012605910015,1764066701,Bank BRI,Tabungan,Aktif,2016-08-20,11534435,601871,485498,64,0,18149280
ACC000019,3671012605910015,6866533970,Bank Panin,Tabungan,Aktif,2024-01-24,6528571,682596,604723,27,0,7502500
ACC000020,3674011208740016,1259224007,Bank CIMB Niaga,Tabungan,Aktif,2025-06-20,2546975,1250376,1189012,73,0,2749928
ACC000021,3271010101840017,4004476994,BPR Mitra Usaha,Tabungan,Aktif,2025-07-17,3991595,1186626,1117633,91,0,6878226
ACC000022,3172011502850018,5372809924,Bank OCBC NISP,Tabungan,Aktif,2016-01-02,18624633,2471300,2102330,54,0,22916566
ACC000023,3172011502850018,1391407327,Bank Danamon,Tabungan,Aktif,2024-06-19,18801149,1635882,1357696,86,1,33786312
ACC000024,3174012110980019,7593154716,Bank BRI,Tabungan,Aktif,2020-09-25,7526152,1080606,915752,133,0,3366225
ACC000025,3674015810770020,5244695293,Bank OCBC NISP,Tabungan,Dormant,2016-04-23,8109247,726309,602165,158,1,597749
ACC000026,3674015810770020,8291507250,Bank Panin,Tabungan,Aktif,2024-09-10,6061158,715062,598684,55,1,3494818
ACC000027,3671012107980021,7061586863,Bank CIMB Niaga,Tabungan,Aktif,2022-05-22,11710822,771815,638075,188,1,9603190
ACC000028,3171011102830022,9384274763,Bank Panin,Tabungan,Aktif,2018-04-04,8888324,1409195,1264393,75,0,10412344
ACC000029,3175015609750023,1104310177,Bank BRI,Giro,Dormant,2023-10-08,11638176,506039,378266,54,0,699733
ACC000030,3174015202890024,5181474054,Bank BNI,Giro,Aktif,2022-09-12,13958479,1199517,1010439,174,0,14396196
ACC000031,3671010906920025,8176965098,Bank Panin,Tabungan,Aktif,2020-03-06,2805333,387712,333586,98,0,3303512
ACC000032,3671011103970026,8813065651,Bank Permata,Giro,Dormant,2015-07-06,5503460,831724,773204,40,0,406343
ACC000033,3276017107930027,5751627413,Bank OCBC NISP,Tabungan,Dormant,2018-11-24,161959428,9219327,6872523,79,0,19157373
ACC000034,3671011204840028,9872216840,Bank BCA,Giro,Aktif,2023-03-19,8546525,1765296,1590375,89,3,7055593
ACC000035,3671011204840028,1266366578,Bank BRI,Tabungan,Aktif,2024-01-25,6806172,1685886,1612300,86,0,6703881
ACC000036,3671010311920029,5105559707,BNI,Giro,Aktif,2021-01-09,54311006,3068831,2457964,169,0,53245717
ACC000037,3671016012760030,7293891893,BNI,Tabungan,Aktif,2015-01-11,11035460,1218652,1068510,84,0,5855850
ACC000038,3174015008940031,7759396575,Bank BCA,Tabungan,Aktif,2016-08-13,11831269,753986,609158,90,2,5959152
ACC000039,3276015701910032,5128737923,Bank BCA,Tabungan,Aktif,2023-10-03,24776114,1545382,1188837,80,0,30046668
ACC000040,3175012912660033,8348759733,Bank BRI,Tabungan,Aktif,2019-10-11,9360748,859533,669791,63,0,4830334
ACC000041,3175012912660033,1722203277,BNI,Tabungan,Aktif,2017-03-27,26565572,1052442,769646,102,0,30677214
ACC000042,3671014110870034,2910754509,Bank Permata,Giro,Aktif,2023-12-10,9295913,1823399,1619864,43,0,14790510
ACC000043,3671015108920035,5170973485,Bank Danamon,Tabungan,Aktif,2020-03-11,6420782,1199012,1115881,161,0,5164330
ACC000044,3671015108920035,5358972858,Bank Panin,Tabungan,Aktif,2017-05-26,9125043,1269236,1092030,119,0,4707088
ACC000045,3671014712870036,5137114318,Bank BRI,Tabungan,Aktif,2018-08-18,9388089,2083127,1937208,116,0,7967409
ACC000046,3671014712870036,3861045644,Bank Permata,Tabungan,Aktif,2019-03-14,33956428,2330746,1682963,142,0,33762838
ACC000047,3175012901750037,4857606442,Bank OCBC NISP,Giro,Dormant,2015-01-17,6910702,986756,900473,140,0,1191634
ACC000048,3175012901750037,8378851670,Bank OCBC NISP,Giro,Aktif,2021-04-27,12791362,1157904,926593,168,0,7830162
ACC000049,3671016303970038,4809100560,Bank BNI,Tabungan,Aktif,2020-06-22,20979956,1005472,779887,94,0,8508335
ACC000050,3671010304670039,2282320947,Bank Permata,Giro,Aktif,2025-03-16,22567640,1472933,1098858,160,0,35663986
ACC000051,3671015003850040,5596944531,Bank BRI,Tabungan,Aktif,2022-10-12,32002409,1784890,1360454,36,0,33190500
ACC000052,3671015003850040,1125819554,Bank BNI,Tabungan,Aktif,2016-08-21,51044224,2407063,1823431,94,1,77682133
ACC000053,3276015003770041,1006595207,Bank OCBC NISP,Giro,Aktif,2017-05-24,8209639,1332084,1221807,147,0,12056231
ACC000054,3271010505890042,7778733597,Bank Panin,Tabungan,Aktif,2015-01-12,46191774,3156187,2541945,56,0,74216678
ACC000055,3271015910980043,7186197238,BNI,Giro,Aktif,2018-07-18,10018557,919489,679589,191,0,8523101
ACC000056,3271014201950044,3867161524,Bank BNI,Giro,Aktif,2017-12-31,71759683,3087456,2354100,178,0,48173163
ACC000057,3173012502730045,2218240632,Bank Mandiri,Giro,Aktif,2025-05-10,14912302,6853882,6661924,25,1,-476243
ACC000058,3275014502860046,5101654203,Bank Panin,Giro,Aktif,2024-02-05,9599305,362028,260881,36,0,11990561
ACC000059,3172010211710047,1612813917,BNI,Giro,Aktif,2019-07-13,6068014,520047,414651,165,0,7239898
ACC000060,3671016211990048,8960270821,BNI,Giro,Aktif,2021-08-08,18003593,1679035,1406086,74,0,29352027
ACC000061,3671016211990048,8430302706,BPR Mitra Usaha,Tabungan,Aktif,2016-08-25,8516385,1634105,1491285,66,0,13276105
ACC000062,3172016512950049,3134213341,Bank Panin,Giro,Aktif,2016-03-17,4608683,2745586,2690115,196,0,5047196
ACC000063,3172015801940050,3341407877,Bank BRI,Tabungan,Aktif,2017-02-09,21931236,3554308,3009862,23,0,12539566
ACC000064,3671011808920051,2962483023,Bank BNI,Giro,Aktif,2024-11-18,1196686,558953,545661,75,0,1317321
ACC000065,3173016507900052,9550185091,Bank CIMB Niaga,Giro,Aktif,2023-11-10,13581892,1090635,883963,173,0,22916462
ACC000066,3173016507900052,3359299415,Bank Permata,Tabungan,Aktif,2022-09-09,20709625,1466323,1229553,109,1,27827644
ACC000067,3671014712890053,8343588949,Bank OCBC NISP,Tabungan,Dormant,2021-03-20,3563073,2515776,2450691,173,1,647699
ACC000068,3671014712890053,9417901370,Bank BNI,Tabungan,Aktif,2019-09-02,41780206,3038491,2255464,64,2,56898531
ACC000069,3674016707000054,8110260862,Bank BNI,Giro,Aktif,2016-11-30,2728249,413885,349007,188,0,3475435
ACC000070,3674015806980055,1815863960,Bank OCBC NISP,Tabungan,Aktif,2017-11-06,80545738,3678088,2717336,192,0,77522552
ACC000071,3671014508730056,2437505980,Bank BNI,Tabungan,Aktif,2018-02-15,22645232,1403687,1027328,101,0,21723786
ACC000072,3275010510960057,9417331350,Bank Mandiri,Tabungan,Aktif,2018-04-13,19485981,1693213,1380956,29,1,31848313
ACC000073,3671012101860058,5890648673,Bank CIMB Niaga,Tabungan,Aktif,2025-04-04,13151735,2351779,2113239,68,0,17072762
ACC000074,3671012101860058,9525823791,Bank Danamon,Giro,Aktif,2025-03-25,39486669,3074327,2471914,196,0,61427474
ACC000075,3671016210710059,5939771307,Bank CIMB Niaga,Giro,Aktif,2015-12-08,14249363,915010,736075,135,0,15727780
ACC000076,3671016210710059,5596418558,BPR Mitra Usaha,Giro,Dormant,2024-02-02,7021152,705308,634507,93,1,1104378
ACC000077,3674015309780060,1431733973,BPR Mitra Usaha,Tabungan,Aktif,2022-11-22,2420444,1207481,1175961,123,0,3336123
ACC000078,3171011302650061,3381820614,Bank Mandiri,Tabungan,Aktif,2015-08-05,5170851,3247805,3151869,76,0,7096511
ACC000079,3175014405000062,7254769057,Bank BCA,Giro,Aktif,2015-04-05,11932291,847055,594918,74,0,8439266
ACC000080,3175014405000062,8798760338,Bank Panin,Giro,Aktif,2019-08-02,5206436,790175,695319,107,0,8839011
ACC000081,3671011309840063,4151673958,Bank Mandiri,Tabungan,Dormant,2021-04-16,26110421,2093875,1750445,155,2,2478786
ACC000082,3173015312970064,6459961477,Bank BCA,Giro,Aktif,2016-10-02,22738913,1015251,737333,94,0,30048201
ACC000083,3173015204880065,5497503906,Bank BRI,Giro,Dormant,2023-10-16,40610730,4970615,4018639,108,0,4973637
ACC000084,3671016406030066,2340052004,BNI,Giro,Aktif,2018-02-25,92210799,3599911,2558056,141,0,73224766
ACC000085,3671016406030066,2103226166,Bank BCA,Tabungan,Aktif,2023-05-18,36149016,3262078,2493620,73,3,48849727
ACC000086,3271015503700067,2276027271,BPR Mitra Usaha,Tabungan,Dormant,2023-12-11,8031189,1001579,848353,102,0,856701
ACC000087,3674014302990068,6972457656,Bank BCA,Tabungan,Aktif,2023-05-10,19591379,1604902,1259866,22,1,28480212
ACC000088,3671010311960069,9267401856,Bank BCA,Tabungan,Aktif,2023-11-16,20687435,4107352,3801593,117,0,18784520
ACC000089,3173016202970070,4355813211,Bank Permata,Giro,Dormant,2015-10-07,5001837,931248,806275,43,0,1183599
ACC000090,3173016202970070,3108026561,Bank Danamon,Giro,Aktif,2018-06-18,25594438,1101719,798822,151,1,19748451
ACC000091,3671015802680071,6442659483,Bank BCA,Giro,Aktif,2017-05-13,536777,311350,299281,137,0,763815
ACC000092,3674016506800072,7197265229,Bank BNI,Tabungan,Aktif,2020-05-01,35043396,6319613,5925973,136,1,24733170
ACC000093,3275015104790073,9904756740,Bank Panin,Giro,Aktif,2022-06-25,1519825,857816,835371,83,0,2251930
ACC000094,3172010107850074,3048191671,Bank BNI,Giro,Aktif,2024-07-25,13943357,897405,698326,180,0,24028616
ACC000095,3172010107850074,3692727308,Bank BNI,Giro,Aktif,2016-01-10,5847997,1084946,942970,80,0,6399808
ACC000096,3674015703790075,5721292149,BNI,Tabungan,Aktif,2022-05-11,10934520,942398,669432,118,0,9181102
ACC000097,3674015703790075,3546896384,Bank Permata,Giro,Aktif,2017-02-24,11708982,1095636,818793,198,0,9311329
ACC000098,3275010902990076,7716124296,Bank BCA,Tabungan,Aktif,2016-04-14,3206118,773789,696649,103,0,3319324
ACC000099,3275010902990076,2138161377,Bank BNI,Tabungan,Aktif,2015-08-21,33177004,1145769,811567,157,0,43010433
ACC000100,3276015512750077,9159090503,BPR Mitra Usaha,Giro,Aktif,2016-06-09,8756216,1422117,1230859,163,0,14768106
ACC000101,3171014809850078,4569226393,Bank CIMB Niaga,Tabungan,Aktif,2023-12-15,19051751,2758446,2505507,34,0,27558867
ACC000102,3171014809850078,5712724787,Bank BNI,Giro,Aktif,2023-11-25,17298590,2034210,1855626,198,0,28220658
ACC000103,3671013008930079,5416434467,Bank OCBC NISP,Tabungan,Aktif,2024-03-22,35154928,1284757,908541,186,0,51409492
ACC000104,3271011405960080,5995208970,Bank Mandiri,Tabungan,Aktif,2017-06-28,18555897,1362309,1063191,89,0,18603202
ACC000105,3671016910740081,8031582771,Bank CIMB Niaga,Tabungan,Aktif,2018-06-14,15260517,565176,408493,80,0,26474467
ACC000106,3172015405810082,2694720630,Bank Panin,Tabungan,Aktif,2015-11-22,8190097,549709,427661,158,0,10236276
ACC000107,3172015405810082,1386545230,BNI,Tabungan,Aktif,2017-04-29,13823693,689660,547015,47,0,14300393
ACC000108,3674014603010083,6330077957,Bank Permata,Tabungan,Aktif,2022-02-20,10733855,1567711,1446483,145,0,14491099
ACC000109,3175016601890084,8354842828,Bank Panin,Tabungan,Aktif,2021-09-13,33598814,3626737,3158290,182,0,48880575
ACC000110,3175016601890084,7303196276,Bank Danamon,Tabungan,Aktif,2018-12-29,20786504,3185546,2790442,71,0,24941385
ACC000111,3671011405920085,7092745048,Bank Danamon,Tabungan,Aktif,2020-07-24,7413884,3089784,2955504,101,0,7982451
ACC000112,3674011803700086,6914731030,Bank Permata,Tabungan,Aktif,2021-06-13,18157695,1388603,1000630,56,0,30494710
ACC000113,3671012605020087,4068427264,Bank BRI,Tabungan,Dormant,2022-11-17,3667757,1875053,1796214,184,0,555965
ACC000114,3671012605020087,3192185544,Bank Danamon,Tabungan,Aktif,2025-03-14,35830166,2347544,1930633,182,0,41321887
ACC000115,3175010406890088,1051967319,Bank BCA,Tabungan,Aktif,2023-09-25,19296590,1845508,1470052,26,0,33022229
ACC000116,3175010406890088,1609085335,Bank Mandiri,Tabungan,Aktif,2022-11-13,10037824,1663657,1558900,180,0,17522110
ACC000117,3171012004000089,2516737575,Bank BCA,Tabungan,Aktif,2023-02-03,27185909,3209525,2795565,76,0,35682377
ACC000118,3171012004000089,9581301791,BPR Mitra Usaha,Giro,Aktif,2016-05-06,23683959,2805699,2532756,44,0,23672020
ACC000119,3172013003760090,6609932785,Bank Mandiri,Giro,Dormant,2015-03-08,62482267,4124576,2980923,97,0,4932507
ACC000120,3172013003760090,3206291184,Bank CIMB Niaga,Giro,Aktif,2024-05-19,16454300,2816285,2623993,38,0,8873694
ACC000121,3171011004980091,5521650439,Bank OCBC NISP,Giro,Aktif,2023-07-28,8611480,910593,719956,59,0,7114277
ACC000122,3671015608970092,3407535986,Bank Danamon,Tabungan,Aktif,2015-11-06,16512440,1152877,908729,121,0,6835289
ACC000123,3671015608970092,8574626241,Bank Danamon,Giro,Aktif,2018-08-14,11039883,1040425,840085,84,0,17524632
ACC000124,3174015406790093,9957607832,Bank BRI,Tabungan,Aktif,2019-08-18,1453593,1117559,1094032,149,0,1036685
ACC000125,3275017007000094,2517950277,Bank Panin,Tabungan,Dormant,2021-06-19,20701172,1805749,1559408,76,0,1695115
ACC000126,3674016309970095,4228712244,BNI,Tabungan,Aktif,2020-02-23,33376863,1481472,1115823,91,0,36341384
ACC000127,3674016309970095,2097519319,BNI,Giro,Aktif,2020-08-01,12513585,1159785,872454,122,0,16204181
ACC000128,3173010205690096,2537271050,Bank Panin,Tabungan,Aktif,2015-08-30,14114751,1069511,868936,186,0,6443060
ACC000129,3275016611770097,5114209952,Bank CIMB Niaga,Tabungan,Aktif,2025-02-15,17096581,1565813,1195880,94,0,9887817
ACC000130,3275016611770097,9428190108,Bank Mandiri,Giro,Aktif,2025-03-19,5622321,1184727,1100274,109,0,9803845
ACC000131,3271012602700098,2182146717,Bank BCA,Tabungan,Aktif,2016-12-18,11014239,739026,612361,24,0,13812570
ACC000132,3671013003800099,4513335170,BPR Mitra Usaha,Tabungan,Aktif,2021-07-27,14242273,1285680,974861,57,0,24299219
ACC000133,3173010111830100,2380042073,Bank BRI,Giro,Aktif,2016-08-16,28675038,1832782,1520692,49,0,19935896
ACC000134,3671012703950101,5710669202,Bank CIMB Niaga,Tabungan,Aktif,2021-06-11,28560523,1309114,984887,82,0,43425152
ACC000135,3671012703950101,4330087905,Bank BNI,Giro,Aktif,2021-10-24,39154265,1334197,940091,63,0,23682555
ACC000136,3671016606800102,8277840860,Bank Mandiri,Tabungan,Aktif,2019-05-23,3098500,1026899,989035,85,0,3932747
ACC000137,3671010605650103,6746974343,Bank BRI,Tabungan,Aktif,2024-02-01,2095612,1271302,1243922,114,0,3197936
ACC000138,3171016101820104,1197868306,Bank OCBC NISP,Giro,Aktif,2016-03-23,35370326,1621968,1202903,168,0,22468243
ACC000139,3171016101820104,8069047589,BNI,Giro,Aktif,2016-06-15,40524722,1872517,1466605,194,0,21384061
ACC000140,3175017010900105,3353364908,BPR Mitra Usaha,Giro,Aktif,2016-09-11,7594704,568237,400154,92,0,9911626
ACC000141,3175017010900105,8275113316,Bank BRI,Giro,Dormant,2019-06-14,2946046,534729,477934,38,0,429558
ACC000142,3271015412680106,6527386286,Bank Panin,Giro,Aktif,2020-04-08,13515902,1790053,1505320,145,0,15587344
ACC000143,3175015412990107,3489125284,Bank Mandiri,Tabungan,Aktif,2018-10-16,8485397,577131,467751,36,2,13457472
ACC000144,3276011310720108,5609609930,Bank OCBC NISP,Giro,Aktif,2024-10-22,22946531,1566969,1141852,56,0,29642723
ACC000145,3276011310720108,1271435542,Bank BNI,Tabungan,Aktif,2021-03-15,31518556,1492170,1126756,57,0,49276612
ACC000146,3276016309840109,6058342973,Bank Mandiri,Giro,Aktif,2020-07-14,34811077,2178950,1769252,71,2,62121453
ACC000147,3275012207670110,6302324739,BNI,Giro,Aktif,2016-05-15,109137595,8440817,6648062,100,3,80597047
ACC000148,3275012207670110,2610138327,Bank OCBC NISP,Tabungan,Aktif,2018-12-04,61009750,7449384,6725229,30,0,98095801
ACC000149,3671014406790111,6171588845,Bank CIMB Niaga,Tabungan,Aktif,2025-05-24,5891906,2035692,1940646,194,0,5081861
ACC000150,3671014406790111,2981555412,Bank Mandiri,Giro,Aktif,2022-06-13,44506791,2518133,1795160,114,0,68039266
ACC000151,3671011709840112,1460677455,Bank Mandiri,Giro,Aktif,2024-01-04,25154659,1202156,945895,133,0,17163487
ACC000152,3671011709840112,4343336925,Bank BCA,Tabungan,Dormant,2017-03-21,6844101,1053510,954328,147,0,581601
ACC000153,3172014706950113,8156995630,Bank Danamon,Tabungan,Aktif,2016-06-08,77867005,4288938,3194227,24,1,73857160
ACC000154,3172014706950113,1765941307,Bank CIMB Niaga,Giro,Dormant,2021-08-23,43477512,4800022,4335310,73,1,2883200
ACC000155,3671015410700114,8988871886,BNI,Tabungan,Aktif,2015-01-10,5751067,415642,355522,115,0,10018315
ACC000156,3175014911780115,9362658287,Bank Danamon,Giro,Aktif,2022-10-19,7088134,758456,653010,88,0,6052174
ACC000157,3175014911780115,1563158711,Bank CIMB Niaga,Tabungan,Aktif,2021-09-07,7276572,651113,574899,64,0,4089563
ACC000158,3671015109940116,7691077708,Bank BNI,Tabungan,Aktif,2019-03-05,64583529,3541380,2855057,162,0,48160447
ACC000159,3276014412840117,6154353092,BNI,Giro,Aktif,2020-05-18,3315551,803379,723225,176,0,1665598
ACC000160,3674014807990118,3943076045,Bank CIMB Niaga,Giro,Aktif,2017-05-14,1611388,791604,775350,55,0,1910238
ACC000161,3271015611890119,7965969676,Bank Mandiri,Tabungan,Aktif,2018-12-05,7838744,1207711,1066725,30,0,11848305
ACC000162,3171012008010120,9716177129,BNI,Tabungan,Aktif,2022-06-09,6389793,650847,520198,46,3,6127808
ACC000163,3174015904790121,6797503233,Bank CIMB Niaga,Giro,Dormant,2018-10-08,116030665,9587165,8312633,86,0,24012619
ACC000164,3174014811650122,9412129769,Bank BNI,Giro,Aktif,2020-09-04,5951746,920635,830616,115,0,5880246
ACC000165,3173017008930123,2613654441,Bank BCA,Giro,Aktif,2024-12-31,8821028,2790148,2648583,99,0,3613929
ACC000166,3173017008930123,7533422978,Bank Panin,Giro,Aktif,2025-05-06,15307303,3376683,3208431,126,0,14856249
ACC000167,3172012910800124,2452012874,Bank Permata,Giro,Aktif,2015-06-21,21483776,2394586,2020565,140,0,12077471
ACC000168,3172012910800124,3561463935,Bank Permata,Giro,Aktif,2021-05-05,11788742,2731789,2599632,135,0,7150263
ACC000169,3173017009810125,7566326190,Bank Danamon,Giro,Aktif,2019-05-04,17701938,2333322,1950547,51,0,10595267
ACC000170,3271016906010126,7124963070,Bank Permata,Giro,Aktif,2016-02-05,6318654,621454,504490,180,0,5174646
ACC000171,3271016906010126,7524339177,Bank BRI,Giro,Aktif,2021-02-09,18069816,906751,658361,140,0,15580087
ACC000172,3171011811660127,7774680797,Bank CIMB Niaga,Tabungan,Aktif,2020-06-27,11982488,1204191,1002381,51,0,14533389
ACC000173,3175014404770128,1099248093,BPR Mitra Usaha,Giro,Aktif,2017-01-13,10225728,1572377,1393599,140,0,17462389
ACC000174,3275015308970129,5653629394,Bank BRI,Tabungan,Aktif,2021-10-25,2217429,830243,797563,139,0,2711447
ACC000175,3674015301920130,4188941650,Bank Panin,Giro,Aktif,2021-05-23,15634948,2624730,2434305,82,0,24717505
ACC000176,3173015904810131,2114846087,Bank Permata,Giro,Aktif,2020-09-27,30369150,1458994,1111824,74,0,53753191
ACC000177,3671016202920132,4316711676,Bank OCBC NISP,Giro,Aktif,2023-08-14,6059822,1814751,1706414,37,0,6893514
ACC000178,3671015303760133,7084569898,Bank Panin,Tabungan,Aktif,2015-02-26,6271969,1625144,1515981,116,0,3407835
ACC000179,3172016310770134,2262181814,Bank BCA,Tabungan,Aktif,2018-02-27,65473160,3469878,2670254,106,2,-346039
ACC000180,3172016310770134,6605057142,Bank Permata,Giro,Aktif,2019-04-25,22052201,2954358,2407858,97,0,28366627
ACC000181,3271013010960135,1337851281,Bank BRI,Tabungan,Aktif,2020-08-08,5068022,608326,516316,179,0,5530949
ACC000182,3171015307000136,5012449532,Bank Panin,Giro,Aktif,2018-01-03,8759292,2680455,2543462,35,0,12453376
ACC000183,3674013107880137,1561314363,Bank CIMB Niaga,Giro,Aktif,2019-07-21,2515952,1146912,1088290,57,0,1017477
ACC000184,3674013107880137,2341199634,Bank Panin,Giro,Aktif,2021-08-15,9076847,1001469,898080,25,2,12790659
ACC000185,3671014410700138,4433502144,BPR Mitra Usaha,Tabungan,Aktif,2015-04-19,22661236,2649922,2334075,84,0,26191253
ACC000186,3671014410700138,2813660149,Bank OCBC NISP,Giro,Aktif,2017-07-31,21523778,2517798,2233137,71,0,29147186
ACC000187,3276015007800139,3663679060,Bank Panin,Giro,Aktif,2021-07-25,16719412,2665007,2400550,115,0,20580778
ACC000188,3172011801910140,6564866180,Bank OCBC NISP,Tabungan,Aktif,2018-02-15,70348568,2935205,2062539,78,1,77265711
ACC000189,3275010505870141,6840713618,BPR Mitra Usaha,Giro,Dormant,2024-08-23,47960311,1871965,1342621,184,0,2459706
ACC000190,3674010111850142,6950837445,Bank Panin,Giro,Aktif,2020-04-28,36881777,1980529,1473634,192,0,48586414
ACC000191,3275013112760143,3217191639,BPR Mitra Usaha,Giro,Aktif,2021-10-18,36355055,3557652,3016071,37,2,36691765
ACC000192,3271010807730144,8046937518,Bank BNI,Tabungan,Aktif,2025-03-13,26989877,1611483,1144047,102,0,15588426
ACC000193,3171014303910145,4835769734,Bank Permata,Tabungan,Aktif,2016-05-26,34886418,2753136,2270795,81,0,45063910
ACC000194,3271010804990146,8417335599,Bank Panin,Giro,Aktif,2022-02-10,28444764,1504968,1173936,58,0,29014920
ACC000195,3271010801020147,2130838251,Bank BRI,Tabungan,Aktif,2018-05-03,4001033,499587,430450,146,0,2525595
ACC000196,3271010801020147,7208042902,Bank BCA,Giro,Aktif,2016-05-03,846260,435129,425298,108,2,511016
ACC000197,3275011301670148,9578765209,Bank BNI,Giro,Aktif,2023-03-25,14317537,658700,468021,117,0,22151058
ACC000198,3276015808820149,4321788893,Bank BNI,Tabungan,Aktif,2023-09-28,18362612,1043078,850362,139,0,19773641
ACC000199,3276015808820149,3993272840,Bank OCBC NISP,Giro,Aktif,2017-03-26,10807835,1093601,962101,164,0,15712928
ACC000200,3271016403950150,9968011872,Bank Panin,Tabungan,Aktif,2016-03-27,48260627,3619261,2808034,39,0,27354751
ACC000201,3172012003930151,5909867234,Bank OCBC NISP,Giro,Aktif,2022-08-28,17876711,1176494,847342,75,2,-110520
ACC000202,3172012003930151,4149605122,Bank Permata,Giro,Aktif,2022-03-02,19700168,995247,748049,26,0,19877477
ACC000203,3276017005830152,4634211163,Bank BNI,Tabungan,Aktif,2018-08-28,60041895,2724092,2087823,128,0,89203455
ACC000204,3271014407890153,7723417591,Bank Mandiri,Giro,Aktif,2016-03-23,12531584,889535,744455,41,0,6746999
ACC000205,3271014407890153,9210660829,Bank Permata,Tabungan,Aktif,2019-10-02,19534121,774689,557592,190,0,14289210
ACC000206,3276011812950154,4194070524,Bank Danamon,Tabungan,Aktif,2016-05-23,8149459,1170855,1036213,151,0,13647616
ACC000207,3276011812950154,8630958773,BNI,Tabungan,Aktif,2020-02-22,6614417,1220953,1122889,136,1,-100940
ACC000208,3175016111660155,9771286336,Bank BCA,Giro,Aktif,2024-09-06,6964178,989557,911103,42,0,5492933
ACC000209,3271012802710156,3955107840,Bank CIMB Niaga,Giro,Aktif,2019-03-24,2884963,768847,716164,159,0,2369467
ACC000210,3671010607690157,1795470153,Bank BCA,Giro,Aktif,2025-05-28,716102,681652,666940,154,0,336337
ACC000211,3671016606990158,4990846415,Bank CIMB Niaga,Giro,Aktif,2023-10-03,14326032,2040972,1808359,102,0,19372757
ACC000212,3276010708980159,8123052977,Bank Panin,Tabungan,Aktif,2015-12-06,7431541,2480426,2298055,103,1,-146290
ACC000213,3276010708980159,9412534147,BPR Mitra Usaha,Giro,Aktif,2022-11-16,4766393,1560226,1461194,150,0,5475854
ACC000214,3671016903770160,6428670499,Bank BCA,Tabungan,Aktif,2015-05-09,56272467,3140119,2345110,25,0,99127825
ACC000215,3671015511720161,6867036221,Bank OCBC NISP,Tabungan,Aktif,2016-12-12,37731160,1722457,1307690,138,0,60113207
ACC000216,3174011209760162,8582302820,Bank Panin,Giro,Aktif,2023-11-11,18080480,1227535,908435,184,0,19552383
ACC000217,3174011209760162,9449726514,Bank CIMB Niaga,Giro,Aktif,2024-07-09,31757836,1268904,909492,156,0,48890948
ACC000218,3671015510670163,7179927150,BNI,Giro,Aktif,2019-02-03,24204229,2186647,1764876,76,0,21476520
ACC000219,3671015510670163,6512473073,Bank OCBC NISP,Tabungan,Aktif,2025-03-29,27547819,1769713,1293340,185,0,12305438
ACC000220,3171015406860164,2223569887,Bank BCA,Giro,Aktif,2018-08-09,10556232,1983560,1720917,70,0,7281143
ACC000221,3171015406860164,1475176892,Bank Panin,Tabungan,Aktif,2020-01-09,17170006,1638358,1430360,119,0,8228210
ACC000222,3671012807880165,2023557574,BPR Mitra Usaha,Tabungan,Aktif,2022-08-01,3755828,871688,808474,132,2,4300680
ACC000223,3671012003700166,6307301227,BNI,Tabungan,Aktif,2023-05-16,7361100,2895264,2758386,154,0,6494120
ACC000224,3172016809850167,1925595995,Bank BRI,Giro,Aktif,2015-01-15,5600700,549143,492431,199,0,6374337
ACC000225,3671011104890168,3690425129,Bank Permata,Giro,Aktif,2021-10-28,42255899,2370340,1908837,133,0,46913115
ACC000226,3674014711810169,8450715748,Bank CIMB Niaga,Tabungan,Aktif,2023-11-30,30737856,3140807,2744997,134,1,48975438
ACC000227,3174012105780170,2847571498,Bank BCA,Tabungan,Aktif,2022-04-12,2900444,939526,878220,105,0,2821333
ACC000228,3174015206660171,4566526494,Bank Danamon,Tabungan,Aktif,2016-06-01,2764716,718927,683932,44,3,3261385
ACC000229,3671016412750172,7325418119,Bank OCBC NISP,Tabungan,Aktif,2017-04-20,24245411,926443,653009,145,0,29670791
ACC000230,3671012711900173,7428802196,Bank Permata,Giro,Aktif,2017-08-27,4803943,511496,415621,79,0,5960235
ACC000231,3671013001930174,3761441863,Bank BRI,Tabungan,Aktif,2019-05-30,30553739,3543580,2946097,23,0,43060689
ACC000232,3276014411980175,4030996869,Bank BCA,Tabungan,Aktif,2022-01-09,97166514,7882937,6168605,71,2,63183882
ACC000233,3173016311750176,7491240668,Bank Mandiri,Tabungan,Aktif,2018-09-28,82545452,6670836,5839944,37,0,140754454
ACC000234,3671010704680177,5135809913,Bank CIMB Niaga,Giro,Aktif,2023-07-31,14926707,1694730,1422279,96,2,8713949
ACC000235,3671010704680177,9876623451,BPR Mitra Usaha,Tabungan,Dormant,2018-09-21,12942213,1114827,894207,21,0,1174332
ACC000236,3671010307980178,7640856989,Bank BCA,Giro,Aktif,2020-09-07,8194540,1405164,1294163,177,0,7939978
ACC000237,3671010307980178,7309639914,Bank Mandiri,Tabungan,Aktif,2016-10-04,20387725,1813552,1346213,130,0,25410968
ACC000238,3674016711850179,7279846810,Bank Danamon,Giro,Aktif,2015-02-12,73898379,2803903,2020068,66,1,54332671
ACC000239,3175012710890180,2263213642,BNI,Tabungan,Aktif,2024-09-15,6593251,2388773,2274100,117,0,9185627
ACC000240,3671015807760181,7563302330,BNI,Giro,Aktif,2019-03-08,6883223,705545,608538,123,3,6464377
ACC000241,3671015807760181,5676124233,Bank Mandiri,Tabungan,Dormant,2022-07-13,11253754,718124,603943,59,0,2153182
ACC000242,3671010307880182,7724866257,Bank BNI,Tabungan,Aktif,2015-03-03,23822683,2109618,1777614,199,0,14824118
ACC000243,3671010307880182,5245126671,Bank Panin,Tabungan,Aktif,2015-07-23,18828859,1837257,1631341,102,0,18578175
ACC000244,3671012809810183,7129953363,BPR Mitra Usaha,Tabungan,Aktif,2015-07-26,52008875,2598815,2004831,52,0,42319428
ACC000245,3671012809810183,8267753120,BPR Mitra Usaha,Giro,Aktif,2022-03-06,25547836,2374988,1801493,86,0,23707358
ACC000246,3671011201890184,2375902193,Bank BNI,Tabungan,Aktif,2016-03-11,20708406,833125,620991,89,0,16599740
ACC000247,3671011201890184,5711427314,Bank CIMB Niaga,Tabungan,Aktif,2017-01-17,32416974,1220827,882766,160,0,48364211
ACC000248,3671012707010185,4123450065,BNI,Giro,Aktif,2019-01-22,9402250,1324465,1125256,142,1,14255483
ACC000249,3174011203690186,3372810329,Bank Mandiri,Giro,Aktif,2025-05-15,2881573,1084866,1017895,150,0,2640585
ACC000250,3671012005900187,2506458339,Bank Mandiri,Giro,Aktif,2023-08-14,12232185,991025,829605,35,0,10562865
ACC000251,3671015701730188,7960034188,BPR Mitra Usaha,Giro,Aktif,2018-12-14,31129093,2184375,1679312,98,0,26611125
ACC000252,3671012103820189,4452387181,Bank BCA,Giro,Dormant,2017-12-12,11949425,1039598,789396,178,0,1181081
ACC000253,3671011309990190,4307723737,Bank OCBC NISP,Tabungan,Aktif,2015-04-30,6293745,2208021,2066151,73,0,8734047
ACC000254,3671014511680191,9303807113,Bank Mandiri,Giro,Aktif,2020-06-22,13039740,659444,494026,66,0,21379305
ACC000255,3671014511680191,8590397475,Bank Danamon,Tabungan,Aktif,2015-02-19,6186228,1133348,1067946,186,0,4036663
ACC000256,3174016703650192,5559260369,BNI,Tabungan,Aktif,2015-08-06,10714437,1142617,913536,125,0,4838468
ACC000257,3174016703650192,9287420025,BNI,Tabungan,Aktif,2018-04-01,6622451,911609,819261,141,1,-20942
ACC000258,3671016008690193,5415127805,Bank Mandiri,Giro,Aktif,2021-01-22,27591385,2966487,2357201,182,0,29933887
ACC000259,3671016008690193,1984029481,Bank OCBC NISP,Tabungan,Aktif,2015-04-01,17095396,2045937,1841671,154,0,25216146
ACC000260,3172016211750194,4201153872,BPR Mitra Usaha,Tabungan,Aktif,2023-02-18,22374932,2135525,1654609,110,0,19650555
ACC000261,3271012211830195,2204529096,Bank Permata,Giro,Aktif,2018-01-24,14397063,1739715,1582796,113,0,13899418
ACC000262,3175012104650196,6118911135,Bank BRI,Giro,Aktif,2020-02-05,22446929,1237798,899963,166,0,37030762
ACC000263,3175012104650196,6543830563,Bank Mandiri,Tabungan,Aktif,2025-02-12,10461020,1561371,1343232,41,0,17616156
ACC000264,3671016806860197,8170657309,Bank BCA,Giro,Aktif,2018-04-04,14997487,2339148,2114192,165,0,7783254
ACC000265,3275015804900198,1344670500,Bank BRI,Tabungan,Aktif,2015-11-20,23811853,1696915,1219444,69,0,17944449
ACC000266,3671016609010199,5009449734,Bank BCA,Tabungan,Aktif,2023-03-18,46757040,1601922,1131765,137,3,70820074
ACC000267,3173016810910200,8825170768,Bank CIMB Niaga,Giro,Aktif,2018-09-05,9832884,1304489,1091507,76,0,16441022
ACC000268,3175011806720201,6044433419,Bank BRI,Giro,Aktif,2024-07-11,19540935,1430740,1101510,92,0,29801093
ACC000269,3671013012840202,7942323009,Bank OCBC NISP,Tabungan,Aktif,2019-07-29,176970243,11609664,9102712,141,0,174293366
ACC000270,3671013012840202,9705462668,Bank Danamon,Tabungan,Aktif,2018-08-24,113523175,14320962,12665338,36,0,128930218
ACC000271,3174011704020203,8539422314,Bank OCBC NISP,Tabungan,Aktif,2019-12-04,29532396,1173367,824465,34,0,40889069
ACC000272,3671016304790204,9936209726,Bank CIMB Niaga,Tabungan,Aktif,2021-05-13,2830091,601308,532513,156,0,3912826
ACC000273,3172012910720205,7137305144,Bank Panin,Giro,Aktif,2017-01-09,11319493,2799232,2635584,28,0,13415096
ACC000274,3172012910720205,8505033317,Bank BNI,Tabungan,Aktif,2021-12-01,44377747,3827151,2916971,93,0,18215158
ACC000275,3674012404660206,1934869936,Bank Permata,Tabungan,Aktif,2018-09-09,26200931,1601203,1165233,159,3,23152050
ACC000276,3175011608790207,6421244151,Bank Panin,Giro,Aktif,2023-03-31,2232546,504819,465477,135,0,1059173
ACC000277,3175011608790207,4460254739,Bank BRI,Giro,Aktif,2020-05-21,6551942,570945,458220,179,0,8474556
ACC000278,3276010307010208,3037078091,Bank BNI,Tabungan,Aktif,2024-03-29,14750703,1993959,1712628,75,0,17318930
ACC000279,3276010307010208,3952505997,BPR Mitra Usaha,Giro,Dormant,2021-03-28,27473214,1719223,1267814,174,0,4707176
ACC000280,3671010112870209,2812134512,Bank Mandiri,Giro,Aktif,2020-09-10,4218208,880366,799632,115,0,6343835
ACC000281,3171011102790210,6368400111,Bank Danamon,Giro,Aktif,2015-05-10,26677450,1119227,829424,44,0,14464362
ACC000282,3171011102790210,3193368552,Bank OCBC NISP,Giro,Aktif,2022-10-18,2957640,1113465,1077910,53,0,4952251
ACC000283,3674014811960211,6235708199,Bank OCBC NISP,Giro,Aktif,2016-04-05,27399425,2047881,1579035,125,0,39469478
ACC000284,3276014901000212,1475931407,Bank BNI,Tabungan,Aktif,2015-01-14,17696505,871724,621011,198,0,13064748
ACC000285,3173014507890213,8058380678,Bank BNI,Tabungan,Aktif,2017-11-11,8545727,1604708,1411358,70,0,10320752
ACC000286,3173014507890213,4767160726,BPR Mitra Usaha,Giro,Aktif,2018-11-30,21614732,1289593,1018502,85,2,21589827
ACC000287,3275015710990214,7038467330,Bank BCA,Giro,Aktif,2024-04-12,4485832,452033,387355,170,0,6169230
ACC000288,3172012609800215,9866101024,BPR Mitra Usaha,Tabungan,Aktif,2015-11-07,36764338,1911158,1382119,163,0,52568586
ACC000289,3275011006770216,1371529741,Bank Panin,Tabungan,Aktif,2019-01-23,17321598,2783383,2517477,178,0,26968955
ACC000290,3275011006770216,5861286052,Bank CIMB Niaga,Giro,Aktif,2015-10-18,26756644,2409437,1918939,21,0,28864773
ACC000291,3671014103930217,7041297852,Bank CIMB Niaga,Giro,Aktif,2018-05-13,6758058,954236,820930,134,0,8643352
ACC000292,3671014103930217,8754694173,Bank BCA,Giro,Aktif,2024-07-13,5313612,1465487,1391527,20,0,6210107
ACC000293,3275016309990218,1000677678,Bank OCBC NISP,Tabungan,Aktif,2022-03-15,3854090,2388992,2304612,29,0,4003766
ACC000294,3275016309990218,7104670057,Bank Mandiri,Tabungan,Aktif,2017-09-09,6174395,2101534,2013458,125,1,6279993
ACC000295,3271016606790219,2912542620,Bank BCA,Giro,Aktif,2020-09-07,7035002,1170465,1023699,31,0,6817753
ACC000296,3275012907700220,6878560310,Bank Danamon,Giro,Aktif,2015-11-17,6676133,530900,414401,39,0,4652891
ACC000297,3175012603760221,6289870992,Bank BNI,Giro,Aktif,2023-02-06,13512247,1523246,1352650,27,0,6007667
ACC000298,3175012603760221,9782798654,Bank Permata,Giro,Aktif,2016-08-09,8477663,1296498,1148990,91,0,9342500
ACC000299,3671015801650222,7285425698,Bank Mandiri,Giro,Aktif,2017-08-28,3592612,1232143,1190112,56,2,6076185
ACC000300,3275010508030223,7320561471,Bank BRI,Giro,Aktif,2016-02-03,25631084,2005496,1411007,140,0,30449963
ACC000301,3275010508030223,8874235687,Bank BRI,Tabungan,Aktif,2022-05-24,8749792,1838307,1624459,92,0,8246679
ACC000302,3276010303820224,1941822192,Bank CIMB Niaga,Tabungan,Aktif,2016-04-13,11516181,1523414,1333568,168,0,4642272
ACC000303,3171016106830225,9882098812,Bank BNI,Tabungan,Aktif,2015-06-11,24972753,1966189,1561463,84,0,13054165
ACC000304,3171014406770226,3853210750,Bank Permata,Tabungan,Aktif,2025-05-07,2127713,347501,306210,111,0,1598972
ACC000305,3171014406770226,8817254540,Bank Permata,Giro,Aktif,2017-07-20,1206459,371076,350229,93,0,1211960
ACC000306,3671011907980227,7818870353,Bank Panin,Giro,Aktif,2016-03-02,7293282,1067418,941360,91,0,4663004
ACC000307,3271010312700228,3168413772,Bank Mandiri,Giro,Aktif,2019-12-05,12339464,1879145,1752715,60,2,5350917
ACC000308,3174011809670229,3927725808,Bank CIMB Niaga,Tabungan,Aktif,2025-01-01,33470906,5327789,4912824,60,0,41056777
ACC000309,3671011306770230,4308480918,Bank BNI,Giro,Aktif,2019-02-18,15200257,1173295,984150,105,0,20858913
ACC000310,3276010708670231,7307088204,Bank Panin,Tabungan,Aktif,2020-05-13,27638336,2638804,2309067,187,0,23069021
ACC000311,3276010708670231,4072036411,Bank BCA,Tabungan,Aktif,2024-12-16,4777048,1855064,1769137,73,0,5687595
ACC000312,3174010805720232,6980060638,BNI,Tabungan,Aktif,2023-10-20,644532,435304,421941,26,0,950044
ACC000313,3174010805720232,1032554264,Bank OCBC NISP,Tabungan,Aktif,2017-05-29,772082,376164,367832,99,0,1156414
ACC000314,3674011503770233,8712252224,Bank BCA,Giro,Aktif,2021-03-02,54366010,2345606,1712660,25,0,35362676
ACC000315,3175012201720234,5417180238,Bank Permata,Giro,Dormant,2016-09-30,5606385,587922,523683,173,0,1096636
ACC000316,3174010103860235,5792618603,Bank Danamon,Giro,Aktif,2021-10-05,92835061,7940116,6497136,50,0,155709527
ACC000317,3271016001020236,9147219136,Bank OCBC NISP,Giro,Aktif,2020-05-10,6421126,738161,661358,120,0,3410705
ACC000318,3271016001020236,6277882131,Bank BCA,Giro,Aktif,2022-05-01,14920118,711235,531590,39,0,13184934
ACC000319,3271014709790237,8765375697,Bank BCA,Tabungan,Aktif,2021-01-29,17829023,1496668,1156848,123,0,29068451
ACC000320,3271014709790237,8242239505,Bank BNI,Tabungan,Aktif,2024-03-28,22237663,1988816,1687352,132,0,15936081
ACC000321,3671012908990238,9602773348,BPR Mitra Usaha,Tabungan,Aktif,2020-09-04,23581728,1282598,981646,124,0,15701625
ACC000322,3175016401650239,1625150693,Bank Panin,Giro,Aktif,2022-07-12,39280705,1576450,1149753,119,0,65909698
ACC000323,3175016401650239,4180928215,Bank BRI,Giro,Aktif,2025-05-01,12088388,1340917,1114575,77,0,16637924
ACC000324,3174012105750240,6488613399,Bank BCA,Giro,Aktif,2020-05-13,25065035,2768572,2326351,158,2,43078543
ACC000325,3173011909940241,7893408498,Bank BRI,Tabungan,Aktif,2022-10-01,3182863,680375,634206,196,0,4999947
ACC000326,3173011909940241,6782380143,Bank BNI,Tabungan,Aktif,2023-05-23,24685066,1139215,854122,89,0,29402467
ACC000327,3174014402740242,5355707010,Bank BNI,Tabungan,Aktif,2016-11-20,10535117,1680692,1521447,21,2,12941599
ACC000328,3671016307990243,2108992583,Bank BNI,Tabungan,Aktif,2025-01-29,8697671,2240002,2145235,130,0,10493238
ACC000329,3671016307990243,5709603522,Bank BRI,Giro,Aktif,2019-10-06,7514574,2123359,1973737,197,0,6118930
ACC000330,3174012511960244,8522019180,Bank BNI,Giro,Aktif,2020-06-17,9043856,1046519,945599,190,0,11296232
ACC000331,3671014104690245,1236093664,BNI,Giro,Dormant,2017-06-15,3344104,1739367,1669692,68,0,178704
ACC000332,3671015402910246,5363126079,Bank Permata,Tabungan,Aktif,2023-12-12,8774780,655857,557218,30,0,12583992
ACC000333,3671015402910246,1536959834,Bank BCA,Giro,Aktif,2019-10-10,5159167,719939,666359,25,0,7875416
ACC000334,3171012909900247,8185633887,BNI,Tabungan,Aktif,2024-10-12,10424290,2089244,1907550,50,0,6836701
ACC000335,3271014301850248,3150125407,Bank OCBC NISP,Tabungan,Dormant,2019-09-12,110101538,4120054,2975973,90,0,12161788
ACC000336,3276012210830249,3497532856,BPR Mitra Usaha,Tabungan,Aktif,2015-08-02,33822213,3458800,2985525,85,3,14948145
ACC000337,3271014406820250,5345102095,Bank BCA,Tabungan,Aktif,2016-09-07,12368369,1582598,1417673,147,0,10846085
ACC000338,3671016902720251,5084288048,Bank Permata,Tabungan,Aktif,2017-08-20,1110009,645608,629904,170,0,1109329
ACC000339,3671016902720251,2983987232,Bank BCA,Tabungan,Aktif,2024-05-11,7451573,939322,799010,172,0,11256332
ACC000340,3171017107910252,7865842617,Bank Danamon,Tabungan,Aktif,2017-07-13,31395134,2871975,2554574,56,0,47835598
ACC000341,3671011611720253,8673642364,BNI,Giro,Aktif,2023-04-06,44270003,2646614,2054964,37,0,53291509
ACC000342,3171011404800254,1153768720,Bank OCBC NISP,Tabungan,Aktif,2023-11-05,3223154,1178337,1118211,177,1,4658993
ACC000343,3671011604910255,7680586517,Bank BNI,Giro,Aktif,2022-12-25,6245014,2119092,2024984,98,0,3129334
ACC000344,3671011604910255,6965188159,Bank Mandiri,Tabungan,Aktif,2025-01-20,46705901,2760905,1933361,185,0,68640486
ACC000345,3671014601750256,1474528069,Bank Permata,Giro,Aktif,2023-01-26,1544839,936072,917193,119,0,1281892
ACC000346,3671014303730257,8955926495,Bank BCA,Tabungan,Aktif,2016-01-15,8855810,822530,727991,163,0,15742577
ACC000347,3671014303730257,3074980596,Bank OCBC NISP,Tabungan,Aktif,2020-04-10,12418716,942306,709137,93,1,10257309
ACC000348,3276011607930258,9848176578,Bank Panin,Tabungan,Dormant,2020-08-31,16222560,1836561,1498858,24,0,3648331
ACC000349,3671016802670259,3038251028,BNI,Giro,Aktif,2023-08-28,11733410,827865,704466,41,1,19429065
ACC000350,3671011804720260,7171990384,Bank OCBC NISP,Tabungan,Aktif,2025-07-20,5444234,2788210,2698328,140,3,-396542
ACC000351,3671011804720260,6410014366,Bank Mandiri,Giro,Aktif,2017-06-15,38884670,2456881,1922546,124,0,61383758
ACC000352,3174015607890261,9983352833,Bank Panin,Tabungan,Aktif,2017-05-05,29043704,1422150,1064217,98,0,28247237
ACC000353,3174015607890261,4785307792,Bank BRI,Giro,Aktif,2024-06-15,14081284,1850124,1674929,150,0,21937910
ACC000354,3276011007730262,5447440807,BPR Mitra Usaha,Giro,Aktif,2024-11-29,4405656,2048178,1943918,90,0,7334081
ACC000355,3674012211710263,9246807285,Bank Panin,Giro,Dormant,2022-06-29,1250187,583545,558206,22,0,278155
ACC000356,3171011808930264,2430677435,BPR Mitra Usaha,Giro,Aktif,2015-02-01,14080552,3446908,3183733,58,0,9499719
ACC000357,3276012308810265,7610045611,Bank Danamon,Giro,Aktif,2025-04-18,5267169,942404,884639,185,0,2339512
ACC000358,3671011310710266,2211728387,Bank BNI,Tabungan,Aktif,2019-03-29,19939970,841040,617852,54,0,20436520
ACC000359,3276015405860267,1396644479,Bank Mandiri,Giro,Aktif,2019-11-16,5442292,309619,238001,53,0,9638346
ACC000360,3174012912830268,4019473148,Bank Panin,Tabungan,Aktif,2023-05-03,24634161,3449061,3038473,186,1,24182650
ACC000361,3271010506030269,2613808586,Bank OCBC NISP,Giro,Aktif,2023-01-10,33084513,3593218,3176205,76,1,41379588
ACC000362,3671012709690270,7146077217,Bank BRI,Tabungan,Aktif,2019-04-26,2379502,442764,412636,184,0,3872137
ACC000363,3674015506710271,4322472625,Bank BNI,Tabungan,Aktif,2015-03-12,3753381,1720550,1676443,37,0,5919638
ACC000364,3271017007770272,3878020307,Bank OCBC NISP,Giro,Aktif,2021-04-18,7510386,1288890,1103349,98,0,3152135
ACC000365,3671014706730273,7287353700,Bank BRI,Tabungan,Aktif,2022-03-31,24418559,1614038,1269955,136,1,11173640
ACC000366,3671010102710274,1321279575,Bank CIMB Niaga,Giro,Aktif,2018-03-12,36938765,2249505,1731898,55,0,32906073
ACC000367,3271015012010275,1341611359,Bank BNI,Giro,Aktif,2018-09-04,16660333,970773,732444,65,2,9741195
ACC000368,3671015106800276,1686902787,Bank BCA,Giro,Aktif,2023-11-28,7300063,637668,527941,28,0,10099504
ACC000369,3671012601770277,4457286733,Bank OCBC NISP,Tabungan,Aktif,2017-04-27,71701693,3346773,2346385,197,3,58828639
ACC000370,3671012601770277,1073799749,BPR Mitra Usaha,Tabungan,Aktif,2015-06-09,101869994,3634882,2554571,135,0,127219345
ACC000371,3671012112960278,4420856260,BPR Mitra Usaha,Giro,Aktif,2024-02-28,28266909,2712575,2223714,98,2,19899131
ACC000372,3172015809940279,8275975030,Bank Permata,Giro,Aktif,2020-04-01,4052915,774792,717892,187,2,1921219
ACC000373,3271015406730280,7277616913,Bank Danamon,Tabungan,Aktif,2022-03-20,34400822,3995824,3551326,32,0,60122436
ACC000374,3271015406730280,1441793921,Bank OCBC NISP,Tabungan,Aktif,2019-02-24,23023130,2999738,2621258,172,2,25478063
ACC000375,3271011110830281,1592273938,Bank Permata,Giro,Aktif,2023-08-31,28609645,2117721,1806935,175,0,32169392
ACC000376,3271014412020282,9548859744,BNI,Giro,Aktif,2020-07-21,5219006,541149,425030,67,0,7372851
ACC000377,3671012112740283,6949650094,Bank Panin,Tabungan,Aktif,2022-10-14,24996001,2403676,1842174,192,0,43870224
ACC000378,3275015606930284,1341936385,Bank BRI,Giro,Aktif,2025-06-25,16466711,1143989,917035,170,0,12331482
ACC000379,3171011605800285,9481789608,Bank CIMB Niaga,Tabungan,Aktif,2016-09-30,14647183,1058099,850814,71,0,6003923
ACC000380,3174011204850286,6903330330,Bank BNI,Tabungan,Aktif,2024-01-28,10245794,811039,656775,54,0,11746242
ACC000381,3174011204850286,1538024701,Bank OCBC NISP,Tabungan,Aktif,2024-09-20,8996409,823595,717164,38,0,12513015
ACC000382,3674015803650287,4959776203,Bank BNI,Giro,Dormant,2025-01-04,3386311,318728,282445,123,0,461624
ACC000383,3671012502750288,1870364501,Bank CIMB Niaga,Tabungan,Aktif,2020-12-02,31147658,2719837,2091410,103,0,23586209
ACC000384,3671012502750288,8620115398,Bank Mandiri,Giro,Aktif,2017-05-14,26584941,2616056,2235778,87,0,30248152
ACC000385,3671015506840289,4154761668,BPR Mitra Usaha,Giro,Dormant,2015-02-14,40259924,1930849,1398977,25,0,8004000
ACC000386,3174011506910290,6788700049,Bank Mandiri,Giro,Aktif,2016-03-17,24330109,7762730,7488678,35,0,25132787
ACC000387,3174011506910290,1334585609,BPR Mitra Usaha,Giro,Aktif,2020-07-10,138467074,6849487,4827368,153,0,242972046
ACC000388,3671010203670291,8863472510,Bank Permata,Giro,Aktif,2020-09-26,49374298,1923433,1404564,150,0,61135122
ACC000389,3671010203670291,5085928138,Bank BRI,Tabungan,Aktif,2023-02-22,3020337,1517607,1467912,178,0,3390248
ACC000390,3671010507780292,3714769032,Bank BCA,Giro,Aktif,2024-02-15,4469119,2279556,2214257,31,0,2332886
ACC000391,3671010507780292,1503338583,Bank Mandiri,Giro,Aktif,2025-08-04,3799983,2706725,2626991,65,0,4435287
ACC000392,3671014609770293,4138978721,Bank OCBC NISP,Tabungan,Aktif,2021-07-23,10218677,1625303,1462781,106,0,5418270
ACC000393,3276014810660294,3448042244,Bank BRI,Giro,Aktif,2015-07-11,24231420,1959022,1478502,119,0,12023138
ACC000394,3671011009710295,4535004417,Bank BRI,Giro,Aktif,2022-01-25,8383528,1715675,1586048,65,0,12899223
ACC000395,3174016406010296,4988606543,Bank BCA,Giro,Aktif,2024-08-17,8218002,722541,583011,52,0,13239471
ACC000396,3671012909790297,7716478840,BPR Mitra Usaha,Giro,Aktif,2021-02-12,2140208,2150753,2101545,92,0,2344757
ACC000397,3674015312950298,5806950413,Bank BRI,Giro,Aktif,2023-07-29,2150662,893326,864345,153,1,1589314
ACC000398,3671015702730299,2811006055,Bank OCBC NISP,Giro,Aktif,2024-11-26,9611777,2477041,2296938,49,0,13535731
ACC000399,3671015702730299,9343456944,Bank OCBC NISP,Giro,Aktif,2019-01-24,23553748,1984833,1629427,131,0,9711441
ACC000400,3175016005940300,8617264995,Bank Permata,Tabungan,Aktif,2020-08-11,24395580,1571951,1304781,178,0,31255354
ACC000401,3175016005940300,5450448343,Bank Danamon,Tabungan,Aktif,2021-05-19,45606629,2196490,1701129,81,0,46867472
ACC000402,3173014507800301,1221088367,Bank BNI,Tabungan,Dormant,2019-09-12,21872797,1542194,1144382,168,0,5143733
ACC000403,3173014507800301,6417101669,Bank BCA,Giro,Aktif,2022-05-11,23354726,2663607,2377041,74,0,34004971
ACC000404,3173016105790302,6933859061,Bank OCBC NISP,Tabungan,Aktif,2015-04-26,17394737,886632,691952,105,0,16182166
ACC000405,3173016105790302,3507270013,BPR Mitra Usaha,Tabungan,Dormant,2015-04-30,14071390,979600,816152,132,0,2539545
ACC000406,3173014412840303,4782621552,Bank Panin,Giro,Aktif,2024-01-21,11259464,2238649,1964733,199,0,6447296
ACC000407,3172011908890304,6895453160,Bank BCA,Giro,Aktif,2025-05-23,21431759,3406747,3036609,136,0,10489475
ACC000408,3172011908890304,1158803545,Bank BNI,Tabungan,Aktif,2019-05-04,5797175,3815853,3723001,142,0,8471129
ACC000409,3173016311790305,2725126985,BPR Mitra Usaha,Giro,Aktif,2018-10-07,19508826,2054639,1858176,155,1,16909057
ACC000410,3671012707890306,6977064310,Bank OCBC NISP,Tabungan,Aktif,2019-09-03,22187453,2246258,1860480,36,1,36237678
ACC000411,3171010206700307,5753156812,BNI,Giro,Aktif,2024-05-12,6691977,813580,718347,197,0,4552108
ACC000412,3671015805870308,8947001940,Bank CIMB Niaga,Tabungan,Aktif,2018-08-21,27400212,1623468,1224747,76,0,29935905
ACC000413,3671011308870309,6332939575,Bank Permata,Giro,Aktif,2022-04-24,58550997,3110226,2492977,158,1,-145481
ACC000414,3671012610020310,4244935838,Bank Danamon,Giro,Aktif,2017-06-11,18155533,1187628,975577,167,3,21274423
ACC000415,3671012610020310,6414138834,BPR Mitra Usaha,Tabungan,Aktif,2015-08-27,11914233,1744741,1583899,170,0,18494627
ACC000416,3171014908870311,1302206974,Bank Permata,Tabungan,Aktif,2024-05-02,9957695,1301480,1179678,198,0,4896313
ACC000417,3171014908870311,6917615087,Bank Mandiri,Tabungan,Dormant,2018-06-06,1279413,1009205,985736,89,0,144381
ACC000418,3172015110690312,8129370857,Bank Danamon,Tabungan,Aktif,2020-10-28,20378950,1620595,1410785,99,0,11001111
ACC000419,3671016502740313,8161543272,Bank Panin,Giro,Aktif,2020-11-18,12310845,1291679,1029173,178,1,-75363
ACC000420,3275011202820314,8353982445,Bank Permata,Giro,Aktif,2015-07-21,142558186,5883862,4352056,181,0,107739471
ACC000421,3671015511980315,3076163487,Bank Danamon,Giro,Aktif,2016-01-28,7154065,1752998,1606194,173,0,11493207
ACC000422,3173012810660316,1755473517,BPR Mitra Usaha,Giro,Aktif,2024-04-07,6604415,860865,735242,170,0,7115105
ACC000423,3174016411710317,8045732382,Bank Panin,Tabungan,Dormant,2015-02-17,14904499,4199968,4026836,71,2,1631596
ACC000424,3276010104730318,2511456363,Bank BCA,Tabungan,Aktif,2015-04-04,11315915,708710,541520,83,0,12581054
ACC000425,3271010303780319,6587304656,Bank BRI,Tabungan,Aktif,2015-03-18,16544081,774582,563091,118,0,13760945
ACC000426,3271010303780319,9522145859,Bank OCBC NISP,Tabungan,Aktif,2023-01-27,13197485,1241481,1076982,35,0,20073447
ACC000427,3671015610660320,4274431220,Bank OCBC NISP,Giro,Aktif,2020-07-23,22478020,2412075,2029433,163,0,10115804
ACC000428,3671015610660320,6515686835,Bank Permata,Tabungan,Aktif,2019-12-13,29340338,3189938,2620944,38,0,37098216
ACC000429,3276015605790321,5090865064,Bank Danamon,Giro,Aktif,2023-12-04,10321801,3137279,2944514,20,0,4436049
ACC000430,3276015605790321,9640982046,BNI,Tabungan,Aktif,2025-07-29,55721101,3283125,2472011,192,1,62777126
ACC000431,3275012303740322,4377357344,Bank BRI,Tabungan,Aktif,2018-12-25,1365301,996467,965071,34,0,764156
ACC000432,3171011708000323,4278663648,Bank Permata,Tabungan,Aktif,2018-01-31,17836707,1118131,869987,157,0,26974879
ACC000433,3173015603950324,7115071593,Bank BNI,Giro,Aktif,2017-03-10,1943467,1148685,1110993,81,0,1987751
ACC000434,3175011904000325,9617799505,BPR Mitra Usaha,Tabungan,Aktif,2015-08-08,11752779,3738012,3455938,83,2,9312661
ACC000435,3175011904000325,6671386544,Bank CIMB Niaga,Giro,Aktif,2016-03-27,3923370,3158807,3092374,145,1,2352716
ACC000436,3171014107980326,1856837512,Bank BRI,Tabungan,Aktif,2024-09-09,7261103,1313242,1239894,66,0,9669494
ACC000437,3171014107980326,8588168284,Bank BCA,Tabungan,Aktif,2022-11-05,20859604,1551078,1228488,184,0,12853727
ACC000438,3174011611660327,9339205305,Bank BRI,Giro,Aktif,2020-08-14,11045656,841009,656949,96,3,14522355
ACC000439,3671012203720328,2529784067,Bank BNI,Giro,Aktif,2023-07-24,9444037,557381,403577,180,0,9336879
ACC000440,3175015702950329,5918886177,Bank Mandiri,Giro,Aktif,2016-05-16,105557104,4709883,3488477,186,0,164486076
ACC000441,3671010609730330,4737341619,Bank Danamon,Giro,Aktif,2025-02-15,12627181,929075,766673,80,0,22567972
ACC000442,3671010609730330,1726809086,Bank Mandiri,Giro,Aktif,2019-12-28,4043250,843725,756820,88,0,5941617
ACC000443,3276016103650331,6739927166,Bank Permata,Tabungan,Aktif,2019-09-12,53619091,2036574,1469620,96,0,33450316
ACC000444,3276016103650331,5432356673,Bank BNI,Giro,Aktif,2015-03-17,10981271,1506900,1262251,54,0,6665210
ACC000445,3271014511860332,1376688761,Bank OCBC NISP,Tabungan,Aktif,2019-05-27,20931978,901672,637465,67,0,15417381
ACC000446,3671011506010333,6037916859,Bank BCA,Tabungan,Aktif,2017-07-18,10000667,1099020,984201,123,2,13468819
ACC000447,3172012211970334,8486586183,BNI,Giro,Aktif,2023-10-02,42500190,3283179,2765064,117,1,54426741
ACC000448,3172012211970334,5689542396,Bank Panin,Tabungan,Aktif,2024-02-02,25715651,3023106,2754229,127,0,46129140
ACC000449,3671012012980335,8373081324,Bank BNI,Giro,Aktif,2021-03-01,2663763,295042,244318,163,0,3945514
ACC000450,3276016710670336,4912462676,Bank OCBC NISP,Giro,Aktif,2020-03-12,7942233,2047899,1866587,167,0,7893714
ACC000451,3275012707960337,9931708887,Bank CIMB Niaga,Giro,Aktif,2023-09-08,10668410,668793,493404,87,0,4602180
ACC000452,3275012707960337,4282198390,Bank Permata,Tabungan,Aktif,2022-11-01,10949551,500701,368544,190,0,18169420
ACC000453,3172015404760338,6235239671,Bank BRI,Tabungan,Aktif,2019-11-06,23060884,2341008,2060188,101,0,32711329
ACC000454,3172015404760338,6295758483,Bank Permata,Giro,Aktif,2020-12-19,28482523,2506043,1924546,117,0,18864764
ACC000455,3174013101880339,6140821169,Bank BNI,Tabungan,Aktif,2017-08-03,26159696,1558600,1289940,188,0,17221193
ACC000456,3174013101880339,8893337632,Bank BNI,Tabungan,Aktif,2020-03-02,14354079,1259880,1041833,199,0,13880887
ACC000457,3671010808860340,5771896518,Bank Permata,Giro,Aktif,2020-01-11,47634514,1979309,1480547,118,2,49907651
ACC000458,3171012903930341,4965888470,Bank Mandiri,Giro,Aktif,2019-12-17,17643667,851789,619336,34,0,25726886
ACC000459,3671010511680342,1318278181,Bank BRI,Giro,Aktif,2019-10-03,16101760,1108257,800206,88,0,14852008
ACC000460,3671010511680342,5756521244,Bank CIMB Niaga,Tabungan,Aktif,2025-07-05,9952283,1408205,1179391,152,0,7910809
ACC000461,3671011007720343,6237393926,Bank BRI,Tabungan,Aktif,2020-01-26,106208526,9032008,7374928,33,0,61424884
ACC000462,3671012801020344,5035753562,Bank BNI,Giro,Aktif,2017-10-22,18234785,1790660,1437048,79,0,20853843
ACC000463,3671012801020344,2776685623,Bank BRI,Tabungan,Aktif,2018-01-10,34719004,3012684,2624455,192,0,27516063
ACC000464,3172011103890345,1836045108,Bank BRI,Tabungan,Aktif,2021-04-27,7569557,1097669,1020472,167,0,4392038
ACC000465,3271010406910346,5435435659,Bank BRI,Giro,Aktif,2024-12-23,5344943,540519,422415,169,0,4138130
ACC000466,3271010406910346,7467106715,Bank Permata,Tabungan,Aktif,2023-06-30,4899315,372705,266632,129,0,3234868
ACC000467,3671014512900347,2228362924,BNI,Tabungan,Aktif,2016-09-06,8267294,1195554,1103392,168,0,11263831
ACC000468,3671012109760348,7772383946,Bank Panin,Tabungan,Aktif,2020-02-24,27634299,1575083,1254591,27,0,29167715
ACC000469,3671012109760348,1019604798,BPR Mitra Usaha,Tabungan,Aktif,2023-01-13,17922477,2683772,2329695,132,0,12805813
ACC000470,3671012005760349,4181169868,Bank Permata,Giro,Aktif,2019-05-11,5098508,574562,453902,180,0,8944490
ACC000471,3671012005760349,9768334468,Bank Panin,Tabungan,Aktif,2023-04-03,3894627,835539,775094,108,0,6100311
ACC000472,3174015508740350,5365311243,BPR Mitra Usaha,Giro,Aktif,2025-08-13,7722933,849413,715257,90,0,8936671
ACC000473,3174015508740350,1056581789,Bank BRI,Tabungan,Aktif,2024-11-10,11217129,831175,716879,91,0,16794042
ACC000474,3674011512680351,5854624956,BNI,Giro,Aktif,2015-12-01,11527311,683872,523577,145,1,8203837
ACC000475,3674011512680351,7912947069,BPR Mitra Usaha,Giro,Aktif,2023-01-09,10578920,576711,435181,108,0,15928355
ACC000476,3171016109930352,6920574539,Bank Danamon,Tabungan,Aktif,2018-03-17,49369884,4036273,3030687,50,0,60244243
ACC000477,3276012005940353,9052345303,Bank CIMB Niaga,Tabungan,Aktif,2022-10-01,13585614,3157592,2946261,52,0,6987762
ACC000478,3671011701690354,4801753085,Bank BCA,Giro,Aktif,2025-06-29,15690498,1517355,1360101,146,0,7959378
ACC000479,3671015709760355,8452110789,BNI,Tabungan,Aktif,2018-06-03,3778185,593933,529682,194,0,5503460
ACC000480,3671015709760355,8081016173,Bank Permata,Tabungan,Aktif,2020-08-13,4403900,394866,337419,104,0,3657497
ACC000481,3271012102960356,4541068718,Bank CIMB Niaga,Tabungan,Aktif,2017-12-09,1507669,965607,935642,129,0,2417016
ACC000482,3271012102960356,7352900525,Bank BCA,Giro,Aktif,2015-04-27,1621182,739169,721250,150,0,2216934
ACC000483,3275010203820357,4159496650,Bank BRI,Tabungan,Aktif,2023-12-13,24649457,1201727,938782,183,0,41604425
ACC000484,3173016203950358,5276082554,BPR Mitra Usaha,Tabungan,Aktif,2024-09-15,29205218,2653235,1998018,182,0,34022169
ACC000485,3173012401980359,5188589260,Bank BNI,Giro,Aktif,2024-07-16,18343135,1234111,989983,142,0,31747776
ACC000486,3174012604950360,8335101055,Bank BRI,Giro,Aktif,2023-11-06,9293139,1050944,864470,38,0,3905186
ACC000487,3674015603730361,1527197371,Bank Permata,Giro,Dormant,2022-05-27,91400913,4013499,2958834,192,0,17148878
ACC000488,3276010507850362,7750663755,Bank Panin,Tabungan,Aktif,2018-07-20,19393988,1224828,985176,137,0,17470338
ACC000489,3271016706920363,3111818735,Bank OCBC NISP,Tabungan,Aktif,2017-08-15,11457008,893328,715417,165,3,13400001
ACC000490,3271016706920363,7989404458,Bank CIMB Niaga,Giro,Aktif,2016-12-21,2006583,762063,715793,176,0,2628571
ACC000491,3276016010830364,5017241198,BNI,Tabungan,Aktif,2016-07-15,69267924,7624398,6459185,26,0,42888570
ACC000492,3172012205840365,8967757185,Bank Panin,Giro,Aktif,2018-09-13,13110442,693192,553063,151,0,14381989
ACC000493,3172012205840365,2650206183,Bank BCA,Giro,Aktif,2016-09-06,11902941,1123629,1000247,47,0,16511289
ACC000494,3671016403000366,6450634898,BPR Mitra Usaha,Giro,Aktif,2017-08-03,65722263,2874465,2155691,96,0,41930854
ACC000495,3671016403000366,3962493773,Bank BRI,Giro,Aktif,2020-03-15,6236432,3373579,3270637,104,0,3025309
ACC000496,3275010703850367,4813596753,BNI,Tabungan,Aktif,2021-01-10,13578537,1919779,1760275,135,0,21115526
ACC000497,3671011711900368,2326246617,Bank Panin,Tabungan,Aktif,2018-02-11,15503943,883115,648668,182,0,13213944
ACC000498,3671011711900368,4526023024,Bank OCBC NISP,Tabungan,Aktif,2018-08-30,5434603,702202,633568,49,0,4002336
ACC000499,3276014807720369,2572897848,Bank Permata,Giro,Aktif,2016-12-18,10886593,599229,486206,97,0,8563362
ACC000500,3271016702920370,1031628170,Bank OCBC NISP,Giro,Aktif,2022-05-19,15789263,1720661,1494143,105,0,26910469
ACC000501,3175011505980371,9090404136,Bank BNI,Giro,Dormant,2017-06-19,13413890,599861,445962,85,1,2380419
ACC000502,3671013008690372,9759650220,Bank Danamon,Giro,Aktif,2015-01-01,9712952,831135,721368,179,0,16547274
ACC000503,3172015308020373,7493011309,Bank CIMB Niaga,Tabungan,Aktif,2015-08-13,13626497,1167193,875776,158,1,22057867
ACC000504,3172015308020373,2200014952,Bank Panin,Giro,Aktif,2019-07-28,9517750,936473,822116,115,0,4985397
ACC000505,3671014407910374,2093685455,Bank Danamon,Tabungan,Aktif,2016-02-08,1785642,831971,812771,171,0,994639
ACC000506,3674012708760375,4817075892,Bank OCBC NISP,Giro,Aktif,2017-01-14,18736756,2145309,1784462,45,0,31123829
ACC000507,3271013005650376,6025754542,Bank Mandiri,Giro,Aktif,2022-07-10,11931059,1545111,1318968,47,0,16742471
ACC000508,3671016802020377,2600750666,Bank Mandiri,Giro,Aktif,2016-06-04,16590869,2173901,2006566,165,0,24668405
ACC000509,3671015107830378,2051029945,Bank BRI,Giro,Aktif,2023-02-02,27744882,1070326,768950,53,0,31651986
ACC000510,3276016105790379,4485219537,Bank BRI,Giro,Aktif,2025-05-22,61208851,2130032,1493992,154,0,48020356
ACC000511,3671011206750380,5811989988,Bank BCA,Tabungan,Aktif,2017-08-14,3182505,355974,314518,116,0,3247679
ACC000512,3671011206750380,2361267412,Bank BCA,Giro,Aktif,2016-02-14,4477248,412008,341047,68,0,7799014
ACC000513,3175014708680381,8358262668,Bank Panin,Giro,Dormant,2019-05-27,14907721,1893924,1597430,69,0,3260923
ACC000514,3175014708680381,4642739000,BNI,Giro,Aktif,2021-09-22,34748867,1638500,1238394,97,0,31267122
ACC000515,3171014604820382,7789186195,Bank BRI,Giro,Aktif,2016-01-12,7918878,2179738,2069493,89,0,8819744
ACC000516,3271015202720383,5295247536,Bank Panin,Tabungan,Aktif,2020-08-19,21211631,2019687,1571150,27,0,27066894
ACC000517,3671012501700384,8050309747,BPR Mitra Usaha,Giro,Aktif,2024-02-13,7636291,1201028,1124476,100,0,8554373
ACC000518,3671012501700384,3320174753,Bank BNI,Giro,Aktif,2022-02-17,12711525,1149566,1009697,39,0,11718997
ACC000519,3174016501910385,8076661389,Bank Mandiri,Tabungan,Aktif,2025-08-02,36363983,1582898,1138821,176,0,43446036
ACC000520,3671014709670386,5667303509,Bank Danamon,Giro,Aktif,2015-03-30,17890335,1050389,765548,70,0,21790989
ACC000521,3674016111970387,3854296346,Bank Panin,Giro,Aktif,2016-03-18,9579127,1642366,1422857,163,0,9565963
ACC000522,3276014306900388,6788727583,Bank BRI,Giro,Aktif,2024-02-16,33947924,1402380,986611,42,0,18445436
ACC000523,3276014306900388,1222682768,BPR Mitra Usaha,Tabungan,Aktif,2016-03-25,2836467,1611329,1554417,77,0,3766568
ACC000524,3271010410010389,3241191331,BNI,Tabungan,Aktif,2017-12-10,9784855,1853812,1729112,154,0,15538260
ACC000525,3175014505970390,8149056433,Bank Danamon,Giro,Aktif,2022-04-06,49664884,2358679,1810540,112,0,31883644
ACC000526,3275016704690391,3686900153,BPR Mitra Usaha,Giro,Aktif,2021-11-28,8249258,1708951,1572899,156,0,10594059
ACC000527,3671010707940392,3349679123,BPR Mitra Usaha,Giro,Dormant,2022-11-29,17717429,1904574,1542758,135,0,2270422
ACC000528,3671012904020393,3125084227,Bank Danamon,Tabungan,Aktif,2016-08-17,10026383,2395484,2181890,147,0,10914424
ACC000529,3671012904020393,5180092891,Bank Panin,Tabungan,Aktif,2016-06-19,16855613,2417163,2147319,110,0,21789681
ACC000530,3671014706020394,4019171198,BNI,Tabungan,Aktif,2019-04-01,7312162,1641172,1493107,81,0,5182892
ACC000531,3671012807900395,6801522277,Bank Permata,Giro,Aktif,2024-11-14,18821630,2099781,1728673,128,0,16278529
ACC000532,3671012807900395,8567302458,Bank Permata,Giro,Aktif,2025-01-07,23675715,3026106,2587271,145,0,27929769
ACC000533,3671012208870396,5210898876,Bank Permata,Tabungan,Aktif,2024-01-06,14549416,1358542,1156629,44,0,20953017
ACC000534,3671016201020397,1081309201,Bank BRI,Giro,Aktif,2018-11-27,31553689,1910958,1529754,36,0,25072836
ACC000535,3275017107970398,2935055577,Bank CIMB Niaga,Giro,Aktif,2017-10-13,22032239,1881925,1581143,102,0,22093522
ACC000536,3175010211890399,6003971362,BPR Mitra Usaha,Tabungan,Aktif,2024-01-14,19785390,1297760,910096,61,0,14732229
ACC000537,3275010408900400,5481836099,BPR Mitra Usaha,Giro,Aktif,2015-03-08,2302794,659734,625309,171,0,1939155
ACC000538,3275011310970401,9850804463,BPR Mitra Usaha,Giro,Aktif,2024-03-09,43456774,2248872,1612264,179,0,39605197
ACC000539,3275011310970401,3983379460,Bank OCBC NISP,Tabungan,Aktif,2018-03-29,4723993,1714759,1650682,103,3,2160846
ACC000540,3671010606670402,5488673648,BNI,Giro,Aktif,2019-07-11,12135429,671649,546538,58,1,18086758
ACC000541,3671010606670402,4222387076,Bank Danamon,Tabungan,Dormant,2023-10-23,1314260,771542,742325,34,0,146738
ACC000542,3671012712840403,8114967704,Bank CIMB Niaga,Giro,Aktif,2016-02-15,10968485,1145350,926575,129,0,17303693
ACC000543,3172016811820404,3802370100,Bank BCA,Tabungan,Aktif,2023-12-10,15971674,862235,624470,94,0,13590524
ACC000544,3671014503900405,7617238227,Bank OCBC NISP,Giro,Aktif,2021-12-26,24917479,1699891,1219012,178,0,35255934
ACC000545,3671014503900405,4248670417,Bank Danamon,Giro,Aktif,2018-04-04,13004382,1883955,1669028,164,0,20363216
ACC000546,3271011608800406,5574062349,Bank Permata,Giro,Aktif,2018-10-30,49330786,5745256,5239926,27,3,86467205
ACC000547,3271011608800406,7161175304,Bank Panin,Tabungan,Aktif,2022-08-05,12722019,6307557,6121651,55,0,17801219
ACC000548,3171012909950407,3077637721,Bank Panin,Giro,Aktif,2016-11-28,24783467,1337017,1083632,93,0,40625165
ACC000549,3171012909950407,3204297399,Bank CIMB Niaga,Giro,Aktif,2017-07-01,21597547,1599270,1284001,134,0,14655562
ACC000550,3175011003850408,9582838355,Bank BRI,Giro,Aktif,2021-02-07,5659692,1835037,1753939,27,0,10170347
ACC000551,3174016311810409,1894996931,Bank Panin,Giro,Aktif,2019-09-07,6604761,892592,823516,41,0,10812967
ACC000552,3174010806820410,7877788173,Bank OCBC NISP,Giro,Aktif,2017-05-07,43188431,1555420,1111190,95,0,25685586
ACC000553,3174010806820410,1506296057,Bank BCA,Giro,Aktif,2020-08-23,2617562,1690248,1639428,134,0,2870798
ACC000554,3175016809860411,1656064780,BPR Mitra Usaha,Tabungan,Aktif,2019-06-27,3334471,1509330,1460019,84,0,4394401
ACC000555,3175016809860411,6406392894,Bank Panin,Giro,Aktif,2017-02-13,10953883,992317,760255,30,0,15073874
ACC000556,3671016910650412,6404013131,BNI,Tabungan,Aktif,2021-01-09,21876901,2557878,2024241,134,0,10661776
ACC000557,3172016707770413,8763855532,Bank Danamon,Tabungan,Aktif,2023-03-27,741052,368099,356987,25,0,881704
ACC000558,3172016707770413,2565937353,Bank Panin,Tabungan,Aktif,2023-05-18,6932207,326531,231451,82,0,6797837
ACC000559,3173014601790414,5444153448,Bank BNI,Tabungan,Aktif,2024-09-20,2066299,914068,883439,176,0,968974
ACC000560,3671011704840415,3947605675,Bank Panin,Tabungan,Aktif,2018-02-20,8704031,929717,728217,64,0,8605295
ACC000561,3671010305990416,6670110968,Bank BNI,Giro,Aktif,2017-01-17,148219425,8853634,6615130,167,0,222412684
ACC000562,3671010203920417,1905193508,Bank Mandiri,Tabungan,Aktif,2024-12-19,1928398,1128079,1086472,105,0,3022256
ACC000563,3271010304730418,8960335838,Bank Panin,Tabungan,Aktif,2025-02-18,12173817,2764923,2608618,185,0,21676987
ACC000564,3271010304730418,1564242222,Bank OCBC NISP,Giro,Aktif,2016-07-30,42994222,3242860,2285317,180,0,35749545
ACC000565,3276012004980419,7757306859,BPR Mitra Usaha,Tabungan,Aktif,2024-10-16,6101426,1258243,1176021,176,0,2751797
ACC000566,3674016710990420,2270914311,Bank Permata,Tabungan,Aktif,2023-04-25,10859034,1404742,1193314,135,2,13595822
ACC000567,3171010804880421,1942964122,Bank BNI,Tabungan,Aktif,2024-03-27,20022955,1646138,1300264,148,0,12180720
ACC000568,3674016006720422,8072460371,BNI,Tabungan,Aktif,2019-12-14,3663507,482550,433547,44,0,4821567
ACC000569,3171010712990423,8189674581,Bank BNI,Giro,Aktif,2024-11-19,8504556,926130,818056,147,0,9982104
ACC000570,3171010712990423,2865174561,Bank OCBC NISP,Giro,Aktif,2020-09-04,32740410,1169377,820362,128,0,33509464
ACC000571,3276016303970424,1272704475,Bank CIMB Niaga,Giro,Aktif,2018-11-25,12024327,1024702,859316,83,0,10086524
ACC000572,3276016303970424,1439334731,Bank Mandiri,Giro,Aktif,2024-10-07,1769472,938133,901441,129,0,2251144
ACC000573,3275011906990425,9055186664,Bank Danamon,Giro,Aktif,2017-09-29,48984381,2298981,1734571,193,2,26491979
ACC000574,3275011906990425,5223506019,Bank Mandiri,Tabungan,Aktif,2025-01-05,3224181,2164275,2086666,193,3,1588644
ACC000575,3671015512770426,6909888517,Bank CIMB Niaga,Tabungan,Aktif,2017-07-01,1215673,683123,664613,22,0,2020021
ACC000576,3671015512770426,1956004196,BNI,Tabungan,Aktif,2024-03-14,7046149,720966,595480,46,2,10177469
ACC000577,3671014309750427,1830461880,Bank CIMB Niaga,Giro,Aktif,2015-11-19,32326202,1200690,842102,159,1,15627124
ACC000578,3671014309750427,6791366477,Bank BNI,Giro,Aktif,2020-02-21,1571228,735560,711817,163,1,2003118
ACC000579,3276011303670428,7998924305,Bank CIMB Niaga,Tabungan,Aktif,2021-05-11,15038107,1224178,958453,46,0,23494392
ACC000580,3276011303670428,5689092159,Bank Danamon,Tabungan,Aktif,2017-05-12,2373132,1379900,1350823,141,0,1610468
ACC000581,3174015509830429,3166548470,BPR Mitra Usaha,Tabungan,Aktif,2024-02-08,79817787,4024248,3001840,53,0,133786064
ACC000582,3174015509830429,5933468798,Bank Permata,Tabungan,Aktif,2017-12-09,50834283,5829653,5198586,83,0,46125198
ACC000583,3271011407810430,4006938193,BPR Mitra Usaha,Tabungan,Aktif,2016-05-16,8420162,1952145,1856150,104,0,12305685
ACC000584,3271011407810430,9104939822,Bank CIMB Niaga,Tabungan,Dormant,2022-09-16,23440186,1685953,1443182,157,0,1664529
ACC000585,3276015903960431,7283698257,Bank BNI,Giro,Aktif,2019-06-16,5440373,770971,642850,73,2,8632063
ACC000586,3271016710700432,1913225003,Bank Danamon,Tabungan,Aktif,2018-10-25,7181235,816904,676769,160,0,8137413
ACC000587,3275013001980433,7480046511,Bank Mandiri,Tabungan,Aktif,2016-04-19,28913319,1796394,1419754,51,0,42493330
ACC000588,3671013105760434,1361779117,Bank Danamon,Tabungan,Aktif,2020-02-26,10083932,542321,407380,160,0,4304822
ACC000589,3671016904020435,7746517169,Bank Panin,Giro,Aktif,2021-11-27,33899118,1677996,1191662,188,0,19434425
ACC000590,3271017009850436,6083846878,Bank Panin,Tabungan,Aktif,2025-06-02,13465061,1826920,1649509,58,0,7650317
ACC000591,3271017009850436,1662791430,Bank BNI,Tabungan,Aktif,2017-04-02,74485627,2691519,1901556,117,1,119976167
ACC000592,3271012112670437,4940482792,Bank OCBC NISP,Tabungan,Aktif,2015-12-09,37326027,4178569,3258944,138,0,48948784
ACC000593,3271010411960438,6775274233,Bank BCA,Giro,Dormant,2020-07-27,51615189,3320156,2643124,172,0,5266512
ACC000594,3174011510810439,6516594649,Bank Permata,Tabungan,Aktif,2015-10-11,8943130,765077,573216,154,0,8878294
ACC000595,3174011510810439,1926908177,Bank BRI,Tabungan,Aktif,2023-04-17,12894458,460395,330008,116,0,9171492
ACC000596,3671011610990440,5040445938,Bank Mandiri,Giro,Aktif,2020-04-08,13577323,2483168,2178391,99,0,20584565
ACC000597,3671011610990440,9345574065,Bank Permata,Tabungan,Aktif,2023-08-31,28322665,2996519,2683420,125,1,50066122
ACC000598,3174015412780441,3935480365,Bank CIMB Niaga,Giro,Aktif,2018-03-04,14306209,926677,752003,192,0,13995272
ACC000599,3174015412780441,2437894930,Bank BRI,Tabungan,Aktif,2025-06-09,6421265,935062,781629,150,0,6149610
ACC000600,3276012505790442,5175716893,Bank Danamon,Tabungan,Aktif,2025-04-28,36721787,1793213,1315441,104,0,63700474
ACC000601,3275014709650443,9827791830,BPR Mitra Usaha,Tabungan,Aktif,2016-03-22,56852988,2984883,2221102,38,0,81137290
ACC000602,3271010104890444,6633901461,Bank BNI,Tabungan,Aktif,2019-03-22,5229094,1331807,1269658,38,0,3806048
ACC000603,3172010408910445,9405436792,Bank Permata,Tabungan,Aktif,2018-06-06,9375216,792264,642862,140,0,11152807
ACC000604,3173015305690446,4593672684,Bank BRI,Tabungan,Aktif,2024-10-30,2767660,432655,395263,195,0,1799501
ACC000605,3671016005000447,4775581841,BPR Mitra Usaha,Giro,Aktif,2024-11-19,33479269,2606950,2120622,42,0,30700234
ACC000606,3271015202920448,2215922575,Bank OCBC NISP,Tabungan,Aktif,2019-07-16,4602793,814913,762013,109,1,2386082
ACC000607,3674015409750449,1767035211,Bank Permata,Giro,Dormant,2025-04-08,20891853,1982544,1511783,95,0,1751283
ACC000608,3674015409750449,3694544966,Bank Mandiri,Tabungan,Aktif,2017-07-05,3104647,2495007,2431100,69,0,4020570
ACC000609,3671014610720450,7056341817,Bank CIMB Niaga,Tabungan,Aktif,2019-09-12,3517265,1001614,944758,96,0,4618886
ACC000610,3275014211910451,2963002594,Bank Panin,Giro,Aktif,2019-03-28,13558019,1789231,1533580,129,0,17181524
ACC000611,3671012704850452,5976839794,BPR Mitra Usaha,Tabungan,Dormant,2023-07-01,10310786,1053153,888609,186,0,839975
ACC000612,3671012704850452,6133642320,Bank CIMB Niaga,Tabungan,Aktif,2019-08-16,1453313,848629,825352,72,0,2038017
ACC000613,3671014201690453,6406691646,Bank Danamon,Tabungan,Aktif,2018-12-15,30263132,2189964,1877695,104,0,19015960
ACC000614,3671014201690453,9404385273,BPR Mitra Usaha,Giro,Aktif,2019-09-03,16169722,2583748,2371335,93,0,8301390
ACC000615,3275012008030454,2095854355,Bank BCA,Giro,Aktif,2019-06-06,13319058,970863,770307,24,1,18856952
ACC000616,3671016009940455,6135814827,Bank Panin,Tabungan,Aktif,2024-02-19,30243675,2612280,2139439,139,0,23520458
ACC000617,3671016009940455,9278007251,Bank Permata,Giro,Aktif,2017-12-28,38055529,2239073,1761229,20,1,31759811
ACC000618,3171015007650456,8254752128,Bank Panin,Giro,Aktif,2020-02-09,16514797,1790206,1528856,142,0,17694843
ACC000619,3671015612920457,7143876769,Bank OCBC NISP,Giro,Aktif,2019-09-28,86065508,4811269,3535491,147,0,42615871
ACC000620,3671015612920457,5708851568,Bank OCBC NISP,Giro,Aktif,2015-04-16,12675717,4762039,4588733,78,0,15746630
ACC000621,3172010705870458,8066542353,Bank OCBC NISP,Giro,Aktif,2021-04-20,9145332,701112,544990,136,0,7091140
ACC000622,3172010705870458,2049075108,Bank OCBC NISP,Giro,Aktif,2020-07-04,2385820,687643,662111,85,0,2540833
ACC000623,3275015705710459,5273046250,Bank BRI,Giro,Aktif,2023-05-25,4617640,2166791,2060310,136,0,8016936
ACC000624,3275015201860460,5792624220,Bank Danamon,Tabungan,Aktif,2020-06-02,41045949,3280460,2649293,105,0,35947746
ACC000625,3671011108970461,5335600132,Bank BRI,Giro,Aktif,2022-04-05,10106749,1320300,1164587,40,1,18099024
ACC000626,3172015306680462,3875460432,Bank OCBC NISP,Tabungan,Aktif,2015-12-21,18094801,1824403,1613697,150,0,16168141
ACC000627,3172015306680462,8201977556,BNI,Tabungan,Aktif,2021-05-18,5187842,2188020,2112048,165,0,8790760
ACC000628,3671012707940463,6079896627,Bank Panin,Tabungan,Aktif,2019-09-03,45703066,2377852,1713001,65,0,50863970
ACC000629,3671016907020464,1371333217,BNI,Giro,Aktif,2015-02-25,5424234,667091,562915,68,0,7285668
ACC000630,3275012310930465,7821733058,Bank CIMB Niaga,Tabungan,Aktif,2017-05-22,24801077,1922907,1633829,172,0,34956978
ACC000631,3671015401820466,2110517587,Bank BNI,Tabungan,Aktif,2016-02-05,9462341,1103406,883926,87,0,4722718
ACC000632,3671015505690467,9296818661,Bank Mandiri,Tabungan,Aktif,2019-07-21,24412099,1158336,838625,156,3,20820638
ACC000633,3671014912970468,1419604454,BNI,Tabungan,Aktif,2017-04-03,158375268,8217852,6431840,64,0,70313249
ACC000634,3172013008690469,6703195346,Bank OCBC NISP,Tabungan,Aktif,2017-03-04,35108225,3007703,2132028,101,0,31500031
ACC000635,3172013008690469,2801136552,BPR Mitra Usaha,Giro,Aktif,2018-04-05,37600168,3409672,2512998,148,0,17109367
ACC000636,3671012111910470,4377652369,Bank OCBC NISP,Giro,Aktif,2018-07-12,16366554,4808078,4497025,198,3,15178802
ACC000637,3271011212850471,7377152839,Bank OCBC NISP,Tabungan,Aktif,2023-10-09,13939866,1687804,1477859,76,2,19288196
ACC000638,3271011212850471,1229722522,Bank BNI,Giro,Aktif,2020-08-16,40791437,2875580,2094438,130,0,64913132
ACC000639,3674014412790472,2974829288,Bank BRI,Giro,Dormant,2020-02-21,11458600,1081615,892045,49,3,2830267
ACC000640,3171010204890473,6282552840,BPR Mitra Usaha,Tabungan,Aktif,2023-06-25,31882469,1872413,1490214,87,0,49099196
ACC000641,3171010204890473,6449183966,Bank OCBC NISP,Giro,Aktif,2018-11-01,13239708,1353365,1112074,61,0,23619222
ACC000642,3173014509710474,4489083339,BPR Mitra Usaha,Giro,Aktif,2016-05-26,4105688,2036224,1938285,99,0,1969742
ACC000643,3275016503890475,7873868813,Bank BCA,Tabungan,Aktif,2015-11-03,34029385,3714470,3192211,69,0,51347123
ACC000644,3275015305930476,8586557841,Bank CIMB Niaga,Tabungan,Aktif,2022-03-06,48697041,2092414,1578027,116,0,32989288
ACC000645,3276012905780477,3223123466,Bank BNI,Tabungan,Aktif,2023-03-23,19072394,1565222,1362260,27,0,22858181
ACC000646,3671011212860478,8044252026,Bank Danamon,Giro,Aktif,2019-11-15,11339261,728407,564227,155,0,13995922
ACC000647,3275011103830479,1920245979,Bank CIMB Niaga,Giro,Aktif,2016-07-20,5053541,2250825,2196287,174,0,8235298
ACC000648,3275011103830479,5654885076,Bank BRI,Tabungan,Aktif,2021-12-03,31697308,2876747,2303756,193,0,26883974
ACC000649,3173010105940480,7809170874,Bank BRI,Giro,Aktif,2020-03-01,20818834,1639394,1343258,99,0,22948945
ACC000650,3173010105940480,2040886031,Bank BRI,Tabungan,Aktif,2019-06-10,1713371,1331661,1295125,115,0,2468468
ACC000651,3276016206020481,6368235642,Bank Panin,Tabungan,Aktif,2020-01-07,7189128,1533190,1458476,171,0,9603538
ACC000652,3276016206020481,9760227913,BPR Mitra Usaha,Giro,Aktif,2023-11-24,23218669,1203232,938275,110,0,21147399
ACC000653,3671015907790482,5786698552,BPR Mitra Usaha,Giro,Aktif,2024-06-08,15636710,1724128,1397422,149,0,13455806
ACC000654,3671015907790482,4030140115,Bank BNI,Giro,Aktif,2016-05-04,9409458,1589986,1437949,158,1,11985230
ACC000655,3276016512980483,2839993058,Bank Panin,Giro,Aktif,2017-04-03,41527778,4283223,3668392,177,0,33266547
ACC000656,3671012011990484,8417131388,Bank Danamon,Giro,Aktif,2016-05-21,6432463,884621,754929,106,0,6219924
ACC000657,3671012011990484,4663573653,Bank BNI,Giro,Aktif,2017-09-07,14871288,976415,764143,118,0,14206599
ACC000658,3276014104740485,2919117646,Bank BCA,Giro,Aktif,2024-12-22,14763462,2154257,1911377,146,3,11886710
ACC000659,3276014104740485,9524256301,Bank Permata,Tabungan,Aktif,2021-12-02,26635497,1715577,1265803,44,0,41971018
ACC000660,3671011802930486,1295755044,BPR Mitra Usaha,Tabungan,Aktif,2015-01-11,1660125,1417862,1388966,161,0,1638601
ACC000661,3671011802930486,7920665045,Bank BCA,Tabungan,Aktif,2015-05-17,20747171,1165994,945509,185,1,16821573
ACC000662,3671016810850487,6378549045,Bank Danamon,Tabungan,Aktif,2023-12-15,9685284,480848,376691,192,0,16704634
ACC000663,3174010512930488,8248176139,Bank BRI,Giro,Dormant,2022-07-30,8663306,3154857,2980187,74,2,1910408
ACC000664,3671010302720489,4619564972,Bank Permata,Tabungan,Aktif,2022-03-03,6086651,494150,362542,84,0,3738550
ACC000665,3671010302720489,5533984464,BNI,Giro,Aktif,2023-08-03,1751975,380817,340417,177,1,1796299
ACC000666,3671016804750490,7773814055,BNI,Tabungan,Aktif,2020-03-19,12720626,945718,796947,140,0,8005461
ACC000667,3275012107840491,6609316450,Bank BRI,Tabungan,Aktif,2024-01-26,1756730,543794,519578,152,0,2940907
ACC000668,3275012107840491,6265101525,Bank CIMB Niaga,Tabungan,Dormant,2025-04-26,14178810,734591,578501,138,0,2869306
ACC000669,3276015006660492,5599949190,BPR Mitra Usaha,Giro,Aktif,2025-07-18,94960096,6040202,4968484,180,0,105880335
ACC000670,3671010106000493,8991503807,BPR Mitra Usaha,Tabungan,Aktif,2017-04-26,34032942,1308004,941794,195,0,40163620
ACC000671,3275017009970494,6351033752,BNI,Tabungan,Dormant,2022-08-12,15153306,1010839,751181,97,0,1055827
ACC000672,3275017009970494,5113932946,BNI,Giro,Aktif,2024-06-19,4572351,837856,792066,104,0,2748172
ACC000673,3173012611970495,1702792762,Bank Mandiri,Giro,Aktif,2017-02-16,10570588,3574822,3436891,190,0,9742804
ACC000674,3173012611970495,1092484781,Bank Danamon,Tabungan,Aktif,2016-10-15,51487460,3163480,2449474,188,0,74577006
ACC000675,3173011210740496,6511003132,Bank BRI,Giro,Aktif,2021-01-31,9331141,1227823,1009366,64,2,10208920
ACC000676,3671012805850497,5665853352,Bank Panin,Giro,Aktif,2017-03-20,11157698,1088651,884730,113,0,15308627
ACC000677,3173012712950498,2471643057,Bank BRI,Tabungan,Aktif,2016-06-08,27360258,1134363,797110,51,0,33072010
ACC000678,3173012712950498,5483420742,Bank BCA,Tabungan,Aktif,2023-03-11,12372100,1343286,1050900,56,0,5811359
ACC000679,3671010302880499,5332951316,Bank BCA,Tabungan,Dormant,2025-01-04,5926309,2564152,2471211,24,0,1188596
ACC000680,3671016602900500,9919607071,Bank Danamon,Giro,Aktif,2021-07-23,14083127,2085278,1844311,170,0,19789744
ACC000681,3671016602900500,1687187319,Bank Mandiri,Tabungan,Aktif,2023-11-09,38985954,1787910,1351599,109,0,35465737
ACC000682,3674010706770501,6916183232,Bank OCBC NISP,Tabungan,Aktif,2020-12-03,55917306,5094753,4367539,123,0,40811402
ACC000683,3674010706770501,2939564580,Bank BRI,Tabungan,Aktif,2019-05-03,35162594,4723935,4330825,91,0,62218869
ACC000684,3671015104850502,7367172073,Bank Danamon,Giro,Aktif,2021-11-27,62037572,3792842,3157077,85,0,54945320
ACC000685,3671015104850502,1892223254,BNI,Tabungan,Aktif,2017-05-05,40247939,3488202,3018563,138,0,53316241
ACC000686,3175015001700503,3026565803,Bank BRI,Tabungan,Aktif,2023-12-01,12944608,1510334,1348261,63,0,10003716
ACC000687,3175015001700503,7417177670,Bank Danamon,Tabungan,Aktif,2017-08-09,39083557,2110423,1700662,51,0,50704018
ACC000688,3275016901780504,2467429012,Bank OCBC NISP,Giro,Aktif,2019-03-04,28827780,2189206,1763297,165,0,12210364
ACC000689,3671015807850505,8182806523,BNI,Tabungan,Aktif,2017-12-24,34142382,2236170,1717665,63,0,17201798
ACC000690,3671015807850505,8544220159,Bank CIMB Niaga,Tabungan,Aktif,2016-11-01,23048707,2713961,2291578,129,0,36083604
ACC000691,3175014410770506,3396615733,Bank CIMB Niaga,Tabungan,Aktif,2022-01-19,18913004,1582098,1156374,82,0,32763849
ACC000692,3175011010900507,2090933061,Bank Mandiri,Giro,Aktif,2021-07-09,4630890,532916,467387,190,0,5317485
ACC000693,3175011010900507,2144619629,Bank OCBC NISP,Giro,Aktif,2018-11-27,7029459,619329,484157,61,0,4901751
ACC000694,3674016103890508,8628487053,BPR Mitra Usaha,Tabungan,Aktif,2024-06-10,6926644,1016609,851059,187,3,3916801
ACC000695,3671015301940509,3194933034,BNI,Giro,Aktif,2020-11-04,937425,649458,631680,163,0,398350
ACC000696,3172017003700510,3300797643,Bank Permata,Tabungan,Aktif,2023-11-13,9455094,1340177,1109073,49,0,15725872
ACC000697,3172011308880511,3463123230,BPR Mitra Usaha,Tabungan,Aktif,2023-08-06,35359748,3015387,2501548,86,3,48132623
ACC000698,3275016911940512,6909099477,Bank Danamon,Giro,Dormant,2015-04-29,28728268,3826377,3386705,158,0,6073568
ACC000699,3674014203900513,8319530802,Bank BCA,Tabungan,Aktif,2015-06-13,14957223,1253435,978093,64,3,12868499
ACC000700,3671015206710514,9505520703,Bank CIMB Niaga,Tabungan,Aktif,2023-04-06,8142131,757348,633922,60,0,6765814
ACC000701,3674010511720515,4225842778,Bank OCBC NISP,Giro,Aktif,2025-04-05,14300674,982455,837499,175,0,7378151
ACC000702,3674010511720515,8435347297,Bank BRI,Tabungan,Aktif,2017-08-05,4112360,736776,664245,126,0,5867778
ACC000703,3671010203870516,6376332243,BPR Mitra Usaha,Giro,Aktif,2025-06-30,38054270,3776265,3307170,38,0,60020046
ACC000704,3674011701730517,6958210258,Bank OCBC NISP,Giro,Aktif,2017-11-21,9412773,1098544,990825,171,0,15844246
ACC000705,3674016202960518,9416050801,BPR Mitra Usaha,Giro,Aktif,2018-11-12,18690080,2380520,2130556,40,0,18447799
ACC000706,3674016202960518,6626544188,Bank CIMB Niaga,Giro,Dormant,2021-07-27,31747487,2677511,2032018,20,0,7131295
ACC000707,3671011201810519,6031643427,Bank OCBC NISP,Giro,Aktif,2025-08-04,4094537,2523670,2455433,63,0,6653894
ACC000708,3671011201810519,5756897700,Bank OCBC NISP,Giro,Aktif,2021-04-06,4848841,2286367,2218126,183,0,8223516
ACC000709,3671012104990520,7219695432,Bank CIMB Niaga,Giro,Aktif,2016-02-01,4389332,1426579,1372743,72,2,4884449
ACC000710,3671012104990520,3461382210,Bank Mandiri,Giro,Aktif,2018-11-20,2328140,1149735,1125254,177,0,2778300
ACC000711,3671014712010521,7358728472,Bank OCBC NISP,Tabungan,Aktif,2024-01-21,2876459,1958671,1913679,174,0,3397400
ACC000712,3671014712010521,2631748734,Bank OCBC NISP,Tabungan,Aktif,2024-06-25,19789204,1545301,1300136,183,2,34556251
ACC000713,3172010212740522,5650444242,Bank CIMB Niaga,Tabungan,Aktif,2015-09-14,36936816,2842853,2351030,37,0,17451862
ACC000714,3172010212740522,2117121725,BPR Mitra Usaha,Tabungan,Aktif,2025-02-04,24987699,3516707,2944815,42,3,44426260
ACC000715,3173011508800523,1508419584,Bank CIMB Niaga,Tabungan,Aktif,2019-08-12,18784771,2781049,2353159,176,0,8352739
ACC000716,3171010906030524,5852030877,Bank BCA,Tabungan,Aktif,2019-09-29,55900980,2792242,2081626,82,0,37640399
ACC000717,3171010906030524,4968070904,Bank BCA,Tabungan,Aktif,2025-03-05,13621638,2482898,2316454,52,0,19489621
ACC000718,3674012811660525,9338313064,Bank OCBC NISP,Tabungan,Aktif,2018-10-12,17079377,1758847,1562182,93,0,13756750
ACC000719,3674012811660525,4639658956,Bank CIMB Niaga,Tabungan,Aktif,2021-03-09,21261461,2083270,1834943,82,0,14563507
ACC000720,3671010611980526,6942290086,Bank Danamon,Tabungan,Aktif,2025-02-09,4727864,345562,242687,73,0,6291427
ACC000721,3271011910800527,6211691894,BNI,Giro,Aktif,2025-04-30,13942204,727692,547097,198,0,11920679
ACC000722,3271011910800527,1414282260,BPR Mitra Usaha,Giro,Aktif,2018-02-09,4248555,807556,728440,26,0,2643380
ACC000723,3276012810980528,2844681040,Bank CIMB Niaga,Tabungan,Dormant,2020-05-30,18915736,2346889,2006468,93,0,3070948
ACC000724,3175015101820529,4051515082,Bank OCBC NISP,Tabungan,Aktif,2015-09-29,44660501,2356747,1894353,33,1,76799096
ACC000725,3271011208960530,5976481838,Bank Danamon,Giro,Aktif,2023-11-09,31031630,2890996,2203119,100,0,42323200
ACC000726,3674015802750531,3711598713,Bank OCBC NISP,Giro,Aktif,2025-04-09,9227213,5331972,5212794,94,0,6164388
ACC000727,3671011310820532,6237562385,Bank Mandiri,Giro,Aktif,2019-03-11,62015269,3991279,2967625,188,0,71803122
ACC000728,3671011310820532,7838491405,BNI,Giro,Aktif,2017-03-19,13257254,4442004,4206683,20,0,13530462
ACC000729,3175012612730533,5382232659,Bank Permata,Giro,Aktif,2016-09-15,4953261,1526870,1445422,72,0,4191311
ACC000730,3175012612730533,9263416545,Bank BCA,Giro,Aktif,2018-01-21,5511811,1979406,1855800,113,0,2549374
ACC000731,3671016609860534,1420368789,Bank Danamon,Giro,Aktif,2018-11-09,38213189,2730758,2299954,124,2,22678257
ACC000732,3671016609860534,7757454676,Bank Panin,Tabungan,Aktif,2025-07-22,15108975,2733543,2371802,130,0,6525226
ACC000733,3671013103020535,9867575429,Bank CIMB Niaga,Giro,Aktif,2016-05-02,46028358,2838336,2272821,105,2,82661071
ACC000734,3671013103020535,7192253918,Bank Permata,Giro,Aktif,2019-04-22,6624278,2648486,2571898,96,0,3984580
ACC000735,3671012407000536,1869988101,Bank CIMB Niaga,Giro,Aktif,2020-11-14,17309731,2257793,1953798,67,0,19035940
ACC000736,3275011803820537,9806629209,Bank Danamon,Giro,Aktif,2022-04-19,21294920,2969875,2751362,20,0,30170980
ACC000737,3275011803820537,8520467724,Bank Mandiri,Giro,Aktif,2020-10-24,11366555,2485526,2365746,157,0,9544224
ACC000738,3175010802970538,9871215460,Bank BCA,Giro,Aktif,2022-09-12,6537423,665034,527953,114,0,6301888
ACC000739,3674010309920539,8365533286,BPR Mitra Usaha,Tabungan,Aktif,2015-05-31,9827159,2667261,2554718,83,0,14340560
ACC000740,3674010309920539,4596360202,Bank Danamon,Giro,Aktif,2022-06-29,37600880,2659581,2107679,49,0,61597946
ACC000741,3671016904990540,4878660073,Bank CIMB Niaga,Tabungan,Aktif,2018-03-01,17485842,1183344,883084,154,0,22341035
ACC000742,3671010108910541,6206880281,BPR Mitra Usaha,Tabungan,Aktif,2015-09-06,51507173,2627962,2057616,149,0,69167890
ACC000743,3674011712760542,2246314947,BNI,Tabungan,Aktif,2021-11-07,20091041,987052,720720,117,0,11989044
ACC000744,3674011712760542,8564882008,BPR Mitra Usaha,Tabungan,Aktif,2025-05-11,9098902,569507,410020,165,3,8047047
ACC000745,3275016912950543,3648877870,Bank OCBC NISP,Tabungan,Aktif,2019-05-11,5416562,1444342,1382396,116,0,5738828
ACC000746,3275016912950543,9272350174,BPR Mitra Usaha,Tabungan,Aktif,2019-11-11,6081852,2010030,1892319,22,0,4440343
ACC000747,3671015209020544,7233021610,Bank BRI,Tabungan,Aktif,2019-08-03,28810171,1751642,1316468,39,0,30574700
ACC000748,3275013005900545,5622205562,Bank CIMB Niaga,Giro,Aktif,2023-06-20,13464443,750171,561779,160,0,9715080
ACC000749,3275013005900545,4418085530,Bank BRI,Tabungan,Aktif,2017-04-14,9789342,707666,545200,20,0,7525143
ACC000750,3271015301930546,9812970890,Bank Mandiri,Tabungan,Dormant,2018-06-24,50868372,2706142,1954500,29,0,9735124
ACC000751,3271015301930546,5144708101,BNI,Tabungan,Aktif,2016-07-29,14513876,1673061,1334147,146,0,7948793
ACC000752,3671016505900547,8714804210,Bank BRI,Tabungan,Aktif,2021-11-04,13938495,1946340,1748955,67,0,11427446
ACC000753,3171015312020548,3497771728,Bank Panin,Giro,Aktif,2016-01-17,5932643,2591541,2464656,123,1,3587339
ACC000754,3171017003660549,6650750914,BPR Mitra Usaha,Tabungan,Aktif,2024-02-29,43757310,2558013,2119961,133,0,27834376
ACC000755,3174010408760550,9271581615,Bank BNI,Giro,Aktif,2021-04-27,17460806,1181000,940017,191,0,18837114
ACC000756,3173016104810551,9354269398,Bank Mandiri,Giro,Aktif,2015-02-21,25113931,2480319,1908215,68,0,26937362
ACC000757,3172016706700552,2344885056,BPR Mitra Usaha,Tabungan,Aktif,2015-04-23,35116214,3583920,2951969,27,0,15196483
ACC000758,3674012704830553,1152859029,Bank Panin,Giro,Aktif,2019-03-23,57870043,4004972,3357731,125,0,47499032
ACC000759,3175014703000554,6523199078,Bank CIMB Niaga,Giro,Aktif,2025-02-21,13747581,1612010,1392116,40,0,16736162
ACC000760,3175011710890555,5259498278,BPR Mitra Usaha,Giro,Aktif,2024-10-09,23815780,1312882,1023112,156,0,38580645
ACC000761,3275016711010556,5945122241,Bank Danamon,Giro,Aktif,2017-10-30,14543153,1506147,1192578,162,2,25336429
ACC000762,3674016201980557,2247381634,Bank Permata,Tabungan,Aktif,2023-12-21,19839550,1990857,1651810,74,0,8627854
ACC000763,3671014205850558,5458417812,Bank Danamon,Tabungan,Aktif,2017-12-02,34892019,1432583,1077726,187,0,37246612
ACC000764,3671014205850558,8032383343,Bank Permata,Giro,Aktif,2025-05-05,22657908,1872354,1518371,138,2,36008161
ACC000765,3271017110900559,6109479616,BNI,Tabungan,Aktif,2015-07-12,71425288,4152313,3111100,134,0,118569026
ACC000766,3271017110900559,9809310674,Bank CIMB Niaga,Tabungan,Aktif,2020-06-03,7005886,3091499,2924473,102,1,6719339
ACC000767,3671015009760560,2517396586,Bank OCBC NISP,Giro,Aktif,2018-11-04,10226586,1044362,814838,195,0,13044263
ACC000768,3671014612650561,6179168879,Bank Mandiri,Giro,Aktif,2020-05-01,49483431,2530093,1913796,108,1,-50237
ACC000769,3671014612650561,7684327075,BPR Mitra Usaha,Tabungan,Aktif,2021-12-05,48465682,2366358,1779310,135,1,67935940
ACC000770,3271011209710562,9858729945,Bank Permata,Giro,Aktif,2020-08-15,9967273,6316156,6109648,59,0,7440189
ACC000771,3275016601750563,7701190860,Bank CIMB Niaga,Giro,Aktif,2019-01-12,27401021,1982234,1609302,187,0,33740312
ACC000772,3671010710830564,4386213414,Bank OCBC NISP,Tabungan,Aktif,2016-07-23,1177692,436092,414644,107,1,-29569
ACC000773,3671010511680565,6177089784,Bank OCBC NISP,Tabungan,Aktif,2015-08-22,10852467,615377,454585,59,0,13507384
ACC000774,3671014405670566,2988248056,Bank Panin,Tabungan,Aktif,2020-05-07,29451035,2383523,1762948,161,1,36146669
ACC000775,3671014405670566,5634419660,Bank Danamon,Giro,Dormant,2023-07-17,43996729,3746829,3018725,45,0,3490734
ACC000776,3276014602900567,1455909483,BNI,Giro,Aktif,2017-11-24,12261672,983591,794062,153,0,20871349
ACC000777,3671011305710568,9176605108,Bank Mandiri,Tabungan,Aktif,2015-07-02,29372090,2058785,1704319,148,2,18870058
ACC000778,3671011305710568,3541407072,BNI,Giro,Aktif,2025-02-08,25622922,1805122,1462946,65,0,18820706
ACC000779,3671015103880569,9517478429,Bank Danamon,Giro,Aktif,2021-08-09,21462178,1970126,1692998,75,1,12526043
ACC000780,3671015103880569,1353434306,Bank BCA,Tabungan,Aktif,2022-02-07,10344944,2369876,2134648,41,0,15762465
ACC000781,3171012003730570,2260217503,Bank BRI,Tabungan,Aktif,2023-12-05,22867924,1656895,1264491,158,0,38136214
ACC000782,3171012003730570,6128603222,BPR Mitra Usaha,Tabungan,Aktif,2016-07-18,5359790,2204584,2088808,90,0,6504509
ACC000783,3671015407850571,4871225004,Bank Mandiri,Tabungan,Aktif,2020-04-16,8335353,509427,416050,30,0,14552510
ACC000784,3276010603910572,5920436888,BPR Mitra Usaha,Giro,Aktif,2023-05-21,31371259,1682459,1282369,183,0,18497527
ACC000785,3276010603910572,3681567951,Bank Danamon,Tabungan,Aktif,2021-08-05,3002288,1843615,1794130,136,0,3752462
ACC000786,3671014709820573,6299205568,Bank BCA,Giro,Aktif,2016-01-20,1751870,580365,546606,55,0,1196027
ACC000787,3671015210790574,6291848845,Bank BCA,Giro,Aktif,2017-10-27,3934241,720994,673121,89,1,6238584
ACC000788,3671015807890575,8813394942,Bank Danamon,Giro,Aktif,2015-05-08,22837647,1659997,1293993,120,0,9891167
ACC000789,3671015807890575,3157193027,Bank Mandiri,Giro,Aktif,2017-04-07,18880362,1453115,1053893,179,1,21860524
ACC000790,3271011201940576,2416486404,Bank CIMB Niaga,Giro,Aktif,2017-02-24,6464222,1566739,1464213,151,0,6815454
ACC000791,3276015812860577,8473419835,Bank OCBC NISP,Giro,Aktif,2022-07-21,2860165,337589,269639,91,0,1333314
ACC000792,3276015812860577,2839404048,Bank Permata,Tabungan,Aktif,2020-01-04,8587824,545958,413185,41,0,7377676
ACC000793,3275012510660578,4870917786,Bank BNI,Tabungan,Aktif,2022-09-08,11114287,494339,379274,76,0,16516848
ACC000794,3275012510660578,7531436568,Bank OCBC NISP,Giro,Aktif,2023-02-12,7547737,404587,292736,163,0,4216088
ACC000795,3173016306780579,1930137217,Bank Panin,Giro,Aktif,2023-11-03,10494797,1117925,969418,31,0,4753219
ACC000796,3173016306780579,3111312804,Bank BRI,Giro,Aktif,2021-03-17,9485095,1174596,1060768,23,0,4951438
ACC000797,3671012811870580,3228210448,BPR Mitra Usaha,Giro,Aktif,2021-12-09,39152696,1985876,1493861,49,0,41784891
ACC000798,3671012811870580,7259612265,Bank BNI,Giro,Aktif,2023-09-16,34508536,2072542,1571827,123,0,43843574
ACC000799,3671012001730581,7570677586,BNI,Tabungan,Aktif,2025-05-07,17476349,1769379,1549516,192,0,8503982
ACC000800,3276016106740582,6664620034,Bank BNI,Giro,Aktif,2023-12-10,8761216,1295934,1087123,37,0,12764028
ACC000801,3173016308850583,9273969963,Bank BNI,Tabungan,Aktif,2018-08-15,13871502,896584,677987,160,0,20322914
ACC000802,3174016407730584,2511333887,Bank BCA,Tabungan,Aktif,2016-04-06,33802239,2146026,1736693,132,0,19664553
ACC000803,3671015111680585,4955521049,Bank Danamon,Giro,Aktif,2024-02-10,12267554,1093971,858296,133,0,19870071
ACC000804,3671015111680585,3047892237,Bank BCA,Tabungan,Aktif,2021-07-19,6315890,632718,497418,168,0,7089612
ACC000805,3674012402860586,5798726287,BPR Mitra Usaha,Giro,Aktif,2015-02-21,18620329,1349344,1116855,65,0,7943538
ACC000806,3671016508830587,8258746411,Bank Mandiri,Tabungan,Dormant,2024-03-05,5548566,517201,408036,66,2,725794
ACC000807,3671016805750588,7661485256,Bank OCBC NISP,Tabungan,Aktif,2020-07-23,10586425,1200166,1024540,85,0,14034087
ACC000808,3671016805750588,8519876462,Bank BRI,Tabungan,Aktif,2025-04-06,22421109,1502619,1227044,91,0,25385698
ACC000809,3173014712920589,1044284456,Bank BNI,Tabungan,Aktif,2023-06-03,59110290,3357223,2558741,160,2,27829355
ACC000810,3173014712920589,9535934569,Bank CIMB Niaga,Tabungan,Aktif,2021-10-20,3253273,2581046,2515843,159,0,5203187
ACC000811,3671015305910590,2211022892,Bank Permata,Tabungan,Dormant,2017-08-01,4742883,862357,798096,126,0,932060
ACC000812,3671015305910590,3001612721,Bank Permata,Giro,Aktif,2016-11-11,19746820,997202,718602,82,0,28760989
ACC000813,3671014209770591,9172282008,Bank Panin,Tabungan,Aktif,2017-04-03,22768191,1901675,1635296,71,0,36307999
ACC000814,3271011307750592,2937105285,Bank BNI,Tabungan,Aktif,2018-01-27,19586877,1419289,1218161,165,0,18327500
ACC000815,3271011307750592,5082363699,Bank BCA,Giro,Aktif,2019-03-27,19656975,1303129,1039260,116,0,21073693
ACC000816,3174012502800593,5608994874,BPR Mitra Usaha,Giro,Dormant,2019-09-02,2076911,1246505,1205455,146,3,106621
ACC000817,3174012502800593,3566085555,BNI,Giro,Aktif,2021-07-02,18643473,1192043,885833,47,3,24119480
ACC000818,3671015310710594,2605207953,Bank BNI,Giro,Aktif,2016-07-04,50367726,2509401,1758010,60,0,60582014
ACC000819,3671015310710594,7878406179,BNI,Tabungan,Aktif,2017-08-24,14629665,1677360,1499473,105,0,12936662
ACC000820,3174012003740595,7911671805,BNI,Tabungan,Aktif,2022-06-10,11367907,824840,593144,193,0,11386975
ACC000821,3174012003740595,2116592859,Bank Mandiri,Giro,Aktif,2024-08-30,13866698,688302,524419,183,1,19939103
ACC000822,3171015209840596,7417000027,Bank OCBC NISP,Tabungan,Aktif,2024-05-06,14503964,728696,561829,82,0,16544118
ACC000823,3671010603810597,4480415878,Bank Danamon,Giro,Aktif,2025-02-24,13497602,1443533,1280745,158,0,16790638
ACC000824,3671014305660598,7400670934,Bank Panin,Giro,Aktif,2017-12-12,6835400,915684,774643,56,0,11356266
ACC000825,3275016308820599,2708082917,BNI,Tabungan,Aktif,2023-01-28,37962406,1998590,1523892,110,0,16520364
ACC000826,3275016308820599,3776413137,Bank Mandiri,Giro,Aktif,2018-04-21,18615581,1953197,1686185,63,0,26620230
ACC000827,3175014409880600,8160632739,Bank Permata,Tabungan,Aktif,2015-04-16,20939609,1123431,907980,118,0,32530156
ACC000828,3174010902890601,2407009663,Bank CIMB Niaga,Giro,Aktif,2018-09-27,26654332,1752173,1480497,162,0,45255575
ACC000829,3174010902890601,7809317563,Bank Panin,Giro,Aktif,2019-08-03,4856584,1551998,1493289,40,0,4387059
ACC000830,3174014204660602,4269978358,Bank BRI,Tabungan,Aktif,2019-09-16,12191860,722078,534184,141,0,12159355
ACC000831,3275016202670603,5279200630,Bank Permata,Giro,Aktif,2024-12-28,3920995,1156125,1063807,161,0,4977335
ACC000832,3671015601970604,2654614522,BNI,Tabungan,Aktif,2015-06-12,21788813,1332189,968375,78,0,22828342
ACC000833,3671015601970604,5720421256,Bank Mandiri,Tabungan,Dormant,2017-09-29,11331389,994939,716053,67,0,2718696
ACC000834,3275012002690605,2893370748,Bank OCBC NISP,Giro,Aktif,2020-03-04,29682473,1930790,1459203,116,0,22689297
ACC000835,3275012002690605,8499461088,BNI,Tabungan,Aktif,2020-04-23,19561314,2540372,2301840,126,0,8340834
ACC000836,3671016007930606,7775064459,Bank CIMB Niaga,Giro,Aktif,2015-11-03,53786718,2502897,1829696,63,1,92078979
ACC000837,3172016609880607,4089331360,Bank CIMB Niaga,Tabungan,Aktif,2018-08-13,14069462,1531739,1269315,58,0,25078444
ACC000838,3172016609880607,4212288857,Bank Danamon,Tabungan,Dormant,2017-05-28,23339852,1247108,943511,105,0,1325941
ACC000839,3174013107810608,4201779808,BPR Mitra Usaha,Giro,Dormant,2020-10-29,20131274,984789,767269,168,0,1049392
ACC000840,3171016802000609,3295889998,Bank Danamon,Tabungan,Aktif,2015-01-07,7212167,999896,916839,71,0,6689082
ACC000841,3174012509830610,9764019368,Bank Permata,Tabungan,Dormant,2024-07-07,675880,528067,512277,109,0,106540
ACC000842,3674010612940611,7649443929,Bank OCBC NISP,Giro,Aktif,2023-08-18,15436650,602822,437319,173,0,14223952
ACC000843,3671014501980612,6809264940,Bank Mandiri,Tabungan,Aktif,2024-03-24,12718762,830492,611657,49,0,5696521
ACC000844,3671014501980612,1830555701,BPR Mitra Usaha,Tabungan,Aktif,2018-10-28,9244791,851163,696438,160,0,12403219
ACC000845,3671013107900613,7653932979,BPR Mitra Usaha,Giro,Aktif,2019-04-04,14723862,1102782,788438,130,1,19678568
ACC000846,3172010512840614,7675390339,Bank Mandiri,Giro,Aktif,2024-05-15,5189914,1758872,1692541,142,0,2405864
ACC000847,3172016803790615,1028294065,Bank Panin,Giro,Aktif,2025-06-13,32431176,2447817,1981839,25,0,42529636
ACC000848,3172016803790615,1691459718,BNI,Tabungan,Aktif,2018-04-12,24890436,2513704,1984288,75,3,40262115
ACC000849,3175014904830616,2725864391,BNI,Tabungan,Aktif,2022-04-20,14923227,3979334,3709140,199,0,24381269
ACC000850,3175014904830616,7133984380,Bank BCA,Giro,Aktif,2019-09-03,85753704,4491436,3380759,126,0,55173210
ACC000851,3271014511810617,4351129449,Bank Panin,Tabungan,Aktif,2023-01-01,11073466,1086280,891272,89,0,9542424
ACC000852,3271014511810617,9943741424,BNI,Giro,Aktif,2024-08-12,27425238,1504863,1127825,106,1,34629015
ACC000853,3674012410890618,4967482043,Bank Panin,Tabungan,Aktif,2017-04-04,8592248,335249,237012,129,0,4726298
ACC000854,3671013108780619,1019607756,Bank Danamon,Tabungan,Aktif,2023-07-01,21210532,885413,656828,36,0,21343599
ACC000855,3671011611660620,3401622178,Bank BRI,Giro,Aktif,2018-11-20,8584411,3045720,2939068,142,0,11808529
ACC000856,3271015610020621,4823064085,Bank BCA,Tabungan,Aktif,2018-07-15,11323573,2423780,2294851,26,0,11885669
ACC000857,3671014304020622,3259973804,Bank Permata,Tabungan,Dormant,2016-12-16,25532318,1300920,989809,188,0,5427122
ACC000858,3671014104770623,6087514694,Bank Permata,Giro,Aktif,2019-10-04,38689889,3709016,3167003,141,0,40649843
ACC000859,3671014104770623,1459884583,Bank BRI,Giro,Aktif,2018-08-25,28316003,2855840,2211556,175,0,39229925
ACC000860,3671011203650624,3966167132,Bank BCA,Tabungan,Aktif,2016-07-20,49264594,4369149,3840903,98,0,72208740
ACC000861,3671011203650624,2827995673,BNI,Giro,Dormant,2022-02-14,77639643,3503884,2677019,89,0,9948111
ACC000862,3671012702950625,9970753074,BPR Mitra Usaha,Giro,Aktif,2024-12-18,12738758,1937352,1801916,127,0,9665620
ACC000863,3173010306650626,4873387376,BNI,Tabungan,Aktif,2017-05-20,4566176,805665,715355,133,1,4623182
ACC000864,3275010508770627,3823603021,Bank Mandiri,Giro,Aktif,2016-11-12,22998941,2844383,2399767,101,0,41333589
ACC000865,3275010508770627,1374977363,Bank BNI,Giro,Aktif,2023-05-16,49825681,4520810,3960732,33,0,70358759
ACC000866,3671010712670628,8790390246,Bank CIMB Niaga,Giro,Dormant,2024-03-29,9007509,859548,664947,94,0,1967823
ACC000867,3671010712670628,1408613616,Bank Mandiri,Giro,Dormant,2019-12-20,8564269,1269261,1176793,174,3,606370
ACC000868,3172012507920629,6466436287,Bank BCA,Giro,Aktif,2023-02-19,20196416,1047650,782382,43,0,35565129
ACC000869,3275014607950630,1220026678,Bank Panin,Giro,Aktif,2015-10-01,9256140,1121657,977299,196,0,5500819
ACC000870,3276014601800631,8403457725,Bank Mandiri,Tabungan,Aktif,2020-08-28,4948621,989514,879390,114,0,2910192
ACC000871,3174010204660632,9710746816,Bank CIMB Niaga,Giro,Aktif,2015-12-08,32809093,1290678,950526,108,0,36625056
ACC000872,3276010904680633,2386567658,BPR Mitra Usaha,Tabungan,Aktif,2016-03-15,34681598,2090297,1620952,181,0,39261910
ACC000873,3171015310670634,8961892716,BNI,Giro,Aktif,2016-04-10,11428818,1146204,867516,30,0,6306329
ACC000874,3275010909920635,5193274399,Bank OCBC NISP,Tabungan,Aktif,2023-09-20,8608731,1246680,1091121,95,0,12254623
ACC000875,3173015503880636,2423791795,Bank OCBC NISP,Giro,Aktif,2019-06-08,15098909,1155098,901774,196,0,17657367
ACC000876,3172013006760637,1178443060,Bank Panin,Giro,Aktif,2021-08-09,11420668,834839,708090,56,0,9976792
ACC000877,3674010801880638,3083138004,Bank OCBC NISP,Giro,Aktif,2019-12-03,18770740,1630077,1320776,199,0,30318100
ACC000878,3671016907670639,5701702547,Bank Panin,Giro,Aktif,2020-07-11,19107759,2755295,2522219,171,0,28334725
ACC000879,3671016907670639,5175482202,Bank Panin,Giro,Aktif,2015-05-10,27107551,3297094,2825239,168,2,18049253
ACC000880,3671010203960640,6479772149,Bank Mandiri,Tabungan,Aktif,2016-05-15,3455315,636899,591224,21,0,5797105
ACC000881,3671010203960640,6393708765,Bank OCBC NISP,Giro,Aktif,2023-11-01,6944727,905147,786724,138,0,6952889
ACC000882,3275014104870641,7420193422,Bank Danamon,Giro,Aktif,2015-06-22,6690355,1092623,999968,106,0,5134496
ACC000883,3674015803740642,7726009837,Bank OCBC NISP,Giro,Aktif,2023-11-26,3596025,626391,565317,130,0,2187192
ACC000884,3172010505990643,9458141139,Bank OCBC NISP,Giro,Aktif,2018-10-21,13126284,1338009,1179927,159,0,6133979
ACC000885,3172010505990643,5978695992,Bank CIMB Niaga,Giro,Dormant,2019-09-05,30755101,2080822,1592650,162,0,6497285
ACC000886,3171011710730644,4199940961,Bank BNI,Tabungan,Aktif,2021-11-20,2439908,1253526,1211129,23,0,4019017
ACC000887,3171011710730644,4192423434,Bank CIMB Niaga,Giro,Aktif,2023-07-31,30175074,1791208,1450342,50,0,29321142
ACC000888,3674015010750645,8391941503,Bank Permata,Tabungan,Aktif,2015-02-25,24875837,1510560,1114470,62,1,32093914
ACC000889,3171012111880646,6124955793,Bank Danamon,Giro,Aktif,2025-04-21,8566376,1001720,824239,108,0,11450612
ACC000890,3171012111880646,8072452223,Bank BNI,Giro,Aktif,2022-01-27,10074699,1536780,1427958,125,0,10080108
ACC000891,3276011309790647,8170316283,Bank OCBC NISP,Tabungan,Aktif,2020-09-03,39214616,2234064,1784727,154,0,57922156
ACC000892,3671014607720648,3373532144,Bank Mandiri,Tabungan,Aktif,2018-12-05,8565242,933232,847120,115,3,10925055
ACC000893,3271016701910649,7228589099,Bank Mandiri,Tabungan,Aktif,2015-04-06,6336425,867589,776538,94,0,2588284
ACC000894,3674010112810650,7233332310,Bank Permata,Tabungan,Dormant,2025-01-22,8267173,478582,362101,38,0,1013640
ACC000895,3674010112810650,9206983391,Bank Mandiri,Giro,Aktif,2024-07-17,2679516,516315,459008,111,0,1710825
ACC000896,3173016412870651,2674788759,BNI,Tabungan,Aktif,2016-12-07,11752789,1832146,1702998,166,0,19673270
ACC000897,3173016806750652,1141724501,BNI,Tabungan,Aktif,2017-04-26,2038059,323880,287357,59,1,2299030
ACC000898,3174015403680653,8446876553,Bank BRI,Tabungan,Aktif,2020-12-06,25730871,1676329,1405078,191,0,29787916
ACC000899,3671016107730654,3150099457,Bank CIMB Niaga,Tabungan,Aktif,2021-01-05,2670485,487481,430187,98,0,4797265
ACC000900,3671016107730654,1090870317,Bank Permata,Tabungan,Aktif,2024-12-24,6691644,384219,287361,29,0,2729431
ACC000901,3671014503860655,9092358451,Bank Panin,Giro,Aktif,2015-09-12,38428355,1764986,1329852,99,0,38821420
ACC000902,3276016703840656,2364157743,Bank BNI,Tabungan,Aktif,2018-09-02,16394550,1642335,1451676,33,0,27066001
ACC000903,3271017003800657,2351521621,Bank Permata,Tabungan,Aktif,2020-11-19,18209745,2559823,2245244,158,0,30210445
ACC000904,3271017003800657,5722128421,Bank BNI,Tabungan,Aktif,2017-08-28,23114048,2295940,1888770,28,0,18012940
ACC000905,3175012806900658,6420924334,Bank Danamon,Giro,Aktif,2019-06-26,38687697,3312210,2750170,110,0,54207382
ACC000906,3671014803690659,2713073791,Bank Danamon,Giro,Aktif,2021-09-10,13435504,1073139,772119,59,0,17450438
ACC000907,3276011606750660,9133917071,Bank Mandiri,Giro,Aktif,2023-01-05,13988030,1966648,1716398,80,0,17264252
ACC000908,3276012012690661,4541038680,Bank OCBC NISP,Giro,Aktif,2017-02-11,16779686,1952351,1688196,169,0,17124979
ACC000909,3276012012690661,5636166449,Bank CIMB Niaga,Giro,Aktif,2021-06-08,9326259,1490254,1320788,137,0,6676581
ACC000910,3671015502720662,5978694615,Bank Permata,Tabungan,Aktif,2022-08-09,68709586,3306882,2613890,27,1,79074790
ACC000911,3671014308880663,2949331458,Bank BRI,Tabungan,Aktif,2020-12-24,7761495,676819,483471,114,0,3308033
ACC000912,3671015807820664,8074362251,Bank Mandiri,Tabungan,Aktif,2015-04-06,17879524,1179964,912606,173,0,23878168
ACC000913,3171010102720665,1251014461,Bank BRI,Giro,Dormant,2016-04-22,3490576,825138,759068,77,0,298868
ACC000914,3172016105990666,2910748747,Bank OCBC NISP,Tabungan,Aktif,2022-05-20,5104829,1026524,917792,148,1,3200262
ACC000915,3172016105990666,3487104840,Bank Panin,Giro,Aktif,2015-08-28,1252702,703956,687744,161,0,1906640
ACC000916,3671010502820667,3466421572,Bank Permata,Tabungan,Aktif,2016-07-30,36391452,1978984,1529394,196,0,28362175
ACC000917,3671013009860668,8813295258,Bank OCBC NISP,Tabungan,Aktif,2015-07-19,32585812,1614388,1147957,192,0,25976274
ACC000918,3671011312720669,9812451754,BPR Mitra Usaha,Giro,Aktif,2024-08-07,34925190,2442380,1858938,122,0,21569502
ACC000919,3276016009740670,2422390822,Bank Panin,Tabungan,Aktif,2019-07-31,5155948,433288,344007,92,0,5524307
ACC000920,3276016009740670,8322011230,BPR Mitra Usaha,Tabungan,Dormant,2015-01-16,1697747,361728,342454,150,0,152869
ACC000921,3275014111910671,5302984086,Bank OCBC NISP,Giro,Aktif,2025-07-01,7124234,2502647,2416526,121,2,7467102
ACC000922,3175012210010672,7859382984,Bank BRI,Tabungan,Aktif,2022-02-27,5268614,449862,377890,151,0,6361017
ACC000923,3271015903900673,7694560237,BNI,Tabungan,Aktif,2022-05-23,15957248,1297737,1059609,142,0,27967225
ACC000924,3271015903900673,5342449488,Bank Mandiri,Giro,Aktif,2016-12-11,25643996,1786619,1311406,59,1,30188138
ACC000925,3174011501830674,9588833609,Bank Mandiri,Tabungan,Aktif,2022-08-13,19910708,1085591,885524,27,0,31045811
ACC000926,3174011501830674,5742251173,Bank Permata,Giro,Aktif,2017-02-20,9215685,1253165,1133624,55,0,4728210
ACC000927,3173015207780675,9354467247,Bank Panin,Tabungan,Aktif,2023-07-16,5386528,3704303,3572851,33,2,9457501
ACC000928,3671016411790676,1983910621,Bank Panin,Giro,Aktif,2018-09-08,8503563,760589,563432,69,0,6589739
ACC000929,3671014208870677,4868179173,Bank BRI,Giro,Aktif,2016-04-19,4469060,669106,591323,54,0,3732232
ACC000930,3171012010810678,5983006092,Bank Mandiri,Tabungan,Aktif,2018-03-01,1970252,501355,479377,50,0,1183093
ACC000931,3171012010810678,2924588778,Bank BNI,Tabungan,Aktif,2023-04-23,3719056,465326,380542,53,0,2332798
ACC000932,3175017103790679,8630250147,BNI,Giro,Aktif,2017-04-16,7964560,2427217,2284297,129,0,4415930
ACC000933,3175017103790679,1353823035,Bank Permata,Tabungan,Aktif,2022-12-15,39560117,2843114,2425432,81,3,49992470
ACC000934,3671017110940680,3098070004,Bank CIMB Niaga,Tabungan,Aktif,2019-01-07,31930733,1752069,1296205,66,0,55996843
ACC000935,3671017110940680,1222383311,Bank Permata,Giro,Aktif,2018-08-17,21791727,1925514,1545729,162,0,20655990
ACC000936,3171010405670681,1133215831,Bank Permata,Tabungan,Aktif,2021-03-22,16029843,546956,386209,153,0,26955621
ACC000937,3276015605970682,3211564985,Bank OCBC NISP,Giro,Aktif,2019-11-22,4506693,1179741,1090536,181,0,4683096
ACC000938,3276015605970682,3310331328,BNI,Giro,Aktif,2016-08-09,15271452,1024742,834320,111,2,22428912
ACC000939,3175011211820683,1147864058,Bank Mandiri,Tabungan,Aktif,2024-01-19,17526648,792426,557930,172,2,30477839
ACC000940,3276015910890684,5910353437,Bank BCA,Giro,Aktif,2020-06-04,13989275,1357993,1208495,82,0,14848246
ACC000941,3671011210730685,8776591457,Bank CIMB Niaga,Tabungan,Dormant,2016-03-01,10125719,2245311,2101290,73,2,772366
ACC000942,3674016310780686,7466329458,Bank Panin,Tabungan,Aktif,2016-07-30,12431512,1776673,1619363,137,0,6381886
ACC000943,3271016903960687,2577896844,BNI,Tabungan,Aktif,2024-07-11,16566987,1352840,1130409,151,0,9306040
ACC000944,3271016903960687,7851738580,Bank BRI,Tabungan,Aktif,2018-11-04,2493275,1671333,1610152,151,0,3194948
ACC000945,3671012109760688,7505598197,BPR Mitra Usaha,Tabungan,Aktif,2021-08-11,12896293,1024485,779465,147,1,21338258
ACC000946,3671014504880689,3990597707,BPR Mitra Usaha,Giro,Aktif,2016-05-04,6871235,1145789,1059725,68,0,9159620
ACC000947,3671014504880689,8012017335,Bank Mandiri,Giro,Aktif,2015-02-02,39662396,1847667,1377669,53,0,45678734
ACC000948,3671016611690690,3395489556,Bank Permata,Giro,Aktif,2015-11-17,16124089,1176510,1004085,47,0,25168195
ACC000949,3174011902680691,5277605526,Bank CIMB Niaga,Tabungan,Aktif,2015-10-18,36742931,1617616,1210821,198,0,29784389
ACC000950,3173010103730692,9842399805,Bank BRI,Tabungan,Aktif,2019-10-08,2151197,890696,865088,94,3,1083283
ACC000951,3275012007930693,4088920414,Bank Permata,Tabungan,Aktif,2019-01-16,13621420,575715,423053,81,0,13557588
ACC000952,3674010803950694,3178638879,Bank OCBC NISP,Giro,Aktif,2024-01-04,5859938,1832311,1704370,110,0,8856423
ACC000953,3674010803950694,5387260845,Bank Mandiri,Tabungan,Aktif,2015-11-13,29018406,1720282,1334267,151,0,12823515
ACC000954,3674016503860695,6821240252,BNI,Tabungan,Aktif,2018-11-10,15148287,2490633,2120814,120,0,22732576
ACC000955,3674016503860695,7617854641,Bank Panin,Giro,Aktif,2021-11-01,15887155,2448070,2192225,25,0,22967761
ACC000956,3175016510790696,8172927118,Bank OCBC NISP,Giro,Aktif,2024-05-17,38126203,2139539,1630389,44,0,65468141
ACC000957,3175015004850697,7094605870,BNI,Giro,Aktif,2018-01-09,25704707,2874336,2460745,50,0,42902844
ACC000958,3175015004850697,6468353545,Bank BRI,Tabungan,Aktif,2015-09-09,9864667,2084936,1903495,74,3,-163362
ACC000959,3671017105950698,1364658477,Bank OCBC NISP,Tabungan,Dormant,2020-01-28,20876654,1859781,1396182,98,1,1876605
ACC000960,3671017105950698,5759924888,Bank CIMB Niaga,Tabungan,Aktif,2019-03-28,15243871,1511031,1332375,188,0,24215396
ACC000961,3276010812960699,6355819302,Bank Permata,Giro,Aktif,2024-06-13,12004961,848518,672523,27,0,21164542
ACC000962,3276010812960699,9884267716,Bank Danamon,Giro,Aktif,2016-10-23,4681680,569064,480576,32,0,4034364
ACC000963,3671015607720700,1261984949,Bank Permata,Giro,Aktif,2021-03-17,2347703,2092123,2042969,142,0,2061459
ACC000964,3671011003720701,6982112058,Bank BNI,Giro,Aktif,2019-12-28,22632013,1518972,1142968,192,0,32549027
ACC000965,3276014211900702,1014351288,Bank Mandiri,Giro,Aktif,2019-06-01,11788824,1763251,1571294,84,0,10280634
ACC000966,3174010604800703,3513039870,Bank OCBC NISP,Tabungan,Aktif,2022-04-08,17561114,1769684,1559268,194,0,8062630
ACC000967,3671014101030704,1585816691,Bank BNI,Tabungan,Aktif,2019-07-28,4535490,482829,437431,105,0,2621681
ACC000968,3671014101030704,3916889750,Bank BNI,Tabungan,Aktif,2020-04-26,6290129,709466,639792,106,0,7406160
ACC000969,3276014406870705,2638844388,Bank Mandiri,Giro,Dormant,2016-02-22,72492200,3643799,2743235,84,0,8608737
ACC000970,3671016304930706,9685591327,Bank Panin,Tabungan,Aktif,2016-06-23,73755856,3307773,2393181,182,0,73427136
ACC000971,3671016304930706,6416249862,Bank BRI,Giro,Aktif,2025-04-18,22352719,2302330,1928737,96,0,36669644
ACC000972,3171010806030707,3115028829,Bank OCBC NISP,Giro,Aktif,2023-08-29,7200478,746816,634449,144,0,3468097
ACC000973,3674015807820708,6972238539,Bank BCA,Giro,Aktif,2024-09-18,6671954,598845,513587,197,3,9641649
ACC000974,3674011405940709,2958451093,BNI,Tabungan,Aktif,2020-12-11,6897794,1625974,1480856,60,0,9982039
ACC000975,3674011405940709,6411200009,Bank Danamon,Tabungan,Aktif,2019-01-03,22352343,2084252,1672737,166,0,29570495
ACC000976,3175012607970710,8983964211,Bank CIMB Niaga,Tabungan,Aktif,2015-05-14,11138984,2630346,2504092,30,1,6926277
ACC000977,3172014103940711,2217459876,BPR Mitra Usaha,Giro,Aktif,2022-03-25,5216540,775553,691982,21,0,9046159
ACC000978,3172014103940711,1267004746,Bank Permata,Tabungan,Aktif,2021-07-16,15786118,751535,531062,125,0,22059586
ACC000979,3671015404940712,9338089114,Bank BRI,Tabungan,Aktif,2018-05-11,40312624,3213855,2766134,39,0,18584631
ACC000980,3174016306700713,6854562483,Bank Permata,Giro,Dormant,2016-10-15,4855291,977060,855759,68,1,1196756
ACC000981,3174016306700713,4536523176,Bank BCA,Tabungan,Aktif,2021-10-27,3292890,916009,871072,77,0,3379415
ACC000982,3671012105780714,8947884469,Bank Danamon,Tabungan,Aktif,2015-11-03,1661963,737395,696113,170,0,2042692
ACC000983,3671012105780714,6675811285,Bank Permata,Giro,Aktif,2016-05-11,9390127,672615,565204,178,0,8105053
ACC000984,3671015411670715,3913920764,Bank Mandiri,Giro,Aktif,2017-10-10,18725803,883590,667248,93,0,10314944
ACC000985,3671015411670715,4940749131,Bank Panin,Giro,Aktif,2016-11-22,4345253,767823,689574,155,0,2881379
ACC000986,3275010410660716,3154775196,Bank Panin,Tabungan,Aktif,2019-11-09,35002152,3866538,3325744,84,0,41511283
ACC000987,3271010306890717,1757836999,BNI,Tabungan,Aktif,2024-01-31,7499596,1700192,1519903,59,0,10139109
ACC000988,3671011206880718,5094105834,BPR Mitra Usaha,Giro,Aktif,2017-06-01,28236677,2131763,1840776,142,0,41859091
ACC000989,3276010801710719,9361070143,BNI,Giro,Aktif,2017-02-12,8562004,1214089,1002705,21,0,8563185
ACC000990,3173015706850720,7042151979,Bank OCBC NISP,Tabungan,Aktif,2024-03-09,2619466,736920,674046,134,0,3854477
ACC000991,3671013010830721,7907686572,Bank Panin,Giro,Aktif,2020-07-18,20127110,1381906,1119472,43,0,19087056
ACC000992,3275011110790722,3407476094,Bank Danamon,Tabungan,Aktif,2020-05-25,20923999,2067317,1593898,100,0,13349238
ACC000993,3174015911720723,6493878804,Bank Permata,Giro,Aktif,2016-11-24,9038111,1451075,1286640,33,0,9107651
ACC000994,3171014804790724,9407410176,Bank CIMB Niaga,Tabungan,Aktif,2016-04-13,53321565,2047010,1498649,36,0,84110752
ACC000995,3171014804790724,8984629070,Bank BNI,Tabungan,Aktif,2021-01-21,27591468,1640617,1173832,146,1,12398481
ACC000996,3671014107940725,6381785149,Bank BCA,Tabungan,Aktif,2022-09-14,15285333,1356074,1130126,166,0,20806405
ACC000997,3674011903730726,2726011214,Bank BNI,Giro,Aktif,2025-04-25,6598093,956252,811856,110,0,11737468
ACC000998,3674011903730726,4139901483,Bank OCBC NISP,Giro,Aktif,2020-05-12,5970191,1328716,1204581,100,0,10515262
ACC000999,3674016707990727,3147100342,Bank Permata,Giro,Aktif,2019-04-27,5793312,1053634,955312,173,0,9807298
ACC001000,3671010504010728,6526063705,Bank BNI,Giro,Aktif,2022-03-31,39889484,1412420,989096,55,0,17134126
ACC001001,3671010504010728,2625725626,Bank BCA,Tabungan,Aktif,2020-07-12,18854716,981952,791715,121,0,10707569
ACC001002,3174015301970729,5342657412,Bank BCA,Tabungan,Aktif,2018-08-12,8039378,1375944,1292005,70,0,11212639
ACC001003,3174015301970729,9493793715,Bank Mandiri,Giro,Aktif,2015-07-23,7652189,1476097,1302270,115,0,13296893
ACC001004,3671014411720730,5451387592,Bank BRI,Giro,Aktif,2019-04-18,41607162,2369683,1681726,21,0,35152596
ACC001005,3276012404020731,3386182419,Bank OCBC NISP,Giro,Dormant,2019-04-09,9410182,2026284,1862522,70,0,900048
ACC001006,3671010910850732,6073512359,Bank BCA,Giro,Aktif,2021-12-09,31489525,1509036,1191153,49,0,32857896
ACC001007,3671011401830733,7175536670,Bank Permata,Tabungan,Aktif,2017-03-22,13693403,1832416,1586132,58,0,23134483
ACC001008,3171014807990734,9504022014,Bank Panin,Giro,Aktif,2019-01-25,21828581,3826757,3523144,126,0,35573654
ACC001009,3671014504720735,6082658671,Bank Danamon,Tabungan,Aktif,2022-08-28,20449120,1656409,1278070,176,0,22238907
ACC001010,3271010206660736,4309809481,Bank Mandiri,Giro,Aktif,2024-06-06,24155161,1054852,800710,59,0,20478353
ACC001011,3271010206660736,6452922591,Bank Permata,Giro,Aktif,2022-11-16,6898132,722313,621413,150,0,8167162
ACC001012,3674012411700737,5372222954,Bank Mandiri,Tabungan,Aktif,2021-10-01,68632457,3066243,2203243,152,0,74529754
ACC001013,3275012606840738,8703026994,Bank Permata,Giro,Aktif,2020-09-24,55518472,2129703,1516312,179,0,79120132
ACC001014,3175011106960739,1313268943,Bank Danamon,Giro,Aktif,2020-08-02,9140368,735759,538260,103,3,12205901
ACC001015,3175011106960739,4648997667,BPR Mitra Usaha,Tabungan,Aktif,2016-11-19,5044169,690024,615924,164,0,2526601
ACC001016,3671011704750740,9892709082,Bank CIMB Niaga,Giro,Aktif,2021-04-16,27493684,1233868,931522,74,0,14022359
ACC001017,3674012007880741,1548533641,Bank Danamon,Giro,Aktif,2019-06-25,40598556,1542348,1081321,55,0,54354055
ACC001018,3271010208770742,6360831266,BNI,Tabungan,Aktif,2018-02-28,7013509,634721,547054,95,0,3603586
ACC001019,3271010208770742,6968914613,Bank Panin,Tabungan,Aktif,2021-11-23,7514897,774417,624855,165,0,5753667
ACC001020,3276011910770743,5775523824,Bank CIMB Niaga,Giro,Aktif,2024-03-14,24096167,4193957,3889238,74,1,34784854
ACC001021,3671016108950744,2328687286,BNI,Giro,Aktif,2020-02-04,21737194,2264196,1747287,67,0,31739673
ACC001022,3174010811700745,6867356945,BNI,Tabungan,Aktif,2021-08-22,1933314,697497,665966,193,0,1161322
ACC001023,3172014205970746,3857178547,Bank CIMB Niaga,Tabungan,Aktif,2021-02-23,17716961,1766564,1561297,72,0,23033158
ACC001024,3172014205970746,5789422023,Bank Mandiri,Giro,Aktif,2020-04-16,30494800,2281243,1957156,67,0,35115758
ACC001025,3173015501680747,9340856811,BNI,Giro,Aktif,2024-05-30,10786799,910893,708482,173,0,5819820
ACC001026,3173015501680747,2549337425,Bank BRI,Tabungan,Aktif,2021-09-13,19977322,938931,702747,62,0,28099603
ACC001027,3171016403980748,4978968571,BPR Mitra Usaha,Giro,Aktif,2024-06-05,20030607,1502951,1237931,30,0,33333229
ACC001028,3171016403980748,3517853305,Bank Panin,Giro,Aktif,2025-03-09,45019748,2518559,2002285,192,1,50103850
ACC001029,3276014404730749,3886667035,Bank Mandiri,Tabungan,Aktif,2018-02-12,108980645,5443358,4263468,29,1,69304258
ACC001030,3276014404730749,4417580665,BNI,Tabungan,Aktif,2017-10-29,119683220,7350975,5252320,162,3,204988150
ACC001031,3271014810890750,5910831900,Bank BCA,Tabungan,Aktif,2017-05-18,32134180,2113102,1557951,140,0,31598534
ACC001032,3275016610930751,7383832214,BNI,Giro,Aktif,2018-08-01,12637152,1222218,1023357,124,0,22704307
ACC001033,3275016610930751,6914243427,Bank BCA,Tabungan,Aktif,2018-01-25,5623231,903596,835571,56,0,9520120
ACC001034,3671016305970752,4887335274,Bank BNI,Tabungan,Aktif,2016-12-06,28861981,1358924,1016846,195,0,33169823
ACC001035,3671010106970753,4684247486,Bank BCA,Tabungan,Aktif,2018-03-19,23890167,2406323,2075477,88,0,13133189
ACC001036,3671016612710754,9298797305,Bank BCA,Giro,Aktif,2022-03-13,15476722,1248133,1039111,66,0,9397848
ACC001037,3172014201870755,2052141549,Bank BNI,Giro,Aktif,2016-10-11,29584653,1321716,1024136,27,0,47028857
ACC001038,3276013105850756,8012636497,BNI,Giro,Aktif,2017-01-08,19111133,1120791,858949,71,0,17038333
ACC001039,3276013105850756,1584712473,BPR Mitra Usaha,Tabungan,Aktif,2018-09-14,18289034,1673083,1242921,130,0,9263498
ACC001040,3671010612700757,2612636056,Bank Permata,Tabungan,Aktif,2020-12-01,26242908,1653211,1305987,114,1,11875771
ACC001041,3674013107010758,6214581774,BPR Mitra Usaha,Tabungan,Aktif,2022-07-13,9575326,1179067,1024155,140,0,5369435
ACC001042,3172012404780759,4895967387,Bank Permata,Giro,Aktif,2015-04-14,9250053,2623099,2438241,83,3,11039402
ACC001043,3172012404780759,3986741681,Bank OCBC NISP,Giro,Aktif,2023-01-21,26897674,2267178,1882109,88,0,38881859
ACC001044,3671015802750760,5025534662,Bank BNI,Giro,Dormant,2018-02-20,6342806,660792,573113,177,0,1210666
ACC001045,3275014403810761,4649109824,Bank Panin,Tabungan,Aktif,2017-07-16,28868272,2054779,1573463,37,0,26485574
ACC001046,3275014403810761,7882666645,Bank CIMB Niaga,Giro,Aktif,2016-07-16,21348565,2190412,1972245,81,0,12958259
ACC001047,3671011001930762,3183052475,Bank BCA,Giro,Aktif,2023-07-14,3804570,1952569,1888027,101,0,5643043
ACC001048,3671011001930762,3661104446,Bank Panin,Tabungan,Aktif,2023-08-14,38321511,2368086,1873789,34,0,65214030
ACC001049,3671011505790763,3350312734,BNI,Giro,Aktif,2021-11-07,15814149,1131002,820374,57,0,26949289
ACC001050,3671011505790763,6284982699,Bank Permata,Tabungan,Aktif,2020-12-25,2849914,1052813,1014468,162,1,-115025
ACC001051,3276016702730764,5651392850,Bank CIMB Niaga,Tabungan,Aktif,2018-01-09,15654023,2893393,2688572,120,0,14312500
ACC001052,3173011310830765,7846537992,Bank BNI,Tabungan,Aktif,2023-03-23,8759228,535200,390108,178,0,11491565
ACC001053,3173011310830765,2313898259,Bank Panin,Tabungan,Aktif,2025-05-02,4791433,579754,524034,41,0,8146256
ACC001054,3175011602650766,6250576500,Bank BCA,Tabungan,Aktif,2021-04-21,5919704,938459,859844,116,0,6700101
ACC001055,3175016708850767,1808129018,Bank BRI,Giro,Aktif,2023-12-26,50144695,1764780,1252656,137,0,83271313
ACC001056,3173011911970768,1915680187,Bank Permata,Tabungan,Aktif,2019-03-04,11890817,775074,650584,54,0,16770624
ACC001057,3174014408710769,6235070382,Bank OCBC NISP,Tabungan,Aktif,2016-01-14,6678530,1046724,923489,37,0,9254347
ACC001058,3172010305960770,3552228254,Bank Mandiri,Giro,Aktif,2024-09-13,7144278,1073762,977480,189,0,9420920
ACC001059,3172010305960770,6967382782,Bank BRI,Giro,Aktif,2016-08-17,18399965,1291990,948699,158,0,30956028
ACC001060,3174014702920771,7099335383,Bank CIMB Niaga,Tabungan,Aktif,2022-10-16,10055512,769929,630103,108,0,4103518
ACC001061,3174014702920771,6919273473,Bank CIMB Niaga,Tabungan,Dormant,2015-05-24,5880915,434301,371642,152,0,847969
ACC001062,3276015203770772,6816840946,Bank Mandiri,Tabungan,Aktif,2016-01-19,6942530,1151336,994237,46,0,9345548
ACC001063,3671015808010773,3772963327,BPR Mitra Usaha,Giro,Dormant,2025-03-09,53042481,2847649,2271805,58,0,4564936
ACC001064,3174016806680774,4878215945,Bank BRI,Tabungan,Aktif,2019-06-08,15721154,1369650,1157347,181,0,7637778
ACC001065,3175010306730775,8717709353,Bank CIMB Niaga,Giro,Aktif,2016-05-16,14234622,1434637,1239288,169,0,21943702
ACC001066,3275014511780776,6178929202,Bank OCBC NISP,Tabungan,Aktif,2016-04-08,6012310,1594431,1479280,137,0,10045836
ACC001067,3175010904830777,9826301387,Bank BRI,Tabungan,Aktif,2015-12-07,16686451,1942221,1713093,144,0,11354309
ACC001068,3175010904830777,6295755383,Bank BRI,Giro,Aktif,2015-04-07,13558218,2048473,1798204,198,0,20781206
ACC001069,3671015407680778,1550079742,BNI,Giro,Aktif,2025-07-28,13030318,2490136,2258806,38,2,13811849
ACC001070,3271014103810779,2954583088,Bank OCBC NISP,Giro,Aktif,2024-07-13,8516703,2576173,2363344,126,0,10101549
ACC001071,3271014103810779,5165581666,Bank Danamon,Tabungan,Aktif,2022-01-22,26954218,2491663,2113378,187,0,13590000
ACC001072,3175011807890780,8055067505,Bank Danamon,Giro,Aktif,2015-01-04,95139312,3320294,2346172,73,0,72671361
ACC001073,3275015103680781,8516407162,BNI,Tabungan,Aktif,2024-01-18,7506707,730998,574434,167,0,13402923
ACC001074,3175011407030782,8967117616,Bank CIMB Niaga,Tabungan,Aktif,2021-04-15,5772578,957242,834230,110,0,4821174
ACC001075,3674015610760783,5066537853,Bank Panin,Giro,Aktif,2022-01-03,9093765,2979145,2863805,63,0,5547842
ACC001076,3674015610760783,1347422646,BNI,Giro,Aktif,2021-12-07,36537413,2583857,1990074,155,0,23502945
ACC001077,3275014301750784,3790561226,Bank OCBC NISP,Giro,Aktif,2018-08-03,12249838,1918417,1738113,42,0,6063166
ACC001078,3275014301750784,3442052225,Bank BCA,Tabungan,Aktif,2019-02-20,7081087,2268820,2153947,69,0,9910447
ACC001079,3671012210820785,1817702294,Bank Panin,Tabungan,Aktif,2021-10-20,24490155,1355773,1040746,126,0,11779656
ACC001080,3275012706770786,2702142974,BPR Mitra Usaha,Giro,Aktif,2015-08-15,29117719,2445086,2151675,69,0,33511952
ACC001081,3275010904010787,1846898156,Bank BCA,Giro,Aktif,2021-09-25,9134548,952335,727003,161,0,10994178
ACC001082,3275010904010787,3616176736,Bank Mandiri,Tabungan,Aktif,2019-04-07,4902171,1085388,1014426,197,0,6328747
ACC001083,3174015205710788,5612375148,Bank Mandiri,Tabungan,Aktif,2018-04-16,15670931,1056315,899326,27,0,23480530
ACC001084,3174015205710788,8825971921,Bank Danamon,Tabungan,Aktif,2021-10-14,17748718,1742511,1431626,129,1,15197545
ACC001085,3173014505800789,4757891328,Bank BRI,Tabungan,Aktif,2023-09-18,13878065,837971,647629,99,0,18835749
ACC001086,3671014212010790,5944962594,Bank Panin,Giro,Aktif,2015-08-01,40825182,2421837,1886723,181,0,50348281
ACC001087,3671014212010790,3263643138,BNI,Tabungan,Aktif,2020-02-09,20632440,1909110,1683900,143,1,11452795
ACC001088,3173011303790791,1013343912,Bank BCA,Giro,Aktif,2019-09-01,12499940,724704,577464,94,1,7608523
ACC001089,3671010711830792,9762021267,BNI,Tabungan,Aktif,2024-08-18,40107377,4909766,4191587,35,0,27247349
ACC001090,3175014910780793,3418948916,Bank BRI,Tabungan,Aktif,2021-12-13,8936964,582858,446096,155,1,8629169
ACC001091,3175014910780793,2973606864,Bank Mandiri,Giro,Aktif,2019-02-04,12699448,618064,459595,94,0,16857327
ACC001092,3275016011720794,3578943772,Bank Mandiri,Giro,Aktif,2021-12-27,3115239,1279689,1203205,148,0,5478117
ACC001093,3671015206930795,4021209955,Bank BNI,Tabungan,Aktif,2016-10-22,19735414,1110042,883858,198,0,10602728
ACC001094,3671010206930796,1622028603,Bank Danamon,Giro,Aktif,2019-11-02,2508339,626224,590550,102,0,3033546
ACC001095,3275016309800797,1366998674,BPR Mitra Usaha,Tabungan,Aktif,2016-08-30,9014174,479050,387905,194,0,12589704
ACC001096,3671015003650798,5071568051,Bank OCBC NISP,Giro,Aktif,2015-10-08,5508040,393470,319790,187,0,7546812
ACC001097,3276014612890799,3748953478,BNI,Giro,Dormant,2019-01-22,12442655,1219729,940811,76,0,1441491
ACC001098,3671011508840800,4251514862,BNI,Tabungan,Aktif,2015-07-12,4958629,303695,224581,96,0,2416291
ACC001099,3671011508840800,7869835648,Bank OCBC NISP,Tabungan,Aktif,2021-04-26,1577218,393316,372438,138,0,996678
ACC001100,3174015508840801,5407238755,BPR Mitra Usaha,Giro,Aktif,2022-11-05,19143397,1121791,813694,26,0,27038185
ACC001101,3671011505730802,9734161584,Bank Permata,Tabungan,Aktif,2024-05-06,10858308,1090959,828557,46,0,14580695
ACC001102,3671011505730802,8185388899,Bank Danamon,Giro,Aktif,2016-02-25,21181783,1123953,906901,170,2,13545024
ACC001103,3174012108930803,5173451810,BNI,Tabungan,Aktif,2018-09-30,6594320,2167195,2077295,113,0,8063325
ACC001104,3271010908020804,1863887268,Bank Panin,Tabungan,Aktif,2016-07-25,1390279,553703,536890,22,0,2074509
ACC001105,3271010306930805,6217144368,Bank CIMB Niaga,Giro,Aktif,2016-11-04,2994852,1244405,1196210,138,0,3773614
ACC001106,3275010902720806,3030844699,Bank BNI,Tabungan,Aktif,2023-09-12,17243893,4611248,4381141,101,0,23933757
ACC001107,3171012904660807,3981430074,BPR Mitra Usaha,Tabungan,Aktif,2015-02-23,7093879,836932,667177,100,1,-28494
ACC001108,3671011412850808,1654821050,Bank BRI,Giro,Dormant,2023-09-20,7571784,1040003,923648,184,0,1667971
ACC001109,3671014706720809,9441395237,BNI,Tabungan,Aktif,2025-03-05,27123210,1688830,1338814,117,2,31914589
ACC001110,3671014706720809,1954089244,Bank Permata,Tabungan,Aktif,2023-05-18,6621029,1025306,865960,141,0,5180384
ACC001111,3671014404840810,4654122528,Bank Danamon,Giro,Aktif,2023-12-15,8115066,509901,383281,65,2,10660423
ACC001112,3671014404840810,5250068475,Bank Danamon,Giro,Aktif,2019-11-22,6828952,692556,612196,170,3,10792429
ACC001113,3671015311820811,2646992876,BNI,Tabungan,Aktif,2017-03-30,9710321,1041409,821420,61,0,7896772
ACC001114,3276012012990812,2997796080,Bank BCA,Tabungan,Aktif,2020-05-24,8633072,1292192,1099949,98,0,4892003
ACC001115,3276012012990812,6330030703,Bank BRI,Giro,Aktif,2019-12-24,19900945,1415408,1193560,116,1,26206769
ACC001116,3271013012910813,4540446299,Bank Mandiri,Giro,Aktif,2023-11-01,7582175,2907385,2830917,20,0,11160689
ACC001117,3271013012910813,1437544708,Bank BCA,Tabungan,Aktif,2024-03-27,16165636,3119340,2889302,29,0,24889243
ACC001118,3271016706010814,3231639630,Bank BCA,Giro,Dormant,2025-06-15,2252263,487079,460798,180,1,383100
ACC001119,3172013108790815,5216098224,BPR Mitra Usaha,Tabungan,Aktif,2020-12-09,60496836,4825996,4189687,159,0,34425293
ACC001120,3275014612880816,2844147436,Bank BRI,Tabungan,Aktif,2024-09-07,20673496,1022630,775522,61,0,35550374
ACC001121,3674017007680817,1563713227,Bank BNI,Giro,Aktif,2016-08-13,10942299,1171316,1009590,118,0,10399455
ACC001122,3171016302670818,7089355443,Bank Mandiri,Giro,Aktif,2016-05-13,17887905,1196110,902298,150,0,31780703
ACC001123,3174016508760819,4436869419,Bank BRI,Giro,Aktif,2019-01-27,33114924,1373379,987091,139,0,32287425
ACC001124,3174016508760819,7175960767,Bank Danamon,Giro,Dormant,2023-03-01,8845720,1666130,1558157,101,0,845213
ACC001125,3172014109850820,8580307273,Bank Mandiri,Giro,Dormant,2019-01-02,4336255,1529572,1454614,55,0,220663
ACC001126,3172014109850820,5224116275,Bank Permata,Tabungan,Dormant,2017-09-02,18885650,1455565,1146643,101,2,4648150
ACC001127,3671010208770821,2296193419,Bank Mandiri,Giro,Aktif,2021-01-26,82613483,5801203,4682546,198,0,67342028
ACC001128,3671014503960822,2336478456,Bank Panin,Giro,Aktif,2022-10-30,30087865,1389799,1034937,154,2,13106401
ACC001129,3175015205740823,1114609805,Bank Mandiri,Tabungan,Aktif,2021-10-12,10868947,852431,698653,135,0,9296237
ACC001130,3175015205740823,7064117101,Bank Danamon,Tabungan,Aktif,2025-08-14,4619151,612614,532234,103,0,6185696
ACC001131,3674013110920824,3220853420,Bank BCA,Tabungan,Aktif,2022-06-16,13088950,2901678,2764792,142,1,8083541
ACC001132,3674013110920824,7677801246,Bank BNI,Tabungan,Aktif,2016-03-30,39389934,3062681,2353064,26,0,39346753
ACC001133,3174011710750825,5736197251,Bank Danamon,Tabungan,Aktif,2016-04-14,3879461,948524,871714,122,0,3637348
ACC001134,3671016411800826,5927907229,Bank Permata,Tabungan,Aktif,2025-04-30,35975638,1624789,1178808,21,0,16557435
ACC001135,3174014502940827,7664466779,Bank Panin,Tabungan,Aktif,2019-03-29,13916082,1635198,1458257,35,0,15665267
ACC001136,3174016912930828,7123626418,Bank Danamon,Giro,Aktif,2025-04-24,20241698,2149983,1646285,131,3,-58577
ACC001137,3276012710920829,7154734818,Bank Panin,Giro,Aktif,2017-01-19,2318916,2096354,2049881,88,0,2151475
ACC001138,3271010212970830,5982388854,Bank Permata,Tabungan,Dormant,2019-08-09,5294004,1549764,1492450,50,0,502444
ACC001139,3171012805730831,8527082610,Bank OCBC NISP,Giro,Aktif,2018-09-22,17988022,1380750,1179193,55,0,27904750
ACC001140,3171012805730831,8361287754,Bank CIMB Niaga,Tabungan,Aktif,2019-04-02,4696348,1377899,1312428,126,1,8377977
ACC001141,3174016508910832,6339583169,Bank BNI,Tabungan,Aktif,2022-06-29,28753988,2078758,1617862,20,0,46399734
ACC001142,3174016508910832,1736081128,BNI,Giro,Aktif,2017-02-23,28497533,1981340,1688953,88,0,25869540
ACC001143,3276012507880833,6356515591,Bank BCA,Giro,Dormant,2017-08-18,26272323,1749477,1232399,127,0,6488655
ACC001144,3671014510940834,3083329975,BPR Mitra Usaha,Tabungan,Aktif,2016-12-09,5847204,420351,316834,121,0,8068748
ACC001145,3671016108710835,6530784398,Bank CIMB Niaga,Giro,Aktif,2024-10-26,13382068,1735717,1552683,58,2,-197258
ACC001146,3171015212810836,2344632348,Bank Mandiri,Tabungan,Aktif,2022-02-19,25984500,4066717,3462166,166,0,40339002
ACC001147,3271015611780837,3041253600,Bank Danamon,Tabungan,Aktif,2020-02-05,12032331,961201,690674,104,1,20608861
ACC001148,3276014212850838,4652440765,Bank BCA,Giro,Aktif,2017-02-26,5681186,712307,626014,188,0,4280534
ACC001149,3173010211660839,5460356283,Bank BRI,Giro,Aktif,2015-07-19,27893238,2526491,2161472,163,0,17765891
ACC001150,3175011609770840,7381520423,Bank Panin,Giro,Aktif,2023-02-06,30041903,1684364,1265299,170,0,25890749
ACC001151,3276013105010841,9709958619,Bank Mandiri,Giro,Aktif,2025-03-21,10170497,1443252,1276733,140,0,11362874
ACC001152,3671016708950842,1837924588,Bank BRI,Tabungan,Aktif,2015-09-13,10613806,914775,680889,146,1,5823173
ACC001153,3276015211810843,7923126361,Bank CIMB Niaga,Tabungan,Aktif,2015-02-10,9618814,897829,797163,128,0,16499304
ACC001154,3276015211810843,5987905696,Bank Mandiri,Giro,Aktif,2015-07-28,14073214,900835,713408,116,0,9219555
ACC001155,3674016805830844,2650198573,Bank Mandiri,Tabungan,Aktif,2018-03-12,44978967,4176012,3384973,191,0,64663246
ACC001156,3674016805830844,3333300602,Bank Danamon,Tabungan,Aktif,2020-01-18,29222828,3509476,3214767,149,2,48208300
ACC001157,3276010711920845,6932986766,Bank Danamon,Giro,Dormant,2022-02-19,50013252,2655540,2056776,136,0,12346458
ACC001158,3275011712790846,9731467398,Bank Danamon,Tabungan,Aktif,2015-09-15,11106032,1166414,1054662,162,0,12878646
ACC001159,3671011302710847,7008772493,Bank Mandiri,Giro,Aktif,2019-07-02,46930315,2245859,1776472,90,0,49758629
ACC001160,3671011302710847,9024335079,Bank Permata,Giro,Dormant,2020-05-30,17491498,2406447,2137361,31,0,4183977
ACC001161,3172010706700848,5454837978,Bank BCA,Giro,Aktif,2023-10-25,1600170,1031176,1009670,64,0,2418616
ACC001162,3674011309860849,2302931894,Bank CIMB Niaga,Giro,Aktif,2017-08-22,17006502,1012455,793168,148,0,13963053
ACC001163,3674011309860849,7678332951,Bank Permata,Tabungan,Aktif,2023-12-12,11129117,1099884,890943,109,0,9856754
ACC001164,3171015105710850,1115410450,Bank Panin,Tabungan,Dormant,2018-01-15,25236412,3164514,2620841,169,2,5308257
ACC001165,3671016406810851,9213155045,BNI,Tabungan,Aktif,2022-02-22,11658255,965493,793805,152,0,16475492
ACC001166,3172012106820852,3565259704,Bank CIMB Niaga,Tabungan,Aktif,2019-06-21,7830434,1919953,1829107,157,0,3523406
ACC001167,3172012106820852,1503126812,Bank BRI,Tabungan,Aktif,2024-04-28,20597023,1999639,1697877,50,0,32396319
ACC001168,3271017005650853,6214800976,BNI,Tabungan,Aktif,2016-09-25,28311697,1979039,1619816,166,0,32284011
ACC001169,3175010406940854,1024516169,Bank Permata,Tabungan,Aktif,2015-08-18,5083376,1095890,1043526,190,1,-54121
ACC001170,3175010406940854,4448686805,BPR Mitra Usaha,Tabungan,Aktif,2015-05-12,12558589,1123378,991266,185,0,9746004
ACC001171,3671014311900855,2914175435,Bank Permata,Giro,Aktif,2025-02-04,7050051,845725,721795,110,0,9290748
ACC001172,3671012505750856,6994080709,Bank OCBC NISP,Giro,Aktif,2017-09-17,19792162,783353,580638,129,0,34379995
ACC001173,3671012505750856,5683963396,Bank Panin,Tabungan,Aktif,2019-11-19,13446593,573011,423232,37,0,12441513
ACC001174,3671012711980857,5364729182,Bank Panin,Giro,Aktif,2018-01-05,42024044,1764682,1327468,90,0,33975108
ACC001175,3671016210720858,9145477883,BPR Mitra Usaha,Tabungan,Aktif,2015-03-31,16716333,750918,544013,135,0,8882113
ACC001176,3671016210720858,5485375604,Bank CIMB Niaga,Giro,Aktif,2023-04-17,7276223,737985,645628,82,1,8477194
ACC001177,3171015704980859,9868304865,Bank Panin,Tabungan,Dormant,2021-06-07,41278784,2756701,2300991,120,0,3367572
ACC001178,3171015704980859,5210869679,Bank BNI,Tabungan,Aktif,2021-11-16,28222529,2657492,2340570,141,0,13129711
ACC001179,3175012709990860,9879932427,BPR Mitra Usaha,Tabungan,Aktif,2015-12-16,97919052,4319902,3127464,59,0,67807141
ACC001180,3671012006870861,1187463568,Bank OCBC NISP,Tabungan,Aktif,2021-11-01,8601052,2097468,1976636,192,0,12710925
ACC001181,3671012006870861,4786491203,Bank Danamon,Giro,Aktif,2016-07-24,31566790,2377659,1842932,64,0,44118680
ACC001182,3172011905780862,9351187458,Bank CIMB Niaga,Tabungan,Aktif,2019-12-30,43779558,4229743,3319799,86,0,56307287
ACC001183,3275017101720863,9109896530,Bank Mandiri,Tabungan,Dormant,2023-01-24,4971332,1393341,1330995,120,0,550110
ACC001184,3275011306660864,4643529664,Bank OCBC NISP,Giro,Aktif,2019-11-13,23467109,2771398,2339407,121,0,25851946
ACC001185,3275011306660864,2648560034,Bank BRI,Tabungan,Aktif,2017-08-12,13392318,2533846,2262829,152,0,16431261
ACC001186,3172011305920865,2140934457,Bank Panin,Giro,Aktif,2022-12-16,9318456,2433674,2207592,74,0,11791021
ACC001187,3174015204870866,8541405550,Bank Mandiri,Tabungan,Aktif,2021-05-06,8757397,1070383,977682,71,0,8447910
ACC001188,3671010408950867,1937271686,Bank BRI,Giro,Aktif,2017-10-14,15778250,1191359,1025638,91,0,7771779
ACC001189,3173015804700868,2622176203,Bank BNI,Tabungan,Aktif,2023-11-26,6954059,695719,576919,192,0,8152115
ACC001190,3671011912000869,4419777570,Bank OCBC NISP,Giro,Aktif,2018-01-05,4493544,487640,437384,182,0,3437107
ACC001191,3276015202780870,3860188247,Bank BRI,Giro,Aktif,2023-04-22,48596236,6376648,5202394,65,0,85642979
ACC001192,3276016311840871,8557912645,Bank BNI,Tabungan,Dormant,2017-12-29,19276760,1699012,1447803,91,0,4034582
ACC001193,3276016311840871,8793146909,Bank OCBC NISP,Giro,Aktif,2019-07-18,12111581,1768637,1469024,31,0,6757762
ACC001194,3671012007770872,9476605357,Bank Danamon,Giro,Aktif,2023-11-13,10589731,1682582,1531977,190,0,17792418
ACC001195,3671012007770872,7461096393,Bank OCBC NISP,Giro,Aktif,2018-09-04,29262862,1390346,989264,165,0,20181739
ACC001196,3174011907750873,3629402347,Bank CIMB Niaga,Tabungan,Aktif,2020-03-25,12766467,1848952,1597565,77,0,15958426
ACC001197,3175014305030874,4226712276,BPR Mitra Usaha,Tabungan,Aktif,2022-10-01,96610492,5828186,4460322,137,0,127881304
ACC001198,3275015708940875,5705117049,BPR Mitra Usaha,Giro,Aktif,2019-10-02,16788704,2300984,1937329,29,0,14921332
ACC001199,3275015708940875,9660440074,Bank OCBC NISP,Giro,Aktif,2016-07-24,9942322,2029306,1897868,172,0,5393930
ACC001200,3671010603840876,6772398792,BNI,Tabungan,Dormant,2015-05-06,2080426,1167541,1121668,151,0,279599
ACC001201,3671010112700877,4100162522,Bank BCA,Tabungan,Aktif,2025-03-28,7310451,884128,777992,45,0,4312751
ACC001202,3271012807940878,2880685059,Bank BNI,Tabungan,Dormant,2015-07-30,19017714,1144086,930948,114,0,1238030
ACC001203,3271012807940878,9552821967,Bank Permata,Tabungan,Aktif,2021-10-29,5388014,815476,684646,193,0,3676031
ACC001204,3173017008660879,2414493506,BNI,Giro,Aktif,2017-01-17,6177769,2337693,2192546,159,0,3712088
ACC001205,3173017008660879,4616181668,BPR Mitra Usaha,Tabungan,Aktif,2021-12-16,21029408,1891170,1482964,178,0,14881133
ACC001206,3175015205990880,8275989985,Bank BNI,Tabungan,Aktif,2015-01-29,19153696,1378457,1010006,173,0,30247692
ACC001207,3175015205990880,8092798738,Bank OCBC NISP,Tabungan,Aktif,2022-06-07,12671533,1537982,1349893,48,0,8099725
ACC001208,3171011409950881,1123327425,Bank Danamon,Tabungan,Aktif,2019-06-20,14439202,1369161,1072026,140,0,10653311
ACC001209,3275015012910882,1297831436,Bank BNI,Tabungan,Aktif,2019-08-14,62118732,7056822,6001094,169,0,110385482
ACC001210,3671011203020883,5872669601,Bank Danamon,Tabungan,Aktif,2015-09-21,4424744,914090,861193,81,0,7080268
ACC001211,3674015103780884,2596439084,Bank Danamon,Giro,Aktif,2020-08-17,14945317,774690,616454,188,0,10100983
ACC001212,3671012208740885,1126325000,Bank Danamon,Giro,Aktif,2023-10-28,15495335,1190935,846924,67,0,13865491
ACC001213,3671010603890886,9010712235,Bank BCA,Giro,Aktif,2024-02-13,6656895,843814,733450,112,0,6892530
ACC001214,3276014311000887,6550818482,Bank BNI,Tabungan,Aktif,2021-07-28,18718621,1441219,1135301,43,1,28962158
ACC001215,3671014204810888,1525376755,Bank Danamon,Giro,Aktif,2021-10-22,7373015,969519,885935,189,0,6519165
ACC001216,3671014204810888,9683886301,Bank BNI,Tabungan,Aktif,2023-03-25,3046538,1210478,1160676,199,0,3863029
ACC001217,3671014103920889,2615614147,Bank CIMB Niaga,Giro,Aktif,2024-03-07,7828216,455102,366674,55,0,12425518
ACC001218,3171015505850890,9772778413,BPR Mitra Usaha,Giro,Aktif,2025-06-16,17892251,2698404,2496478,165,0,16346358
ACC001219,3171011104680891,8677099074,Bank BCA,Giro,Aktif,2020-01-04,17601028,1042805,840002,175,1,12175011
ACC001220,3275016505970892,5732185158,Bank Mandiri,Giro,Aktif,2016-07-02,5602245,424455,330406,187,0,3296980
ACC001221,3671015906970893,9485179199,Bank OCBC NISP,Tabungan,Aktif,2015-10-04,6493985,1412830,1345153,93,0,4759387
ACC001222,3671015906970893,4979662111,Bank Danamon,Giro,Aktif,2016-01-07,24128356,1813731,1440631,112,0,31886081
ACC001223,3172017005970894,4323786216,Bank BNI,Tabungan,Aktif,2019-10-03,5849013,288890,230258,86,0,4396017
ACC001224,3172017005970894,5413007110,Bank OCBC NISP,Giro,Aktif,2023-01-26,5287529,315086,261781,63,0,7054804
ACC001225,3276014506710895,3194050062,Bank Panin,Tabungan,Aktif,2025-08-03,14291469,1133025,856650,73,0,9930245
ACC001226,3174013011770896,1549838609,Bank Panin,Giro,Aktif,2021-02-06,7538882,407335,322503,70,0,11455732
ACC001227,3174011204740897,9396683490,Bank BCA,Giro,Aktif,2016-11-11,17338023,766081,584788,148,0,23162523
ACC001228,3671014311970898,1937326773,Bank Mandiri,Tabungan,Aktif,2025-06-26,5329716,388936,273989,75,0,8654923
ACC001229,3671014311970898,1965413084,Bank Mandiri,Tabungan,Aktif,2024-10-13,10134857,440444,339020,132,0,14137109
ACC001230,3271016411680899,9515921375,Bank Permata,Tabungan,Aktif,2022-01-24,18628524,2408867,2070784,113,0,32038511
ACC001231,3271016411680899,4541605777,Bank BNI,Giro,Aktif,2015-11-17,30539526,2286180,1749048,142,0,47222617
ACC001232,3674011604930900,1747076388,Bank Danamon,Giro,Aktif,2018-07-10,22914273,1915464,1601087,88,0,19236705
ACC001233,3671011806930901,4546217355,Bank Panin,Tabungan,Aktif,2024-10-11,35716984,4054733,3455379,30,0,33107754
ACC001234,3173014509770902,8703336953,Bank BRI,Giro,Aktif,2025-02-22,22626107,1215698,936208,26,0,33433038
ACC001235,3173011111950903,7504145919,Bank CIMB Niaga,Giro,Aktif,2025-06-03,34434048,2226142,1733620,73,0,38441171
ACC001236,3173011111950903,7487264709,Bank BRI,Giro,Aktif,2015-01-14,15527944,2420553,2086573,21,0,27324935
ACC001237,3175011912940904,7177044171,Bank Panin,Giro,Aktif,2017-12-12,3567902,2078852,2036886,195,0,3472226
ACC001238,3175011912940904,7560561715,Bank Danamon,Tabungan,Aktif,2017-01-01,55243726,2729403,1977333,137,3,79060854
ACC001239,3674012201850905,2897698582,BNI,Giro,Aktif,2021-07-23,49918988,2465809,1918534,39,0,78908420
ACC001240,3674012201850905,1716666139,Bank Mandiri,Tabungan,Aktif,2015-09-07,17163979,2567897,2306417,188,0,9389485
ACC001241,3671015609990906,3336975682,Bank BCA,Giro,Aktif,2024-02-16,33356316,1917838,1485431,85,0,21764293
ACC001242,3271015304950907,2166798056,Bank Mandiri,Giro,Aktif,2019-03-26,37884314,2046210,1633248,172,0,26002125
ACC001243,3275014311780908,1087565014,Bank Danamon,Giro,Aktif,2025-07-05,6751689,1097630,1009639,160,0,5449403
ACC001244,3174012912000909,9080766148,Bank BRI,Giro,Aktif,2025-04-08,5399893,350553,287127,183,0,7430340
ACC001245,3172016909820910,3227191694,Bank Panin,Tabungan,Aktif,2024-11-25,10475921,692043,521406,44,0,14213760
ACC001246,3671010107870911,4096091797,Bank Permata,Tabungan,Aktif,2016-09-07,3967691,1483553,1422811,174,1,5612371
ACC001247,3671010107870911,9908524314,Bank OCBC NISP,Giro,Aktif,2019-10-31,4297832,1692321,1621775,173,0,7674902
ACC001248,3173012505940912,9149838749,BPR Mitra Usaha,Giro,Aktif,2022-06-12,12868332,1369983,1225562,193,0,9272309
ACC001249,3173012505940912,6730474188,Bank CIMB Niaga,Tabungan,Aktif,2017-08-13,2171692,1661280,1607813,46,0,3533944
ACC001250,3671011504690913,1098752897,Bank BCA,Tabungan,Aktif,2022-08-28,4883878,517768,462707,98,0,3151605
ACC001251,3671012211810914,9115573964,Bank Mandiri,Tabungan,Aktif,2015-10-09,25179966,4792643,4272908,71,0,40743396
ACC001252,3671012211810914,2952492448,Bank Permata,Tabungan,Aktif,2018-07-24,17009069,4743272,4560894,25,1,27963978
ACC001253,3671016009810915,6716813732,Bank BRI,Giro,Aktif,2022-11-01,30407511,2410910,2098556,112,0,28169760
ACC001254,3671016009810915,8095547326,Bank Mandiri,Giro,Aktif,2021-01-20,6767647,3682924,3596551,50,1,-318235
ACC001255,3671017011790916,3221276312,Bank BNI,Giro,Aktif,2022-04-24,33926025,3543595,2825594,118,0,55567072
ACC001256,3671012406880917,4731913742,Bank OCBC NISP,Tabungan,Aktif,2021-06-19,27585627,2245470,1850277,110,0,25342097
ACC001257,3671012406880917,4992587486,BNI,Giro,Aktif,2024-11-09,28429302,2072770,1610949,104,0,13877896
ACC001258,3671010204650918,9354725863,Bank Panin,Giro,Aktif,2016-10-04,8172008,718652,630581,53,0,5210200
ACC001259,3275015809690919,6439700005,Bank OCBC NISP,Tabungan,Aktif,2019-07-01,22591316,1599135,1323557,85,0,36481289
ACC001260,3174011101840920,3702308427,Bank Danamon,Tabungan,Aktif,2023-09-14,151865986,11787445,9368883,36,0,211307462
ACC001261,3671010906880921,1535400567,Bank OCBC NISP,Tabungan,Aktif,2020-03-12,57560569,4407429,3189407,65,0,52224554
ACC001262,3671010906880921,9745881238,BNI,Giro,Aktif,2024-04-26,18430531,4210129,3998382,122,0,15858370
ACC001263,3674014610850922,3463302838,BNI,Tabungan,Aktif,2017-08-03,8159062,608612,513745,185,0,4277631
ACC001264,3174012812780923,7170439921,Bank CIMB Niaga,Tabungan,Dormant,2022-06-30,19873459,1465829,1073502,82,0,2388058
ACC001265,3671012206800924,9386085177,Bank Permata,Giro,Aktif,2021-05-11,4915115,927700,809113,143,0,3730890
ACC001266,3671016306680925,1183949013,Bank BNI,Giro,Aktif,2022-04-29,20302097,2448023,2002154,152,0,25439397
ACC001267,3671015903010926,2346645880,Bank Permata,Tabungan,Aktif,2020-07-26,58936841,2889419,2040060,186,0,33776833
ACC001268,3175012806680927,3795231850,BPR Mitra Usaha,Tabungan,Aktif,2016-08-31,9061791,604291,444719,87,0,9648561
ACC001269,3674010609960928,8717941278,Bank BCA,Tabungan,Aktif,2024-05-20,25976106,3057825,2564332,71,0,24539396
ACC001270,3674016612860929,4067303741,Bank Danamon,Giro,Aktif,2018-11-11,2239199,1039981,1016088,106,0,2480405
ACC001271,3674014408740930,1940743144,Bank BCA,Giro,Aktif,2022-10-29,21641782,1546886,1154309,102,0,9870023
ACC001272,3674014408740930,2545525327,BPR Mitra Usaha,Giro,Aktif,2015-05-05,17368421,906957,652165,153,0,23606337
ACC001273,3275011907810931,1464929622,Bank Panin,Giro,Aktif,2023-02-27,23220037,3647470,3196628,101,0,30130167
ACC001274,3671016004770932,8793879600,Bank OCBC NISP,Tabungan,Aktif,2016-01-20,36299086,1571701,1199073,102,0,22968757
ACC001275,3172013012960933,1357932716,BNI,Giro,Aktif,2024-11-24,19208072,838495,590817,113,0,16652529
ACC001276,3172013012960933,3232784991,Bank Permata,Tabungan,Aktif,2024-09-24,4900006,883399,774493,98,0,7226319
ACC001277,3671013103030934,3953973847,BNI,Giro,Aktif,2016-11-11,11871922,1420454,1189060,172,0,14441649
ACC001278,3671013103030934,8239375796,Bank CIMB Niaga,Giro,Aktif,2020-09-25,5748242,1006783,932789,113,0,10101734
ACC001279,3275010112670935,2617546542,Bank OCBC NISP,Tabungan,Aktif,2018-08-12,30329216,1981061,1676921,64,0,27647073
ACC001280,3671014410720936,6368132523,Bank BNI,Tabungan,Aktif,2021-02-17,5007744,3708605,3590761,166,0,4431065
ACC001281,3171016209970937,4987748794,Bank Panin,Tabungan,Dormant,2019-04-23,108587324,6584217,4954463,21,0,19114264
ACC001282,3171016209970937,3917168184,BNI,Giro,Aktif,2024-09-22,150986741,9051874,6991055,171,0,238562125
ACC001283,3175016407020938,2905685022,Bank Danamon,Giro,Aktif,2020-03-21,14456690,1108716,931651,20,1,13553287
ACC001284,3674016002750939,8897699257,Bank Permata,Giro,Aktif,2020-10-23,5881012,694496,623161,158,0,6623001
ACC001285,3671012508800940,5594593502,Bank Mandiri,Giro,Aktif,2025-07-19,9126014,1408040,1191375,178,0,15445193
ACC001286,3671012508800940,7250865607,Bank OCBC NISP,Giro,Aktif,2017-05-27,3449028,1648646,1582735,136,0,1570492
ACC001287,3671016204740941,8606030911,Bank OCBC NISP,Giro,Aktif,2019-08-09,27774404,2372194,1932486,175,3,25019557
ACC001288,3174011203880942,5569005031,Bank BNI,Tabungan,Aktif,2017-12-18,27495220,2276488,1909381,114,0,13765755
ACC001289,3174011203880942,8880186865,Bank CIMB Niaga,Tabungan,Aktif,2018-12-06,32147739,2032606,1501936,69,2,-81925
ACC001290,3175011005650943,4832672172,Bank Mandiri,Giro,Aktif,2024-12-26,24647585,1578848,1151547,141,0,43055280
ACC001291,3175011005650943,8322121404,Bank BNI,Giro,Aktif,2020-04-27,33210243,1509132,1171432,190,0,54659250
ACC001292,3174011009840944,6665495071,Bank Mandiri,Tabungan,Aktif,2020-11-13,13290860,699137,506864,28,0,13863061
ACC001293,3674016006780945,1269582823,Bank CIMB Niaga,Tabungan,Aktif,2016-06-22,4195038,1498147,1433758,82,0,1926374
ACC001294,3674016006780945,3661903029,BPR Mitra Usaha,Tabungan,Aktif,2018-11-14,7886207,1728076,1610620,75,3,7818293
ACC001295,3175011010910946,6369303208,Bank Permata,Tabungan,Aktif,2015-02-09,2720356,633285,600745,40,0,3408215
ACC001296,3173015401650947,9872155502,Bank CIMB Niaga,Tabungan,Aktif,2024-03-08,24896519,1387658,1039087,140,0,38310950
ACC001297,3171015909950948,9313155501,Bank OCBC NISP,Tabungan,Aktif,2025-05-19,32665845,2538834,2018529,132,0,17178061
ACC001298,3671011704020949,6032539442,Bank BCA,Tabungan,Aktif,2017-11-15,20901161,2215640,1978793,23,1,-126689
ACC001299,3671015210910950,4336452281,Bank OCBC NISP,Giro,Aktif,2024-06-01,14785918,711934,553879,124,0,23004254
ACC001300,3671015210910950,5934898095,BNI,Giro,Aktif,2017-02-10,10867976,797084,615555,173,0,16634768
ACC001301,3275012205920951,1313553339,Bank BCA,Tabungan,Aktif,2017-03-07,7450834,487113,393855,60,0,13038885
ACC001302,3276014502840952,7937566035,Bank Mandiri,Tabungan,Aktif,2015-05-29,20917324,4941560,4729923,25,0,14806220
ACC001303,3671010911850953,1459800041,Bank BCA,Giro,Aktif,2021-05-30,85794349,4214555,3001099,74,0,144736022
ACC001304,3173014105940954,2281964991,Bank BNI,Giro,Aktif,2022-07-18,3539848,577333,490421,45,1,4016488
ACC001305,3271015311020955,1240972802,Bank Panin,Tabungan,Dormant,2015-06-15,9680509,979468,750092,29,0,2319171
ACC001306,3271015311020955,5817029129,Bank Permata,Tabungan,Aktif,2021-12-30,30966042,1406953,1047985,74,0,43525906
ACC001307,3671011211730956,3187859562,Bank BCA,Tabungan,Dormant,2021-05-08,9388826,1874436,1666556,66,0,1547177
ACC001308,3671016704760957,1416049457,BNI,Tabungan,Aktif,2024-12-10,24740699,1120763,809153,20,0,37764425
ACC001309,3271015207930958,8347727355,BNI,Giro,Aktif,2024-12-12,14986227,2247237,1988535,69,0,11365573
ACC001310,3173010405840959,1274490213,Bank Danamon,Giro,Aktif,2023-11-30,3581720,2446469,2364569,65,0,4981096
ACC001311,3173010405840959,7240595003,Bank Danamon,Giro,Aktif,2021-10-26,37609449,1805268,1284137,24,0,67434028
ACC001312,3275010208710960,9399876938,Bank BNI,Tabungan,Aktif,2019-12-12,16801235,2996322,2795854,107,2,13696734
ACC001313,3175015505970961,3606173311,BNI,Tabungan,Aktif,2016-08-24,14205592,1226382,1008127,172,0,18530511
ACC001314,3175015505970961,9144369431,Bank OCBC NISP,Giro,Aktif,2015-10-28,3108630,1495863,1457449,38,0,5016924
ACC001315,3276011502990962,5049873134,Bank Permata,Giro,Aktif,2023-01-04,11155940,4703560,4457794,37,0,18178722
ACC001316,3276011502990962,4451944794,Bank Danamon,Tabungan,Aktif,2024-07-06,77580306,3846020,3000907,45,0,128476047
ACC001317,3276014311650963,6985124062,Bank BCA,Tabungan,Aktif,2017-10-12,46257848,3887134,3107198,172,0,48194228
ACC001318,3175010112740964,6587928879,BPR Mitra Usaha,Tabungan,Aktif,2025-06-18,6890790,1192348,1041304,57,0,12385404
ACC001319,3175010112740964,2662312545,BPR Mitra Usaha,Tabungan,Aktif,2020-10-01,16169168,1368814,1046180,88,3,21507930
ACC001320,3175015204800965,2971332997,Bank Mandiri,Giro,Aktif,2015-12-16,34240278,2958930,2535078,195,0,23632690
ACC001321,3175015204800965,4739234407,Bank CIMB Niaga,Tabungan,Aktif,2023-03-03,36332238,3714056,3204030,155,0,19205178
ACC001322,3172015107680966,3628781144,Bank CIMB Niaga,Tabungan,Aktif,2020-04-08,8904660,423214,313851,28,0,10079830
ACC001323,3171015101930967,6472260198,Bank Danamon,Tabungan,Aktif,2018-07-03,5289468,1662493,1580369,177,3,7758856
ACC001324,3171015101930967,5293758742,Bank Mandiri,Giro,Aktif,2016-11-02,10966165,1309295,1148283,56,1,9359014
ACC001325,3173012703920968,8497043433,Bank Danamon,Giro,Aktif,2017-04-11,24297642,2421809,2175945,104,0,17701022
ACC001326,3671010409890969,1797340683,Bank BRI,Giro,Aktif,2021-12-25,3544147,1233105,1167548,161,0,4859780
ACC001327,3671014602750970,4052263971,Bank BNI,Tabungan,Aktif,2015-01-16,13784531,1028774,756674,98,0,17426228
ACC001328,3276012808950971,9465286615,Bank Danamon,Tabungan,Dormant,2018-05-03,5613214,424979,361401,167,0,807414
ACC001329,3671012411910972,5439043259,Bank BCA,Tabungan,Aktif,2024-02-14,6022215,3074986,2937910,28,0,4799144
ACC001330,3671012411910972,4531905278,Bank Mandiri,Tabungan,Aktif,2021-12-31,9804210,2249216,2147824,70,0,8090969
ACC001331,3671010610890973,3075462510,Bank Permata,Giro,Aktif,2021-01-23,11066319,904912,685975,43,0,16658150
ACC001332,3671010610890973,8725120790,Bank OCBC NISP,Giro,Aktif,2018-07-29,8522073,1126762,1038438,191,0,10561080
ACC001333,3174015504740974,5247422592,Bank Permata,Tabungan,Aktif,2022-10-23,3325854,2322259,2272069,123,0,2718847
ACC001334,3276012612750975,1455108878,Bank CIMB Niaga,Giro,Aktif,2020-07-13,9557348,1094457,884644,64,2,6347059
ACC001335,3275010902970976,5355406426,BPR Mitra Usaha,Giro,Aktif,2023-07-01,3857898,1110372,1061328,85,0,3127152
ACC001336,3671016303840977,2828182067,Bank BRI,Giro,Aktif,2015-05-26,7977336,350085,251470,165,0,6413770
ACC001337,3671016303840977,2304704031,Bank Danamon,Giro,Aktif,2023-09-09,3853672,274023,225300,120,1,5877613
ACC001338,3171014809000978,1733438063,Bank Danamon,Giro,Dormant,2022-03-17,2273103,780747,737124,165,1,547305
ACC001339,3171014809000978,8803121225,Bank Panin,Giro,Aktif,2023-12-20,7177321,1111086,980463,95,0,10611914
ACC001340,3271010112950979,1352443324,BNI,Tabungan,Aktif,2017-07-27,4771270,1313380,1241398,48,0,4918095
ACC001341,3171012108810980,9550074376,Bank Danamon,Giro,Aktif,2023-12-13,39737630,1737886,1265543,145,0,23807335
ACC001342,3671016907710981,7034095215,Bank Mandiri,Tabungan,Aktif,2021-08-12,6501600,5208517,5057939,46,0,9881042
ACC001343,3271010805970982,5583762753,Bank BCA,Tabungan,Aktif,2019-04-05,5975261,700979,619305,183,0,2674892
ACC001344,3671015311720983,3103104965,Bank BNI,Giro,Aktif,2019-11-11,32568778,1383149,1032926,144,0,13984776
ACC001345,3671012702940984,6041118344,BPR Mitra Usaha,Tabungan,Aktif,2021-07-06,15630071,2129744,1824758,56,0,13806375
ACC001346,3671012702940984,3117357768,BNI,Tabungan,Aktif,2017-05-31,29503019,2076446,1700223,76,2,37672535
ACC001347,3173010502930985,5002388358,Bank Mandiri,Giro,Aktif,2020-01-26,21813349,1859569,1568720,82,3,16091298
ACC001348,3173010502930985,9904278426,Bank BCA,Giro,Aktif,2024-02-07,4775181,1739151,1661195,66,0,6781329
ACC001349,3171013103750986,2521782084,Bank Panin,Tabungan,Aktif,2024-12-22,2506596,697407,652700,194,0,1705870
ACC001350,3671012509670987,9671710996,Bank Danamon,Giro,Aktif,2020-02-22,5412637,1470451,1377922,105,0,6184043
ACC001351,3171015606860988,1940432100,Bank Danamon,Tabungan,Aktif,2017-04-12,29246428,2413045,2086811,92,0,46405269
ACC001352,3172015204840989,8866468657,Bank Panin,Giro,Aktif,2021-03-19,3355003,547544,498834,188,0,2825025
ACC001353,3175014410870990,8897684610,Bank BCA,Tabungan,Aktif,2020-06-22,18712531,1918151,1492332,139,1,18504914
ACC001354,3671016901930991,7526598182,Bank Mandiri,Tabungan,Dormant,2020-08-10,16262358,4514151,4163939,27,0,3648554
ACC001355,3271013003690992,8920525363,BNI,Tabungan,Aktif,2018-05-14,5778237,1378286,1245879,191,0,3472875
ACC001356,3671015408690993,7622359762,BPR Mitra Usaha,Giro,Aktif,2016-06-08,8764523,2103506,1896687,36,0,4905116
ACC001357,3671011108790994,5369162098,Bank Mandiri,Giro,Aktif,2023-04-05,55041321,3439546,2576479,89,0,47179557
ACC001358,3271015403020995,8803237251,Bank BRI,Tabungan,Aktif,2015-02-21,23017517,1624544,1345726,103,0,29695717
ACC001359,3671013006850996,5751905849,Bank BNI,Tabungan,Aktif,2020-06-05,53757603,3138749,2404061,48,0,91576529
ACC001360,3276014910000997,4427653800,Bank BCA,Tabungan,Aktif,2021-09-06,4881693,1790296,1671328,199,0,4161058
ACC001361,3276014910000997,3173189545,Bank BRI,Giro,Aktif,2021-08-17,12668857,1298242,1113789,150,0,13618424
ACC001362,3671016401670998,3483131209,Bank Danamon,Tabungan,Aktif,2025-02-28,3626521,3040917,2957916,111,0,3751059
ACC001363,3674014110770999,8813790507,Bank BCA,Giro,Aktif,2018-07-18,14100489,2074642,1862099,128,0,15594513
ACC001364,3671011603901000,1290687969,Bank BCA,Tabungan,Dormant,2015-09-30,63745068,7394181,6172098,94,0,5960360
ACC001365,3175011404031001,5271598249,Bank Panin,Giro,Aktif,2023-02-12,23590722,1916742,1652206,143,2,20722387
ACC001366,3175015506761002,4057110958,Bank Permata,Tabungan,Aktif,2018-07-15,20718569,878205,626214,66,0,12643531
ACC001367,3275011805901003,9210019765,Bank BRI,Giro,Dormant,2020-07-03,9358442,784009,670306,77,0,1155248
ACC001368,3275011805901003,3006379143,Bank BCA,Tabungan,Dormant,2023-06-17,23396011,855415,605700,150,0,3343850
ACC001369,3671011701901004,5202914904,Bank Danamon,Tabungan,Aktif,2023-08-26,12484108,635702,446050,87,0,10294430
ACC001370,3271012211851005,7228467172,Bank BRI,Giro,Aktif,2015-12-23,13950224,2128599,1950981,131,0,6001375
ACC001371,3271012211851005,6163153194,BPR Mitra Usaha,Giro,Aktif,2020-06-12,24899956,2492458,2158033,197,0,15587703
ACC001372,3671015812651006,8189425483,Bank BRI,Tabungan,Aktif,2015-06-03,46299935,2030364,1506499,199,0,44233579
ACC001373,3276016003911007,2965865244,Bank Danamon,Giro,Aktif,2023-08-10,28033831,2223442,1817409,20,0,18076242
ACC001374,3175012302731008,8412566515,Bank Danamon,Tabungan,Aktif,2017-11-28,37351727,2426791,1887108,165,1,21679586
ACC001375,3171015801741009,8289183506,Bank OCBC NISP,Tabungan,Aktif,2015-04-26,10676969,2005882,1897220,56,0,13190330
ACC001376,3171015801741009,8047312662,Bank Danamon,Tabungan,Aktif,2016-04-27,13674461,1876872,1605928,59,1,24386631
ACC001377,3173015605981010,1985526560,BNI,Tabungan,Aktif,2019-07-04,5035682,3450740,3379382,163,1,7009938
ACC001378,3671012204721011,4343537915,Bank BCA,Tabungan,Aktif,2016-08-10,10119122,2581689,2449540,122,0,4273173
ACC001379,3671011106861012,7937813981,Bank CIMB Niaga,Giro,Aktif,2017-04-08,64170340,2888520,2048649,21,1,50080232
ACC001380,3275012306841013,2763744939,Bank Panin,Giro,Aktif,2015-11-08,2641511,1026710,967344,105,0,4250374
ACC001381,3275012306841013,8117694332,Bank OCBC NISP,Giro,Dormant,2019-07-06,11075103,1066889,929441,42,1,658169
ACC001382,3172010106651014,3381704652,BNI,Tabungan,Aktif,2022-01-10,35242182,3074649,2324655,119,0,15903643
ACC001383,3172010106651014,8494813415,BPR Mitra Usaha,Giro,Aktif,2017-04-15,29888788,3352550,2990133,119,0,32465639
ACC001384,3276016210831015,8050530223,Bank BRI,Giro,Dormant,2019-10-28,13942203,1265545,1088102,96,0,880009
ACC001385,3271016909021016,6268866682,Bank CIMB Niaga,Giro,Aktif,2018-10-05,19964294,930359,675829,97,0,33554283
ACC001386,3172013011811017,2262336229,Bank BCA,Giro,Aktif,2023-01-28,14176249,1055059,804460,113,0,20783748
ACC001387,3172013011811017,2801188455,Bank BCA,Tabungan,Aktif,2021-04-13,3633047,709836,628132,109,2,-60150
ACC001388,3674011201711018,6078053434,BNI,Tabungan,Aktif,2025-02-07,3784806,1062431,976579,66,0,6318960
ACC001389,3671012408701019,3994990664,Bank BCA,Giro,Aktif,2023-06-07,9001272,626177,484063,96,0,15698918
ACC001390,3671012408701019,5373131540,BPR Mitra Usaha,Giro,Aktif,2015-06-26,4476672,550237,463043,175,0,7860723
ACC001391,3171016402751020,8514839466,Bank Danamon,Tabungan,Aktif,2015-06-19,49853839,3231062,2461086,162,1,26107043
ACC001392,3171016402751020,4182579313,Bank Danamon,Tabungan,Aktif,2025-07-24,34728832,3921649,3446547,78,0,33342815
ACC001393,3671016107981021,2312091661,Bank CIMB Niaga,Tabungan,Aktif,2020-07-21,7577267,1664808,1584142,198,0,3099906
ACC001394,3275013108901022,7916793182,BPR Mitra Usaha,Giro,Aktif,2018-03-21,51702280,3819367,2896419,43,0,51874017
ACC001395,3175016805941023,4115782715,BPR Mitra Usaha,Tabungan,Aktif,2022-11-14,7134980,1464819,1352735,79,0,11124401
ACC001396,3275016901001024,5722649265,BPR Mitra Usaha,Tabungan,Aktif,2025-01-15,11941996,1412342,1270829,101,0,18442283
ACC001397,3275016901001024,5367810488,Bank CIMB Niaga,Tabungan,Aktif,2019-08-26,14409081,1606816,1356236,138,0,6047845
ACC001398,3276010508801025,6406084818,Bank Panin,Tabungan,Aktif,2022-01-08,21385742,4447916,4056303,158,0,27642028
ACC001399,3174013011731026,1784561222,Bank BNI,Giro,Aktif,2021-05-24,8945941,606848,488021,196,0,4619857
ACC001400,3171012506931027,6988322197,Bank BCA,Tabungan,Aktif,2023-01-11,111886154,4671100,3289697,149,0,179896863
ACC001401,3671015805861028,4826777732,Bank BNI,Giro,Aktif,2019-06-29,24193893,1661580,1165440,134,1,14797356
ACC001402,3671012908671029,6866255600,Bank CIMB Niaga,Giro,Aktif,2021-08-16,14833195,2342531,2049218,65,0,23567968
ACC001403,3175014103681030,5291162333,Bank Danamon,Giro,Aktif,2015-07-26,5676511,1510644,1392453,190,0,8249790
ACC001404,3174014905881031,3751251659,Bank BCA,Giro,Aktif,2019-10-16,13754086,1296233,1078026,50,0,7411802
ACC001405,3671016311711032,9472723941,Bank Danamon,Tabungan,Aktif,2024-10-29,44070186,4197705,3616975,136,0,57266858
ACC001406,3671014901991033,5968650747,Bank Danamon,Giro,Aktif,2018-05-23,56411769,3529930,2652157,126,0,34119022
ACC001407,3671015607991034,4205313546,Bank Permata,Giro,Aktif,2024-07-10,22544243,975368,743124,197,1,38479070
ACC001408,3173016211751035,9772381349,Bank Panin,Tabungan,Aktif,2019-01-16,20423261,1131961,856226,152,0,33590009
ACC001409,3173016211751035,7693516789,Bank Mandiri,Tabungan,Aktif,2019-07-27,16457281,1737733,1457921,65,0,26704862
ACC001410,3172014808021036,3632595056,BPR Mitra Usaha,Giro,Aktif,2022-10-05,32648335,3841972,3262622,88,3,34413122
ACC001411,3175015001941037,3502317686,BPR Mitra Usaha,Tabungan,Aktif,2021-01-13,7451742,1207381,1076297,125,0,11780589
ACC001412,3175015001941037,6851377981,Bank BNI,Giro,Aktif,2016-11-29,33279241,1330928,961555,22,2,47049242
ACC001413,3174011404931038,4895039667,Bank OCBC NISP,Tabungan,Aktif,2019-10-22,13527919,942588,709407,55,0,23395982
ACC001414,3275016307791039,3085975141,BPR Mitra Usaha,Tabungan,Dormant,2017-12-29,12550735,816113,589899,66,1,1655956
ACC001415,3175011210801040,9895026124,Bank Danamon,Tabungan,Aktif,2022-05-24,5634257,949024,882967,71,0,7570402
ACC001416,3175012605031041,1273170424,Bank Panin,Giro,Aktif,2017-11-06,8607722,2713540,2554253,106,0,13343256
ACC001417,3271011212981042,9747783350,BNI,Tabungan,Aktif,2016-07-29,8716105,817355,686093,96,1,13171506
ACC001418,3271011212981042,6289249576,Bank CIMB Niaga,Tabungan,Aktif,2016-02-18,6958936,1447460,1368172,120,0,10411846
ACC001419,3271015910821043,2209857639,Bank Permata,Giro,Aktif,2021-07-31,18733889,4929928,4678755,55,0,27646474
ACC001420,3175010803661044,9950076698,Bank Mandiri,Giro,Aktif,2025-06-04,5975745,2331235,2230307,42,0,5223797
ACC001421,3172010509861045,4028279877,Bank BCA,Tabungan,Aktif,2023-10-24,46546821,3694521,2726914,76,0,41195177
ACC001422,3671015501011046,8798465353,Bank BRI,Tabungan,Aktif,2017-05-28,4576208,2953540,2885466,31,0,6603246
ACC001423,3172012112901047,3700831245,Bank BNI,Giro,Aktif,2016-11-05,21084261,1996428,1708243,148,0,30291990
ACC001424,3172012112901047,9002309924,Bank Danamon,Tabungan,Aktif,2022-10-25,18724997,2210549,1816103,116,0,14097814
ACC001425,3671015511851048,3822013369,Bank Danamon,Tabungan,Aktif,2019-05-25,76021069,3480697,2522365,192,0,91804805
ACC001426,3671015511851048,4267484217,Bank Panin,Giro,Aktif,2022-12-10,33759005,2991718,2634740,89,0,28812057
ACC001427,3671012801901049,7648795439,Bank BNI,Giro,Aktif,2015-10-14,23746933,1520024,1165458,122,0,29186047
ACC001428,3671014401971050,4581670017,Bank Mandiri,Giro,Aktif,2015-04-29,6995873,768918,666147,90,0,9437176
ACC001429,3671016206711051,5680941946,BNI,Giro,Aktif,2023-10-07,23055884,3059104,2809407,121,0,27807226
ACC001430,3671016206711051,8959512306,Bank CIMB Niaga,Tabungan,Aktif,2023-01-29,13942546,3302673,3082583,73,0,10066943
ACC001431,3671016902761052,5944714081,Bank Permata,Giro,Aktif,2022-03-29,40694097,1808295,1324296,132,0,28564259
ACC001432,3671014802011053,2172359020,BNI,Tabungan,Aktif,2025-04-15,27555165,1220290,905435,34,0,23578652
ACC001433,3674012601691054,2536933387,Bank OCBC NISP,Tabungan,Aktif,2019-07-23,14085752,2558418,2324729,170,0,11185404
ACC001434,3172016507761055,3655540669,BPR Mitra Usaha,Tabungan,Aktif,2025-05-30,3825888,784178,726618,59,0,3788619
ACC001435,3172016507761055,2375745837,Bank Danamon,Giro,Aktif,2018-10-05,12433945,754980,628795,86,0,15747393
ACC001436,3271013003661056,8470937536,Bank BNI,Giro,Aktif,2024-09-20,27651844,6277341,5774141,123,0,44493686
ACC001437,3271013003661056,6162303184,Bank BCA,Giro,Aktif,2016-03-08,45998767,7048205,6396727,124,0,55584557
ACC001438,3172015410811057,1548131620,Bank BRI,Giro,Aktif,2018-05-25,8100526,4082493,3897941,150,0,4082403
ACC001439,3275012808801058,7585178238,Bank BRI,Tabungan,Aktif,2019-09-30,26157805,1912330,1599794,151,0,41909719
ACC001440,3671014403001059,3165511154,Bank BCA,Tabungan,Dormant,2019-02-14,4106395,502913,423073,186,0,492045
ACC001441,3175015908671060,7634141031,Bank Panin,Tabungan,Aktif,2018-09-10,3057545,987269,947422,36,0,5298729
ACC001442,3173010204991061,5014149408,Bank Danamon,Tabungan,Aktif,2024-10-22,21443191,1566006,1314011,33,0,27195883
ACC001443,3173010204991061,3100344092,BNI,Tabungan,Aktif,2019-08-09,16224751,1411535,1189782,162,0,7555741
ACC001444,3671014705921062,8300180828,Bank BNI,Giro,Aktif,2024-11-10,16204589,1713345,1538559,79,0,8223032
ACC001445,3671011912881063,3755280440,Bank OCBC NISP,Giro,Aktif,2022-12-02,62727080,6079566,5250296,111,0,79999248
ACC001446,3671011912881063,5695138856,BNI,Tabungan,Aktif,2016-12-30,4098315,3771226,3677471,161,0,2752794
ACC001447,3671011608741064,8404493426,BPR Mitra Usaha,Tabungan,Aktif,2016-01-10,22568413,6276697,5984809,103,0,35616887
ACC001448,3671011201671065,6131438736,Bank Mandiri,Tabungan,Aktif,2023-11-22,4005181,773548,694509,147,0,4802284
ACC001449,3674014401671066,1439250487,BNI,Giro,Aktif,2020-07-23,6266843,814102,732705,175,0,4594227
ACC001450,3674014401671066,1637036957,Bank BCA,Giro,Aktif,2021-12-12,21543931,961755,717416,85,0,24922441
ACC001451,3671011105831067,2659246378,BNI,Tabungan,Aktif,2020-03-26,6372002,878229,795798,23,0,6056421
ACC001452,3671011105831067,6703327143,Bank Mandiri,Tabungan,Aktif,2019-01-23,7890317,920730,838764,99,0,6683235
ACC001453,3276016709941068,6714732118,Bank BCA,Giro,Aktif,2021-06-14,7331468,637699,472331,53,0,12493049
ACC001454,3671011110771069,8231794951,Bank Permata,Tabungan,Aktif,2018-06-18,39313282,2219270,1724223,169,2,34015952
ACC001455,3671015401861070,9133884572,Bank Panin,Giro,Dormant,2023-04-06,22727344,2217635,1699859,175,0,1965953
ACC001456,3674011402981071,6743127686,Bank OCBC NISP,Tabungan,Aktif,2021-12-12,18756683,844222,648894,122,0,32905109
ACC001457,3674011402981071,9619459684,Bank CIMB Niaga,Giro,Aktif,2021-10-03,16243970,744557,575285,114,0,16824951
ACC001458,3175012207031072,9714251348,Bank CIMB Niaga,Giro,Aktif,2019-01-07,7105180,359350,257249,95,1,9747647
ACC001459,3175012207031072,2615336654,Bank BRI,Giro,Dormant,2019-05-16,8166859,615219,507947,167,0,1968811
ACC001460,3171015902931073,8900217024,Bank BCA,Tabungan,Aktif,2023-03-23,6102321,1114974,1043544,170,0,6750023
ACC001461,3275013012691074,1417417254,Bank BRI,Giro,Aktif,2019-01-31,25612147,1608040,1197627,33,0,33642790
ACC001462,3671010704651075,4662521688,BNI,Tabungan,Aktif,2024-02-10,45813840,3535639,2576545,85,0,81552107
ACC001463,3674010209771076,1143753342,Bank BRI,Giro,Aktif,2024-07-06,13886036,1117907,896946,126,1,24346057
ACC001464,3674010209771076,5076192920,Bank BNI,Tabungan,Aktif,2020-06-05,18163455,790001,607319,143,0,11527621
ACC001465,3271015601751077,9267002292,Bank Danamon,Tabungan,Aktif,2021-03-17,13619407,2015942,1834319,164,0,14333828
ACC001466,3174015908851078,5317727288,Bank BNI,Giro,Aktif,2015-08-20,7646860,6015756,5863691,41,2,-724077
ACC001467,3674016911841079,3181671079,Bank Panin,Giro,Dormant,2015-02-01,5487456,575116,505437,194,0,829469
ACC001468,3674016911841079,8446301381,Bank Permata,Giro,Aktif,2016-12-21,4388425,494607,434785,175,0,1794613
ACC001469,3172012409731080,6749856595,Bank Mandiri,Tabungan,Aktif,2024-06-19,19419295,1616616,1333657,32,0,33722253
ACC001470,3671016206781081,8007279725,BNI,Giro,Aktif,2017-11-23,31628596,3708662,3301766,168,0,32456964
ACC001471,3671012504821082,3462754743,Bank Permata,Giro,Aktif,2022-06-12,8388426,903541,799252,129,1,14881246
ACC001472,3671012504821082,1214953326,Bank BRI,Tabungan,Aktif,2024-02-28,919001,797297,775425,35,0,1091228
ACC001473,3173014903791083,3688508951,Bank CIMB Niaga,Giro,Aktif,2022-04-26,31389946,2413872,1831742,29,3,53237133
ACC001474,3171012207741084,8712337220,Bank Panin,Tabungan,Aktif,2017-09-27,32022377,1749803,1314435,131,0,31854215
ACC001475,3171012207741084,7982826997,Bank BNI,Tabungan,Aktif,2019-03-16,27638174,1578679,1278779,65,0,32148261
ACC001476,3671016710711085,5547887687,Bank BRI,Tabungan,Dormant,2025-02-02,2811240,607963,557678,22,0,320137
ACC001477,3671016710711085,2448078788,Bank Panin,Giro,Aktif,2020-09-08,12939644,464614,327459,62,0,7998882
ACC001478,3171015612841086,6175492968,Bank Panin,Giro,Aktif,2017-10-28,22886422,1867535,1617414,46,0,34172271
ACC001479,3171015612841086,2562856783,Bank CIMB Niaga,Tabungan,Aktif,2018-01-06,26200495,2178268,1894291,176,0,43607825
ACC001480,3674012803911087,4396702901,BPR Mitra Usaha,Tabungan,Aktif,2018-12-19,14872591,760228,596107,172,0,23402247
ACC001481,3671012205951088,5029318076,Bank Danamon,Tabungan,Aktif,2017-05-16,5836813,489822,356283,91,0,10190478
ACC001482,3671012205951088,4031980587,BNI,Tabungan,Aktif,2018-04-23,2705406,420996,365675,22,0,3453771
ACC001483,3172016506911089,8405626111,Bank Panin,Tabungan,Aktif,2019-02-23,29428061,2776742,2138627,181,0,38790456
ACC001484,3172016506911089,5724074972,Bank OCBC NISP,Giro,Aktif,2019-04-27,6100538,2033394,1930758,69,1,6999756
ACC001485,3171014406961090,3396693467,Bank Permata,Giro,Aktif,2018-10-20,2979425,485879,439085,69,0,1271211
ACC001486,3171013112921091,4620458117,Bank Panin,Giro,Aktif,2015-06-01,3078500,995678,945645,109,0,5175175
ACC001487,3671014504961092,9858153252,BPR Mitra Usaha,Giro,Aktif,2024-12-30,15451876,1508092,1239889,170,0,19479382
ACC001488,3671014512861093,3928556550,Bank BNI,Giro,Aktif,2016-01-10,9305033,1379077,1179173,194,0,10629510
ACC001489,3671014512861093,7331428964,Bank Mandiri,Tabungan,Aktif,2018-12-12,5999602,1229250,1143581,135,0,7808789
ACC001490,3171010405681094,4021893864,Bank Danamon,Tabungan,Aktif,2017-09-18,20307870,1106376,829786,56,0,10695896
ACC001491,3671010401721095,1283439765,Bank CIMB Niaga,Giro,Aktif,2016-02-23,20061911,1393299,1124967,181,2,12900718
ACC001492,3171011102691096,3689157547,Bank Danamon,Giro,Aktif,2019-09-16,76434062,5069815,4181426,60,0,79427353
ACC001493,3671015005861097,9620640637,Bank Panin,Tabungan,Dormant,2015-06-11,12589028,1241120,1014626,136,0,2492761
ACC001494,3671015005861097,3018917350,Bank Panin,Tabungan,Aktif,2019-01-30,10311725,1144213,941502,73,2,-97306
ACC001495,3174016111721098,1430197069,Bank Mandiri,Giro,Aktif,2023-12-12,8877658,621475,492185,74,0,4630333
ACC001496,3171011509821099,7608021662,Bank OCBC NISP,Tabungan,Aktif,2017-03-07,48595949,4195201,3270413,30,3,40771022
ACC001497,3671011708771100,2266742035,Bank BCA,Giro,Aktif,2015-02-09,3753921,2868958,2801157,176,0,4507922
ACC001498,3671011708771100,6822786638,Bank Permata,Tabungan,Aktif,2018-07-04,56402773,2807911,1976397,47,0,35711059
ACC001499,3671011607651101,6365444960,Bank Permata,Giro,Dormant,2021-10-24,45392153,1857670,1341045,133,0,4575889
ACC001500,3271014206871102,6993174133,Bank BCA,Giro,Aktif,2019-02-12,36778355,2630759,2111483,118,0,40767301
ACC001501,3271014206871102,2776311997,Bank OCBC NISP,Tabungan,Aktif,2015-10-06,22240704,1964618,1528321,128,0,30209706
ACC001502,3674011609851103,2866955845,Bank BRI,Giro,Aktif,2016-09-24,19869782,1522001,1223129,77,0,9343901
ACC001503,3674015105931104,5643710407,Bank BNI,Giro,Aktif,2023-04-11,2997822,620751,575490,79,0,3948094
ACC001504,3674012209711105,4965485216,Bank BNI,Tabungan,Aktif,2024-06-06,24098714,1642742,1376352,92,0,11138137
ACC001505,3671010106841106,2184825450,Bank BRI,Giro,Aktif,2020-05-07,20391413,2047824,1764474,47,0,35392825
ACC001506,3171014904881107,8363906014,Bank Mandiri,Tabungan,Dormant,2017-11-09,10870926,2260372,2042367,28,0,1430771
ACC001507,3171014904881107,7155330262,Bank BCA,Giro,Aktif,2019-01-30,48196210,2430410,1921522,87,0,27285766
ACC001508,3275015611911108,5880908902,Bank Mandiri,Giro,Aktif,2022-01-24,5955818,1040007,900880,90,0,5613085
ACC001509,3674011601761109,5335506012,Bank BNI,Tabungan,Aktif,2015-11-17,13120706,2731626,2596666,46,0,22840343
ACC001510,3674011601761109,3881071021,Bank BNI,Tabungan,Aktif,2016-11-01,23074133,1584620,1320489,73,0,27944875
ACC001511,3276010610961110,4592814876,Bank BCA,Tabungan,Aktif,2018-08-16,1776830,1367709,1338061,150,0,2293798
ACC001512,3276010610961110,7990838061,Bank Danamon,Giro,Aktif,2024-08-15,5595546,1620489,1516245,46,0,5076045
ACC001513,3671016508681111,4228928836,Bank Panin,Giro,Aktif,2023-03-29,10147068,580501,470318,45,0,4904864
ACC001514,3173016401761112,8448077194,BNI,Giro,Aktif,2020-04-09,5298291,456822,325083,120,0,3823992
ACC001515,3671016012011113,1622119528,Bank CIMB Niaga,Giro,Aktif,2020-12-23,29744573,1963519,1505623,56,1,15054503
ACC001516,3671016012011113,8994811525,BPR Mitra Usaha,Tabungan,Aktif,2023-06-20,24929707,1514350,1070020,61,0,30627382
ACC001517,3275011805781114,6510562182,BNI,Giro,Aktif,2015-09-05,39794585,4021660,3616626,112,0,38622626
ACC001518,3173012801931115,6659644589,BPR Mitra Usaha,Giro,Aktif,2022-03-15,9769568,1923501,1818678,121,0,9903801
ACC001519,3671015010771116,1694830095,Bank BCA,Tabungan,Aktif,2018-05-10,45904744,2144100,1537290,176,0,49433606
ACC001520,3671014509891117,1797881019,Bank BCA,Tabungan,Aktif,2016-11-07,11719653,836592,686328,134,0,7402645
ACC001521,3671015512871118,8179064077,BNI,Giro,Aktif,2020-08-24,2499787,1206889,1160032,80,0,3862305
ACC001522,3175010701811119,6191756866,Bank Permata,Tabungan,Aktif,2022-05-01,29401104,1638217,1157088,137,0,45500430
ACC001523,3175010701811119,2377092816,Bank BRI,Giro,Aktif,2024-07-07,16740700,2037833,1797067,175,0,13376926
ACC001524,3671014308891120,2370732671,Bank Permata,Tabungan,Aktif,2022-03-29,12292227,2244687,2115437,74,0,11460538
ACC001525,3671012206861121,1775800566,BPR Mitra Usaha,Tabungan,Aktif,2023-07-05,15811402,1345198,1118483,173,0,15849947
ACC001526,3671012206861121,2898797827,Bank Danamon,Tabungan,Aktif,2021-02-24,62281887,2139290,1510064,73,0,85296082
ACC001527,3671015211651122,2097479025,Bank CIMB Niaga,Giro,Aktif,2018-03-20,10095615,486558,374940,93,0,16656090
ACC001528,3275010309801123,8185476179,Bank BCA,Tabungan,Aktif,2015-06-13,13934376,3111758,2946791,198,0,14618383
ACC001529,3275010309801123,6681621078,Bank BRI,Tabungan,Aktif,2025-01-06,47459936,4979915,4489684,123,0,53701576
ACC001530,3674014403721124,6819714450,Bank OCBC NISP,Tabungan,Dormant,2021-05-30,11569986,1372954,1148889,93,0,2002709
ACC001531,3674014703741125,3532145920,BPR Mitra Usaha,Giro,Aktif,2017-06-19,63619077,3318013,2376327,169,0,55038471
ACC001532,3271012110851126,9293635302,Bank Permata,Tabungan,Aktif,2022-09-02,3433371,628039,574658,148,0,2100417
ACC001533,3271012110851126,9301866369,Bank BNI,Tabungan,Aktif,2023-10-23,8608701,504010,404608,138,2,12555069
ACC001534,3276013105871127,7678105092,Bank BRI,Giro,Aktif,2016-05-21,40344846,2401773,1901754,138,0,34238922
ACC001535,3174010204031128,1301826444,BNI,Giro,Aktif,2016-08-16,51706955,4729121,3619099,195,0,90178720
ACC001536,3276012012931129,4949715766,Bank BCA,Giro,Dormant,2024-08-03,63778077,2825423,2027034,147,0,15513690
ACC001537,3276011410761130,2833017116,BPR Mitra Usaha,Tabungan,Aktif,2019-09-15,5791772,660562,600211,114,0,9483257
ACC001538,3276011410761130,5893653670,Bank Mandiri,Tabungan,Aktif,2017-04-27,12945032,759723,542842,161,1,17452259
ACC001539,3271011102771131,1129343442,BPR Mitra Usaha,Giro,Aktif,2017-06-13,23030942,1974558,1404628,80,2,22603975
ACC001540,3674014304021132,5224671447,Bank BCA,Tabungan,Aktif,2018-08-27,12748859,828486,626017,132,1,13823256
ACC001541,3674014304021132,3150067174,BNI,Giro,Aktif,2025-02-15,13076260,820710,684883,38,0,14358649
ACC001542,3175014402661133,7204392834,Bank Panin,Tabungan,Aktif,2015-11-06,2663832,1342281,1315040,110,0,2097816
ACC001543,3175014402661133,4864231273,Bank CIMB Niaga,Tabungan,Aktif,2020-11-11,30265891,2017809,1580451,84,1,-219236
ACC001544,3671014811771134,2252910429,Bank BNI,Giro,Aktif,2024-10-13,51216497,2041983,1470597,126,0,56541435
ACC001545,3671014811771134,1227949001,Bank OCBC NISP,Tabungan,Aktif,2019-08-03,6982071,1277447,1161930,104,0,9429978
ACC001546,3671010504831135,7058391021,Bank OCBC NISP,Giro,Dormant,2018-07-12,22880655,1660734,1273411,185,1,1197565
ACC001547,3172015105761136,4643467671,Bank Panin,Giro,Aktif,2019-03-29,2219375,812196,777543,112,1,3140273
ACC001548,3671011111911137,1668538102,Bank BRI,Giro,Aktif,2025-06-28,13559930,4135001,3898784,29,0,7846940
ACC001549,3671016204881138,6200473780,Bank BNI,Tabungan,Aktif,2021-06-05,25804460,1831070,1503918,104,0,26814540
ACC001550,3671014808891139,6796041759,Bank Panin,Tabungan,Aktif,2019-11-01,41476176,3404902,2916912,99,1,26667217
ACC001551,3276010506021140,9275262078,Bank Panin,Giro,Aktif,2015-03-03,15499749,1088623,905631,44,0,21039381
ACC001552,3276010506021140,6852832151,Bank OCBC NISP,Tabungan,Dormant,2015-07-30,15806321,762103,550442,159,0,2992570
ACC001553,3276012404891141,1912108739,Bank CIMB Niaga,Tabungan,Aktif,2021-09-28,11873506,1216780,955319,96,2,8326144
ACC001554,3276012404891141,5671145353,Bank BCA,Giro,Aktif,2024-09-28,2912416,1235466,1201793,158,0,4928389
ACC001555,3275010512831142,3047143595,Bank Danamon,Giro,Aktif,2019-02-01,7480933,685053,602241,28,2,12192411
ACC001556,3671013006931143,1800625357,Bank BCA,Giro,Aktif,2021-10-01,18402396,755706,560080,29,0,10362413
ACC001557,3671015812831144,7033546202,Bank BCA,Tabungan,Aktif,2025-01-03,40066322,2391789,1706171,106,0,26128706
ACC001558,3671015812831144,4808776399,Bank CIMB Niaga,Giro,Aktif,2020-06-17,16256950,2372089,1973175,126,0,19408580
ACC001559,3171016806971145,1048426856,Bank BCA,Giro,Aktif,2015-02-21,10296342,1134574,930922,195,0,4530177
ACC001560,3671015909741146,2220871165,Bank Permata,Tabungan,Aktif,2025-07-04,3312657,1063109,1028890,98,0,4903423
ACC001561,3671011112001147,3198104817,Bank BCA,Giro,Aktif,2020-05-15,5444047,2347949,2251409,140,0,3760828
ACC001562,3671011112001147,3650013144,Bank Mandiri,Tabungan,Aktif,2020-10-06,36034015,1469294,1071452,180,0,57427296
ACC001563,3671012202841148,9064629966,Bank OCBC NISP,Tabungan,Aktif,2020-08-30,9644573,1283958,1159047,196,3,14712061
ACC001564,3671016708991149,9288765448,Bank BRI,Tabungan,Aktif,2015-08-06,17586705,747860,571164,182,0,12445945
ACC001565,3671012207691150,9582696122,Bank BRI,Tabungan,Aktif,2025-03-18,11374366,1675436,1464226,183,0,15716533
ACC001566,3671012207691150,8274897671,Bank Permata,Tabungan,Aktif,2025-03-09,2185653,1252036,1224409,171,0,1014370
ACC001567,3671016406931151,9642276567,Bank BRI,Tabungan,Aktif,2024-12-21,3549086,645464,582329,173,1,3400257
ACC001568,3671016406931151,6110202664,Bank Panin,Tabungan,Aktif,2025-07-05,5715576,450542,365981,102,0,9156620
ACC001569,3271011704861152,4566226706,Bank BRI,Tabungan,Aktif,2019-12-21,24426971,1403884,1152263,30,0,30990267
ACC001570,3271011704861152,4783414705,Bank Panin,Tabungan,Aktif,2022-09-04,969767,996444,976002,142,0,439618
ACC001571,3671010101901153,1141831430,Bank BCA,Giro,Aktif,2018-10-10,8140879,2213891,2104809,71,1,8218284
ACC001572,3276012906981154,1748858641,BPR Mitra Usaha,Tabungan,Aktif,2025-01-19,15480195,2061496,1821184,158,0,8739971
ACC001573,3276010908031155,3328544359,Bank BNI,Giro,Aktif,2019-11-16,19092393,2018650,1703334,144,0,15084057
ACC001574,3276010908031155,5946712383,Bank BCA,Tabungan,Aktif,2022-07-31,19894193,1855849,1374030,65,0,17878231
ACC001575,3671012207711156,6289563518,Bank BNI,Tabungan,Aktif,2015-10-27,110955161,7445129,6094522,69,0,100617191
ACC001576,3276016102021157,8962695259,Bank Permata,Tabungan,Aktif,2025-06-16,16040624,705415,510136,199,0,10940455
ACC001577,3671014108981158,8016997433,Bank CIMB Niaga,Tabungan,Aktif,2016-05-12,18603276,1568358,1137420,52,0,25526502
ACC001578,3275016109831159,6271757469,Bank OCBC NISP,Giro,Aktif,2021-01-27,8658231,627051,526210,164,0,4194867
ACC001579,3271014807021160,4214131291,Bank Panin,Giro,Aktif,2016-11-11,11915953,3379927,3239360,83,0,6965594
ACC001580,3671015205801161,5379632222,Bank Panin,Tabungan,Aktif,2018-03-13,22362323,1176538,899552,64,0,37701391
ACC001581,3671015205801161,4726681126,Bank Permata,Tabungan,Dormant,2024-04-09,20463581,1064419,764984,64,0,2282107
ACC001582,3175012203881162,4047493906,Bank Panin,Giro,Aktif,2022-01-09,128739907,5327645,3812718,39,0,175836510
ACC001583,3175012203881162,6803808776,Bank BCA,Tabungan,Aktif,2015-04-26,83227063,4140968,3138788,133,0,129666237
ACC001584,3271010403741163,4870032808,Bank BRI,Giro,Aktif,2021-02-06,6603683,268280,199546,172,0,9198258
ACC001585,3271014801761164,8710566871,Bank BRI,Tabungan,Aktif,2024-09-29,20877764,1505594,1124594,140,0,15879541
ACC001586,3271014801761164,2759283843,BPR Mitra Usaha,Giro,Aktif,2020-04-10,8796627,1465867,1348523,78,0,11271162
ACC001587,3671016302651165,3035666359,Bank BRI,Giro,Aktif,2016-06-29,35922491,2271749,1890684,113,0,43120199
ACC001588,3674011409911166,8061072376,Bank OCBC NISP,Giro,Aktif,2022-01-21,8412647,989768,837864,90,0,14429834
ACC001589,3674011409911166,2735931741,BNI,Giro,Aktif,2022-12-03,5249866,821792,717438,84,0,2294929
ACC001590,3174015106771167,8835337134,Bank OCBC NISP,Tabungan,Aktif,2020-03-21,860243,439367,425952,172,0,847080
ACC001591,3174015106771167,9494637692,Bank BRI,Tabungan,Aktif,2015-04-03,2917258,348970,305876,54,0,5014235
ACC001592,3671011106651168,2007995863,Bank Danamon,Giro,Aktif,2023-04-02,7303627,1912244,1810815,153,0,7639016
ACC001593,3174014211891169,3786739836,Bank Permata,Tabungan,Aktif,2015-01-27,49346756,2555051,1875214,28,0,87999245
ACC001594,3671012504011170,4671519953,Bank Panin,Tabungan,Aktif,2023-01-04,31350993,2092060,1534927,141,1,26094383
ACC001595,3275012102651171,9462074234,Bank Mandiri,Giro,Aktif,2022-07-25,8342853,398726,305815,106,0,14884442
ACC001596,3674010711841172,8166670033,BPR Mitra Usaha,Tabungan,Aktif,2015-10-22,32741952,2349796,1971384,26,0,38615624
ACC001597,3674010711841172,1998272753,Bank Panin,Giro,Aktif,2024-12-07,18944226,2230863,2011623,23,1,-277640
ACC001598,3271014612651173,8598179254,Bank BCA,Tabungan,Aktif,2020-01-10,4679384,372183,296880,72,0,4275293
ACC001599,3271014612651173,5284289716,BNI,Tabungan,Aktif,2017-11-01,1585114,375615,339546,186,0,2155010
ACC001600,3171014502791174,8419604543,Bank BRI,Tabungan,Aktif,2018-04-29,6280322,883546,769236,155,3,8827545
ACC001601,3174011504851175,1328821206,Bank Permata,Giro,Aktif,2016-12-04,30289203,2800476,2248692,120,0,45003451
ACC001602,3174011504851175,7234016963,Bank Panin,Tabungan,Dormant,2021-12-13,29017535,3218992,2861015,106,0,7251791
ACC001603,3173014806761176,5820709629,Bank Danamon,Tabungan,Aktif,2024-07-19,17470698,1287505,1062346,29,0,24672145
ACC001604,3173014806761176,9020832471,Bank OCBC NISP,Giro,Aktif,2017-06-21,9596960,1458495,1325183,185,1,4227087
ACC001605,3271012602671177,5574509305,Bank BCA,Tabungan,Dormant,2015-05-21,12816709,2012073,1759904,95,0,2698041
ACC001606,3173017006771178,5727741730,BPR Mitra Usaha,Giro,Aktif,2020-11-07,4769028,663723,594125,90,3,4470102
ACC001607,3674011407721179,8745812376,Bank Danamon,Giro,Aktif,2017-08-31,29300882,1068362,750676,64,0,31631738
ACC001608,3671011106971180,3894617641,Bank Mandiri,Tabungan,Aktif,2020-08-04,12425030,2175346,1979017,194,0,5629377
ACC001609,3671011106971180,1201361667,Bank BRI,Tabungan,Dormant,2016-07-29,14721822,1341160,1081618,24,3,1399142
ACC001610,3173012101711181,8215358676,BPR Mitra Usaha,Tabungan,Aktif,2024-09-25,2858290,772166,728209,45,1,4296867
ACC001611,3174014101971182,9843611577,BPR Mitra Usaha,Tabungan,Aktif,2016-05-02,7030053,1397411,1262254,36,0,10567749
ACC001612,3174014101971182,9516452879,Bank Mandiri,Giro,Dormant,2015-08-03,19447356,1010395,791734,88,0,1250223
ACC001613,3674016107881183,7392845721,Bank CIMB Niaga,Tabungan,Aktif,2016-08-25,54959354,4044428,3455323,31,0,92531056
ACC001614,3174011304741184,9738393352,BNI,Giro,Aktif,2018-12-07,9822923,887426,657503,168,0,17425701
ACC001615,3174011304741184,3377366098,Bank Panin,Giro,Aktif,2024-04-07,9895302,877053,657277,110,0,16994638
ACC001616,3276016908981185,3828835817,Bank Danamon,Giro,Aktif,2023-12-11,2049287,1324476,1286518,163,0,2637878
ACC001617,3276016908981185,4118982363,Bank BRI,Giro,Aktif,2020-07-27,6875682,1638919,1553041,90,0,11335510
ACC001618,3174015003751186,4235824651,BPR Mitra Usaha,Tabungan,Aktif,2015-09-29,61910830,3814107,2705243,129,0,73803544
ACC001619,3171011709931187,2117292358,Bank Panin,Tabungan,Aktif,2023-09-28,22116132,1580902,1196799,97,0,32541872
ACC001620,3674012610661188,8431386908,Bank Mandiri,Giro,Aktif,2022-01-27,15447645,1556144,1393188,152,0,8269386
ACC001621,3671010909671189,9221005517,BPR Mitra Usaha,Tabungan,Aktif,2021-11-03,21744519,2148925,1733341,69,0,38788958
ACC001622,3271016211921190,3983826554,Bank BRI,Giro,Aktif,2023-10-07,44089976,1960629,1452077,136,0,33843932
ACC001623,3671011811711191,4548662680,BPR Mitra Usaha,Tabungan,Aktif,2015-04-29,41510218,2291330,1828124,59,0,65869469
ACC001624,3671011811711191,4547599045,BNI,Giro,Aktif,2022-08-12,4282146,2408112,2358998,152,0,2351505
ACC001625,3174016312661192,6891943014,Bank BRI,Giro,Aktif,2015-12-24,13774323,1429183,1131441,189,1,6061672
ACC001626,3174014105721193,5699751724,Bank BRI,Giro,Aktif,2020-09-15,17849802,822290,601998,113,0,18983003
ACC001627,3271010109921194,4462151363,Bank BNI,Giro,Dormant,2016-10-19,867309,745822,727990,111,0,55109
ACC001628,3671010103011195,2772854092,Bank Permata,Tabungan,Aktif,2021-02-13,56050300,2275065,1674985,175,0,57301199
ACC001629,3172016206781196,5049131184,Bank BCA,Giro,Aktif,2017-10-02,31027898,2109832,1772182,76,1,17945928
ACC001630,3172016206781196,1567253773,Bank BNI,Tabungan,Aktif,2017-11-16,12795613,1645853,1488965,97,0,11812058
ACC001631,3671010607831197,4149537908,BPR Mitra Usaha,Giro,Aktif,2023-05-21,3125925,432087,368545,173,0,4797374
ACC001632,3173011803831198,2667722690,Bank Mandiri,Tabungan,Aktif,2016-10-17,24916276,1168209,839407,112,0,31475100
ACC001633,3173011803831198,7335595769,Bank CIMB Niaga,Tabungan,Aktif,2018-10-18,18936844,874814,676377,91,0,29365236
ACC001634,3276010803831199,5387457364,Bank Danamon,Giro,Aktif,2015-10-04,7313198,1009714,853724,143,0,10058281
ACC001635,3276010803831199,8254450890,Bank Mandiri,Tabungan,Dormant,2017-06-14,16246301,1452183,1084340,136,0,1235342
ACC001636,3174015009681200,9010192800,BNI,Giro,Aktif,2015-09-20,43784252,2606034,2040924,117,0,76126949
ACC001637,3174012712701201,2218926482,Bank Mandiri,Giro,Aktif,2019-03-26,17009309,1213945,912712,108,0,22375541
ACC001638,3174012712701201,3796427172,Bank Mandiri,Tabungan,Aktif,2024-10-26,10296490,744306,636300,68,0,15677856
ACC001639,3671015010661202,9790369919,Bank Danamon,Tabungan,Aktif,2018-08-10,15130545,836851,616969,105,0,18305928
ACC001640,3276010112671203,3161970661,BNI,Giro,Aktif,2022-08-29,10447018,962035,837304,88,0,6525704
ACC001641,3276010112671203,7754679346,Bank Mandiri,Giro,Aktif,2023-10-28,10889036,1351269,1139723,85,0,17075230
ACC001642,3276014403961204,6456522105,Bank CIMB Niaga,Giro,Aktif,2019-03-18,24524708,1099017,840514,127,0,22293765
ACC001643,3276014403961204,7856675851,Bank Danamon,Tabungan,Aktif,2017-10-10,19292068,1187618,951328,91,0,26924301
ACC001644,3271015206741205,8657638151,BNI,Giro,Aktif,2017-06-11,4087611,920404,829739,184,3,4001274
ACC001645,3171010306971206,8166091108,Bank Panin,Giro,Aktif,2024-01-06,24478904,1670785,1278937,163,0,27365970
ACC001646,3671016310961207,5073901690,BPR Mitra Usaha,Giro,Aktif,2016-11-25,15574359,2027128,1832430,86,0,6760180
ACC001647,3276011306011208,4606724087,Bank Danamon,Tabungan,Aktif,2019-12-06,34251242,2130132,1777179,54,0,52432692
ACC001648,3671014205651209,4605773988,Bank Panin,Tabungan,Dormant,2017-04-14,20697579,3824606,3527354,58,0,1856532
ACC001649,3271012701741210,9018561120,Bank BCA,Tabungan,Aktif,2022-10-10,37871395,1519022,1130446,198,0,52405456
ACC001650,3671012106741211,4325067275,Bank Permata,Giro,Aktif,2016-05-13,11233199,2757323,2575384,179,0,17611869
ACC001651,3173014404971212,8335470386,Bank OCBC NISP,Giro,Aktif,2022-08-10,10828703,3150878,2934838,195,0,15005435
ACC001652,3173014404971212,1674610115,Bank CIMB Niaga,Tabungan,Aktif,2025-05-03,39206305,3163851,2527463,109,0,54579023
ACC001653,3276016002791213,5873580906,Bank OCBC NISP,Giro,Aktif,2024-08-27,6602411,570854,449710,35,0,11527299
ACC001654,3276016002791213,3029504916,Bank BRI,Giro,Aktif,2023-07-08,10934044,596636,436485,49,0,17044029
ACC001655,3671016710661214,5733591417,Bank Mandiri,Giro,Aktif,2018-06-18,19918850,3871577,3500737,86,0,18110528
ACC001656,3671016906991215,1295400928,Bank BCA,Giro,Aktif,2022-05-29,16780641,1621435,1283394,151,0,18026512
ACC001657,3671016108651216,5855494070,Bank Mandiri,Giro,Aktif,2021-08-14,2362352,575663,518186,47,0,960003
ACC001658,3271016308831217,3743496934,Bank Danamon,Giro,Aktif,2015-07-18,49482841,1668363,1170221,49,0,23441797
ACC001659,3174013009751218,9211515282,Bank Permata,Tabungan,Aktif,2025-07-18,28309491,1381888,1000195,122,0,32647216
ACC001660,3671012703001219,7312103425,Bank OCBC NISP,Giro,Aktif,2017-03-04,9910042,734506,544447,72,0,14160304
ACC001661,3174011204721220,4360759346,Bank Mandiri,Tabungan,Aktif,2023-12-17,5515466,1984725,1856299,58,1,6179017
ACC001662,3275011903011221,8899037201,Bank OCBC NISP,Giro,Aktif,2019-02-09,3384068,626237,555906,77,0,5229738
ACC001663,3674011705821222,6855219666,Bank BNI,Giro,Aktif,2021-01-28,23196114,1592044,1349602,30,0,20385740
ACC001664,3271016308831223,6762227360,Bank BNI,Tabungan,Aktif,2015-12-08,15573251,2576294,2258978,150,0,11022589
ACC001665,3271016308831223,7403945976,Bank Mandiri,Tabungan,Aktif,2018-10-01,3575163,2037302,1993428,28,0,1880276
ACC001666,3671011705701224,7055683974,Bank OCBC NISP,Tabungan,Aktif,2017-11-01,22028599,2582186,2293685,26,0,32996478
ACC001667,3671011705701224,2012267232,Bank BCA,Tabungan,Aktif,2023-09-27,14887821,1977480,1805615,148,0,25639684
ACC001668,3175010408011225,2659542405,Bank Mandiri,Giro,Aktif,2018-08-25,19254085,919015,663297,181,0,12660311
ACC001669,3175010408011225,2805872332,Bank Panin,Giro,Aktif,2022-11-20,5027228,1194872,1069667,150,0,6741457
ACC001670,3674014801661226,3711370909,Bank Danamon,Giro,Aktif,2017-10-27,4201039,650659,572478,93,0,2990906
ACC001671,3271015304791227,1843039520,Bank Panin,Giro,Aktif,2019-10-31,33174408,2232338,1704640,101,0,25544893
ACC001672,3271015304791227,1676346736,Bank BNI,Giro,Aktif,2017-10-27,19518137,1711381,1416601,69,3,21323461
ACC001673,3671016805011228,1085769578,Bank CIMB Niaga,Giro,Aktif,2015-10-15,10225969,672545,475389,86,0,5453336
ACC001674,3671016805011228,1473779636,Bank Mandiri,Tabungan,Aktif,2017-09-03,8616598,916382,774397,80,0,13673734
ACC001675,3171014102681229,4186536657,BPR Mitra Usaha,Giro,Aktif,2018-03-12,18203704,3470879,3110401,186,0,15698858
ACC001676,3671010509681230,8684325052,Bank Mandiri,Tabungan,Dormant,2022-05-27,20320010,1735202,1360169,145,0,4324426
ACC001677,3671010509681230,5992532412,Bank OCBC NISP,Tabungan,Aktif,2023-08-09,22827122,2113185,1688308,50,1,28263595
ACC001678,3171010602981231,4552208359,Bank Panin,Giro,Aktif,2017-02-16,6757516,1284241,1188998,47,0,9997422
ACC001679,3171010602981231,3234091967,Bank OCBC NISP,Tabungan,Aktif,2022-03-24,27940201,1426909,1087395,97,0,17044786
ACC001680,3173016006741232,2075382280,Bank Permata,Giro,Aktif,2023-11-22,14601273,2356092,2206247,116,0,14193122
ACC001681,3671015609961233,8980122731,Bank BRI,Giro,Aktif,2021-05-30,7175249,2656744,2556519,78,0,3714902
ACC001682,3671010702951234,6206282439,Bank Danamon,Tabungan,Aktif,2022-12-07,15281932,2456919,2251076,90,0,10669348
ACC001683,3671010702951234,7276145318,BPR Mitra Usaha,Tabungan,Aktif,2015-09-06,35292099,2680382,1960900,121,0,52714481
ACC001684,3172011602651235,3858694546,BPR Mitra Usaha,Tabungan,Aktif,2015-06-12,10971901,1664629,1505392,126,0,8589448
ACC001685,3172011602651235,8972251017,Bank CIMB Niaga,Tabungan,Aktif,2020-02-08,2886725,1420441,1383012,163,0,3495149
ACC001686,3671015707811236,1672867080,BNI,Tabungan,Aktif,2022-10-16,39628450,1598696,1162722,134,0,71053555
ACC001687,3671015707811236,6301415204,Bank OCBC NISP,Giro,Aktif,2021-03-19,12303373,1535959,1400898,119,0,21184658
ACC001688,3276011411941237,7769974245,Bank BNI,Giro,Aktif,2018-07-07,9279323,1528842,1416602,25,0,7970798
ACC001689,3173014807881238,3339746965,BNI,Giro,Aktif,2021-01-18,8643916,1874213,1750045,167,0,14604377
ACC001690,3173014807881238,7309067253,Bank Danamon,Tabungan,Aktif,2022-10-22,44186715,1697735,1213152,74,0,66286949
ACC001691,3275016304911239,1339875768,Bank Panin,Tabungan,Aktif,2025-05-12,21162382,1433130,1065037,95,0,19733986
ACC001692,3173016311741240,5592832537,Bank BRI,Giro,Dormant,2021-11-26,10679489,3789750,3561384,165,0,2308609
ACC001693,3271011312951241,1462508834,Bank Permata,Giro,Dormant,2024-01-10,16321287,3287110,2998410,183,0,1993308
ACC001694,3276012812981242,2909560725,Bank Danamon,Tabungan,Aktif,2017-01-01,19452876,1304975,1026115,80,0,24887121
ACC001695,3171015311691243,9443730433,BPR Mitra Usaha,Giro,Aktif,2020-07-27,2396142,324389,296679,128,0,1293949
ACC001696,3171015311691243,5831852294,Bank BNI,Tabungan,Aktif,2025-06-11,3403773,350457,307390,110,0,4518536
ACC001697,3671012712751244,9380637844,Bank Permata,Tabungan,Dormant,2019-02-02,43254919,1680386,1247034,126,0,2649811
ACC001698,3671012712751244,5353031592,Bank Mandiri,Tabungan,Aktif,2016-08-17,9047413,1570332,1437071,112,0,10950056
ACC001699,3174011808691245,9124341344,Bank BCA,Tabungan,Aktif,2022-08-01,42051772,1931251,1498896,106,0,72114341
ACC001700,3276012611741246,8762999888,Bank CIMB Niaga,Tabungan,Aktif,2025-08-09,20755211,1957000,1675808,159,0,9172871
ACC001701,3671011905741247,7202021069,BPR Mitra Usaha,Giro,Aktif,2016-03-30,6273566,739749,595599,170,0,8915442
ACC001702,3276012706941248,1033299357,Bank CIMB Niaga,Tabungan,Aktif,2024-06-01,15374847,1454066,1228445,108,0,18618225
ACC001703,3671014401811249,6654455036,Bank BRI,Giro,Aktif,2023-05-29,16362911,1473134,1282590,181,0,17168433
ACC001704,3671014401811249,8147218536,BNI,Tabungan,Aktif,2023-12-14,13444916,1495161,1198974,198,0,16919208
ACC001705,3174010911971250,8384831273,Bank BRI,Giro,Aktif,2020-12-14,14690271,1356344,1168471,199,0,23226990
ACC001706,3174010911971250,2969844842,BPR Mitra Usaha,Tabungan,Aktif,2024-08-15,16210029,1472884,1175095,130,0,21408609
ACC001707,3174012207971251,5336399799,BPR Mitra Usaha,Tabungan,Aktif,2021-10-18,39305687,2902340,2376103,132,0,40236295
ACC001708,3175017007661252,4082565101,Bank BRI,Tabungan,Aktif,2021-12-11,29288199,1273521,945954,192,0,19986645
ACC001709,3171014912761253,6051341457,Bank BCA,Giro,Aktif,2021-04-06,41816524,2205021,1672398,26,0,41194041
ACC001710,3276016511971254,6582046257,Bank OCBC NISP,Giro,Aktif,2017-10-08,48669584,2029877,1499785,150,0,42658367
ACC001711,3276016511971254,3956161145,Bank OCBC NISP,Giro,Aktif,2016-02-02,3542405,1800080,1725322,182,0,2767838
ACC001712,3172011406031255,8489977737,Bank Mandiri,Giro,Aktif,2019-06-13,20986269,1298535,1021899,91,0,12627092
ACC001713,3174012210871256,6159619653,Bank OCBC NISP,Giro,Dormant,2022-09-24,35086233,2821424,2033112,140,0,8243207
ACC001714,3671016302021257,4477685022,Bank OCBC NISP,Giro,Aktif,2021-07-20,4341897,811070,744701,99,0,5268841
ACC001715,3173010405971258,8422550037,Bank BNI,Giro,Aktif,2018-02-08,34476774,2148353,1517819,29,0,26528564
ACC001716,3173010405971258,7989838955,Bank Permata,Giro,Aktif,2016-07-01,10298819,1715498,1522025,184,0,8650394
ACC001717,3671012604011259,2223325765,Bank BRI,Tabungan,Aktif,2023-06-17,5430694,1170444,1066200,67,0,6139772
ACC001718,3671012604011259,5322954968,Bank Panin,Giro,Aktif,2021-05-13,25238103,1585000,1124395,76,2,37763865
ACC001719,3271016707671260,8094662806,Bank BRI,Giro,Aktif,2017-08-12,71443192,3273237,2440820,175,0,105226661
ACC001720,3172015706011261,4177556926,Bank CIMB Niaga,Giro,Aktif,2021-05-11,3922269,573731,531187,141,0,3682186
ACC001721,3172015706011261,9231351234,BNI,Tabungan,Dormant,2016-07-29,6001380,532405,404363,199,0,607628
ACC001722,3275010302791262,6353260513,Bank BNI,Giro,Dormant,2022-07-28,1931204,1142886,1112492,160,0,431498
ACC001723,3275010302791262,3870744909,Bank OCBC NISP,Giro,Aktif,2017-09-22,11203526,789061,660702,55,0,15581788
ACC001724,3173012906801263,5152827684,Bank BRI,Tabungan,Aktif,2022-08-15,39345857,1731868,1315774,109,0,50751104
ACC001725,3173015209711264,7533719073,Bank BRI,Giro,Aktif,2018-08-30,7459404,1397005,1253366,113,0,4781318
ACC001726,3173015209711264,5548356255,Bank OCBC NISP,Giro,Aktif,2021-11-13,9330977,1280911,1051695,79,2,-108131
ACC001727,3671015401931265,5586244176,Bank OCBC NISP,Giro,Aktif,2018-08-17,10400902,1388185,1206659,62,0,16683239
ACC001728,3671015401931265,2435741336,Bank CIMB Niaga,Tabungan,Aktif,2019-08-09,24010961,1742023,1405561,114,1,20643468
ACC001729,3671016308701266,7391563658,Bank Danamon,Tabungan,Aktif,2016-06-30,4287747,1153163,1083843,95,0,4071730
ACC001730,3671016308701266,4773504002,Bank Permata,Giro,Dormant,2015-08-03,14386568,1236780,998947,67,0,1385684
ACC001731,3671011106031267,5454730745,Bank BRI,Tabungan,Aktif,2018-04-15,4080036,1241950,1165005,175,0,1662695
ACC001732,3171011103951268,2989469095,Bank BNI,Tabungan,Aktif,2015-09-03,8078885,1152627,1013855,150,0,11876594
ACC001733,3171017110831269,3617480143,Bank Panin,Giro,Aktif,2021-12-16,13439320,872140,647840,23,0,9661516
ACC001734,3171017110831269,7998365236,Bank Permata,Tabungan,Aktif,2017-05-28,7652139,555417,410058,43,0,11078134
ACC001735,3271014205931270,8123754346,Bank Permata,Giro,Aktif,2020-09-21,2294814,1111676,1082578,111,0,3525531
ACC001736,3671014803781271,1174972955,Bank BRI,Giro,Aktif,2017-03-26,12720810,3446145,3241480,54,0,5537265
ACC001737,3671016008991272,9547534493,Bank Danamon,Giro,Aktif,2025-04-11,23536845,1078331,775915,114,0,22867924
ACC001738,3175014809661273,4849418325,Bank Permata,Tabungan,Aktif,2015-03-29,19628239,1085833,805246,31,0,32857025
ACC001739,3271011910961274,8670443893,Bank Permata,Tabungan,Aktif,2017-06-05,20666740,1624252,1285510,74,0,20988225
ACC001740,3671015603921275,1428180830,Bank OCBC NISP,Giro,Aktif,2023-03-16,16601541,1665361,1498567,147,0,12423324
ACC001741,3275015306971276,6039265247,Bank Mandiri,Giro,Aktif,2019-09-26,16957777,2213670,1930855,155,1,-285067
ACC001742,3275015306971276,4716731674,Bank CIMB Niaga,Tabungan,Aktif,2020-06-14,41185255,2407357,1861979,94,0,53648438
ACC001743,3174011405011277,7529753891,Bank Mandiri,Giro,Aktif,2017-10-17,27929403,1774333,1299171,83,0,50226713
ACC001744,3674012607931278,1638389482,Bank BCA,Giro,Aktif,2016-04-23,15868957,874841,679697,100,0,24275491
ACC001745,3276014808671279,7477478769,Bank Panin,Giro,Aktif,2021-03-22,17803232,4440707,4160607,172,3,27702328
ACC001746,3276014808671279,7033648356,BNI,Tabungan,Aktif,2015-03-01,21955348,3015754,2648471,123,0,30195285
ACC001747,3671012005801280,2325031776,Bank Panin,Tabungan,Aktif,2020-07-24,44401697,1986645,1438520,91,0,64298354
ACC001748,3671012005801280,2085552170,Bank Danamon,Tabungan,Aktif,2023-04-28,21972155,1908399,1662160,98,0,36292361
ACC001749,3271011401801281,6394005332,Bank BRI,Tabungan,Aktif,2021-05-09,37624837,2882742,2485528,96,0,62142428
ACC001750,3275011903021282,9907915183,BNI,Tabungan,Aktif,2017-03-28,37571946,1522215,1097409,149,0,27965290
ACC001751,3174012506981283,2327708676,Bank CIMB Niaga,Giro,Aktif,2018-04-18,13140449,2601631,2455175,128,0,11135583
ACC001752,3174017004821284,5063396842,BNI,Giro,Aktif,2023-08-16,19359041,1099660,801872,164,0,12215720
ACC001753,3275014109011285,5510560936,Bank Panin,Giro,Aktif,2018-01-12,8637235,1833996,1731842,68,0,7330332
ACC001754,3671015211921286,6815760234,Bank CIMB Niaga,Giro,Aktif,2024-09-28,20693759,947121,733894,123,0,33199384
ACC001755,3671015211921286,3861738524,Bank Permata,Giro,Aktif,2019-05-10,12279707,675544,547306,23,2,15928159
ACC001756,3271016608751287,2612445815,Bank CIMB Niaga,Giro,Aktif,2019-12-11,13261898,1025410,813546,195,0,22671910
ACC001757,3271016608751287,4618480385,BPR Mitra Usaha,Giro,Aktif,2020-05-23,13526380,855133,694522,34,0,18132947
ACC001758,3671012505671288,5717707135,Bank BCA,Giro,Aktif,2020-01-28,8814955,1225243,1123096,94,0,5511489
ACC001759,3174016101971289,6303152338,Bank BCA,Giro,Aktif,2025-03-19,44870262,3026551,2392786,177,0,61710786
ACC001760,3671014801691290,2776406053,Bank OCBC NISP,Tabungan,Aktif,2016-04-02,17465610,1290550,1106599,59,1,12174781
ACC001761,3175011512651291,3009250830,Bank Danamon,Giro,Aktif,2017-02-28,2269794,550339,498223,154,0,2202044
ACC001762,3175011512651291,6108789597,Bank OCBC NISP,Giro,Aktif,2023-10-27,5214300,582294,512098,112,0,2722711
ACC001763,3275011804831292,1406907715,Bank CIMB Niaga,Giro,Aktif,2018-05-05,14357466,1972765,1635803,87,1,10854306
ACC001764,3175015303901293,2377316682,Bank BRI,Tabungan,Aktif,2020-02-02,22776213,2586084,2130709,172,0,37951100
ACC001765,3175011304831294,3298621672,Bank CIMB Niaga,Tabungan,Aktif,2016-12-29,70073255,3736225,2941927,68,0,66214148
ACC001766,3276016306841295,6747066173,Bank Panin,Tabungan,Aktif,2016-01-11,26937380,3455437,3059765,38,0,17709829
ACC001767,3674012905691296,6419533308,BNI,Giro,Aktif,2018-09-08,61600216,3974602,3332685,47,0,38873051
ACC001768,3171015205911297,7738773664,Bank Panin,Tabungan,Aktif,2017-06-22,2607551,305478,243576,192,0,3195245
ACC001769,3171015205911297,2464375176,Bank BCA,Tabungan,Aktif,2022-12-21,10168856,456686,328057,151,0,8025358
ACC001770,3671010712911298,1362099808,BNI,Tabungan,Aktif,2018-06-03,2570727,272619,239266,40,0,3174813
ACC001771,3671010712911298,7162616389,Bank CIMB Niaga,Giro,Aktif,2019-07-21,2228562,274470,243125,42,0,2040927
ACC001772,3671011112011299,4554005171,BNI,Giro,Aktif,2022-05-03,67705242,6091056,5324732,151,0,119810580
ACC001773,3671011112011299,1029074471,Bank Danamon,Tabungan,Aktif,2023-11-13,10574805,5186125,5005109,175,1,11586939
ACC001774,3671012506031300,1698804983,Bank BCA,Giro,Aktif,2018-05-27,38546190,2035892,1601349,21,1,27963087
ACC001775,3671012506031300,9685116267,Bank BNI,Giro,Aktif,2016-08-29,11696318,1703551,1571571,98,0,15261815
ACC001776,3276010608931301,9098797511,Bank Permata,Giro,Aktif,2017-12-07,16860300,804311,595129,24,0,20338469
ACC001777,3276012707971302,9564102661,Bank OCBC NISP,Tabungan,Aktif,2015-07-18,52092175,6172088,5284306,109,0,73590103
ACC001778,3674016102671303,5261266683,Bank BRI,Tabungan,Aktif,2020-05-30,20129686,1674263,1202804,93,0,14865174
ACC001779,3674016102671303,5886831524,Bank CIMB Niaga,Giro,Aktif,2021-04-15,37761736,1725835,1240652,176,0,31013349
ACC001780,3173013105751304,3643086249,Bank BCA,Giro,Aktif,2024-06-27,9087164,5777458,5654743,162,0,4744796
ACC001781,3275015203741305,9684385159,Bank CIMB Niaga,Tabungan,Aktif,2018-08-16,4317145,2213848,2132224,64,2,3352630
ACC001782,3275015203741305,1622020705,Bank Panin,Giro,Aktif,2016-10-17,35710726,2146278,1517181,142,0,23078011
ACC001783,3172011501951306,6573201172,BPR Mitra Usaha,Tabungan,Aktif,2018-06-09,25836406,2315648,1840754,137,0,38717009
ACC001784,3671011110781307,1943647270,BNI,Giro,Aktif,2021-08-07,6192773,1629147,1531534,41,0,5905579
ACC001785,3671011110781307,1578324564,Bank Panin,Tabungan,Aktif,2019-11-20,11295271,1163187,908548,149,0,11996965
ACC001786,3173015005771308,8099246314,Bank OCBC NISP,Giro,Aktif,2022-01-25,47556919,2535787,1997964,159,0,35033274
ACC001787,3173015005771308,6836564507,Bank Mandiri,Tabungan,Aktif,2024-12-23,23188855,2333185,1831334,115,0,21828379
ACC001788,3674010712941309,2818572538,BNI,Giro,Aktif,2020-02-16,10108272,1645299,1464447,158,0,15882097
ACC001789,3674011209721310,6119321162,Bank OCBC NISP,Giro,Aktif,2016-12-14,1773488,504597,485684,185,1,1464062
ACC001790,3671011905891311,7744294257,Bank OCBC NISP,Giro,Aktif,2020-07-09,26715412,1574949,1192372,92,0,45593289
ACC001791,3173015606861312,2138833561,Bank Danamon,Giro,Aktif,2016-05-03,41758295,1764951,1320304,153,0,61475887
ACC001792,3171014402731313,7216424990,BNI,Giro,Aktif,2020-03-24,10040646,1170086,950976,95,3,-58044
ACC001793,3171014402731313,7347276230,Bank BNI,Tabungan,Aktif,2024-06-28,11742634,1018893,838203,60,0,19751746
ACC001794,3671011509691314,2493718274,Bank BRI,Giro,Aktif,2019-09-09,6731651,1440065,1308252,114,0,4989705
ACC001795,3275014401901315,3212455353,Bank CIMB Niaga,Tabungan,Aktif,2017-02-22,22940577,1733924,1349873,48,1,35281038
ACC001796,3275012402921316,7130664925,Bank BNI,Giro,Aktif,2022-07-05,10118105,1555420,1419149,20,0,10150264
ACC001797,3275015301941317,8464288133,Bank OCBC NISP,Giro,Aktif,2016-04-19,31016253,2422312,2042194,140,0,48164088
ACC001798,3275015301941317,1754159037,BNI,Giro,Dormant,2021-05-08,5035965,1484605,1364744,193,0,1100840
ACC001799,3172010701831318,7853395947,BNI,Tabungan,Aktif,2019-12-20,10884446,1149184,913528,192,0,19002930
ACC001800,3172014711671319,7038367463,Bank Panin,Tabungan,Aktif,2018-04-30,13081999,581167,429627,80,2,15522344
ACC001801,3172014711671319,9751943716,Bank OCBC NISP,Tabungan,Aktif,2024-11-28,10779971,610477,432826,55,0,8410511
ACC001802,3175016602881320,1046163618,Bank Permata,Giro,Aktif,2015-10-04,9884791,1308568,1140819,95,3,14994693
ACC001803,3671015607811321,3462439379,BNI,Tabungan,Aktif,2024-09-04,22107712,2161604,1897532,154,0,15563714
ACC001804,3174015407721322,9984520460,BNI,Tabungan,Aktif,2021-04-02,19339524,1172635,977319,115,1,-106918
ACC001805,3276015904711323,8602734138,BNI,Tabungan,Aktif,2019-09-16,20418631,958957,706717,82,1,24847340
ACC001806,3276015904711323,1673301501,Bank OCBC NISP,Tabungan,Aktif,2017-08-08,19356645,1214534,909069,23,0,15218264
ACC001807,3172014809901324,2309434751,Bank BCA,Giro,Aktif,2016-02-13,10612220,964650,752176,141,0,11242175
ACC001808,3172014809901324,2680370707,Bank BNI,Giro,Dormant,2021-10-13,21878757,1290117,1067715,164,0,3418720
ACC001809,3674012412721325,7383130992,Bank OCBC NISP,Giro,Aktif,2022-01-18,8718193,1414461,1278324,68,2,9961064
ACC001810,3671014208691326,2505473236,Bank BRI,Giro,Aktif,2018-11-05,25915970,2903033,2558295,120,0,23913592
ACC001811,3275015105921327,8587234837,Bank Permata,Tabungan,Aktif,2025-04-05,3640288,205917,159806,195,0,2191085
ACC001812,3172016312011328,7869448814,Bank CIMB Niaga,Tabungan,Aktif,2018-12-20,13525916,1370591,1095368,197,0,21398939
ACC001813,3175010606741329,2344004770,Bank OCBC NISP,Giro,Aktif,2019-01-24,4931481,2857859,2786549,65,0,7877398
ACC001814,3671010406811330,5429118587,Bank CIMB Niaga,Tabungan,Aktif,2015-10-22,38164244,4316871,3566219,142,0,68503949
ACC001815,3671016312021331,9150456675,BPR Mitra Usaha,Tabungan,Aktif,2024-10-10,7697500,1049038,932195,173,0,3728492
ACC001816,3172016906881332,2079264778,Bank BCA,Tabungan,Aktif,2021-05-18,29446059,1948958,1650310,175,0,45376668
ACC001817,3671011601831333,4315743127,Bank BCA,Giro,Aktif,2025-06-30,19306208,1063245,863418,168,0,13070136
ACC001818,3271014807721334,1796985890,Bank BCA,Giro,Aktif,2022-08-10,5549725,1264768,1197164,182,0,6284984
ACC001819,3671016212721335,8493206384,BPR Mitra Usaha,Giro,Aktif,2022-05-16,23969652,1747890,1313331,101,3,-51814
ACC001820,3271010309931336,1986685732,BPR Mitra Usaha,Giro,Aktif,2020-11-21,2393297,768578,726280,138,0,1774567
ACC001821,3175014104801337,8409806157,BNI,Giro,Aktif,2022-07-28,18047050,1607466,1157812,101,0,11193878
ACC001822,3671016304821338,8461221121,BNI,Giro,Aktif,2022-02-14,48840294,2826973,2070731,134,0,61062971
ACC001823,3174016710701339,2512317906,BNI,Tabungan,Aktif,2024-06-29,5462453,212943,155307,189,0,4182702
ACC001824,3171011707731340,4267581753,BNI,Tabungan,Aktif,2016-03-23,51754104,2630885,2021916,50,0,33555561
ACC001825,3171011707731340,4774798572,Bank Danamon,Tabungan,Aktif,2020-04-25,20856689,2089232,1805086,106,0,11664127
ACC001826,3174012204881341,7279159986,Bank BRI,Giro,Aktif,2017-09-19,17838872,1422210,1200699,197,0,22369712
ACC001827,3173015502831342,7654344538,Bank BRI,Tabungan,Aktif,2020-04-11,9533757,2044291,1869780,165,0,9512751
ACC001828,3671015509861343,2269300407,Bank Mandiri,Tabungan,Aktif,2021-02-16,13455867,2369595,2140615,41,2,9822627
ACC001829,3671015509861343,3024253620,Bank BCA,Giro,Aktif,2024-02-14,12475020,1532778,1262156,119,0,19413944
ACC001830,3671016309971344,8401082862,Bank BRI,Tabungan,Aktif,2021-10-01,86376559,3678364,2705619,158,0,58583602
ACC001831,3671016309971344,5680521392,Bank BNI,Giro,Aktif,2023-04-11,27398389,2615563,2215322,95,0,34524838
ACC001832,3671012411731345,4901498776,BPR Mitra Usaha,Tabungan,Aktif,2021-10-04,6403085,1795781,1713809,96,0,10881337
ACC001833,3671012903981346,4792069007,Bank Panin,Giro,Aktif,2020-11-10,6722580,2331706,2164736,116,0,9620195
ACC001834,3671015108751347,9819997138,Bank OCBC NISP,Giro,Aktif,2025-03-13,13216822,588379,433332,188,0,21480240
ACC001835,3671015108751347,7333127341,Bank CIMB Niaga,Tabungan,Aktif,2022-11-14,3612842,509879,472958,32,0,5705157
ACC001836,3674016401981348,6149385183,BNI,Giro,Aktif,2017-10-26,4729940,379473,283785,54,0,3243291
ACC001837,3674016401981348,4991398470,BNI,Giro,Aktif,2023-03-29,6611091,419958,306406,60,0,2675482
ACC001838,3671014206921349,1861138302,Bank Danamon,Giro,Aktif,2021-04-18,120399056,6152635,4892327,116,0,118518290
ACC001839,3175016201761350,6919382715,Bank Mandiri,Giro,Aktif,2019-05-26,41957506,2962984,2527586,75,0,58108875
ACC001840,3175016201761350,5835710711,Bank Permata,Giro,Aktif,2017-09-26,74218587,3670308,2603513,138,0,44625388
ACC001841,3671011111701351,3553757833,BPR Mitra Usaha,Giro,Aktif,2022-07-08,2109792,1371394,1323729,99,0,1901676
ACC001842,3671011111701351,6342477307,Bank CIMB Niaga,Tabungan,Aktif,2015-11-05,10981502,1104319,916019,26,0,8882148
ACC001843,3175012002991352,3101888053,Bank Panin,Giro,Aktif,2015-10-23,41372826,1806500,1386662,111,2,-29835
ACC001844,3175012002991352,3580448021,Bank Mandiri,Giro,Aktif,2025-03-31,12559313,2058634,1747937,163,0,21100963
ACC001845,3276015608751353,9947752470,Bank CIMB Niaga,Tabungan,Aktif,2018-01-17,8263865,1729011,1645812,193,0,14469671
ACC001846,3671012911691354,5343416773,Bank Permata,Tabungan,Aktif,2018-03-19,5118280,570828,507079,100,0,8525008
ACC001847,3671012911691354,7511239679,BNI,Giro,Aktif,2025-01-17,1476954,754110,734207,80,0,2566966
ACC001848,3175014212731355,3384884192,Bank Permata,Giro,Aktif,2020-06-04,19530605,1111771,853372,82,0,31367688
ACC001849,3175014212731355,8800095441,Bank Permata,Tabungan,Aktif,2021-09-27,16451796,1717140,1455188,56,0,6982351
ACC001850,3671014303691356,1784179195,Bank BCA,Tabungan,Aktif,2017-04-10,19080713,1287514,983385,115,0,16790072
ACC001851,3671014303691356,3076639417,Bank Danamon,Giro,Dormant,2017-03-25,11707269,1650529,1508105,180,0,1230474
ACC001852,3671012605831357,9696039871,Bank CIMB Niaga,Tabungan,Aktif,2019-07-02,16931681,1661561,1365712,178,0,28732388
ACC001853,3671012605831357,3953779435,Bank Permata,Giro,Aktif,2019-04-30,13416097,1533959,1380016,95,0,14927809
ACC001854,3174014506701358,9224367549,Bank Panin,Giro,Aktif,2016-05-15,29325913,1668432,1189188,117,0,38388383
ACC001855,3173012201821359,8374152955,Bank OCBC NISP,Tabungan,Aktif,2016-12-10,23365737,922262,672486,192,0,21078420
ACC001856,3173012201821359,3794813737,Bank OCBC NISP,Tabungan,Aktif,2016-08-04,20174853,951682,704977,148,0,34325715
ACC001857,3276010407691360,2586782547,Bank Panin,Tabungan,Aktif,2025-05-29,26005926,1334718,984615,62,0,45766734
ACC001858,3276010407691360,2674722942,Bank Panin,Tabungan,Aktif,2025-07-23,8125152,1784311,1645947,98,0,10033665
ACC001859,3674011210701361,7408087161,Bank BCA,Giro,Aktif,2017-11-07,11899014,1231695,1016355,159,0,9691686
ACC001860,3674011210701361,9836317278,Bank BRI,Tabungan,Aktif,2016-08-06,17293624,1219108,968946,185,0,12829536
ACC001861,3671010210701362,4328977130,Bank Danamon,Giro,Aktif,2024-10-30,16334208,2316597,2113814,77,0,12583045
ACC001862,3671015703891363,9226814925,Bank BNI,Tabungan,Aktif,2021-04-16,37410014,2748581,2049299,134,0,64064047
ACC001863,3671015703891363,1903215901,Bank BNI,Giro,Aktif,2025-03-04,10987886,2551190,2308525,32,0,7942700
ACC001864,3173011107701364,6619015644,BPR Mitra Usaha,Tabungan,Aktif,2015-02-14,40973240,2034808,1459010,99,0,66411679
ACC001865,3173011107701364,9891303361,Bank BRI,Tabungan,Aktif,2020-07-01,11905649,1493684,1284918,65,0,7585319
ACC001866,3671010605841365,7439194934,BPR Mitra Usaha,Tabungan,Aktif,2019-07-14,2846967,972274,909701,159,0,3485225
ACC001867,3174015412741366,5294228693,Bank Permata,Giro,Aktif,2018-06-22,5817533,2520579,2411777,92,0,6601263
ACC001868,3671015407811367,9203717758,Bank Mandiri,Giro,Aktif,2020-03-16,35313380,1522633,1109153,186,0,40940070
ACC001869,3275012102711368,5743935934,Bank OCBC NISP,Giro,Aktif,2019-07-31,32680314,2124085,1790437,114,0,41507646
ACC001870,3275012102711368,9572540558,Bank CIMB Niaga,Giro,Aktif,2016-12-05,3414057,2325586,2251067,59,0,5523251
ACC001871,3173010511891369,7130646385,Bank Permata,Giro,Aktif,2016-06-30,14533042,1249721,999717,187,0,16465738
ACC001872,3173010511891369,1866209150,Bank BNI,Tabungan,Aktif,2022-08-20,9174832,753540,612624,109,0,11821143
ACC001873,3671011006011370,1662524719,Bank BCA,Giro,Aktif,2025-04-09,30672493,5731170,5216480,168,1,49880828
ACC001874,3671011006011370,7210493228,Bank CIMB Niaga,Tabungan,Aktif,2021-06-07,68174960,5174972,3797060,139,0,71578570
ACC001875,3172012711661371,7249800848,Bank OCBC NISP,Giro,Aktif,2022-09-30,26380387,1385945,1089681,65,0,42212898
ACC001876,3271012701871372,6182481103,Bank BRI,Tabungan,Aktif,2022-10-10,63480427,3013359,2300779,34,0,84555429
ACC001877,3671011601851373,6458944744,Bank Permata,Tabungan,Aktif,2023-05-17,23538124,1860250,1525756,26,0,23256415
ACC001878,3671012403921374,1723166747,Bank Danamon,Tabungan,Aktif,2019-07-29,10866051,2369175,2222202,162,0,11515798
ACC001879,3671014704021375,3891209862,Bank Permata,Tabungan,Aktif,2016-05-05,2863069,822903,778726,26,1,-48123
ACC001880,3275015511981376,5099357796,Bank BNI,Tabungan,Aktif,2021-12-23,8998884,1985703,1862561,39,3,11083000
ACC001881,3671014804911377,7415006055,Bank Danamon,Tabungan,Aktif,2024-07-06,60545187,4616989,3585117,148,0,24422283
ACC001882,3175011003001378,2084848406,Bank BNI,Tabungan,Aktif,2025-04-05,5154605,610527,545497,94,2,4386207
ACC001883,3671016908931379,4464003823,Bank Danamon,Giro,Aktif,2018-11-30,17083948,1370446,1161247,157,0,9227504
ACC001884,3671016908931379,4564231443,Bank Panin,Giro,Aktif,2015-12-22,21391597,1485007,1212344,174,1,12951099
ACC001885,3671017107691380,6897420000,Bank CIMB Niaga,Giro,Aktif,2021-11-29,12818309,971639,781195,26,0,17943658
ACC001886,3171015004021381,4693653224,Bank Permata,Giro,Dormant,2022-01-25,51968491,2994517,2300260,162,0,5085788
ACC001887,3174010112961382,6109155930,Bank BCA,Tabungan,Aktif,2022-08-22,2808821,450160,403532,65,0,3837269
ACC001888,3174016912681383,3357499765,Bank BNI,Tabungan,Aktif,2020-05-25,34449349,1487590,1071078,189,1,37782722
ACC001889,3174016912681383,3613888640,Bank BRI,Giro,Aktif,2021-07-16,3586870,1489648,1425690,105,0,1493477
ACC001890,3671013007711384,4136025923,Bank BCA,Tabungan,Aktif,2021-04-14,10103439,2032433,1823347,165,0,6388346
ACC001891,3271010201891385,9186346051,Bank BRI,Giro,Aktif,2017-12-18,19476607,2969142,2571676,85,0,16700395
ACC001892,3271010201891385,4924648318,Bank BRI,Tabungan,Aktif,2023-05-04,3312828,2190788,2115633,156,0,3726199
ACC001893,3671014910671386,5161308534,Bank BRI,Tabungan,Aktif,2020-11-15,15799139,2057557,1851270,133,0,23024214
ACC001894,3275010906781387,2346039795,Bank BNI,Giro,Aktif,2016-12-24,49899132,2102032,1475473,70,0,57114109
ACC001895,3275010906781387,4869684465,Bank Mandiri,Giro,Aktif,2019-04-26,25501819,2288418,1910484,88,0,38356287
ACC001896,3276011410851388,3089304032,Bank Danamon,Tabungan,Aktif,2016-12-17,15513191,1857842,1482951,188,0,10386905
ACC001897,3275011106001389,3906635401,Bank Permata,Tabungan,Aktif,2025-05-26,63496369,2721453,1998134,115,0,47468914
ACC001898,3671011412791390,9487209808,Bank Danamon,Giro,Aktif,2016-04-18,7149953,890890,765636,84,0,5401616
ACC001899,3674016003821391,6730487394,Bank OCBC NISP,Tabungan,Aktif,2021-07-20,39409549,1634392,1212830,181,0,36338379
ACC001900,3674016003821391,8563456027,Bank BRI,Tabungan,Dormant,2015-02-09,34256417,1688655,1340078,85,0,5648047
ACC001901,3171012702901392,9603717128,Bank Mandiri,Giro,Aktif,2024-04-15,8289717,746099,662419,147,0,6360681
ACC001902,3174015807871393,5561807114,Bank BCA,Giro,Aktif,2016-11-18,19273597,2510136,2309818,40,0,30505093
ACC001903,3276011010981394,2136116243,BPR Mitra Usaha,Tabungan,Aktif,2019-09-30,116375085,4350256,3070567,58,0,55554065
ACC001904,3172015112981395,8402432418,Bank Permata,Tabungan,Dormant,2022-11-13,1185520,497491,484000,47,0,112226
ACC001905,3276016602761396,4383631992,Bank Panin,Tabungan,Aktif,2023-07-12,73091777,5619674,3965284,89,1,37653090
ACC001906,3276016602761396,9580083905,Bank BNI,Tabungan,Aktif,2017-04-05,71384610,5982540,4409148,100,0,85900528
ACC001907,3674012806711397,6151507540,Bank BRI,Giro,Aktif,2016-05-18,15535193,800485,597082,66,0,25065518
ACC001908,3674012806711397,6590467481,Bank Danamon,Giro,Aktif,2017-03-01,5619413,683701,586111,96,0,5652875
ACC001909,3674016911021398,1370363096,Bank Permata,Tabungan,Aktif,2020-02-19,12693421,1084799,862878,50,0,11571241
ACC001910,3276010705691399,2578290610,Bank BRI,Tabungan,Aktif,2017-12-16,126448956,8162531,6689476,159,0,169116905
ACC001911,3674016708921400,5635042517,Bank BNI,Giro,Aktif,2016-11-05,10072740,689782,584999,178,2,4230142
ACC001912,3674016708921400,8568815803,Bank Permata,Giro,Aktif,2016-12-19,6072772,660552,589248,21,0,4862681
ACC001913,3271016405911401,1599917353,Bank Panin,Giro,Aktif,2018-09-18,7015860,460380,368983,117,0,3058201
ACC001914,3271016405911401,2564631912,Bank BCA,Giro,Aktif,2021-12-06,3591849,464793,392767,121,0,2131566
ACC001915,3271012001761402,7573491004,Bank CIMB Niaga,Tabungan,Aktif,2018-07-02,27870676,1401764,1116415,182,0,30535396
ACC001916,3671011704741403,7013859739,BNI,Giro,Aktif,2018-03-18,56831366,3092208,2452499,63,0,76720221
ACC001917,3173015210861404,7333510134,BPR Mitra Usaha,Tabungan,Aktif,2015-06-27,29039681,3276104,2759355,83,0,21472729
ACC001918,3674011208951405,7707867082,BNI,Giro,Aktif,2018-01-28,16442097,1694109,1398781,125,3,19510254
ACC001919,3276016408651406,5812097427,Bank BRI,Tabungan,Aktif,2015-10-30,57500053,4825363,3507963,101,0,40886399
ACC001920,3276016408651406,1151142349,BNI,Giro,Aktif,2015-08-08,72880247,3884328,2800221,112,0,117040016
ACC001921,3276015708731407,5738710896,Bank BRI,Tabungan,Aktif,2023-06-10,34640976,3314565,2808819,103,0,40215897
ACC001922,3276015708731407,3726099141,Bank Permata,Giro,Aktif,2015-07-05,59528900,2822705,2127934,152,0,70840346
ACC001923,3271010706671408,6698695533,BNI,Tabungan,Aktif,2017-02-28,15509755,2128476,1949288,70,0,9341807
ACC001924,3171016910711409,8733129984,Bank Mandiri,Tabungan,Aktif,2016-07-28,51055514,3269525,2452690,72,0,85381091
ACC001925,3275016608691410,7866953013,Bank BNI,Tabungan,Aktif,2018-02-27,21246781,3122686,2677577,86,2,35593117
ACC001926,3275016608691410,9714405101,Bank CIMB Niaga,Tabungan,Dormant,2021-06-30,6478992,2252967,2116604,54,0,1035676
ACC001927,3671015111691411,1714396483,Bank BCA,Giro,Aktif,2023-08-23,36968497,4157631,3665014,168,0,57224336
ACC001928,3671015111691411,3329409774,Bank Panin,Tabungan,Aktif,2020-05-23,11999891,5534106,5384786,197,0,7209515
ACC001929,3671010212841412,9122077473,Bank BRI,Giro,Aktif,2017-02-15,25869491,1016013,734460,44,0,15602213
ACC001930,3171012705671413,6700336262,Bank BCA,Tabungan,Aktif,2016-04-06,4160727,597445,507247,150,0,5617341
ACC001931,3671014909851414,7907477524,Bank Mandiri,Tabungan,Aktif,2025-02-18,2459577,350766,297508,119,0,3675576
ACC001932,3271013009001415,2725239836,Bank Mandiri,Giro,Aktif,2020-03-11,37584356,2796980,2337466,170,0,64989132
ACC001933,3271013009001415,7521199944,Bank Panin,Tabungan,Aktif,2019-08-17,18688880,2940103,2533832,164,0,18185853
ACC001934,3276017010731416,7496347209,Bank Panin,Tabungan,Aktif,2024-12-10,5322597,793776,708651,128,0,2680512
ACC001935,3276012411751417,8274633140,Bank BRI,Tabungan,Aktif,2022-09-19,77191893,3617380,2782540,43,0,73528259
ACC001936,3276012411751417,6851792151,Bank OCBC NISP,Giro,Aktif,2023-03-12,16350563,3072255,2817133,133,0,11654206
ACC001937,3271011401971418,7047578794,Bank CIMB Niaga,Giro,Aktif,2016-04-30,37495877,4490722,3588456,136,0,49678723
ACC001938,3271011401971418,9320568757,Bank BRI,Tabungan,Aktif,2020-11-23,65649305,3427499,2535096,198,0,85739631
ACC001939,3174014605821419,1102257250,BNI,Tabungan,Aktif,2025-05-27,45500225,3333084,2828963,164,0,19842973
ACC001940,3174012506031420,9988540083,Bank BNI,Giro,Aktif,2022-06-02,42921929,1710025,1208340,78,2,61963776
ACC001941,3276010507771421,2307438664,BNI,Giro,Dormant,2016-08-22,20348013,1956567,1728344,172,0,3809139
ACC001942,3276010507771421,5511849169,Bank OCBC NISP,Giro,Aktif,2018-08-12,17185062,1770231,1526487,98,0,30901820
ACC001943,3276015503851422,9523214943,BPR Mitra Usaha,Tabungan,Aktif,2023-08-28,26908407,2296827,1750292,145,0,28265292
ACC001944,3671016301011423,9682029345,Bank OCBC NISP,Giro,Aktif,2018-11-19,3901422,626554,541742,124,2,3657869
ACC001945,3175010209021424,5870785990,Bank BCA,Tabungan,Aktif,2017-09-27,8859614,992645,880925,43,0,13235619
ACC001946,3175010209021424,3314506790,Bank Permata,Tabungan,Aktif,2024-04-08,8308681,1704422,1575856,167,2,12070173
ACC001947,3171016204021425,5364680618,Bank Permata,Giro,Aktif,2019-06-18,13480753,3336277,3042200,174,0,12454616
ACC001948,3671010805661426,5918741250,BNI,Giro,Aktif,2024-10-23,7144963,884737,743724,120,0,5815599
ACC001949,3174010209651427,8173248918,BPR Mitra Usaha,Giro,Dormant,2024-10-09,45151171,1642758,1152444,93,0,5420462
ACC001950,3174014405661428,1422653670,Bank Panin,Giro,Aktif,2021-10-30,17467822,664600,473172,103,0,8594473
ACC001951,3275014207971429,8714923291,Bank Danamon,Giro,Aktif,2023-10-30,44588345,2801160,2351265,147,0,57682435
ACC001952,3671017009731430,1776085562,Bank BCA,Giro,Aktif,2019-11-02,32630359,1932067,1426400,147,0,25707969
ACC001953,3671017009731430,4962596305,Bank Danamon,Tabungan,Aktif,2022-09-13,26321961,1752894,1435040,148,0,37939501
ACC001954,3276012702651431,1204927991,Bank Panin,Tabungan,Aktif,2017-05-26,26656355,1758649,1354447,159,0,36918831
ACC001955,3173010106841432,1512482239,Bank Mandiri,Giro,Aktif,2015-04-03,12782004,1226580,954463,124,1,-120846
ACC001956,3671014108961433,2993654215,Bank BCA,Giro,Aktif,2019-06-04,4770780,1666712,1569106,190,0,8190115
ACC001957,3671016306811434,5583780139,Bank BNI,Giro,Aktif,2021-12-07,42469022,1975646,1546160,136,0,33614635
ACC001958,3671015703001435,2933692925,Bank BRI,Tabungan,Aktif,2025-03-04,29208411,1327269,1026028,177,0,44443531
ACC001959,3674010702731436,4530783448,Bank Panin,Tabungan,Aktif,2021-01-16,23436449,2786955,2405245,104,0,21728683
ACC001960,3674010702731436,2696628500,Bank CIMB Niaga,Tabungan,Aktif,2019-11-24,46268043,1998665,1423101,110,0,73040743
ACC001961,3173012106961437,3514495109,Bank BRI,Giro,Aktif,2019-04-20,46394649,2365319,1704181,69,0,42353998
ACC001962,3671013103711438,9046890924,Bank BCA,Tabungan,Aktif,2016-09-15,9227978,1547123,1341868,83,0,11712048
ACC001963,3171016611861439,8929027336,Bank BNI,Giro,Aktif,2022-06-04,22140863,3883144,3503643,69,0,15520751
ACC001964,3171016611861439,6949418763,Bank BRI,Giro,Aktif,2020-08-17,24764307,2999403,2631924,126,0,16224619
ACC001965,3171012804711440,3680611609,Bank BCA,Giro,Aktif,2020-12-01,8390954,1734777,1649605,169,0,9369804
ACC001966,3171012804711440,1115993340,Bank BCA,Giro,Aktif,2022-03-16,16754833,984235,732690,101,0,26782936
ACC001967,3172015907801441,3029025522,BPR Mitra Usaha,Tabungan,Aktif,2015-03-29,12755890,1026942,868432,49,0,11859907
ACC001968,3275011111961442,3943755187,Bank Mandiri,Tabungan,Aktif,2015-09-29,39688517,2272748,1642911,144,0,70825068
ACC001969,3171015002021443,4709695148,Bank Danamon,Giro,Aktif,2016-10-17,6177912,1295702,1212008,153,0,3709569
ACC001970,3173014205881444,1934418337,Bank OCBC NISP,Giro,Aktif,2021-02-22,14780667,1410636,1243746,30,0,23341274
ACC001971,3173014205881444,7833437367,Bank CIMB Niaga,Tabungan,Aktif,2022-06-28,19788228,1052125,781624,193,0,9253589
ACC001972,3275010708861445,7192138206,Bank Mandiri,Tabungan,Aktif,2016-10-08,13384143,671873,504395,98,0,6871371
ACC001973,3275011308011446,7764298830,Bank BCA,Tabungan,Aktif,2015-03-28,63068011,3304404,2593296,106,0,29738601
ACC001974,3275011308011446,6938005614,Bank Mandiri,Giro,Aktif,2016-08-03,50250813,2149466,1557395,108,0,47937476
ACC001975,3171016012661447,6240505197,BNI,Giro,Aktif,2024-11-29,17979305,2476285,2191613,66,0,18745797
ACC001976,3671015408871448,2023137115,Bank BRI,Tabungan,Dormant,2025-06-01,3473233,2506575,2451356,136,1,556843
ACC001977,3671015906031449,6976489055,Bank BNI,Giro,Aktif,2021-10-08,32414069,3614756,2942320,157,0,14869572
ACC001978,3671010904861450,9632823924,Bank Mandiri,Tabungan,Aktif,2022-07-31,7532311,905355,807675,177,0,11585828
ACC001979,3671011312741451,4652335788,Bank BRI,Tabungan,Aktif,2021-04-14,10203335,1441798,1332162,148,0,10153029
ACC001980,3671011312741451,8147603712,Bank CIMB Niaga,Giro,Aktif,2024-03-27,20724225,1533187,1297691,28,0,35232045
ACC001981,3275015303831452,3634278863,Bank Mandiri,Giro,Aktif,2020-12-01,9770384,697243,581069,137,1,15945998
ACC001982,3671015807891453,9893077837,Bank BNI,Giro,Aktif,2022-02-19,10137739,1937950,1816532,47,0,8810128
ACC001983,3674017105771454,6959251594,Bank CIMB Niaga,Giro,Aktif,2017-10-08,8895962,1654261,1440374,108,0,4360532
ACC001984,3671015609971455,3901089090,BNI,Tabungan,Aktif,2020-03-22,23394915,1809493,1522117,68,0,13436297
ACC001985,3671016406751456,9881791732,Bank BRI,Tabungan,Aktif,2019-07-31,7971476,1097196,982720,178,0,11619631
ACC001986,3671016406751456,5464412081,BPR Mitra Usaha,Giro,Aktif,2019-04-22,20936544,958041,722369,138,0,26509052
ACC001987,3671010508951457,6784386076,Bank Mandiri,Giro,Aktif,2016-04-04,2243736,800299,759597,134,1,2048836
ACC001988,3671010508951457,6630921258,Bank BCA,Tabungan,Aktif,2020-06-09,9795573,1022151,866962,75,0,10246070
ACC001989,3671011508951458,1772508468,Bank BNI,Giro,Aktif,2019-11-14,5956006,730418,588951,28,0,3614030
ACC001990,3671011508951458,7183858252,Bank BCA,Tabungan,Aktif,2023-09-09,9305600,1197219,1043061,111,0,16214446
ACC001991,3275011707681459,9058552894,BPR Mitra Usaha,Giro,Aktif,2021-02-22,2565582,1564453,1522883,192,0,4416900
ACC001992,3275011707681459,7088901012,Bank OCBC NISP,Tabungan,Aktif,2022-12-07,27845715,2567109,1925826,38,0,43280834
ACC001993,3275016608841460,2909857667,Bank BNI,Giro,Aktif,2016-02-23,9879129,1022595,877113,142,0,11719016
ACC001994,3275016608841460,5274061729,Bank OCBC NISP,Giro,Aktif,2016-03-21,6619220,802763,682890,126,0,3400222
ACC001995,3671015911931461,3169321829,Bank BRI,Tabungan,Aktif,2021-06-19,91513126,3473893,2500983,106,0,38976559
ACC001996,3171015512951462,2596500927,Bank BNI,Giro,Dormant,2022-08-16,6954936,665293,544128,57,3,373190
ACC001997,3671015302931463,5420387804,Bank Danamon,Tabungan,Aktif,2020-08-20,17088844,1490201,1188718,130,0,9552313
ACC001998,3671012907711464,2960332109,Bank CIMB Niaga,Giro,Aktif,2019-06-11,2926687,864027,834394,52,0,3000274
ACC001999,3275012204681465,7229658178,Bank Danamon,Tabungan,Aktif,2024-11-18,101540434,4141268,3095632,28,0,100186094
ACC002000,3171015509941466,5327203170,Bank BRI,Giro,Aktif,2023-12-17,7414220,1581870,1409433,89,0,12249402
ACC002001,3276016912791467,6130504102,Bank Mandiri,Giro,Aktif,2024-02-14,5095918,2002625,1945940,118,0,6537412
ACC002002,3276016912791467,8444344352,Bank Mandiri,Giro,Aktif,2025-07-19,1762142,1697765,1655832,58,0,1770623
ACC002003,3173016803731468,1098721284,Bank Panin,Tabungan,Aktif,2015-01-14,20207662,1150615,917409,99,0,11255569
ACC002004,3271012605031469,9789560159,Bank OCBC NISP,Tabungan,Aktif,2016-11-25,60881211,3002194,2195837,37,0,25447691
ACC002005,3671016411871470,6992653243,Bank Danamon,Giro,Aktif,2020-01-16,13077540,1183645,998058,46,0,23189437
ACC002006,3671011908771471,5732138877,Bank Permata,Tabungan,Aktif,2023-12-23,67068562,9275895,8508788,86,0,69769679
ACC002007,3671011908771471,5335607993,Bank Panin,Giro,Dormant,2025-05-05,90007846,5761542,4072378,186,0,13007612
ACC002008,3671012512781472,9049012072,Bank BNI,Giro,Aktif,2019-02-21,9228478,1673179,1525890,193,0,16189253
ACC002009,3671012512781472,8913901818,Bank BCA,Giro,Aktif,2021-06-30,2330937,1361371,1331651,168,0,3871724
ACC002010,3276012706681473,7424849350,Bank BCA,Tabungan,Aktif,2023-12-01,1679909,157447,139439,120,0,2673777
ACC002011,3171010601971474,2215808103,BPR Mitra Usaha,Tabungan,Dormant,2021-01-24,18731324,1326810,945647,169,0,1201001
ACC002012,3171010601971474,3526369610,Bank Panin,Tabungan,Aktif,2021-11-22,10025211,1270948,1035873,87,0,13870621
ACC002013,3172011209901475,6623654882,Bank CIMB Niaga,Giro,Dormant,2021-06-10,28984742,1728307,1305177,147,0,3209001
ACC002014,3271014709891476,7582945992,Bank Danamon,Tabungan,Aktif,2019-04-01,21881332,2060249,1756659,178,0,20255052
ACC002015,3174017008981477,4195716986,Bank Danamon,Giro,Aktif,2023-11-24,1157742,186398,165803,89,0,1011517
ACC002016,3174017008981477,1874932564,BPR Mitra Usaha,Tabungan,Aktif,2022-07-11,2785850,162989,117279,28,0,1206557
ACC002017,3276011901011478,7753075536,Bank OCBC NISP,Tabungan,Dormant,2016-03-06,6948576,502815,366475,160,1,1136044
ACC002018,3172010408741479,9218393262,Bank BCA,Tabungan,Aktif,2023-07-31,31589053,1854433,1489846,155,0,46833766
ACC002019,3172010408741479,8325211115,Bank BCA,Giro,Aktif,2024-10-29,23313322,2036055,1689538,58,0,24078766
ACC002020,3674014407771480,9634646751,BPR Mitra Usaha,Giro,Aktif,2024-08-25,29787371,1561590,1258531,45,0,28809587
ACC002021,3671010201981481,1922210016,Bank BNI,Giro,Aktif,2022-06-05,8451201,1361566,1242731,188,0,13105670
ACC002022,3173010505871482,9753521502,Bank BCA,Tabungan,Aktif,2016-09-02,20143759,1044547,744908,136,0,16768210
ACC002023,3271014410821483,1170284558,BPR Mitra Usaha,Giro,Aktif,2023-09-12,22375672,1307847,1083732,174,0,32334979
ACC002024,3172014602891484,3679139811,Bank BNI,Giro,Aktif,2022-07-08,9682278,876182,741664,29,0,8578491
ACC002025,3172014602891484,9784846313,Bank Permata,Giro,Aktif,2024-12-04,3628083,632174,571116,155,0,2627124
ACC002026,3275011008031485,2356939257,Bank BNI,Tabungan,Aktif,2020-07-21,85977848,6051594,4942720,67,0,104064890
ACC002027,3276010810711486,3821263316,Bank Panin,Tabungan,Aktif,2024-11-18,20623074,6071453,5619656,136,0,35994997
ACC002028,3674016808851487,8509968973,BPR Mitra Usaha,Giro,Aktif,2023-06-17,82807568,4392051,3507467,28,0,97736239
ACC002029,3271014812991488,2870381388,Bank Danamon,Giro,Aktif,2017-10-17,51890829,3755524,2823794,82,0,91418764
ACC002030,3671010306801489,5815137711,Bank OCBC NISP,Giro,Aktif,2019-11-15,15668690,2104031,1770391,72,0,17035967
ACC002031,3175010408711490,3772826833,Bank Danamon,Tabungan,Aktif,2025-07-05,9927997,2374248,2252048,141,0,8848900
ACC002032,3172015902031491,7476833687,Bank BNI,Giro,Aktif,2016-10-18,10994964,1322698,1161493,142,2,14277261
ACC002033,3671012410011492,4777461039,Bank BRI,Tabungan,Dormant,2018-06-01,5205542,852950,774464,33,0,372892
ACC002034,3671012410011492,9473003286,Bank Danamon,Giro,Aktif,2016-01-09,9101525,728992,567845,180,0,4336693
ACC002035,3671010409851493,9410369396,Bank BNI,Tabungan,Aktif,2025-05-08,14084989,1312020,1134907,36,0,8845304
ACC002036,3671010409851493,8493342398,Bank Mandiri,Giro,Aktif,2019-12-12,17221068,1104402,773878,143,0,27599689
ACC002037,3671012406681494,4349142473,Bank BNI,Tabungan,Aktif,2022-03-21,42138996,2383462,1691220,67,0,65372846
ACC002038,3671015212951495,8306085746,BPR Mitra Usaha,Giro,Aktif,2019-01-28,39149720,2186866,1708702,43,0,41968008
ACC002039,3271012504901496,5004443876,Bank Danamon,Giro,Aktif,2017-11-21,11115693,1639116,1427956,44,0,12924297
ACC002040,3175016310771497,9898963013,BPR Mitra Usaha,Giro,Aktif,2015-10-31,14745943,1913981,1616536,189,0,18516545
ACC002041,3175016310771497,1984583890,Bank Mandiri,Giro,Aktif,2022-11-05,5930560,2037081,1889952,74,0,6151889
ACC002042,3276017006791498,5465603857,Bank Panin,Giro,Aktif,2025-04-04,5768163,429562,318015,63,0,3942360
ACC002043,3171010407811499,6839133828,Bank Mandiri,Giro,Aktif,2015-08-28,6119840,2100578,1958604,167,0,8893122
ACC002044,3171010407811499,9264984204,Bank BCA,Tabungan,Aktif,2015-09-11,35482245,2627530,1921838,134,3,57100972
ACC002045,3275010307781500,2510426278,Bank Danamon,Tabungan,Aktif,2023-05-05,7667807,1724633,1638203,77,0,3359581
ACC002046,3671014705661501,9833381471,Bank Danamon,Tabungan,Aktif,2015-05-17,16069207,2424247,2023496,43,0,27768363
ACC002047,3271014701721502,5516092622,Bank OCBC NISP,Tabungan,Aktif,2018-04-20,6470796,675442,608346,90,0,3644332
ACC002048,3671014803671503,2490594959,Bank BCA,Giro,Aktif,2020-05-29,28261204,1626920,1240687,198,0,39310000
ACC002049,3171015312841504,3337589670,Bank Mandiri,Tabungan,Dormant,2025-07-19,23611643,1958563,1551054,124,0,5762804
ACC002050,3171015312841504,9241380241,Bank BNI,Tabungan,Aktif,2016-10-26,23213117,1329580,938277,76,0,37593590
ACC002051,3174010207771505,8175748139,Bank OCBC NISP,Giro,Aktif,2023-12-02,14768849,1315831,1159574,185,0,16905875
ACC002052,3275011908661506,5960260535,Bank Panin,Tabungan,Aktif,2020-07-21,76482317,5502480,4075090,124,0,37689786
ACC002053,3174014102841507,7663418741,Bank Panin,Giro,Aktif,2023-06-13,11726756,1537671,1411545,135,0,12665028
ACC002054,3174016011731508,1940246473,Bank Permata,Tabungan,Aktif,2021-07-07,4287156,1612398,1556371,140,0,3907777
ACC002055,3671010403001509,1851579975,Bank BNI,Tabungan,Aktif,2023-10-31,7383674,1240179,1147456,140,0,4599014
ACC002056,3173010603751510,3371022116,Bank BRI,Giro,Aktif,2020-08-18,5507020,1678287,1571806,180,0,4963877
ACC002057,3173010603751510,3098968322,Bank Danamon,Tabungan,Aktif,2019-04-19,9055382,1637383,1538488,138,2,5009010
ACC002058,3173016402841511,8496338373,Bank CIMB Niaga,Tabungan,Aktif,2021-04-20,9033078,819023,657303,54,0,9219917
ACC002059,3674010605001512,4229945446,Bank Panin,Giro,Aktif,2018-06-23,5299718,1290517,1192362,118,0,9028779
ACC002060,3275016111801513,7254259281,Bank OCBC NISP,Giro,Aktif,2020-04-19,21520263,1402708,994174,31,0,10468086
ACC002061,3674016612731514,5879998062,Bank Permata,Tabungan,Aktif,2018-12-31,19451226,943481,687219,107,0,15036156
ACC002062,3674016612731514,1312629623,Bank Mandiri,Tabungan,Aktif,2023-05-13,9010344,768208,554250,114,0,15172417
ACC002063,3671012206931515,6491373712,Bank BRI,Tabungan,Aktif,2020-08-04,36738295,3392752,2511978,86,0,30642384
ACC002064,3674012607671516,8109715619,Bank BCA,Giro,Aktif,2017-06-08,5018120,827892,741152,87,0,6494678
ACC002065,3172012806671517,8240009867,BNI,Tabungan,Aktif,2016-08-27,4732028,425253,345963,132,0,7268965
ACC002066,3172012806671517,7940813263,Bank Panin,Tabungan,Aktif,2025-06-26,7918257,463862,383423,189,0,3695930
ACC002067,3275012104941518,6439872485,BPR Mitra Usaha,Giro,Aktif,2023-11-02,8958607,574871,455901,148,0,6213207
ACC002068,3275012104941518,3141669135,Bank BNI,Tabungan,Aktif,2018-08-13,10152561,551786,395357,109,0,13983992
ACC002069,3671011404751519,8159336308,Bank Danamon,Tabungan,Aktif,2018-07-04,12075929,2457501,2311831,195,0,7480543
ACC002070,3671011404751519,1289198179,Bank Panin,Tabungan,Aktif,2020-12-04,22533258,3263688,2951012,24,0,20150487
ACC002071,3275010811001520,6250626164,Bank BRI,Tabungan,Aktif,2015-05-04,73909333,3152546,2251874,139,0,130519079
ACC002072,3275010811001520,5220811468,Bank BNI,Tabungan,Aktif,2020-07-10,29790280,3124763,2691427,32,0,15304025
ACC002073,3671012010791521,5781540212,BPR Mitra Usaha,Tabungan,Aktif,2020-07-23,14062648,1137273,973453,154,0,22774856
ACC002074,3671012010791521,9912995732,Bank BNI,Tabungan,Aktif,2018-09-06,27868659,1333236,1015271,77,0,19369276
ACC002075,3276015409671522,7969568836,Bank Panin,Tabungan,Aktif,2015-11-18,38470683,1498387,1110321,160,0,22654955
ACC002076,3275010602711523,2131390783,Bank Panin,Tabungan,Dormant,2020-02-02,13656986,928121,685617,87,0,3154029
ACC002077,3671015903831524,8807591661,Bank Mandiri,Tabungan,Aktif,2016-02-27,21346454,1602682,1259869,45,3,24404745
ACC002078,3671015903831524,6928913126,BNI,Tabungan,Aktif,2024-07-11,7092294,1321809,1242744,34,0,3802418
ACC002079,3671014112701525,4833945589,Bank CIMB Niaga,Giro,Aktif,2021-09-15,3252561,1013191,969882,126,0,2553446
ACC002080,3671016104931526,1748618854,Bank Permata,Tabungan,Aktif,2021-08-01,1798636,994779,966524,52,1,2858631
ACC002081,3671016104931526,8301691454,Bank BRI,Giro,Aktif,2018-08-26,17828246,935369,731177,183,1,-33825
ACC002082,3671012402731527,8668697405,Bank BCA,Giro,Aktif,2020-09-20,23202005,1448243,1200582,43,0,40952147
ACC002083,3674012003771528,7145085920,Bank CIMB Niaga,Giro,Aktif,2016-06-14,21920880,1985841,1498741,43,0,38019451
ACC002084,3674012609781529,8118467388,Bank Mandiri,Tabungan,Aktif,2021-12-06,3753877,712535,634392,71,0,6083860
ACC002085,3674012609781529,5623173658,Bank BNI,Giro,Aktif,2022-03-03,16299340,1070654,838449,176,0,17904611
ACC002086,3276016004821530,6488732871,BPR Mitra Usaha,Giro,Aktif,2016-11-11,18478640,1349164,1141343,28,0,18933571
ACC002087,3173014812731531,4415432601,Bank OCBC NISP,Giro,Aktif,2018-12-22,3282563,892779,827735,55,0,2282663
ACC002088,3671014103711532,3110475203,BNI,Tabungan,Aktif,2025-05-22,10566221,1249984,1024019,82,2,11764457
ACC002089,3671014103711532,7567874619,Bank BRI,Giro,Aktif,2022-01-04,24510966,1329029,1040252,24,0,18134464
ACC002090,3171012409881533,7711398887,BPR Mitra Usaha,Giro,Aktif,2015-04-12,27513056,3376178,2815045,111,0,40044168
ACC002091,3671015006921534,8801349948,Bank Danamon,Giro,Aktif,2017-08-10,12270239,798991,637975,152,3,-81472
ACC002092,3271016803001535,9245552878,Bank BNI,Giro,Aktif,2023-08-27,13649137,604347,450540,124,0,9876063
ACC002093,3276015610901536,7780349960,Bank Danamon,Giro,Aktif,2023-06-09,10666536,1073257,870563,115,1,10679719
ACC002094,3172014606971537,5986430518,Bank Mandiri,Giro,Aktif,2023-05-16,3765182,1054654,1009804,49,0,3809507
ACC002095,3172014606971537,3361020284,Bank Danamon,Giro,Aktif,2016-05-17,11884386,853131,611972,46,0,20289315
ACC002096,3671011610701538,9674243190,Bank Panin,Tabungan,Aktif,2023-06-15,40815875,3591219,3071406,63,0,42864678
ACC002097,3671015508811539,7640164704,Bank BCA,Tabungan,Aktif,2018-05-12,21002276,1430830,1181417,118,0,24455428
ACC002098,3671015508811539,5494792441,Bank Permata,Tabungan,Aktif,2021-01-16,4382120,1785235,1716478,31,0,4121199
ACC002099,3271015102821540,4627766464,Bank Danamon,Giro,Aktif,2025-06-12,27994117,1800554,1285402,161,0,22316034
ACC002100,3171010212971541,5340223288,Bank BRI,Giro,Aktif,2024-06-01,20853739,835354,616811,127,0,18463256
ACC002101,3275016509901542,3228579875,Bank BCA,Tabungan,Aktif,2020-06-10,44484722,3104275,2606067,29,0,63855011
ACC002102,3174017012741543,1935988438,Bank Permata,Tabungan,Aktif,2018-04-27,87584116,5264898,4292228,67,0,114855925
ACC002103,3174017012741543,4726959296,BPR Mitra Usaha,Tabungan,Aktif,2021-01-04,53840185,8434305,7266739,116,0,26265835
ACC002104,3175011007851544,2137577181,Bank Permata,Tabungan,Aktif,2016-10-17,12926618,660751,519209,178,0,21493586
ACC002105,3175011007851544,2159627722,Bank Permata,Tabungan,Dormant,2020-08-14,1098156,431866,406882,34,0,76739
ACC002106,3674016001001545,4356038642,Bank BNI,Giro,Aktif,2022-10-11,4139372,329660,246382,32,0,2900725
ACC002107,3674016001001545,6937008548,BNI,Tabungan,Aktif,2021-02-14,821575,276732,265514,172,3,784577
ACC002108,3173012708841546,2588059031,Bank Mandiri,Tabungan,Aktif,2024-12-03,4086382,1651148,1551996,64,0,2663051
ACC002109,3173012708841546,6573865705,BNI,Tabungan,Aktif,2021-11-07,17157764,1433089,1177087,141,0,20135449
ACC002110,3671010802671547,7297285532,Bank BRI,Tabungan,Aktif,2015-05-28,22324809,1073134,798435,68,0,19589958
ACC002111,3671010802671547,5031908472,Bank BCA,Tabungan,Aktif,2018-11-13,6669980,705677,626421,26,0,10432589
ACC002112,3671014412731548,2010098549,Bank BCA,Giro,Aktif,2022-02-23,63486749,4675648,3908041,186,0,111160921
ACC002113,3671014412731548,9197819064,Bank Mandiri,Giro,Aktif,2021-02-25,19603761,3076418,2730336,55,0,8172611
ACC002114,3671010209741549,1802241598,Bank OCBC NISP,Giro,Aktif,2021-05-05,42551145,2704977,1976874,98,0,28615551
ACC002115,3671016601951550,2150697523,Bank BRI,Giro,Dormant,2017-11-18,27629911,3219067,2906530,42,0,1497418
ACC002116,3671016601951550,7356521071,Bank CIMB Niaga,Giro,Aktif,2017-05-14,19541077,2837589,2562139,31,0,33109868
ACC002117,3171016106771551,6944213043,Bank OCBC NISP,Giro,Dormant,2019-01-02,13324317,914383,703750,63,0,2869099
ACC002118,3171016402771552,8945858608,Bank CIMB Niaga,Tabungan,Aktif,2021-07-08,15344726,1234618,1021343,45,0,19602493
ACC002119,3171016402771552,9728817838,Bank OCBC NISP,Tabungan,Aktif,2020-06-22,7896742,960033,821347,118,0,12902526
ACC002120,3171011009941553,3254624151,Bank BRI,Giro,Aktif,2023-06-02,9084239,1523356,1410972,160,0,8308243
ACC002121,3171011009941553,3964215136,Bank Mandiri,Tabungan,Aktif,2024-01-28,15724616,1934852,1745471,90,0,22642170
ACC002122,3173016210931554,8361250776,Bank Danamon,Tabungan,Aktif,2020-01-26,15677244,1886863,1616097,69,0,16664271
ACC002123,3172014810841555,6341026072,Bank Danamon,Tabungan,Aktif,2017-10-05,15927659,3257747,3052019,88,0,15676738
ACC002124,3172014810841555,3191204732,Bank BCA,Tabungan,Aktif,2015-02-06,53014742,2514242,1940934,134,0,56245456
ACC002125,3172012901001556,9564154385,BPR Mitra Usaha,Tabungan,Aktif,2020-08-06,2918655,1167558,1114117,23,0,3398764
ACC002126,3172012901001556,7253642881,Bank BRI,Giro,Aktif,2020-12-21,20139300,977422,717911,48,0,13398579
ACC002127,3671010104851557,8790892196,Bank BCA,Tabungan,Dormant,2025-03-07,14920951,1680297,1333853,169,0,975354
ACC002128,3674012003011558,5554492534,Bank Permata,Giro,Aktif,2022-02-19,1134861,493265,477275,169,0,772242
ACC002129,3275011405911559,1601091371,Bank Danamon,Giro,Aktif,2022-07-16,31709006,4996840,4356794,178,0,50903491
ACC002130,3173012505821560,9819481157,BPR Mitra Usaha,Tabungan,Aktif,2024-10-02,15454897,1650719,1424353,87,0,21778327
ACC002131,3173016611721561,6288923407,BPR Mitra Usaha,Giro,Aktif,2016-08-02,9887868,1029709,882545,108,0,10319782
ACC002132,3271011211841562,4194677999,Bank Mandiri,Tabungan,Aktif,2024-02-16,35825205,1812289,1410040,135,0,42589749
ACC002133,3175011507921563,6580005189,Bank Mandiri,Giro,Aktif,2015-10-25,12050470,1737015,1545399,183,0,11709433
ACC002134,3671016710821564,9980594914,Bank BCA,Giro,Aktif,2021-01-06,31028249,3662757,3203220,135,0,19652332
ACC002135,3271012608001565,8022597564,BPR Mitra Usaha,Tabungan,Aktif,2017-02-14,9182875,1189640,1002844,72,0,6125078
ACC002136,3172014201711566,7828697451,Bank Mandiri,Tabungan,Aktif,2024-02-19,6093162,880167,757268,177,0,7673568
ACC002137,3276012011661567,1445046378,Bank OCBC NISP,Tabungan,Aktif,2022-11-05,36016452,2264321,1699286,110,0,31533726
ACC002138,3173016409721568,3164374458,Bank BCA,Giro,Aktif,2017-01-11,8633889,2154168,2063349,100,3,11328518
ACC002139,3671011005691569,3789176761,Bank Mandiri,Tabungan,Aktif,2022-01-28,24402762,1667111,1419138,137,0,35289631
ACC002140,3171012502031570,1714686964,BPR Mitra Usaha,Giro,Aktif,2021-05-21,45689595,2713451,2072751,69,0,77726023
ACC002141,3674015301891571,9315636900,Bank Mandiri,Giro,Aktif,2018-06-25,9667411,763002,580094,70,0,5673864
ACC002142,3674015301891571,1662922854,Bank Mandiri,Tabungan,Aktif,2023-05-03,19371798,900931,635365,159,0,9612155
ACC002143,3276012207021572,6288864767,Bank Panin,Tabungan,Aktif,2023-10-16,26022874,1305265,975500,128,0,33393363
ACC002144,3276012207021572,1964673457,Bank Panin,Giro,Aktif,2019-08-06,16582651,1238349,918505,92,0,26502877
ACC002145,3671012210991573,6666669321,Bank BCA,Tabungan,Aktif,2024-11-18,45839479,1906196,1429033,114,0,70678433
ACC002146,3671010601701574,1205075904,Bank Danamon,Tabungan,Aktif,2021-03-13,21917015,982149,747772,139,2,15249768
ACC002147,3175016604721575,6847318824,Bank BRI,Giro,Aktif,2022-08-29,14438452,1205369,1038548,136,0,17444904
ACC002148,3175016604721575,6781276227,BNI,Tabungan,Aktif,2017-07-15,1857936,906953,884340,99,0,2709780
ACC002149,3276011001021576,2855959063,Bank Danamon,Tabungan,Aktif,2019-09-25,28647613,2495847,1920996,51,0,11887369
ACC002150,3276011001021576,3175786618,Bank CIMB Niaga,Tabungan,Aktif,2022-01-07,12363747,1774513,1615765,51,0,16863094
ACC002151,3174010311741577,1677102768,Bank Permata,Tabungan,Aktif,2017-01-15,12399917,1113977,879267,64,0,11152399
ACC002152,3671010409731578,7726292622,Bank BCA,Giro,Aktif,2021-06-26,9920007,864538,705418,195,0,8039866
ACC002153,3671010409731578,1797950649,BPR Mitra Usaha,Tabungan,Aktif,2023-05-18,23174462,1051321,789214,111,0,35569139
ACC002154,3172010311961579,8681153527,Bank Permata,Giro,Aktif,2021-01-18,12675322,926025,757112,114,1,5662430
ACC002155,3671011105721580,6587092351,Bank Danamon,Giro,Aktif,2022-05-17,27385171,1370051,1017619,45,0,20954414
ACC002156,3275010709871581,2890295988,Bank BCA,Tabungan,Aktif,2018-05-04,48322143,1814977,1275942,59,0,44008667
ACC002157,3671010811991582,2044508738,BPR Mitra Usaha,Tabungan,Dormant,2019-06-04,32219839,1631141,1302071,22,0,5220737
ACC002158,3671010209801583,8321946844,Bank Permata,Tabungan,Aktif,2022-01-26,4100766,533892,484457,45,0,2807272
ACC002159,3674014604691584,1055313588,BPR Mitra Usaha,Tabungan,Aktif,2020-03-16,18096358,1563945,1340799,82,0,21004910
ACC002160,3172015909701585,8498127430,Bank BRI,Tabungan,Aktif,2021-05-31,22598745,3890119,3378942,43,1,14574688
ACC002161,3671014904891586,2613887804,Bank Permata,Giro,Aktif,2016-08-20,22843318,1189561,861734,28,0,34572086
ACC002162,3671014504991587,4631837216,Bank OCBC NISP,Tabungan,Aktif,2022-07-11,7551368,1193855,1091828,194,0,7852743
ACC002163,3671016805801588,7333839727,Bank CIMB Niaga,Giro,Aktif,2024-11-07,7877021,1866491,1693322,132,0,11868879
ACC002164,3173011001771589,8196475889,Bank Danamon,Giro,Aktif,2017-01-25,41796249,3273369,2629507,79,0,62471411
ACC002165,3173011001771589,8242423165,Bank Permata,Giro,Dormant,2020-12-21,45468928,3468087,2856611,119,0,10848498
ACC002166,3172016701001590,1254369610,BPR Mitra Usaha,Giro,Dormant,2024-01-15,33692644,1762241,1305582,104,1,7857930
ACC002167,3671014301011591,4613393791,Bank Permata,Giro,Aktif,2015-09-04,24696762,3271614,2943555,72,0,41178250
ACC002168,3671013101821592,9170706239,Bank CIMB Niaga,Giro,Aktif,2019-04-05,7822008,764822,627522,96,0,8611169
ACC002169,3671011206651593,9847505152,Bank Danamon,Giro,Aktif,2024-10-25,2947986,700503,652951,180,1,2897145
ACC002170,3671016410651594,5064183950,Bank Permata,Tabungan,Aktif,2015-08-14,19183231,3492081,3257593,190,0,8835682
ACC002171,3671016410651594,7245025436,Bank BCA,Giro,Aktif,2024-02-13,64166068,3432864,2621541,150,0,61029194
ACC002172,3276010510921595,5612971432,Bank OCBC NISP,Giro,Aktif,2019-08-18,40753391,2034013,1602221,128,0,58748021
ACC002173,3174015101651596,7053570965,Bank Permata,Tabungan,Aktif,2024-07-17,15847800,993456,748843,90,0,15998087
ACC002174,3271011005691597,3151292822,Bank OCBC NISP,Giro,Dormant,2015-02-16,10116742,810527,607781,40,0,937296
ACC002175,3174016310881598,5583206377,Bank BRI,Tabungan,Aktif,2020-08-19,14128232,1045221,875809,27,0,23952443
ACC002176,3174015205751599,2166419816,Bank Danamon,Giro,Aktif,2025-05-25,27328989,4246088,3820654,45,0,14247633
ACC002177,3174015205751599,6204841183,Bank Mandiri,Giro,Aktif,2017-09-02,81966560,3049684,2199190,177,0,135112996
ACC002178,3271016405721600,6655185814,Bank Panin,Tabungan,Aktif,2019-01-30,41437287,3299200,2313670,122,0,33068079
ACC002179,3271016405721600,2964005176,Bank Permata,Giro,Aktif,2021-03-02,8361629,2281741,2119743,132,0,7472618
ACC002180,3276014704731601,3371506686,BPR Mitra Usaha,Tabungan,Aktif,2022-07-24,6955420,580439,496464,24,1,-13055
ACC002181,3674015410781602,7287678427,Bank BCA,Giro,Aktif,2020-09-17,18184370,970498,686553,36,0,30606701
ACC002182,3674015410781602,1158247555,Bank Danamon,Tabungan,Aktif,2015-08-26,2480921,833087,791552,21,0,1390936
ACC002183,3171016112881603,7847239743,Bank Danamon,Giro,Aktif,2021-04-01,14473617,1880216,1621125,180,0,12128104
ACC002184,3671012402651604,7123910378,BPR Mitra Usaha,Tabungan,Aktif,2015-12-26,15916080,1721558,1548598,89,0,22164917
ACC002185,3671012402651604,8582485170,Bank Mandiri,Giro,Aktif,2017-12-12,47891908,2401730,1727046,69,0,41040398
ACC002186,3671013005931605,9245945889,BNI,Tabungan,Aktif,2024-11-29,45217825,4787318,3696427,116,0,40736021
ACC002187,3671013005931605,1373867778,Bank Panin,Giro,Aktif,2019-10-25,33488305,3906334,3381628,66,0,29896173
ACC002188,3171016103911606,4845222234,Bank BCA,Giro,Aktif,2020-10-25,13757512,1176743,865032,191,0,17450376
ACC002189,3173016712671607,1313904544,Bank BNI,Tabungan,Aktif,2016-09-10,21180375,2396780,2134596,178,0,25053000
ACC002190,3173016712671607,7720713845,Bank Permata,Giro,Aktif,2021-01-13,33177434,2949131,2561284,116,0,46692890
ACC002191,3271016602861608,7107303271,Bank Permata,Tabungan,Aktif,2015-10-04,2580905,2464275,2412869,87,0,4340132
ACC002192,3175015701911609,7973723028,Bank CIMB Niaga,Giro,Aktif,2019-12-23,3401733,1104006,1027659,88,0,4403643
ACC002193,3175015701911609,8803711576,Bank Permata,Giro,Aktif,2017-09-19,9903327,813898,671759,89,0,8722954
ACC002194,3275012112741610,4956493772,Bank Permata,Tabungan,Dormant,2021-12-17,4094275,419052,323202,157,3,538184
ACC002195,3671012802841611,5663557457,Bank BRI,Giro,Dormant,2021-12-02,27272989,2572951,2125481,50,0,4361324
ACC002196,3671012802841611,9393306818,BPR Mitra Usaha,Tabungan,Dormant,2024-03-07,34725364,2307651,1780317,67,0,8152889
ACC002197,3276010706651612,5298664172,Bank BRI,Giro,Aktif,2021-03-04,23810953,1004032,723092,126,0,25514829
ACC002198,3276010706651612,1824682016,Bank Danamon,Giro,Aktif,2025-02-23,9983597,1304014,1175867,29,1,-100550
ACC002199,3271016404021613,5736842057,Bank Danamon,Tabungan,Aktif,2025-04-19,41658782,3321038,2432055,68,3,-297779
ACC002200,3276015402781614,5775354694,Bank Mandiri,Giro,Aktif,2022-02-18,18680838,2208944,1797632,162,0,9579045
ACC002201,3276014206741615,4044248248,Bank Permata,Giro,Aktif,2017-09-13,9366093,1854217,1713177,65,0,13208598
ACC002202,3174011611881616,4576808687,Bank BNI,Giro,Aktif,2017-08-27,31014445,2641096,2135638,108,0,14192866
ACC002203,3174011611881616,2617492974,Bank BNI,Giro,Aktif,2020-01-14,25352430,1933054,1364451,172,0,27357492
ACC002204,3172010109911617,6444835039,Bank CIMB Niaga,Tabungan,Aktif,2022-03-26,31860575,1320292,946713,169,0,21214614
ACC002205,3671015110921618,6991791538,Bank BRI,Tabungan,Aktif,2015-03-14,32978683,1683501,1188367,80,0,52111245
ACC002206,3671015110921618,3302647637,Bank Panin,Giro,Aktif,2020-07-27,24351816,1724569,1319311,197,1,13005690
ACC002207,3172012204671619,8929423592,Bank OCBC NISP,Giro,Dormant,2020-06-24,27490042,3063000,2760632,187,0,4062992
ACC002208,3172012204671619,7187800042,Bank Panin,Tabungan,Aktif,2025-02-18,31412382,3274520,2665842,102,0,38078957
ACC002209,3671010509931620,8857617686,Bank Panin,Giro,Aktif,2024-07-11,13557779,1007113,868881,159,0,8112241
ACC002210,3674015202991621,6028798950,BPR Mitra Usaha,Giro,Aktif,2015-12-07,18342571,896517,698415,37,1,-47566
ACC002211,3671012509981622,5942796012,BPR Mitra Usaha,Tabungan,Aktif,2020-03-12,7052351,1697853,1581096,133,0,9086952
ACC002212,3671017110011623,6646438334,Bank Panin,Tabungan,Aktif,2017-04-21,23786797,1007395,763838,24,0,12459867
ACC002213,3671017110011623,6351719967,Bank Mandiri,Giro,Aktif,2021-09-26,15958434,1337522,1069705,103,0,16022545
ACC002214,3671016212831624,6157586861,Bank Mandiri,Tabungan,Aktif,2015-05-06,63171532,2193665,1555268,163,0,27781235
ACC002215,3671016411651625,5770982048,Bank CIMB Niaga,Giro,Aktif,2020-12-03,8897640,2738128,2602292,20,0,10887617
ACC002216,3671014609801626,5766611704,BNI,Giro,Aktif,2023-12-31,11041301,2220232,1996855,138,0,5684988
ACC002217,3671010112661627,7182259302,Bank Mandiri,Giro,Aktif,2018-09-02,5597734,1027296,969705,46,0,8123727
ACC002218,3671016403741628,5995341539,Bank BCA,Giro,Aktif,2019-10-20,880014,493190,481574,74,0,1218072
ACC002219,3175014911751629,6476793243,Bank BRI,Tabungan,Aktif,2018-07-12,52566206,1872294,1311645,147,1,56170712
ACC002220,3174015003941630,6769323668,Bank BCA,Tabungan,Aktif,2016-06-30,24244392,2292049,1755276,172,0,36105143
ACC002221,3173014701781631,6490363993,BPR Mitra Usaha,Tabungan,Aktif,2018-11-17,23658541,2647324,2356495,181,0,24209782
ACC002222,3173014701781631,4263038323,Bank Panin,Tabungan,Aktif,2022-01-24,19523500,2952593,2581037,33,0,16514917
ACC002223,3671014805991632,1144845760,Bank BNI,Giro,Aktif,2025-01-20,12172359,691345,508488,162,0,14641897
ACC002224,3275016508011633,3628106541,Bank BRI,Tabungan,Aktif,2021-11-05,4270387,1097959,1049575,138,0,2845288
ACC002225,3674016502021634,4417314742,Bank CIMB Niaga,Tabungan,Aktif,2020-12-26,18910908,2432490,2137106,187,2,22330415
ACC002226,3175012805711635,8158651296,BNI,Tabungan,Aktif,2019-09-06,9416357,1247197,1080731,84,0,9476793
ACC002227,3175012805711635,1109760517,Bank Mandiri,Tabungan,Dormant,2018-11-15,1798473,1070775,1048218,154,0,95723
ACC002228,3671016207911636,7007745535,Bank Mandiri,Giro,Aktif,2018-11-19,1964851,723808,701082,191,0,1383406
ACC002229,3671016207911636,1125077041,Bank CIMB Niaga,Tabungan,Dormant,2019-02-24,3005889,715643,659689,49,0,466004
ACC002230,3671016207901637,3372953074,Bank OCBC NISP,Giro,Aktif,2022-07-22,6111116,1936493,1818881,52,0,10035237
ACC002231,3671016207901637,5515073940,Bank Danamon,Giro,Aktif,2018-12-27,20288201,1450545,1154681,151,0,32023553
ACC002232,3175011202891638,8566436223,Bank Permata,Giro,Aktif,2022-03-04,3768303,2026386,1951733,169,0,3148436
ACC002233,3271011810991639,1450779318,Bank Danamon,Giro,Aktif,2015-06-14,6919427,1256254,1128167,143,0,4656704
ACC002234,3671016012871640,8444543451,Bank BRI,Giro,Aktif,2020-07-16,2699593,707636,673769,173,0,3419751
ACC002235,3671016202921641,3274683436,Bank BRI,Tabungan,Aktif,2021-07-24,40998922,2399737,1889581,46,0,70334310
ACC002236,3276015010661642,1489894050,Bank Panin,Tabungan,Aktif,2022-06-06,9167320,809803,685658,72,0,4163994
ACC002237,3175014101991643,7559776260,Bank BCA,Giro,Dormant,2021-06-19,21555428,1350580,1126079,129,0,2056890
ACC002238,3172010811931644,2646709721,BPR Mitra Usaha,Giro,Aktif,2022-09-19,2939292,1690237,1655561,121,0,2177124
ACC002239,3671010704661645,5767940275,Bank CIMB Niaga,Giro,Aktif,2019-09-13,4943221,906771,833987,82,0,8541932
ACC002240,3671010704661645,3334609632,BNI,Tabungan,Aktif,2024-04-03,12392052,1234399,1075528,111,0,18292882
ACC002241,3276016804731646,3067910041,Bank Mandiri,Tabungan,Aktif,2017-03-26,56241865,3538508,2524178,172,0,83992806
ACC002242,3674010308881647,6714291238,BPR Mitra Usaha,Giro,Aktif,2015-03-25,15257303,2085506,1878745,177,0,15947229
ACC002243,3174015810711648,3632148318,Bank CIMB Niaga,Tabungan,Aktif,2024-10-29,20298595,1562156,1168717,68,0,23894313
ACC002244,3671015306651649,5640351832,BNI,Giro,Dormant,2015-02-10,10047836,848723,708891,57,0,525854
ACC002245,3671010203661650,9815899975,Bank CIMB Niaga,Tabungan,Aktif,2025-07-21,13198208,1166509,1011924,146,0,14436418
ACC002246,3172012106011651,8131387720,BNI,Giro,Aktif,2023-05-29,19768293,4443666,4012111,54,0,32517115
ACC002247,3174016901011652,7629574656,Bank OCBC NISP,Giro,Aktif,2025-03-06,8648959,1803601,1711040,166,0,3529111
ACC002248,3271012909781653,5275227650,BPR Mitra Usaha,Tabungan,Aktif,2025-06-07,40111399,1768038,1340762,128,0,17557729
ACC002249,3271012909781653,2131765676,Bank BRI,Giro,Aktif,2018-12-26,16808638,1359929,1086740,141,3,23841777
ACC002250,3671015009651654,4447631679,BPR Mitra Usaha,Giro,Aktif,2017-11-21,28554823,2809293,2238464,172,1,31082715
ACC002251,3671015009651654,3616310371,BPR Mitra Usaha,Giro,Aktif,2016-12-14,77406245,3672243,2847023,89,0,56180268
ACC002252,3674014102731655,2298530301,BNI,Giro,Aktif,2018-09-17,46891522,4031695,3553584,36,0,68019802
ACC002253,3173014705831656,1871128933,BNI,Giro,Aktif,2019-06-26,7476038,955689,812532,53,0,6299367
ACC002254,3173014705831656,3701445969,Bank BRI,Giro,Aktif,2016-07-26,2902019,988245,951772,134,0,1897468
ACC002255,3271014901701657,9512445946,Bank Danamon,Giro,Aktif,2024-12-27,3220283,1137375,1094546,89,1,-79338
ACC002256,3671012412981658,8293673852,BPR Mitra Usaha,Tabungan,Aktif,2018-05-06,4216614,1336098,1279040,145,0,3174080
ACC002257,3275010806651659,1987685194,Bank Panin,Giro,Aktif,2016-05-10,3014816,743942,674281,64,0,1422807
ACC002258,3271011910921660,4602113401,Bank Permata,Giro,Dormant,2024-01-20,13844459,1320828,1073390,123,0,3322309
ACC002259,3671016405021661,7693339035,Bank Danamon,Tabungan,Aktif,2020-05-22,19071988,1597351,1391741,189,0,15839726
ACC002260,3174015901751662,7561248053,Bank CIMB Niaga,Giro,Aktif,2025-05-26,2034267,754639,718480,37,0,3486829
ACC002261,3671011510951663,6145641479,BPR Mitra Usaha,Giro,Dormant,2023-03-06,605112,725380,710619,83,0,38786
ACC002262,3671011510951663,6336100405,BPR Mitra Usaha,Tabungan,Aktif,2020-09-29,7303616,524020,417275,173,0,7514992
ACC002263,3671012702761664,2276345505,Bank Permata,Giro,Aktif,2023-10-05,8469489,1121561,938200,142,0,4514503
ACC002264,3173012310001665,9889662257,Bank Mandiri,Giro,Aktif,2017-03-26,16194921,1610302,1445387,69,0,18043352
ACC002265,3671011303981666,9518388531,Bank Mandiri,Giro,Aktif,2019-05-24,15323727,1593847,1337043,145,0,15975063
ACC002266,3174015104671667,6207914540,Bank CIMB Niaga,Giro,Aktif,2019-09-23,57162328,2315455,1733003,191,0,55426018
ACC002267,3172012710681668,5389282818,BNI,Giro,Aktif,2017-09-23,2682490,1010754,981383,108,0,1733440
ACC002268,3175014802011669,9286477737,Bank Mandiri,Giro,Aktif,2019-06-07,14098204,1236644,1000336,62,0,20266023
ACC002269,3271011709771670,8900264672,Bank CIMB Niaga,Tabungan,Aktif,2022-01-04,6364388,531939,379011,23,0,9753195
ACC002270,3271011709771670,5101682669,Bank Danamon,Giro,Aktif,2018-12-09,3780139,352641,289862,35,0,6354015
ACC002271,3671014405011671,2035642942,Bank BRI,Tabungan,Aktif,2022-06-05,18420648,1138342,838236,113,0,8138360
ACC002272,3671014405011671,3792582066,Bank Danamon,Giro,Aktif,2016-11-22,13393987,1379533,1209075,192,0,11575795
ACC002273,3275015209711672,2014812132,Bank BCA,Tabungan,Aktif,2024-12-20,5788087,740710,608032,88,2,9152306
ACC002274,3276011906831673,9054809528,Bank BCA,Tabungan,Dormant,2015-04-17,1499782,477790,461116,52,0,137899
ACC002275,3671013009891674,1558586046,Bank Panin,Tabungan,Aktif,2023-05-10,14608863,6047679,5684613,148,0,15344991
ACC002276,3671013009891674,1060512248,Bank Panin,Tabungan,Aktif,2018-09-14,61345972,5210449,3841140,167,0,57783335
ACC002277,3674015802701675,4845748789,BNI,Giro,Aktif,2021-05-17,25286534,1318586,1029698,134,0,35733100
ACC002278,3674015802701675,8313633642,BNI,Tabungan,Aktif,2018-12-12,4629564,1739312,1679507,83,0,6047729
ACC002279,3171015103901676,7090228426,Bank OCBC NISP,Tabungan,Aktif,2022-01-31,52096812,2490260,1872078,108,0,69559761
ACC002280,3671013001681677,6926331478,Bank CIMB Niaga,Giro,Aktif,2023-07-05,3864430,637912,584026,48,1,2851578
ACC002281,3671013001681677,8866891396,Bank Mandiri,Giro,Aktif,2024-10-29,5651413,532666,409879,157,2,-41249
ACC002282,3175017112781678,4818106658,Bank BRI,Giro,Aktif,2025-01-04,6167712,989405,915730,183,0,8614996
ACC002283,3172015412681679,3547777000,Bank OCBC NISP,Tabungan,Aktif,2018-05-06,10065344,1317145,1094677,115,0,6037268
ACC002284,3172015412681679,1715879823,Bank BRI,Tabungan,Aktif,2023-04-05,20177344,1193099,869849,67,0,18832513
ACC002285,3674012309681680,1875715602,Bank BCA,Giro,Aktif,2023-08-23,35399143,1952839,1492931,38,0,38628540
ACC002286,3674014403651681,4557825814,BNI,Giro,Aktif,2022-04-02,5954951,2335555,2208763,49,2,7908804
ACC002287,3674014403651681,5511059307,Bank BCA,Tabungan,Aktif,2019-03-18,16409537,2932584,2561908,83,0,28222377
ACC002288,3671016811871682,1006276893,BNI,Giro,Aktif,2021-09-08,16649184,4986262,4609579,28,0,16489411
ACC002289,3173011911691683,9597427540,Bank CIMB Niaga,Tabungan,Aktif,2022-03-15,3336254,1737184,1673085,199,3,-144509
ACC002290,3275015310781684,1784337139,Bank BCA,Giro,Aktif,2023-08-20,7068501,3840850,3756302,196,0,12105062
ACC002291,3671014405721685,7240628813,Bank BCA,Giro,Aktif,2015-03-23,1645503,921269,900510,86,0,1347341
ACC002292,3174017001951686,6034674948,Bank CIMB Niaga,Tabungan,Aktif,2021-08-30,6699436,1289226,1211635,114,0,8588239
ACC002293,3276010510781687,1910099418,Bank OCBC NISP,Tabungan,Aktif,2015-01-29,16256039,2194103,1968458,196,0,28514358
ACC002294,3276010510781687,1696252754,BPR Mitra Usaha,Giro,Aktif,2017-12-24,18610468,2492000,2161683,184,0,26723684
ACC002295,3674016508761688,7355956259,Bank BNI,Giro,Aktif,2020-07-14,8058194,849369,748188,64,0,4802505
ACC002296,3671014909681689,4656649825,BNI,Tabungan,Aktif,2017-07-22,28470568,1708536,1263814,199,0,30472315
ACC002297,3671014909681689,9482748802,Bank Panin,Tabungan,Aktif,2016-06-25,13325263,1908452,1643036,23,0,21518018
ACC002298,3276010507691690,9348575990,Bank Danamon,Giro,Aktif,2015-02-28,36248151,3107243,2422192,70,0,33802843
ACC002299,3276010507691690,9740176208,Bank Panin,Tabungan,Dormant,2019-04-14,57903428,3501357,2464329,173,1,14340068
ACC002300,3671014608681691,4283216427,BPR Mitra Usaha,Giro,Aktif,2018-08-25,6029108,784830,655073,84,1,2502069
ACC002301,3275011506911692,5884131777,BPR Mitra Usaha,Giro,Aktif,2021-10-23,25273634,2044952,1773907,43,0,15804378
ACC002302,3671015805971693,6951731471,Bank BNI,Giro,Aktif,2017-08-06,25051047,2458921,2114529,51,0,30532106
ACC002303,3171011708841694,5701326835,Bank BCA,Giro,Aktif,2017-08-04,7685357,1220218,1053522,66,0,7104060
ACC002304,3171011708841694,9469877917,Bank CIMB Niaga,Tabungan,Aktif,2021-11-27,2281689,1237432,1183163,24,0,2427622
ACC002305,3173014503711695,9355529490,Bank Mandiri,Tabungan,Aktif,2017-10-13,7939972,1345479,1223956,133,1,12265294
ACC002306,3671015512991696,2276858378,Bank Mandiri,Giro,Aktif,2021-08-10,8638875,1411790,1224028,102,0,9242067
ACC002307,3671015512991696,7704546565,Bank BCA,Tabungan,Aktif,2017-09-13,14554902,1030617,869094,145,0,18141213
ACC002308,3271012707021697,9246123829,Bank Mandiri,Tabungan,Aktif,2024-12-15,20718684,1012092,788389,35,0,19947189
ACC002309,3271012707021697,9101227587,BNI,Tabungan,Aktif,2019-08-13,5852574,1203102,1083526,118,0,3511471
ACC002310,3671010903001698,3891029981,Bank OCBC NISP,Giro,Aktif,2017-01-19,12256600,2133252,1930643,40,0,6424522
ACC002311,3171012409821699,8636092200,Bank BCA,Giro,Aktif,2016-09-14,9362443,599505,430825,156,0,5823728
ACC002312,3171012409821699,4261465457,BNI,Tabungan,Aktif,2022-03-13,5261398,418704,356033,161,0,7595210
ACC002313,3674016211941700,5684301807,Bank BNI,Tabungan,Aktif,2022-12-14,33668185,2345981,1729987,114,0,37185265
ACC002314,3671010501691701,9179384074,Bank CIMB Niaga,Tabungan,Aktif,2017-12-07,44304947,5033555,4300428,156,1,69382719
ACC002315,3171017004811702,1135574099,Bank BCA,Giro,Aktif,2020-10-21,26877539,1867096,1398879,193,1,25738724
ACC002316,3271010108871703,2989505842,Bank BRI,Tabungan,Dormant,2023-02-28,8350564,580451,439005,52,0,1839131
ACC002317,3171011207691704,9765487317,BPR Mitra Usaha,Tabungan,Aktif,2016-11-05,33110460,3449630,3108308,124,0,29901455
ACC002318,3171011207691704,4391949172,BPR Mitra Usaha,Tabungan,Dormant,2021-12-05,58998846,2942423,2326839,109,0,11470261
ACC002319,3671011006751705,2138446404,Bank BCA,Giro,Aktif,2019-08-14,10842108,1166303,1031365,155,0,19417119
ACC002320,3173014609871706,3981585002,Bank Danamon,Giro,Aktif,2017-07-20,4138222,1094506,1015503,130,0,3774199
ACC002321,3173014609871706,2673142928,BPR Mitra Usaha,Tabungan,Aktif,2024-08-25,18201593,1391121,1060373,139,0,9547738
ACC002322,3173010702871707,1628450748,Bank BNI,Tabungan,Aktif,2019-11-08,15084080,2173939,1957902,140,0,13996426
ACC002323,3173016504031708,4309763655,Bank Danamon,Tabungan,Aktif,2019-01-30,10071915,1051601,820830,96,0,5536602
ACC002324,3173016504031708,2767591582,Bank CIMB Niaga,Tabungan,Aktif,2022-05-14,16638171,879903,630010,142,0,16860197
ACC002325,3671015408991709,2935570082,Bank BRI,Tabungan,Aktif,2022-05-24,9308913,618931,478944,90,0,16397541
ACC002326,3174010402021710,3060608407,Bank Permata,Tabungan,Aktif,2022-09-21,5541207,1021970,896923,181,0,6021047
ACC002327,3174010402021710,7654891733,Bank Permata,Giro,Aktif,2020-03-28,5599836,675259,614674,113,1,9396699
ACC002328,3171016005691711,7866697510,Bank BNI,Tabungan,Aktif,2016-02-08,10856904,1481907,1247776,174,0,5055634
ACC002329,3171016005691711,2931791481,Bank CIMB Niaga,Giro,Aktif,2019-07-03,7839774,1523717,1341031,172,2,8915018
ACC002330,3671012708961712,5535731351,Bank OCBC NISP,Tabungan,Aktif,2025-08-03,26974750,1138087,845554,72,0,23777006
ACC002331,3671012708961712,6543385557,BPR Mitra Usaha,Giro,Aktif,2019-09-26,18948951,792249,578821,39,0,30006771
ACC002332,3674015408711713,7396489594,BNI,Giro,Aktif,2022-09-01,13606686,2342606,2132423,145,0,21122088
ACC002333,3674015408711713,5968753200,BNI,Giro,Aktif,2022-02-17,37792928,2856721,2056252,59,0,21532510
ACC002334,3674016508951714,7473601420,BPR Mitra Usaha,Giro,Aktif,2015-04-06,61966060,5740425,4441983,70,0,56703190
ACC002335,3175017101921715,9213240373,Bank Mandiri,Giro,Aktif,2015-04-16,1575321,209485,183976,91,0,2145979
ACC002336,3671011207911716,4281006236,Bank BRI,Giro,Aktif,2025-08-14,27410911,1870963,1510699,126,0,20607331
ACC002337,3671015104861717,1068871609,Bank OCBC NISP,Giro,Aktif,2018-03-11,1778342,1296897,1264839,184,0,1569786
ACC002338,3276014208951718,7550227961,Bank OCBC NISP,Tabungan,Aktif,2019-05-06,17365326,1340983,1005829,163,0,8643840
ACC002339,3276014208951718,8862674379,Bank BNI,Giro,Aktif,2022-11-05,7807700,1124877,1011353,43,0,13160396
ACC002340,3275016704911719,1292490444,Bank BNI,Giro,Aktif,2016-08-14,8054970,593204,425450,112,0,3388580
ACC002341,3171010509671720,7865701230,BNI,Tabungan,Aktif,2023-08-04,5635136,850649,734510,117,2,2594123
ACC002342,3171010509671720,3663444028,Bank BRI,Giro,Aktif,2023-10-17,2421550,1084465,1057179,60,0,2079659
ACC002343,3173015310691721,4139176594,Bank Permata,Giro,Aktif,2023-04-27,40822956,2149237,1659343,50,0,28343950
ACC002344,3174016410811722,9922581936,Bank Danamon,Tabungan,Aktif,2019-12-22,2862433,605961,557276,152,2,1812375
ACC002345,3671010507901723,1616450139,BPR Mitra Usaha,Tabungan,Aktif,2020-06-01,7410033,1644135,1562498,179,0,8828800
ACC002346,3671010507901723,6682726531,Bank Permata,Tabungan,Aktif,2022-12-10,2027144,1620229,1585703,51,0,3221383
ACC002347,3173014311851724,2706281141,Bank Permata,Tabungan,Aktif,2024-03-27,19852720,2188935,1984095,195,3,10881473
ACC002348,3171011504731725,7568705016,Bank CIMB Niaga,Tabungan,Aktif,2025-05-19,3239727,1226658,1151655,134,3,3393557
ACC002349,3674014806841726,9184731961,Bank BCA,Tabungan,Aktif,2023-01-11,13250915,2732562,2565806,145,0,13475677
ACC002350,3674014806841726,8438134395,BNI,Tabungan,Aktif,2017-03-26,13947496,2513836,2246592,72,0,7649697
ACC002351,3271015711691727,6229779421,BPR Mitra Usaha,Tabungan,Aktif,2017-12-07,2538595,1289600,1260200,71,0,1903217
ACC002352,3271015711691727,9378223867,Bank BCA,Tabungan,Aktif,2023-08-10,3933214,1048894,987228,131,0,2734386
ACC002353,3173012012741728,8622837130,Bank BRI,Giro,Aktif,2024-05-10,1874279,495446,450142,56,0,2201462
ACC002354,3671015912011729,3228639033,Bank BRI,Tabungan,Aktif,2015-09-26,10509923,2144381,1944575,23,0,10812612
ACC002355,3671015901661730,3643489939,Bank Danamon,Tabungan,Aktif,2015-07-14,23352429,870838,620615,139,0,18541864
ACC002356,3671015901661730,2682792794,BNI,Giro,Aktif,2025-08-16,13944485,858247,691477,154,1,6033694
ACC002357,3275015108721731,5419011523,Bank BNI,Tabungan,Aktif,2022-12-18,6590231,1241861,1160906,154,0,8369129
ACC002358,3275015108721731,7945653657,Bank BCA,Tabungan,Aktif,2015-12-31,46912040,1813147,1332111,158,0,48566786
ACC002359,3271010507011732,3752168581,Bank BCA,Tabungan,Aktif,2018-11-08,6526803,521701,440240,25,0,3431289
ACC002360,3171011010721733,4147744972,Bank BCA,Giro,Aktif,2022-08-06,26607520,3139243,2870851,192,0,37032970
ACC002361,3171011010721733,4516549185,Bank BNI,Giro,Aktif,2018-01-09,4586682,2579479,2510870,162,0,2997847
ACC002362,3172016009971734,1727479966,Bank CIMB Niaga,Giro,Aktif,2018-11-04,5925273,1960134,1878773,107,0,10117994
ACC002363,3171011104721735,8631325372,BPR Mitra Usaha,Giro,Aktif,2017-10-25,42830361,4175106,3381038,46,0,68602474
ACC002364,3671017006701736,6236043082,Bank BRI,Giro,Aktif,2018-11-15,8145093,1418310,1309268,176,0,3914760
ACC002365,3671017006701736,1261655763,Bank OCBC NISP,Tabungan,Aktif,2025-08-14,17446658,1605073,1367593,161,0,23967651
ACC002366,3671015407671737,3525617666,BNI,Tabungan,Aktif,2015-10-11,8207628,927507,796034,102,0,11945138
ACC002367,3276015112671738,1257502730,Bank BNI,Giro,Aktif,2019-01-13,3866197,776512,732916,120,0,3190235
ACC002368,3671015002731739,7838443426,Bank Panin,Giro,Aktif,2023-01-20,16973028,1175056,843638,103,0,9223342
ACC002369,3671015002731739,6101265620,Bank Panin,Tabungan,Aktif,2016-09-15,19808017,1079760,852209,153,3,22444549
ACC002370,3674015604791740,3221154686,Bank CIMB Niaga,Giro,Aktif,2019-12-18,18438030,1146517,887071,69,0,16179168
ACC002371,3674015604791740,5555694947,BNI,Tabungan,Dormant,2020-05-29,7569788,1053733,951381,176,0,666642
ACC002372,3275011402851741,3787435307,Bank BNI,Tabungan,Aktif,2019-06-11,13374467,2914181,2723343,100,0,7855916
ACC002373,3275011402851741,2251806716,Bank BRI,Tabungan,Aktif,2021-11-16,25776533,2311786,2018461,158,0,39061896
ACC002374,3275016807731742,5753771112,BPR Mitra Usaha,Giro,Aktif,2017-08-18,8055026,889193,799017,158,0,11576511
ACC002375,3275016807731742,5860569504,Bank BCA,Giro,Aktif,2017-07-17,11861277,909328,757068,83,0,12457164
ACC002376,3171014307691743,2213645783,Bank Permata,Tabungan,Aktif,2021-08-02,17493327,861225,657582,34,0,8250945
ACC002377,3671011710811744,3901540763,Bank Permata,Giro,Aktif,2015-05-28,5347896,706483,578735,160,0,6526724
ACC002378,3671011710811744,2568246788,Bank BNI,Tabungan,Aktif,2024-08-22,24202561,931091,687229,170,0,23014901
ACC002379,3671012807781745,7965000793,BNI,Giro,Aktif,2016-01-23,27601092,2368411,1685714,141,0,38391593
ACC002380,3671012211801746,5814270721,Bank BCA,Giro,Aktif,2021-04-25,33694176,1913543,1385936,192,0,50440304
ACC002381,3671012211801746,1069442836,Bank Permata,Giro,Aktif,2022-03-18,8019868,2396530,2296487,186,0,5168874
ACC002382,3671016207931747,2164213595,Bank Mandiri,Tabungan,Aktif,2016-11-27,34490610,2455353,2057450,174,0,19786575
ACC002383,3174014703981748,1503083037,Bank Panin,Tabungan,Dormant,2016-05-17,22089692,1777144,1418695,169,0,5472995
ACC002384,3172017007821749,6081200049,BPR Mitra Usaha,Tabungan,Aktif,2022-10-18,11420702,1328900,1048891,44,0,15776647
ACC002385,3671015507721750,4631559439,Bank CIMB Niaga,Tabungan,Aktif,2017-09-13,4679620,1412908,1315871,177,0,2089585
ACC002386,3671015507721750,7006959395,BPR Mitra Usaha,Tabungan,Aktif,2022-02-16,19454589,987218,717032,135,0,27407570
ACC002387,3171010904771751,8148813898,BPR Mitra Usaha,Giro,Aktif,2018-03-10,5031816,1349015,1283097,103,0,6726264
ACC002388,3275015101711752,8556460898,Bank Danamon,Tabungan,Aktif,2015-01-22,48239126,2746381,2124387,185,0,59031914
ACC002389,3271010901941753,5086602638,Bank OCBC NISP,Tabungan,Aktif,2017-07-22,17852818,3391801,3065357,139,0,20456254
ACC002390,3271010901941753,8394876169,Bank BNI,Giro,Aktif,2021-04-07,47713901,2615669,2070281,107,0,78611404
ACC002391,3172011010921754,9878306250,Bank Permata,Giro,Aktif,2024-02-02,4474100,1244993,1172655,145,0,4420435
ACC002392,3172011010921754,4285224760,Bank BRI,Tabungan,Aktif,2017-08-14,27017055,1427412,1131201,31,0,38602908
ACC002393,3671014211831755,2240894696,Bank Mandiri,Giro,Aktif,2017-09-24,6080943,230427,163711,118,0,2983792
ACC002394,3671015104021756,5078581807,Bank Mandiri,Giro,Aktif,2022-09-14,12663472,821006,625935,62,1,20176866
ACC002395,3276010910851757,9295044444,BNI,Tabungan,Aktif,2023-01-31,3349261,1256305,1203438,96,0,5602071
ACC002396,3171011304001758,8689650298,Bank CIMB Niaga,Tabungan,Aktif,2020-05-20,59219147,3448884,2732579,170,2,-246608
ACC002397,3174015506821759,4982598491,Bank Panin,Giro,Aktif,2018-02-17,38252907,3145034,2650687,133,1,51496227
ACC002398,3674016609981760,4064711771,BNI,Giro,Aktif,2015-06-13,11914056,3566921,3419193,126,0,7791735
ACC002399,3173015509791761,4141330682,Bank BRI,Tabungan,Aktif,2021-08-04,49461827,5885388,4802753,157,0,79264730
ACC002400,3174012607721762,3616940396,Bank Danamon,Giro,Aktif,2020-10-03,62214608,3018657,2311274,123,0,62851354
ACC002401,3674011201001763,1006356352,Bank Panin,Tabungan,Aktif,2019-06-22,26268576,3199362,2716955,120,0,21977053
ACC002402,3671010806981764,2885860924,Bank Danamon,Tabungan,Aktif,2018-03-03,11357053,1292625,1105661,139,0,14466292
ACC002403,3271010211671765,4637547009,Bank Panin,Giro,Aktif,2023-07-09,36438110,3739835,3343577,42,3,47388503
ACC002404,3271014907751766,9717820239,Bank CIMB Niaga,Tabungan,Aktif,2019-12-08,15076215,1127114,944692,120,0,12038648
ACC002405,3175014412861767,5667742619,BNI,Tabungan,Aktif,2021-07-27,5050751,1159276,1081421,34,0,5787677
ACC002406,3175014412861767,4182295626,Bank Danamon,Giro,Aktif,2015-06-28,2956054,890052,836445,37,0,4404248
ACC002407,3173016408971768,6773457117,Bank BCA,Tabungan,Aktif,2017-05-30,21422748,2216974,1698880,130,0,19476644
ACC002408,3173012910891769,7393057602,BNI,Tabungan,Aktif,2016-03-13,20704631,1556725,1323201,65,1,12328259
ACC002409,3173012910891769,7198555862,Bank BNI,Tabungan,Aktif,2018-04-03,14213213,1334991,1177626,87,2,12680863
ACC002410,3276011711901770,5128730156,Bank BRI,Giro,Aktif,2018-07-18,14711260,1937595,1745894,191,0,6675487
ACC002411,3674011010981771,8134383300,Bank CIMB Niaga,Giro,Aktif,2019-05-27,8029408,2129624,1968329,121,0,11464214
ACC002412,3674010112931772,6274512057,Bank BRI,Giro,Aktif,2021-01-01,8846709,729412,535604,143,0,13693186
ACC002413,3674012206031773,4288988539,Bank Danamon,Giro,Aktif,2020-07-21,9628521,921205,713316,162,0,5408758
ACC002414,3674012206031773,3421861643,Bank BNI,Giro,Aktif,2020-12-28,10766500,570276,438272,152,0,18065051
ACC002415,3275015605821774,3978968017,BNI,Giro,Aktif,2019-06-13,11709909,1375667,1225300,34,3,20463871
ACC002416,3671017110001775,1926533457,BNI,Tabungan,Aktif,2025-07-30,15709657,1835645,1461381,155,2,10074905
ACC002417,3671012604991776,8587846462,BNI,Tabungan,Aktif,2023-10-09,60705163,4204450,3351666,152,0,84346602
ACC002418,3671012604991776,2730382279,Bank BNI,Giro,Dormant,2022-07-11,55420597,4071556,2977456,43,0,3318106
ACC002419,3173012503991777,3007982766,BPR Mitra Usaha,Tabungan,Aktif,2021-09-07,18349131,1916966,1624614,90,0,16336516
ACC002420,3671011310831778,5550022301,Bank BRI,Giro,Aktif,2021-03-28,25849235,3037819,2498496,37,0,16220093
ACC002421,3671011310831778,1458487862,Bank Panin,Giro,Aktif,2015-08-07,38055064,2903617,2454811,131,1,31811328
ACC002422,3671015209721779,9788100702,Bank Mandiri,Giro,Aktif,2018-02-16,8470054,684084,566229,193,0,11200558
ACC002423,3671015209721779,1592222558,BPR Mitra Usaha,Tabungan,Aktif,2021-03-22,16549246,803401,590662,164,0,10761379
ACC002424,3175012707781780,9687433827,Bank OCBC NISP,Tabungan,Aktif,2020-03-10,77895212,4882023,3974206,174,0,87130448
ACC002425,3175012707781780,3671816720,Bank Panin,Giro,Aktif,2022-07-14,134984926,5784871,4139889,150,0,76938614
ACC002426,3674010807731781,9468815204,Bank Danamon,Giro,Aktif,2022-01-19,12824401,2795811,2540318,31,0,8150212
ACC002427,3671011202001782,9580966049,BPR Mitra Usaha,Giro,Aktif,2015-02-27,18708117,1830368,1565905,109,2,-131119
ACC002428,3671011202001782,7928645941,BNI,Giro,Aktif,2025-01-18,18818809,1568979,1123250,59,0,24645782
ACC002429,3671016905951783,4121962180,Bank BCA,Giro,Aktif,2021-03-13,21815085,1103838,861175,107,2,39047982
ACC002430,3671016905951783,1712159255,Bank BRI,Tabungan,Aktif,2017-05-17,30645812,1117707,791641,104,2,40033038
ACC002431,3671012809791784,7263513740,Bank CIMB Niaga,Tabungan,Aktif,2016-07-10,143415124,6249584,4696042,22,0,71031321
ACC002432,3173016502671785,5454465665,Bank Panin,Giro,Aktif,2023-06-18,5936209,1742231,1668679,195,0,10538118
ACC002433,3172014606721786,8034335912,BNI,Giro,Aktif,2021-02-04,5762560,669528,584298,50,1,5112715
ACC002434,3172014606721786,7593955791,Bank BCA,Giro,Aktif,2019-08-04,10581968,694882,582201,48,0,13371534
ACC002435,3671010605901787,7943833660,Bank CIMB Niaga,Tabungan,Aktif,2020-07-25,22186117,2515069,2049101,81,0,25197219
ACC002436,3671010605901787,7039458689,Bank Permata,Tabungan,Aktif,2016-05-18,23675356,2580095,2295884,66,0,17247805
ACC002437,3671014604971788,9632609258,BPR Mitra Usaha,Tabungan,Aktif,2024-03-01,28428873,4593972,4097319,45,0,28755364
ACC002438,3172012105701789,3132186481,BNI,Giro,Aktif,2019-05-24,9289015,1448469,1240283,32,0,14015757
ACC002439,3172012105701789,8315224565,Bank BRI,Giro,Aktif,2021-12-03,4418804,1655158,1582596,120,0,4784883
ACC002440,3276015810931790,6732102541,Bank OCBC NISP,Tabungan,Aktif,2018-12-20,6596255,671152,527901,86,0,6920052
ACC002441,3671015905781791,7181883825,Bank OCBC NISP,Giro,Aktif,2019-06-30,14089554,1380566,1060162,29,0,24175978
ACC002442,3174011203731792,5373461832,Bank Mandiri,Tabungan,Aktif,2025-04-17,5934697,1074887,968469,38,0,5256400
ACC002443,3174011203731792,2537725028,BNI,Giro,Aktif,2020-11-16,9338647,964936,869698,177,0,12158885
ACC002444,3276010411811793,5535388336,Bank BRI,Giro,Aktif,2015-12-28,40262101,2604766,2118912,67,0,40748134
ACC002445,3172016607011794,1878394942,Bank CIMB Niaga,Giro,Aktif,2015-02-12,27026308,2201454,1726096,193,0,30978650
ACC002446,3172016607011794,8525227629,Bank OCBC NISP,Giro,Aktif,2019-02-28,38013640,3406611,2766813,147,0,17675527
ACC002447,3671011105871795,3878933497,Bank BNI,Tabungan,Aktif,2022-04-27,30524342,2086981,1470092,59,0,43958673
ACC002448,3671011105871795,6085020999,Bank CIMB Niaga,Tabungan,Aktif,2015-10-09,36702373,2044124,1536568,133,2,-40043
ACC002449,3674011103011796,8449451935,Bank OCBC NISP,Tabungan,Aktif,2017-06-14,15464239,1024750,860647,95,0,13040930
ACC002450,3171017007981797,7233098161,BNI,Giro,Aktif,2023-09-06,8642142,1322927,1176559,134,0,13341043
ACC002451,3171017007981797,5189974652,Bank BCA,Tabungan,Dormant,2020-05-11,18092884,1167283,886347,39,0,3490928
ACC002452,3674010504681798,8303259633,Bank Panin,Tabungan,Aktif,2022-10-22,8584697,1685174,1590870,142,0,4484330
ACC002453,3671010812821799,8800224812,Bank BCA,Tabungan,Aktif,2022-07-24,17095440,1056074,740056,99,0,10118826
ACC002454,3276015203671800,8413590474,Bank Panin,Giro,Aktif,2023-06-27,43124962,2261573,1737995,72,0,20773531
ACC002455,3275012604661801,8246744776,BNI,Tabungan,Aktif,2023-07-10,77937031,4305669,3105078,52,0,31681483
ACC002456,3671014604031802,4074957000,Bank CIMB Niaga,Giro,Aktif,2017-11-23,40001215,3336344,2826969,181,0,21875491
ACC002457,3671015012701803,4051903566,Bank Mandiri,Giro,Aktif,2025-05-01,7829067,886555,727352,82,0,4952684
ACC002458,3671015012701803,9932230331,Bank OCBC NISP,Tabungan,Dormant,2017-08-24,12668364,898709,748212,71,0,2012127
ACC002459,3276014107671804,4071763922,Bank BNI,Tabungan,Aktif,2024-12-23,59783428,7391089,6704696,191,0,46342409
ACC002460,3276014107671804,8682722159,Bank Permata,Tabungan,Aktif,2024-04-09,19034859,5546843,5127087,83,0,27415582
ACC002461,3276014107901805,6300527894,BPR Mitra Usaha,Giro,Dormant,2018-07-14,7084752,1255284,1119954,20,0,1056052
ACC002462,3173015408921806,7832810839,BPR Mitra Usaha,Giro,Aktif,2016-10-07,9671772,985193,853903,177,0,7173589
ACC002463,3674012207761807,5040498108,Bank OCBC NISP,Tabungan,Aktif,2023-07-05,21392404,801028,574542,135,0,29919643
ACC002464,3674012207761807,7797695398,Bank BCA,Giro,Aktif,2024-10-22,7557756,1299571,1174928,106,0,4548468
ACC002465,3174017004671808,1689150351,BNI,Tabungan,Aktif,2016-09-23,3006921,1427393,1380976,121,0,4466420
ACC002466,3174017004671808,7608193114,Bank OCBC NISP,Tabungan,Aktif,2016-07-09,5883039,1068552,1002052,27,3,-100284
ACC002467,3671010801671809,1184373824,Bank Permata,Giro,Aktif,2018-10-09,2925628,647237,586160,189,0,2823111
ACC002468,3171011905781810,3562179831,Bank Mandiri,Giro,Aktif,2017-01-21,18300609,1259639,1052237,78,0,9629476
ACC002469,3173016008981811,8041248206,Bank Permata,Giro,Aktif,2022-03-31,40610940,2527928,2073029,26,0,28855918
ACC002470,3671015104001812,8575192287,Bank BNI,Giro,Aktif,2023-12-01,40613536,3185896,2752260,38,1,51655358
ACC002471,3671010907681813,1615252348,Bank BNI,Giro,Aktif,2023-12-02,10912746,1474342,1240639,100,0,4596230
ACC002472,3671011209971814,5217071881,Bank BCA,Tabungan,Aktif,2021-11-21,10474233,1074563,924653,62,0,4240739
ACC002473,3671011209971814,2905877592,Bank Panin,Giro,Aktif,2021-10-16,11907535,1186380,1027300,74,0,18849801
ACC002474,3173010311011815,7392253128,Bank BCA,Tabungan,Aktif,2015-01-31,23093060,1708947,1419123,47,2,-146700
ACC002475,3173010311011815,7629549243,Bank CIMB Niaga,Giro,Aktif,2016-07-09,23621447,1496597,1165974,167,0,19310479
ACC002476,3172016405771816,2689131251,Bank CIMB Niaga,Giro,Aktif,2017-12-24,5506010,1043274,975500,65,2,4175416
ACC002477,3276010106991817,4566515696,Bank CIMB Niaga,Giro,Aktif,2023-11-09,35102129,1445365,1090900,142,1,23404468
ACC002478,3276010106991817,6663250213,Bank Panin,Giro,Aktif,2020-03-19,11883693,907555,716168,73,0,7736076
ACC002479,3171016907821818,5194940109,BNI,Tabungan,Aktif,2015-09-10,19856776,1371253,961183,129,0,31699795
ACC002480,3674010612701819,6357039035,Bank Permata,Giro,Aktif,2020-04-26,3622802,740688,675245,108,0,2606659
ACC002481,3671016911661820,6127265132,Bank BRI,Giro,Aktif,2016-01-30,15164526,1593439,1439366,166,0,13441105
ACC002482,3671016911661820,3800843466,Bank Permata,Tabungan,Aktif,2017-04-02,7920585,1686177,1553175,110,0,12824785
ACC002483,3171011505011821,7305576028,Bank OCBC NISP,Giro,Aktif,2016-05-18,22832317,3092288,2712355,56,0,38004682
ACC002484,3171015007941822,7577910168,Bank BNI,Tabungan,Aktif,2020-12-26,13480007,3036632,2701154,150,0,10594485
ACC002485,3172010602861823,5367409035,Bank BCA,Giro,Aktif,2021-01-31,11973200,1021995,901481,87,1,-123003
ACC002486,3174012811841824,8942818450,Bank BNI,Giro,Aktif,2021-05-20,4070115,874872,814696,71,2,5659729
ACC002487,3674014812701825,1097192736,Bank BCA,Tabungan,Aktif,2024-01-10,24102172,2426560,1920921,180,1,11366753
ACC002488,3674014812701825,7510756759,Bank OCBC NISP,Giro,Aktif,2018-08-20,27956224,1917270,1602931,188,0,14665871
ACC002489,3275011003981826,9019030090,Bank BRI,Giro,Aktif,2017-05-17,99944336,7420726,5757473,116,0,179579084
ACC002490,3173015108751827,1095452011,Bank BCA,Giro,Aktif,2017-08-06,172129626,8332078,6416222,48,0,291131486
ACC002491,3173015108751827,4557757228,BPR Mitra Usaha,Tabungan,Aktif,2018-05-19,41230668,8575145,8033342,103,3,48570154
ACC002492,3271012607021828,8652345766,BPR Mitra Usaha,Giro,Dormant,2017-04-03,6788881,1583170,1468533,94,0,1007725
ACC002493,3271012607021828,4406490151,Bank Mandiri,Tabungan,Aktif,2018-02-12,18593042,1749501,1533549,134,0,8500990
ACC002494,3671010109931829,8236807820,Bank OCBC NISP,Tabungan,Aktif,2022-06-14,2144449,353280,322588,81,0,1139094
ACC002495,3671010109931829,8345989001,BNI,Giro,Aktif,2017-03-21,3638481,297996,229571,55,1,-6030
ACC002496,3671016403961830,3145293815,Bank Panin,Tabungan,Aktif,2018-12-17,27453683,2576143,1904880,141,0,15118797
ACC002497,3671016403961830,2372367640,BNI,Giro,Aktif,2022-12-18,10000006,2164914,2002205,179,0,6651481
ACC002498,3674013103781831,4202302426,Bank BNI,Tabungan,Aktif,2018-08-14,32748122,1816058,1460566,158,3,32317591
ACC002499,3276015901881832,4836385864,Bank Panin,Giro,Aktif,2016-12-11,6757214,609857,467908,83,1,10015658
ACC002500,3671015809771833,4931237532,Bank Danamon,Giro,Aktif,2018-12-16,14573450,1153880,1003094,159,0,16129635
ACC002501,3671015809771833,1127708899,Bank Panin,Giro,Aktif,2019-11-28,13806093,1208979,1019760,57,0,11347085
ACC002502,3671010805671834,8353947896,Bank Panin,Tabungan,Aktif,2015-03-27,21276654,1696726,1452875,166,0,10288346
ACC002503,3275013001851835,6579170023,BPR Mitra Usaha,Giro,Aktif,2015-02-16,25503868,3067691,2557535,28,0,34423642
ACC002504,3271012203661836,2719645768,Bank BCA,Tabungan,Aktif,2024-02-18,46996764,7061070,6559344,29,3,24711801
ACC002505,3271012203661836,1189776488,Bank Permata,Tabungan,Aktif,2018-09-26,60714016,6709485,5810933,21,0,72855183
ACC002506,3674014406671837,3625472662,Bank Permata,Tabungan,Aktif,2024-01-03,52154640,4074380,3299596,195,0,47452530
ACC002507,3674014406671837,3548757027,Bank Panin,Giro,Aktif,2017-03-26,38177655,4474394,3697692,127,0,66214736
ACC002508,3172016308791838,6244378342,BNI,Tabungan,Aktif,2022-03-11,26610153,1007495,737428,132,0,29347745
ACC002509,3674010603911839,6499814576,BNI,Tabungan,Aktif,2023-02-23,2871820,858420,792412,151,0,4579705
ACC002510,3671015901911840,5376703419,Bank Danamon,Giro,Aktif,2023-02-27,9145037,961887,852022,195,0,7899685
ACC002511,3671015901911840,6836071166,Bank Panin,Tabungan,Aktif,2025-01-17,8025825,1588963,1421074,96,0,13602587
ACC002512,3671014610821841,2379568558,Bank Permata,Giro,Aktif,2021-06-23,119939434,4805637,3479359,173,0,196719431
ACC002513,3172016611761842,9893151578,Bank Mandiri,Giro,Aktif,2023-03-16,12459620,999699,813311,25,0,21288911
ACC002514,3171016202031843,8928273621,Bank Panin,Giro,Aktif,2016-07-24,3654861,3159290,3079650,41,0,3141587
ACC002515,3671015506791844,9957453189,Bank Panin,Tabungan,Aktif,2023-11-13,40419605,1722365,1247450,65,0,33386816
ACC002516,3276016511921845,1036532186,Bank Danamon,Giro,Aktif,2022-08-31,22269740,1767081,1510466,96,3,28374016
ACC002517,3275010612671846,6388961720,Bank CIMB Niaga,Giro,Aktif,2019-06-10,31583421,2498841,2023111,77,0,44446271
ACC002518,3275010612671846,2766871901,Bank BRI,Tabungan,Aktif,2015-03-01,33735196,2748897,2399018,116,0,57429914
ACC002519,3172014607911847,6341507678,BNI,Tabungan,Aktif,2021-10-16,4527963,741008,651068,22,0,5894855
ACC002520,3172014607911847,2388201928,Bank Mandiri,Tabungan,Aktif,2023-01-02,12220960,853844,650409,141,0,13774677
ACC002521,3173014208671848,4750276974,BPR Mitra Usaha,Tabungan,Aktif,2022-02-18,6419696,1594359,1479505,93,1,5154623
ACC002522,3173014208671848,2251225707,Bank Panin,Giro,Aktif,2025-07-08,18791648,1273909,925910,30,1,27796288
ACC002523,3671011705001849,4770225440,Bank Panin,Giro,Aktif,2022-09-01,14234652,1060556,915720,154,0,23627497
ACC002524,3674011810741850,8474948477,Bank CIMB Niaga,Tabungan,Aktif,2018-07-14,7810185,569067,399376,182,0,11150237
ACC002525,3171016001901851,7836136801,Bank OCBC NISP,Giro,Aktif,2019-08-08,1665848,1204776,1171601,27,1,1990756
ACC002526,3275016708971852,1578069280,Bank Panin,Tabungan,Aktif,2023-12-16,10643287,1361738,1167983,112,0,14200532
ACC002527,3275016708971852,8532777119,Bank Panin,Tabungan,Aktif,2020-08-11,14760864,1302026,1008063,156,0,24007058
ACC002528,3674012201001853,8812593243,BNI,Tabungan,Aktif,2016-10-05,40092242,2515839,1765552,22,0,40659598
ACC002529,3174017012751854,2519576074,Bank Panin,Giro,Aktif,2017-02-17,15206375,1615574,1314076,150,0,17339787
ACC002530,3271015009911855,5079560593,Bank BCA,Giro,Aktif,2024-02-06,14392603,1238833,1094867,81,0,10974694
ACC002531,3175015011911856,3348999851,Bank BCA,Giro,Aktif,2018-08-08,6853636,3773665,3686669,113,0,10946764
ACC002532,3271011709741857,7486323752,Bank CIMB Niaga,Giro,Aktif,2021-03-26,30207213,2462616,1756553,138,1,51627131
ACC002533,3671011908941858,1478680269,Bank BNI,Tabungan,Aktif,2020-10-08,24093918,2344330,2000949,191,0,11717724
ACC002534,3674010304981859,8811974799,Bank CIMB Niaga,Giro,Aktif,2024-06-03,38366261,5751431,4917102,139,0,37672470
ACC002535,3671012806981860,1959613494,Bank Danamon,Tabungan,Aktif,2015-12-18,11254272,3981049,3802202,197,0,6557953
ACC002536,3671012806981860,5193692356,Bank BRI,Giro,Aktif,2016-04-07,47012019,3295188,2737673,28,1,28508468
ACC002537,3671015001681861,2773257891,BNI,Tabungan,Aktif,2023-11-28,53019156,2803297,2246413,90,0,42283299
ACC002538,3271016307821862,4249763456,BPR Mitra Usaha,Giro,Aktif,2019-03-04,62065070,3257689,2463010,67,0,83693408
ACC002539,3671010203651863,2370433524,Bank BRI,Giro,Aktif,2024-11-12,15359219,1827286,1526982,172,2,19041086
ACC002540,3276014205651864,7961549416,Bank BCA,Tabungan,Aktif,2017-01-07,2906719,655105,621876,131,1,1727901
ACC002541,3671016006791865,7044689676,BPR Mitra Usaha,Tabungan,Aktif,2023-07-25,11817781,759486,631405,163,0,20328339
ACC002542,3671016006791865,3110721735,Bank Permata,Giro,Aktif,2017-06-14,17093368,713415,537505,100,0,27646792
ACC002543,3174014305821866,6547427589,Bank Danamon,Giro,Dormant,2015-10-23,38160903,3152724,2419223,27,1,9399702
ACC002544,3174014305821866,6823834680,Bank CIMB Niaga,Giro,Aktif,2020-06-09,36685903,2340536,1697346,174,0,25300957
ACC002545,3271015506761867,9146493378,Bank BCA,Giro,Aktif,2019-06-24,47982982,2033356,1426479,130,0,58289523
ACC002546,3271015506761867,9080556898,Bank Permata,Tabungan,Aktif,2024-03-02,11942144,1298997,1170431,54,0,8149123
ACC002547,3171016809881868,9050302811,Bank Mandiri,Giro,Aktif,2017-10-24,7718775,2403266,2226469,42,0,4536347
ACC002548,3173011409731869,6681173907,Bank Panin,Giro,Aktif,2019-11-16,16899132,772465,569340,99,0,16917881
ACC002549,3173011409731869,6678754774,Bank Permata,Giro,Aktif,2021-10-30,8656403,696820,567086,101,0,15017236
ACC002550,3671012110971870,5925403647,BNI,Tabungan,Aktif,2023-12-18,10856299,915884,779338,159,0,14367327
ACC002551,3671012110971870,7131258088,Bank Mandiri,Giro,Aktif,2024-09-18,1272944,717085,697111,70,1,753608
ACC002552,3172016007991871,8955469776,BNI,Giro,Aktif,2019-12-01,8089720,1414554,1259312,105,0,13017596
ACC002553,3671017011691872,4477864164,BNI,Tabungan,Aktif,2016-01-10,4951530,1587388,1522166,84,0,6972263
ACC002554,3674014306781873,3363965713,Bank BCA,Giro,Aktif,2025-03-30,21823804,2123515,1817472,33,0,35187075
ACC002555,3275012507721874,1814435781,Bank CIMB Niaga,Tabungan,Aktif,2019-11-05,13767974,748383,577451,65,0,17689386
ACC002556,3671014901861875,9162070504,Bank Permata,Tabungan,Aktif,2017-01-30,22960438,1851715,1585756,90,0,20825820
ACC002557,3671014901861875,9073398196,Bank BRI,Tabungan,Aktif,2021-12-12,23714533,2793579,2551278,149,0,14426191
ACC002558,3671016508851876,6498654148,Bank CIMB Niaga,Giro,Aktif,2020-01-20,6274538,1626726,1543133,131,0,4587182
ACC002559,3671012208021877,6682933544,Bank Permata,Giro,Aktif,2023-12-11,8213438,1153078,952143,61,1,-56717
ACC002560,3171010504841878,7297732094,Bank CIMB Niaga,Giro,Aktif,2024-09-02,30770038,1446686,1025864,71,0,20871452
ACC002561,3271012902881879,2320335564,Bank CIMB Niaga,Giro,Dormant,2020-07-29,6724549,607314,472462,132,0,467182
ACC002562,3671011001861880,8489026462,Bank BCA,Giro,Aktif,2016-04-12,23904938,1496433,1054557,111,0,39563145
ACC002563,3671011001861880,1693509005,Bank BRI,Tabungan,Dormant,2023-05-03,2587433,926167,894958,177,0,622973
ACC002564,3171012812701881,2776232793,BNI,Giro,Aktif,2018-05-21,27518902,1240965,942107,174,1,42043654
ACC002565,3173012206951882,2383189751,Bank BRI,Giro,Dormant,2017-09-27,19204350,1117550,821498,145,0,2964600
ACC002566,3271014203681883,3677164422,Bank BNI,Giro,Aktif,2022-02-24,22066207,2183837,1863518,42,0,33877993
ACC002567,3671010510851884,4888055350,Bank BNI,Giro,Aktif,2020-06-19,34355163,1857871,1431905,93,0,50258454
ACC002568,3671014907721885,3526726101,Bank Panin,Tabungan,Aktif,2017-06-18,754288,457550,444963,80,0,604113
ACC002569,3674012207681886,7489853936,Bank BRI,Giro,Aktif,2024-11-02,17397923,1050521,870950,117,0,19851885
ACC002570,3674012207681886,3076411081,Bank OCBC NISP,Tabungan,Aktif,2019-08-09,6899579,1293022,1207686,64,0,3407970
ACC002571,3671015012711887,2851305881,Bank Panin,Giro,Aktif,2017-09-25,3797108,376241,303372,41,0,3612237
ACC002572,3671016504701888,8368809935,Bank Mandiri,Tabungan,Aktif,2021-09-12,30844485,1933846,1621865,107,0,38813913
ACC002573,3171014105771889,9808107562,Bank BRI,Giro,Aktif,2025-05-09,21664539,863916,624124,104,0,18568970
ACC002574,3171014105771889,1417330366,Bank Panin,Giro,Aktif,2024-12-08,14802968,940995,714664,197,0,16763757
ACC002575,3674010412871890,8743348798,Bank Permata,Giro,Aktif,2023-03-15,33406935,2366044,1857346,55,0,25321970
ACC002576,3671015205991891,4265370886,BPR Mitra Usaha,Tabungan,Aktif,2017-04-05,9011710,694908,511777,36,0,14945104
ACC002577,3175015209701892,1381127768,Bank CIMB Niaga,Tabungan,Aktif,2020-06-28,2008476,403755,375883,23,0,1822435
ACC002578,3276015109691893,8934016032,Bank CIMB Niaga,Giro,Aktif,2019-07-18,58541309,4820021,3988159,84,0,85634839
ACC002579,3276015109691893,9923252776,BNI,Giro,Aktif,2015-05-21,63145241,5784420,4877300,139,0,26315990
ACC002580,3671010303031894,3883762675,Bank OCBC NISP,Tabungan,Aktif,2024-02-04,27698574,2362599,2051718,198,0,33431561
ACC002581,3671011503851895,8561666201,Bank BCA,Tabungan,Aktif,2017-05-14,5601805,1003452,928265,99,2,6534945
ACC002582,3674016203861896,2213849985,Bank CIMB Niaga,Tabungan,Aktif,2023-06-24,2654887,838274,774815,155,0,1183038
ACC002583,3674016203861896,7412721073,Bank CIMB Niaga,Giro,Aktif,2018-09-24,6956715,840493,751888,146,0,8871661
ACC002584,3674012310741897,8139064885,Bank Panin,Giro,Aktif,2025-07-05,14290601,828743,661846,195,2,17843271
ACC002585,3174010211871898,1672653207,Bank Panin,Giro,Aktif,2022-11-16,21324504,1519934,1115185,58,0,22067231
ACC002586,3671016810931899,4833976526,Bank BCA,Giro,Aktif,2021-10-28,830251,736835,718498,27,0,527595
ACC002587,3671011102891900,5164279467,Bank Panin,Giro,Aktif,2020-04-02,12966954,837579,690690,39,0,20095081
ACC002588,3671015006821901,1123427402,Bank Panin,Giro,Aktif,2024-05-22,10594933,2018512,1854322,94,1,12624396
ACC002589,3671016001841902,7388672237,BPR Mitra Usaha,Giro,Aktif,2020-02-14,19828311,1714972,1439261,161,3,32758230
ACC002590,3175014906691903,7832106326,Bank Danamon,Tabungan,Aktif,2020-10-25,10605537,1290768,1173388,102,0,12473711
ACC002591,3271012802661904,6998996411,Bank Mandiri,Giro,Aktif,2015-11-25,1944668,248418,209422,193,0,2097234
ACC002592,3173010304031905,8349721618,Bank Permata,Tabungan,Dormant,2023-02-27,4504587,678207,615566,84,0,1096695
ACC002593,3173010304031905,6403984698,Bank Mandiri,Tabungan,Aktif,2024-05-26,1804998,426304,394997,150,0,2629073
ACC002594,3674011107701906,6916732832,Bank Permata,Tabungan,Dormant,2017-05-27,18407639,1288738,1055758,20,0,3194472
ACC002595,3171010408001907,9078746752,Bank CIMB Niaga,Giro,Aktif,2018-04-15,4583729,1414662,1367084,145,0,2252659
ACC002596,3674016301811908,1320735097,Bank BCA,Giro,Aktif,2020-09-02,1045916,842955,823839,152,0,1353470
ACC002597,3674016301811908,5137934343,Bank Mandiri,Giro,Aktif,2021-11-27,1608807,528023,509814,124,0,698721
ACC002598,3175014703781909,8243239867,Bank CIMB Niaga,Tabungan,Dormant,2022-06-27,16206268,2113566,1897821,112,0,1227895
ACC002599,3175014703781909,6474689185,Bank Permata,Giro,Aktif,2018-08-23,24120932,1249676,930279,159,0,10727545
ACC002600,3271015504711910,6008016845,Bank BNI,Giro,Aktif,2023-12-31,26219988,1103716,817629,102,0,19163666
ACC002601,3671012212971911,2920691453,Bank BNI,Giro,Aktif,2017-03-20,14407832,3115117,2872996,142,0,14802045
ACC002602,3175014804921912,1462221693,Bank BNI,Tabungan,Aktif,2025-05-06,35630507,3592046,3117328,122,0,54401717
ACC002603,3175014804921912,8408154885,Bank BCA,Tabungan,Aktif,2018-06-28,55592083,3108807,2456489,136,0,38897574
ACC002604,3671016404021913,8423705257,Bank CIMB Niaga,Tabungan,Aktif,2017-10-26,16971477,1381369,1190740,138,0,30409526
ACC002605,3674011411981914,6673516054,Bank BRI,Giro,Aktif,2022-02-08,6632678,2056268,1952226,173,2,4338540
ACC002606,3276014509711915,1241173122,Bank OCBC NISP,Giro,Aktif,2019-09-26,32826578,2427116,2083662,123,0,57741263
ACC002607,3174016712771916,2370514272,Bank BCA,Tabungan,Aktif,2020-01-21,41895089,1799408,1340743,196,0,44939763
ACC002608,3174016712771916,3500740489,Bank Danamon,Giro,Dormant,2017-03-10,22074871,2320133,2079958,140,0,2312991
ACC002609,3174017004961917,2930560004,BPR Mitra Usaha,Giro,Aktif,2021-09-19,18991055,2012024,1634080,154,0,24751438
ACC002610,3275013011671918,2498023923,Bank Mandiri,Giro,Aktif,2024-04-09,33048596,1236136,870544,23,0,41916865
ACC002611,3275013011671918,9946849379,Bank BCA,Giro,Aktif,2016-10-01,15922309,1213909,854466,182,0,18570396
ACC002612,3172011706851919,2860350894,Bank CIMB Niaga,Tabungan,Aktif,2023-09-25,76245970,3013914,2240341,73,0,84391180
ACC002613,3172011706851919,5944677916,Bank Mandiri,Giro,Aktif,2025-03-16,64602056,3623552,2872541,63,0,86753773
ACC002614,3173016410931920,1778397395,Bank BRI,Giro,Aktif,2021-04-14,12249791,1636468,1431942,91,0,13074455
ACC002615,3173016410931920,1931927104,Bank Panin,Tabungan,Aktif,2018-12-07,10165514,1470876,1308710,99,0,16533258
ACC002616,3671016007651921,3108433617,Bank BRI,Tabungan,Aktif,2025-04-29,6559946,487638,398005,58,0,8007390
ACC002617,3275015704951922,4814582153,Bank Panin,Tabungan,Aktif,2024-07-30,25107228,1512879,1139220,55,0,23248963
ACC002618,3275015704951922,3299702752,Bank BNI,Tabungan,Aktif,2018-06-17,29669128,1912320,1430038,58,0,20213491
ACC002619,3174015802791923,2726201919,BPR Mitra Usaha,Tabungan,Dormant,2022-04-27,1587885,875981,841671,111,0,188034
ACC002620,3174015802791923,4134537008,Bank OCBC NISP,Tabungan,Aktif,2017-02-15,5641946,943233,819083,135,0,3937813
ACC002621,3172016404711924,5793042647,Bank OCBC NISP,Tabungan,Aktif,2016-07-06,7681584,959227,794163,197,0,6272664
ACC002622,3175011212811925,7839614263,Bank Danamon,Tabungan,Aktif,2016-10-26,10784822,708218,571599,74,0,11082751
ACC002623,3175011212811925,7478611197,BPR Mitra Usaha,Tabungan,Aktif,2021-03-02,4275559,638342,568149,134,0,4140283
ACC002624,3171014111901926,2362346361,Bank Panin,Giro,Aktif,2019-07-08,23558414,2302426,2003566,61,0,14207324
ACC002625,3171014111901926,5577473617,BPR Mitra Usaha,Tabungan,Dormant,2022-09-11,49242556,2681397,2087999,118,0,6397838
ACC002626,3171011711971927,8836710138,Bank Panin,Giro,Aktif,2020-01-20,29228469,1645075,1166795,33,0,24494359
ACC002627,3171011711971927,2216886354,BPR Mitra Usaha,Giro,Aktif,2024-04-19,11719695,1534859,1289698,75,0,10971378
ACC002628,3271010305921928,3764930889,Bank BRI,Giro,Aktif,2019-05-26,36234216,3685929,3202124,139,0,56600104
ACC002629,3671010802761929,1521830116,Bank BCA,Giro,Aktif,2016-03-19,3233667,885147,820693,132,0,3325196
ACC002630,3175012702831930,4866364213,Bank Mandiri,Tabungan,Aktif,2015-05-18,22446821,1778361,1408874,155,0,36850096
ACC002631,3276014208811931,2288615608,Bank BNI,Tabungan,Aktif,2021-02-06,6831824,500271,363937,44,2,11149376
ACC002632,3171016002831932,3016353438,Bank Permata,Tabungan,Aktif,2020-09-21,4911740,483256,378554,136,0,7979316
ACC002633,3171016002831932,5506679609,Bank BCA,Giro,Aktif,2023-02-19,9978579,523395,390920,27,1,-14928
ACC002634,3671011709701933,8245318746,BNI,Giro,Aktif,2015-07-10,6940717,1833374,1752981,184,0,3000852
ACC002635,3671011709701933,8944486655,BNI,Giro,Aktif,2019-09-01,12294982,2237706,2003518,139,0,12414775
ACC002636,3674010209681934,3915896585,Bank Mandiri,Tabungan,Aktif,2016-06-15,9937515,1053629,879627,168,0,8345024
ACC002637,3671014606831935,7781181354,Bank OCBC NISP,Giro,Aktif,2025-04-21,25396641,1139157,843833,49,0,10230511
ACC002638,3276011808921936,9185150122,Bank Permata,Giro,Dormant,2021-07-11,39213004,3024011,2177574,97,0,5761647
ACC002639,3276011808921936,9233101259,Bank Danamon,Tabungan,Aktif,2024-09-28,56491426,3485369,2601859,96,0,97474109
ACC002640,3174016004871937,2100333732,BPR Mitra Usaha,Tabungan,Aktif,2019-04-25,15375281,796903,562012,102,0,16295601
ACC002641,3671011607011938,5513156138,Bank BNI,Tabungan,Aktif,2024-10-19,19226145,1972340,1654681,49,0,15272264
ACC002642,3674012802001939,8100796726,BPR Mitra Usaha,Tabungan,Aktif,2017-12-24,41538640,2167445,1544001,71,0,61559368
ACC002643,3671010706821940,3859377176,Bank BNI,Tabungan,Aktif,2015-08-27,22305949,5007336,4670783,107,0,20029155
ACC002644,3671010706821940,9166554566,Bank Panin,Tabungan,Aktif,2018-04-08,61187485,4273960,3586688,38,0,53742023
ACC002645,3671010709871941,8955016136,Bank BRI,Tabungan,Dormant,2021-04-08,25368688,2217077,1856164,159,0,3444179
ACC002646,3671010709871941,8505961798,Bank CIMB Niaga,Giro,Aktif,2016-12-06,42940543,3412709,2798569,36,3,29569027
ACC002647,3275012106831942,7085431886,Bank BCA,Tabungan,Aktif,2024-12-31,30275603,2006709,1471919,159,0,19144005
ACC002648,3671010502701943,7079655395,Bank Permata,Giro,Aktif,2025-08-20,42990872,3446472,2432882,103,0,74346850
ACC002649,3175011303771944,5761331429,Bank CIMB Niaga,Giro,Aktif,2018-07-18,17524464,2091950,1759097,199,0,12109821
ACC002650,3671012212681945,8893991217,Bank Mandiri,Tabungan,Aktif,2024-04-21,53691007,2395269,1750648,181,0,21945352
ACC002651,3175011112901946,1784065837,Bank Mandiri,Giro,Aktif,2019-04-05,28641391,1565562,1246998,198,0,34916638
ACC002652,3175011112901946,5090882170,Bank OCBC NISP,Tabungan,Aktif,2020-10-20,3685148,1651585,1562904,195,0,3375359
ACC002653,3275016207981947,2590061000,Bank Danamon,Giro,Aktif,2018-05-06,6845346,702997,560411,148,0,8526508
ACC002654,3276014909671948,8196321601,Bank Danamon,Tabungan,Aktif,2025-04-20,40735515,1966276,1444993,50,0,73196844
ACC002655,3171016005891949,3082339674,BNI,Tabungan,Aktif,2019-02-13,1958178,1209103,1176620,41,2,-115264
ACC002656,3671012502911950,3381893802,Bank Danamon,Giro,Aktif,2018-05-24,39843723,3681366,3141505,28,0,45075367
ACC002657,3671012502911950,2305255671,Bank BRI,Tabungan,Aktif,2021-11-29,28792979,2680569,2017625,111,0,25860728
ACC002658,3172015008851951,8037970962,BNI,Giro,Aktif,2018-09-21,2859872,880908,850478,140,0,1417459
ACC002659,3172015008851951,5877873086,Bank Mandiri,Giro,Aktif,2019-06-04,16611691,765580,569535,142,0,17326145
ACC002660,3276016402921952,6076612248,Bank BCA,Tabungan,Aktif,2020-12-27,16671354,1339799,1055529,168,1,-29296
ACC002661,3276015103761953,2730810212,Bank OCBC NISP,Giro,Aktif,2016-02-08,13998022,809571,636811,105,0,12071629
ACC002662,3173015010911954,9869806806,Bank BNI,Giro,Aktif,2022-12-14,9215306,1288792,1111445,78,0,14067616
ACC002663,3173014603981955,7651220434,Bank OCBC NISP,Tabungan,Aktif,2017-11-25,22311193,916776,682251,170,0,35015845
ACC002664,3173014603981955,5960501046,Bank Mandiri,Tabungan,Aktif,2022-02-02,17625313,914927,648209,86,0,13512140
ACC002665,3671014905881956,8658785761,Bank Permata,Giro,Aktif,2023-12-29,9065871,736734,606261,73,0,15926281
ACC002666,3671014905881956,1731893759,Bank Danamon,Giro,Aktif,2020-04-18,10793663,608331,449734,139,0,8892982
ACC002667,3671013005841957,6902037719,BPR Mitra Usaha,Giro,Aktif,2017-09-14,5606427,2476746,2414925,44,0,8540294
ACC002668,3671011006851958,1142082618,Bank Danamon,Giro,Dormant,2016-04-07,8166020,2233189,2110119,148,0,1612156
ACC002669,3671011006851958,4387994138,Bank Danamon,Tabungan,Aktif,2025-06-23,42427125,2212704,1696894,190,0,54541405
ACC002670,3275014410941959,8723249623,Bank BNI,Giro,Dormant,2016-11-22,36463144,5847716,5398784,124,1,5104719
ACC002671,3275016804001960,1833991923,BPR Mitra Usaha,Tabungan,Aktif,2016-10-17,39384245,1845373,1412715,150,0,46851468
ACC002672,3173017101711961,6325240797,Bank OCBC NISP,Tabungan,Aktif,2022-08-23,7554591,778413,659767,61,0,4706617
ACC002673,3173017101711961,2860465961,Bank OCBC NISP,Giro,Aktif,2022-06-20,14087914,745471,570065,109,2,-33325
ACC002674,3171011604751962,6617891069,BNI,Tabungan,Aktif,2018-03-27,10382181,1029482,873851,122,0,16493931
ACC002675,3671016101811963,5598929535,Bank Panin,Giro,Aktif,2018-07-21,3887135,1211299,1165988,167,0,6494368
ACC002676,3671016101811963,6698956116,Bank Danamon,Giro,Aktif,2017-03-03,18499130,1924204,1646664,148,0,17110748
ACC002677,3175016601001964,3998244245,BPR Mitra Usaha,Tabungan,Aktif,2020-04-19,5958643,2271680,2194776,29,0,9204073
ACC002678,3172016407911965,8069758392,Bank Mandiri,Giro,Aktif,2018-04-04,19428566,3195505,2880489,198,0,22105545
ACC002679,3171017003891966,6088155097,Bank BCA,Tabungan,Dormant,2021-03-29,16634053,3270121,2959141,21,0,1332036
ACC002680,3276015504001967,6410715192,Bank CIMB Niaga,Giro,Aktif,2017-03-30,4897279,423938,302849,124,0,3969658
ACC002681,3276015504001967,8727966078,Bank Permata,Giro,Aktif,2020-01-09,10402287,556797,390150,37,0,10696815
ACC002682,3671010501661968,9270256620,Bank OCBC NISP,Tabungan,Aktif,2017-02-26,14042458,2787740,2595105,194,0,9302487
ACC002683,3171011612011969,2160900885,Bank OCBC NISP,Tabungan,Aktif,2023-04-24,43483969,2823951,2161240,61,0,55740761
ACC002684,3271016104961970,7237249930,Bank BCA,Tabungan,Aktif,2021-11-22,17771058,2022966,1692171,56,0,31343064
ACC002685,3271016104961970,9326746920,Bank BCA,Giro,Dormant,2021-12-18,32300458,2142164,1665962,127,0,5118090
ACC002686,3276012604881971,4746258456,Bank Permata,Tabungan,Aktif,2023-05-10,39305719,2852296,2081934,172,0,46925123
ACC002687,3276012604881971,5159372662,Bank BNI,Giro,Aktif,2015-04-10,15211494,1785572,1589777,121,0,10176069
ACC002688,3271010212841972,8231169198,Bank Danamon,Tabungan,Aktif,2015-08-04,13156423,2286516,1992623,154,0,21107077
ACC002689,3175015405911973,7561516172,Bank Panin,Giro,Aktif,2020-04-27,32288894,2158945,1638160,93,0,24083199
ACC002690,3271013101771974,6308339677,Bank Mandiri,Tabungan,Aktif,2020-01-18,3289106,1939959,1900684,104,1,1779707
ACC002691,3276011607741975,8506717500,Bank BCA,Tabungan,Aktif,2024-12-07,16775339,1672984,1456821,139,0,27299234
ACC002692,3271016401761976,2561204499,Bank Mandiri,Tabungan,Aktif,2018-04-12,3534047,659784,624389,179,0,3536968
ACC002693,3271016401761976,4862252816,BPR Mitra Usaha,Giro,Aktif,2022-10-08,8866123,513776,391942,173,0,5021216
ACC002694,3674010209651977,1400611790,Bank OCBC NISP,Giro,Aktif,2020-11-21,21315352,1927837,1454374,192,0,17894483
ACC002695,3674010209651977,6695127333,BPR Mitra Usaha,Tabungan,Aktif,2016-07-01,23215030,1466738,1064943,47,0,37931747
ACC002696,3671010502811978,9949866418,Bank Mandiri,Giro,Aktif,2016-04-05,12595292,1110323,960798,163,0,20462991
ACC002697,3172010807841979,8274699584,Bank Panin,Tabungan,Dormant,2023-10-27,26305052,1025321,734655,141,0,5610166
ACC002698,3175012611681980,2815191788,Bank BRI,Giro,Aktif,2021-04-21,25201518,1329836,1065487,88,0,36380723
ACC002699,3175012611681980,7593518122,Bank BCA,Tabungan,Aktif,2019-09-17,11982187,1653723,1459889,95,0,9099280
ACC002700,3173014507031981,4897930897,Bank Mandiri,Tabungan,Aktif,2020-03-28,28864065,2693341,2141253,62,0,26445243
ACC002701,3271010505651982,3763361056,Bank CIMB Niaga,Giro,Dormant,2025-03-07,9320436,1756345,1592652,53,0,2157583
ACC002702,3671011512861983,6139354550,BNI,Giro,Aktif,2021-09-21,32005532,2133835,1753443,24,0,51837845
ACC002703,3171014410021984,3722097599,Bank Danamon,Giro,Aktif,2021-10-06,5003066,429830,372602,34,0,4789513
ACC002704,3173016812901985,8264176122,Bank CIMB Niaga,Giro,Aktif,2025-01-03,11900561,1059026,793745,171,0,15567816
ACC002705,3671011811851986,5001295455,Bank Danamon,Tabungan,Aktif,2019-10-27,10181957,528167,425917,169,0,9201511
ACC002706,3172014704781987,5533662928,Bank BNI,Tabungan,Aktif,2017-01-07,45463191,2583447,2050233,84,0,19336112
ACC002707,3172014704781987,9910497306,BNI,Giro,Aktif,2019-06-09,11510145,2186491,1986879,177,0,19394256
ACC002708,3173016701941988,3036670640,Bank BCA,Tabungan,Aktif,2021-01-08,2006449,594414,557414,140,0,1051190
ACC002709,3173016701941988,9128837308,BNI,Tabungan,Dormant,2023-12-20,2631034,432583,382586,160,0,429919
ACC002710,3275014410001989,7417919889,BNI,Giro,Aktif,2024-02-03,11761961,774121,654978,179,0,12974067
ACC002711,3674010503741990,4164072827,Bank Permata,Giro,Aktif,2018-09-12,3760239,694408,618026,96,0,2084442
ACC002712,3271011101941991,9172809460,Bank Danamon,Giro,Aktif,2015-03-05,18754338,1578906,1201241,159,0,8943945
ACC002713,3171010705851992,8489449020,Bank Panin,Tabungan,Aktif,2022-11-28,12270046,1815593,1682247,94,0,5746031
ACC002714,3271012211911993,2091994939,BPR Mitra Usaha,Tabungan,Aktif,2023-11-06,26511250,2117402,1726475,42,0,26202318
ACC002715,3271012211911993,8802935783,Bank OCBC NISP,Tabungan,Aktif,2023-07-04,7753797,1460965,1303321,41,0,7470895
ACC002716,3671015604801994,6935639461,Bank BNI,Giro,Aktif,2018-07-06,31434731,1719002,1392494,66,0,37776783
ACC002717,3671015604801994,8706781098,Bank Panin,Giro,Aktif,2017-10-08,10621338,2049788,1881606,103,0,6958641
ACC002718,3173015708821995,6665879948,Bank Danamon,Giro,Aktif,2015-01-21,13214164,1572620,1381068,95,0,14074774
ACC002719,3276012703011996,1538749845,BNI,Tabungan,Aktif,2019-09-25,56085697,2995221,2363433,62,0,78354980
ACC002720,3271016905911997,6473728341,Bank CIMB Niaga,Giro,Aktif,2015-10-10,19799669,2339089,2077876,61,0,16939330
ACC002721,3671011602791998,8152051665,Bank Panin,Tabungan,Aktif,2021-05-05,11697037,744114,583655,71,0,10650252
ACC002722,3173011105991999,2799244557,BPR Mitra Usaha,Tabungan,Aktif,2017-12-18,44128008,2702598,2002601,65,0,67258277
ACC002723,3671011907762000,1928259302,Bank BNI,Giro,Aktif,2025-01-10,50988131,5185816,4388569,65,0,33733308
ACC002724,3671011907762000,4622277156,Bank OCBC NISP,Giro,Aktif,2018-03-23,59203784,3716266,2717158,151,0,78150571
ACC002725,3175011902872001,9028650378,BNI,Giro,Aktif,2020-03-04,7169080,1864307,1709088,138,0,3824752
ACC002726,3671012504962002,2463005213,Bank Danamon,Tabungan,Aktif,2020-09-30,15266074,1265911,1087897,129,0,11730512
ACC002727,3671012504962002,6903126892,Bank CIMB Niaga,Giro,Aktif,2025-07-16,5747597,1094029,951170,116,0,8999362
ACC002728,3173010912932003,3564554753,Bank Danamon,Giro,Aktif,2017-02-12,2621636,1911225,1853978,88,0,3530212
ACC002729,3671015207652004,7964692109,Bank Danamon,Giro,Dormant,2017-08-21,7462154,1676788,1513442,33,0,649452
ACC002730,3171012003662005,5842776346,Bank Danamon,Tabungan,Aktif,2025-06-26,11757885,934299,724537,93,0,11128745
ACC002731,3173010202032006,4507116504,Bank Danamon,Giro,Aktif,2021-12-25,10146311,438341,308682,134,0,17838586
ACC002732,3671015204962007,7450643007,Bank OCBC NISP,Giro,Aktif,2023-10-29,1819692,985789,940541,107,0,3058131
ACC002733,3271012906902008,5812265208,Bank BCA,Giro,Aktif,2018-10-17,33500911,1492998,1141769,36,0,49064652
ACC002734,3174015011692009,1504397524,Bank CIMB Niaga,Tabungan,Aktif,2018-06-02,11604722,758459,551675,155,0,18662198
ACC002735,3671012810772010,3226006768,Bank CIMB Niaga,Giro,Aktif,2017-01-05,1264859,1011466,983014,189,1,-95683
ACC002736,3671016705682011,6616326801,BPR Mitra Usaha,Giro,Aktif,2022-02-21,3930321,1183771,1098907,183,0,2197615
ACC002737,3271014809872012,3206291806,BPR Mitra Usaha,Giro,Aktif,2020-11-26,5565645,987206,860819,186,0,3130311
ACC002738,3173015909022013,6715891634,Bank BNI,Giro,Aktif,2015-05-24,4853558,1457461,1389332,180,0,4687990
ACC002739,3671015309862014,8619116192,BNI,Giro,Aktif,2021-11-04,8518118,3498639,3346192,41,0,7588472
ACC002740,3671013001022015,8998701237,BNI,Giro,Aktif,2022-11-29,5802094,384887,305976,69,0,3113833
ACC002741,3671013001022015,6216640516,BNI,Tabungan,Aktif,2016-02-06,3073622,407458,355002,31,0,1727815
ACC002742,3175014604662016,9096020800,Bank Permata,Giro,Aktif,2025-07-16,5220744,591019,497243,20,3,8540141
ACC002743,3276016006892017,3194240173,BNI,Tabungan,Aktif,2018-12-10,48392600,2193301,1668037,34,0,54074185
ACC002744,3276016006892017,1310843311,Bank BRI,Tabungan,Aktif,2021-04-10,19344053,1415589,1202217,31,0,14153256
ACC002745,3173014511992018,8623264855,Bank CIMB Niaga,Tabungan,Aktif,2021-08-18,2028117,1218073,1188682,81,0,2308413
ACC002746,3671015203652019,1482881550,Bank BRI,Giro,Aktif,2015-09-06,15547196,2262384,1918296,40,0,24626317
ACC002747,3276015006762020,1589988776,Bank BNI,Giro,Aktif,2016-02-10,32404864,1253737,910498,120,0,55832401
ACC002748,3174016101012021,3090758045,BPR Mitra Usaha,Giro,Aktif,2021-04-09,2168116,408020,360372,99,0,1052236
ACC002749,3671015409862022,5650955203,Bank Panin,Tabungan,Aktif,2023-07-02,25948383,1613608,1165488,24,0,24879884
ACC002750,3671014904942023,8285543942,Bank BRI,Giro,Dormant,2016-08-07,2300208,806905,777940,194,0,165697
ACC002751,3671012704712024,7047792319,Bank BNI,Giro,Aktif,2022-11-06,31760741,4308528,3661822,80,0,31706254
ACC002752,3671016605702025,7948972349,BNI,Tabungan,Aktif,2017-09-26,72229151,5108582,4328463,165,0,81402397
ACC002753,3172014305922026,2222731076,Bank Mandiri,Tabungan,Aktif,2020-12-05,62685654,4158526,3435986,109,0,95803394
ACC002754,3172014305922026,6257922895,BNI,Tabungan,Aktif,2022-10-29,45460747,3289837,2692408,128,0,28405361
ACC002755,3173010808952027,6291961095,BNI,Tabungan,Aktif,2024-01-20,14277885,1004089,734163,139,0,15881246
ACC002756,3671016907852028,1867438184,BNI,Tabungan,Aktif,2020-03-10,27418612,1964794,1511341,36,0,29234180
ACC002757,3671016907852028,1799475119,Bank Panin,Tabungan,Aktif,2017-04-23,9000204,2351227,2215230,83,0,13712216
ACC002758,3671015509682029,6098760165,Bank Panin,Giro,Aktif,2020-09-10,16234602,1298850,1113543,53,0,28796004
ACC002759,3671015509682029,1732122650,Bank BRI,Giro,Aktif,2019-08-03,38482774,2054787,1473676,44,0,30247494
ACC002760,3171010201832030,3088383853,Bank Danamon,Giro,Aktif,2021-09-14,1240886,299549,276516,136,0,982831
ACC002761,3276012501812031,3364469506,BPR Mitra Usaha,Tabungan,Aktif,2023-09-08,7388580,678371,513132,182,0,6096459
ACC002762,3671014306932032,6726324492,Bank OCBC NISP,Giro,Aktif,2018-03-22,15141781,1070563,897435,148,0,13462251
ACC002763,3671014306932032,4074339214,Bank BRI,Tabungan,Aktif,2024-02-16,17961725,1158481,945105,180,0,15862836
ACC002764,3172015605712033,5718502718,Bank Danamon,Giro,Aktif,2016-07-30,32070092,2210398,1786145,186,1,26497963
ACC002765,3171014712652034,6016510862,Bank Permata,Tabungan,Aktif,2025-04-25,3198148,572992,519577,24,0,4758269
ACC002766,3171014712652034,3438231530,Bank Permata,Giro,Aktif,2021-03-06,11820921,887181,687068,54,1,7037038
ACC002767,3271010905742035,6798735037,Bank Mandiri,Giro,Aktif,2020-03-28,13700475,1133586,914550,80,0,8091554
ACC002768,3671010902822036,1233005463,Bank CIMB Niaga,Tabungan,Aktif,2024-12-15,9317694,828989,731519,177,0,5864699
ACC002769,3671010902822036,4902108619,Bank OCBC NISP,Tabungan,Aktif,2020-09-04,20854258,1290502,1057550,32,0,32132977
ACC002770,3671011408972037,2244943270,Bank Permata,Tabungan,Aktif,2025-01-09,9593464,1665488,1550466,186,0,6272067
ACC002771,3671011301932038,6221018324,Bank Panin,Giro,Aktif,2021-05-28,11093842,1019761,878271,143,0,15537155
ACC002772,3674016308722039,8144535257,Bank Permata,Giro,Aktif,2015-05-03,66980896,4465260,3549070,41,0,72622572
ACC002773,3671014207992040,1563484003,Bank BRI,Tabungan,Aktif,2016-10-31,23722867,4794797,4392723,93,0,12847846
ACC002774,3671011805652041,1521131962,Bank BNI,Giro,Aktif,2016-04-30,14728315,771344,590359,147,0,18686004
ACC002775,3276015304862042,3715871657,Bank BRI,Giro,Aktif,2017-09-25,26641644,1840533,1405334,147,0,29153888
ACC002776,3276015304862042,1315309469,Bank OCBC NISP,Tabungan,Aktif,2017-03-25,26966330,1956567,1456635,125,2,27357122
ACC002777,3671016306862043,1582662083,Bank CIMB Niaga,Giro,Aktif,2023-05-07,33006869,3206143,2797641,86,0,55958398
ACC002778,3671012210992044,6140365572,Bank Mandiri,Giro,Aktif,2025-03-14,17457630,1410129,1083177,91,0,29960755
ACC002779,3671016507902045,2197400840,Bank Permata,Tabungan,Aktif,2017-02-02,17314058,995071,713300,107,0,25059474
ACC002780,3671016507902045,1027548089,BPR Mitra Usaha,Giro,Aktif,2025-07-05,4514435,784037,694934,198,0,5569092
ACC002781,3671014704012046,4509422588,Bank Danamon,Tabungan,Aktif,2024-05-29,50473147,2040792,1504493,164,0,43837116
ACC002782,3271016301922047,9769765134,Bank BNI,Giro,Aktif,2017-07-22,7117945,813209,737610,40,0,10809497
ACC002783,3671014708702048,8297129293,BPR Mitra Usaha,Tabungan,Aktif,2016-06-14,7381166,1012721,887180,35,0,5197705
ACC002784,3671014708702048,1495539108,Bank OCBC NISP,Giro,Aktif,2019-11-24,21284812,1591347,1232440,43,0,14373263
ACC002785,3275016112882049,3633230933,Bank BNI,Giro,Aktif,2024-06-13,15121971,1484784,1229791,142,0,11979325
ACC002786,3275016112882049,3525691070,Bank Mandiri,Tabungan,Aktif,2022-04-03,11832271,1887493,1629343,77,0,8708975
ACC002787,3671013009762050,3201454274,Bank Mandiri,Giro,Aktif,2016-11-25,37740457,2266738,1882707,70,2,21013118
ACC002788,3671012009992051,5295308527,Bank BCA,Tabungan,Aktif,2025-06-14,38856456,2380412,1844638,116,0,43751757
ACC002789,3671012606022052,2234108998,Bank OCBC NISP,Tabungan,Aktif,2023-06-02,11379638,474109,356083,29,0,17798559
ACC002790,3671012606022052,1089668615,BPR Mitra Usaha,Tabungan,Aktif,2023-10-01,974140,382937,363209,116,1,865396
ACC002791,3171012204832053,3874344402,Bank CIMB Niaga,Giro,Aktif,2021-10-15,99826602,4820838,3739167,78,3,119538150
ACC002792,3276010804822054,7925648090,Bank Permata,Tabungan,Aktif,2019-04-30,22273089,1926625,1550178,95,0,24083016
ACC002793,3276010804822054,1372285385,BPR Mitra Usaha,Giro,Aktif,2017-11-01,21684440,1846968,1484986,157,0,21223963
ACC002794,3674016801002055,1954005149,Bank CIMB Niaga,Giro,Aktif,2024-05-06,974441,552836,531806,24,0,1041791
ACC002795,3674016801002055,5697807141,Bank Panin,Giro,Aktif,2021-10-12,3097334,602936,564225,46,0,5251327
ACC002796,3674016305002056,3775359363,Bank BCA,Giro,Aktif,2019-02-12,6613850,4525797,4426776,25,0,4372075
ACC002797,3674015611802057,8945159978,Bank BRI,Tabungan,Aktif,2024-12-29,49530320,2206848,1673644,57,0,60584390
ACC002798,3276014505032058,8349097320,Bank BCA,Tabungan,Aktif,2016-11-12,25763974,1161700,882937,153,0,36462776
ACC002799,3674011505812059,8431798660,Bank Permata,Giro,Aktif,2025-01-16,6740126,1993012,1900179,146,2,4233773
ACC002800,3271011012752060,4200557626,Bank Panin,Giro,Dormant,2019-09-19,18005251,1805445,1499969,108,2,3531768
ACC002801,3275016409912061,5133524092,Bank Permata,Tabungan,Aktif,2024-08-12,33257149,3098068,2311937,116,0,58129147
ACC002802,3275016409912061,1855542336,Bank OCBC NISP,Tabungan,Aktif,2022-11-13,28937928,1892984,1478559,190,2,27605949
ACC002803,3172015001992062,1043581699,Bank Danamon,Tabungan,Dormant,2020-11-20,18583265,2731215,2401995,111,0,4596856
ACC002804,3172015001992062,1173410666,Bank BCA,Tabungan,Aktif,2024-03-26,24353683,2999893,2420349,135,0,35316750
ACC002805,3271012506932063,2233851468,Bank Danamon,Tabungan,Aktif,2025-02-11,32690584,3635085,3289198,52,0,49007809
ACC002806,3175016209662064,9265474165,Bank Danamon,Tabungan,Aktif,2025-08-11,4847639,1727606,1652367,188,0,2991738
ACC002807,3174014104712065,5572401851,Bank BCA,Tabungan,Aktif,2023-05-04,4002109,1064887,974485,90,2,6547367
ACC002808,3671010401702066,8332223698,Bank BRI,Giro,Aktif,2021-06-25,45582936,2847558,2330072,136,0,39380262
ACC002809,3276012509892067,1565988744,BPR Mitra Usaha,Tabungan,Aktif,2018-08-22,20633682,2166551,1911921,71,0,20019687
ACC002810,3276012509892067,8455328887,Bank Danamon,Tabungan,Aktif,2017-11-24,31885745,2194055,1545766,68,0,19174343
ACC002811,3172016601972068,5760919464,Bank Panin,Giro,Aktif,2015-01-19,35544904,2438894,2014750,52,0,33984547
ACC002812,3172016601972068,1134004145,Bank CIMB Niaga,Giro,Aktif,2017-06-14,8129736,1634894,1447253,115,0,7582928
ACC002813,3275010807682069,6078410739,BNI,Giro,Aktif,2015-07-13,14839087,1314404,1135176,106,0,6366367
ACC002814,3276010504862070,3509457044,Bank BCA,Giro,Aktif,2023-10-09,39351060,5547206,4989090,174,0,45157619
ACC002815,3276010504862070,2328657250,Bank Danamon,Tabungan,Aktif,2018-05-16,130132906,5785024,4271797,129,0,222823048
ACC002816,3175014304022071,6881974492,Bank Danamon,Giro,Aktif,2015-04-06,7294548,1509280,1426361,62,0,6875522
ACC002817,3275014612872072,3791808389,Bank Danamon,Tabungan,Aktif,2021-05-27,2404690,704743,658243,52,0,2874413
ACC002818,3174011006002073,8513756724,Bank Panin,Tabungan,Aktif,2015-03-19,13373014,881892,644149,20,0,17341056
ACC002819,3174011006002073,9260909178,Bank Danamon,Tabungan,Aktif,2018-06-29,15541008,1219552,959933,43,0,11552815
ACC002820,3671012810012074,2584006730,Bank CIMB Niaga,Tabungan,Aktif,2016-01-21,37056799,2571325,2162556,32,0,15117224
ACC002821,3671010411782075,3480896033,Bank BRI,Giro,Dormant,2015-02-21,6178491,696447,589611,58,0,1318689
ACC002822,3671010411782075,5230771125,Bank OCBC NISP,Giro,Dormant,2025-07-17,13050962,793905,648285,41,0,2582919
ACC002823,3171016110892076,8690518679,Bank Panin,Giro,Aktif,2025-03-23,15851314,1454215,1071634,109,0,20471402
ACC002824,3276015403922077,7598581684,Bank BNI,Tabungan,Aktif,2018-09-05,30080383,3409016,2969752,103,0,50786089
ACC002825,3276015403922077,4761168829,Bank Permata,Tabungan,Aktif,2024-06-07,9090305,2922055,2806636,105,0,13336566
ACC002826,3671010701942078,3212200885,Bank OCBC NISP,Giro,Aktif,2017-03-14,172284655,7338964,5546566,193,0,143575840
ACC002827,3671016205792079,8352339452,Bank Panin,Tabungan,Aktif,2018-01-02,5121079,661934,568442,123,0,3834723
ACC002828,3173014208742080,1224901650,Bank Mandiri,Giro,Aktif,2024-11-30,63655642,3043625,2406846,60,0,76388213
ACC002829,3171012405692081,9555997352,Bank Danamon,Tabungan,Aktif,2020-04-25,13674527,880625,643396,88,0,5575125
ACC002830,3171012405692081,3564877731,Bank BRI,Tabungan,Aktif,2024-04-26,10977942,751375,632353,176,0,7973309
ACC002831,3174014702812082,6912562143,Bank BNI,Giro,Aktif,2022-07-05,3377455,700784,659758,190,0,1744904
ACC002832,3671016709812083,5052469666,Bank Danamon,Tabungan,Aktif,2024-04-24,23943593,2133620,1881321,109,0,33886978
ACC002833,3671016709812083,7442616941,Bank Panin,Tabungan,Aktif,2021-07-17,60042750,2675335,1970438,31,0,103476251
ACC002834,3276012102902084,8773122726,Bank Panin,Giro,Aktif,2024-06-06,7951161,1300373,1199148,37,0,5722269
ACC002835,3276012102902084,4811276575,Bank CIMB Niaga,Tabungan,Aktif,2016-05-27,10676926,1451958,1337645,74,0,14954418
ACC002836,3275014109752085,5659792990,Bank BCA,Tabungan,Aktif,2015-05-17,2798288,1258412,1208885,193,0,2242155
ACC002837,3275014109752085,9561411865,Bank Panin,Tabungan,Aktif,2021-02-18,22792979,1357476,1055080,129,0,15046383
ACC002838,3172016211962086,5590214987,Bank Permata,Tabungan,Aktif,2020-12-11,2263126,588287,549245,99,0,1982501
ACC002839,3174012908982087,1101729574,Bank Mandiri,Tabungan,Aktif,2018-06-10,2319012,1301296,1243878,179,0,1011017
ACC002840,3171010701892088,6619571252,Bank CIMB Niaga,Giro,Aktif,2017-01-05,669301,274403,267405,65,0,999629
ACC002841,3671016112742089,6889363003,Bank BRI,Tabungan,Aktif,2022-08-11,39735397,2067130,1545038,148,3,47074231
ACC002842,3671012411852090,7618523707,Bank OCBC NISP,Giro,Aktif,2022-11-23,28256928,3138843,2729037,144,0,44439577
ACC002843,3275014601002091,1244903621,BNI,Giro,Aktif,2016-11-19,6524142,841498,735424,78,0,5739661
ACC002844,3671010409692092,7521915101,BPR Mitra Usaha,Giro,Aktif,2019-12-15,40271336,2092853,1566823,169,0,60809394
ACC002845,3671010409692092,8978001616,Bank Mandiri,Tabungan,Aktif,2020-11-27,37475560,1793153,1414555,152,1,43062366
ACC002846,3271016308762093,4265928226,Bank BCA,Giro,Aktif,2019-03-09,19934301,1477446,1139323,185,0,21798346
ACC002847,3271016308762093,3857831480,Bank Panin,Giro,Aktif,2023-10-28,15565441,1066773,879027,111,0,18400389
ACC002848,3674011305872094,8827310417,Bank Permata,Giro,Aktif,2016-10-12,5166972,912699,848968,90,0,6841365
ACC002849,3173016504992095,1624843807,Bank BRI,Giro,Aktif,2019-07-04,34723355,1582503,1201096,104,0,16465545
ACC002850,3172011412022096,4797895739,Bank Mandiri,Tabungan,Aktif,2025-02-10,7477888,1101892,993640,117,0,5423646
ACC002851,3172011412022096,6836462395,Bank BCA,Tabungan,Dormant,2021-12-27,1899506,875840,856075,126,0,421248
ACC002852,3674014702822097,5102106315,Bank BCA,Giro,Aktif,2025-03-31,25190333,1067120,795108,153,0,35147944
ACC002853,3275011009952098,3710389652,Bank BCA,Tabungan,Aktif,2016-09-02,25706513,2610975,2149945,148,0,43731925
ACC002854,3276016508832099,6189501584,Bank OCBC NISP,Giro,Aktif,2022-05-03,8305856,2635357,2512462,32,0,14387190
ACC002855,3276016508832099,9751482280,Bank Danamon,Giro,Aktif,2022-11-22,6130185,2003315,1925177,76,0,3045292
ACC002856,3173016209892100,7514927995,Bank CIMB Niaga,Tabungan,Aktif,2022-10-19,16138991,1237588,917286,175,0,8974820
ACC002857,3671014505992101,8315465056,Bank BCA,Tabungan,Aktif,2020-09-24,22923458,1531133,1218972,187,0,25863267
ACC002858,3671014505992101,6799103425,Bank BRI,Giro,Aktif,2016-07-02,12329596,1440650,1164807,198,0,14742472
ACC002859,3271014311912102,4074020051,BPR Mitra Usaha,Tabungan,Aktif,2021-04-02,7103297,1429698,1283876,175,0,6102684
ACC002860,3276010310702103,6545929330,Bank Permata,Giro,Aktif,2018-01-05,6577662,2084759,2013891,93,0,9210295
ACC002861,3275015501032104,6987029270,Bank BRI,Giro,Dormant,2022-03-26,13856926,1750647,1559652,117,3,2355986
ACC002862,3175016603722105,4111196278,Bank Panin,Giro,Aktif,2016-05-15,45792788,1782978,1265284,119,0,29950339
ACC002863,3175016603722105,2900327899,Bank Mandiri,Giro,Aktif,2024-04-07,16217204,1867096,1637812,167,0,10614326
ACC002864,3671016010892106,5966330145,Bank BNI,Giro,Aktif,2025-03-15,7015711,3929194,3834774,111,0,10512168
ACC002865,3173016312732107,5796742059,Bank Panin,Tabungan,Aktif,2022-03-01,30252080,5232733,4721499,110,0,51984957
ACC002866,3173016312732107,2151531827,Bank BNI,Giro,Aktif,2021-01-13,28273287,5314105,4627112,96,0,40049488
ACC002867,3674011110742108,3279584118,Bank CIMB Niaga,Tabungan,Aktif,2022-04-23,5775359,1852217,1751456,62,0,4691413
ACC002868,3671014802702109,8938456265,Bank Mandiri,Tabungan,Aktif,2025-02-15,16132117,2719476,2536975,143,0,6625143
ACC002869,3671014802702109,1261299139,Bank Mandiri,Tabungan,Aktif,2025-08-09,30688732,1549646,1216627,187,0,37077597
ACC002870,3171013011832110,3405920871,Bank Mandiri,Tabungan,Aktif,2016-04-24,5227050,990275,919833,99,0,6237987
ACC002871,3671012011752111,2567428533,Bank Permata,Tabungan,Aktif,2023-07-08,23645440,2633185,2095956,114,0,33028445
ACC002872,3671012011752111,5152741396,Bank OCBC NISP,Tabungan,Aktif,2015-12-29,37060977,3512372,3070530,37,0,41431231
ACC002873,3276010507952112,3620871497,Bank OCBC NISP,Tabungan,Aktif,2018-05-18,51357213,2202704,1610706,139,0,90977795
ACC002874,3172010506962113,4950533008,BPR Mitra Usaha,Giro,Aktif,2024-12-09,17090351,1350831,1128191,148,0,10812606
ACC002875,3275011406702114,1264521860,Bank BCA,Tabungan,Aktif,2017-06-28,8403240,554119,413282,92,0,11102366
ACC002876,3175016406822115,6884378922,Bank CIMB Niaga,Tabungan,Aktif,2017-03-13,44942775,4506206,4045415,125,0,27749849
ACC002877,3175016406822115,7861068590,Bank BCA,Giro,Aktif,2023-08-18,13150858,4141717,3865982,48,0,5438588
ACC002878,3172016403842116,8293542864,Bank Danamon,Giro,Aktif,2015-01-13,8171169,303418,216551,185,0,14117145
ACC002879,3674011407932117,8026230882,Bank BNI,Giro,Aktif,2015-01-10,17860357,1322490,1025177,59,2,9185557
ACC002880,3275015506862118,3603876324,Bank BCA,Tabungan,Aktif,2021-05-14,2667543,874091,847276,161,0,4284284
ACC002881,3171016012972119,8797913756,Bank Permata,Giro,Aktif,2019-12-31,41256393,3148882,2411673,189,1,54511459
ACC002882,3271010411782120,1371718138,Bank Danamon,Giro,Aktif,2025-07-03,41973499,2259781,1681545,189,0,52825757
ACC002883,3671016201722121,4246468522,Bank BRI,Giro,Aktif,2017-07-06,10393041,559348,444202,197,0,9160604
ACC002884,3671012806942122,1583092798,Bank BRI,Giro,Aktif,2017-10-20,26076373,2205242,1690843,136,0,13275050
ACC002885,3671012806942122,2309060985,Bank BRI,Tabungan,Aktif,2023-01-31,37137438,2534282,2068799,44,1,14919661
ACC002886,3671016108732123,9212652781,Bank CIMB Niaga,Giro,Aktif,2024-03-06,46628716,3381567,2486124,176,0,65530353
ACC002887,3671016108732123,8930578028,Bank Danamon,Giro,Aktif,2023-11-13,66057234,2668463,1960561,195,0,64535630
ACC002888,3671012203662124,5885551506,Bank Permata,Tabungan,Aktif,2024-11-22,47567225,3535121,2824018,126,0,62656989
ACC002889,3173012302822125,1739569577,Bank Danamon,Giro,Aktif,2020-09-12,23450490,1607250,1254554,196,0,27302665
ACC002890,3173012302822125,6004895751,Bank CIMB Niaga,Tabungan,Aktif,2025-04-25,20563332,1329512,1121888,179,2,8390553
ACC002891,3275010607902126,1801466267,Bank BRI,Tabungan,Aktif,2016-08-09,11508424,1011197,751809,80,0,10469472
ACC002892,3175012904942127,8802762451,Bank BRI,Tabungan,Aktif,2023-02-11,4577596,951873,891380,133,0,2135251
ACC002893,3175014504952128,4088172950,Bank Panin,Tabungan,Aktif,2022-10-29,6554687,2458859,2330495,164,0,5382552
ACC002894,3275015110872129,4720358355,BNI,Tabungan,Aktif,2016-01-27,6011257,1248410,1172153,91,0,10100658
ACC002895,3275015110872129,9722428898,Bank Permata,Giro,Aktif,2022-01-14,7080462,1813232,1668741,79,0,11921324
ACC002896,3671017005802130,4707477778,Bank OCBC NISP,Giro,Aktif,2019-08-16,29565075,1726561,1321513,138,0,31845625
ACC002897,3275016802762131,8833187137,Bank BRI,Tabungan,Aktif,2021-06-13,3078457,311453,278958,167,0,3230650
ACC002898,3175015707852132,7583085793,BPR Mitra Usaha,Giro,Aktif,2023-09-05,1685842,1051002,1028169,122,0,2999463
ACC002899,3671015007742133,5030742507,BPR Mitra Usaha,Giro,Aktif,2015-09-11,13907645,1664105,1424767,93,0,12815609
ACC002900,3671015007742133,2598060400,Bank BNI,Giro,Aktif,2022-04-18,33980500,1680235,1297090,194,0,31186824
ACC002901,3671015107852134,7887461579,BNI,Giro,Aktif,2018-07-31,32505684,1333118,967546,50,0,49541221
ACC002902,3172011109762135,1062528245,Bank Danamon,Tabungan,Aktif,2024-05-19,15936394,1051809,824265,105,0,18177149
ACC002903,3172012808972136,2756682953,BPR Mitra Usaha,Tabungan,Aktif,2020-01-05,32796161,1656619,1266724,72,0,18138758
ACC002904,3175012405922137,8121176116,Bank Panin,Giro,Aktif,2025-02-24,15937856,2258828,1978421,193,1,8293039
ACC002905,3671016509862138,6089440245,Bank Danamon,Tabungan,Aktif,2022-09-19,25271009,1528620,1073508,169,0,27899859
ACC002906,3671014911792139,4704016416,Bank OCBC NISP,Tabungan,Aktif,2017-04-03,11211030,1010025,853951,114,0,4825919
ACC002907,3674016705982140,1046583007,Bank BCA,Tabungan,Aktif,2019-03-25,25208018,3327647,2919584,120,0,24833110
ACC002908,3671016207032141,3632603748,BNI,Giro,Aktif,2018-08-04,22828872,1946595,1553335,46,0,12860259
ACC002909,3173012208892142,6632034209,Bank Danamon,Tabungan,Aktif,2025-02-19,29547925,2039540,1569549,121,0,11899479
ACC002910,3173012208892142,4395704840,Bank BNI,Tabungan,Aktif,2018-06-11,40744715,3221312,2679677,68,0,56622183
ACC002911,3674011709802143,3415381056,Bank OCBC NISP,Giro,Aktif,2025-01-23,94883897,6309271,5270892,163,0,62819155
ACC002912,3276012005762144,1823402652,Bank CIMB Niaga,Tabungan,Dormant,2015-12-04,19683524,841099,622077,160,0,1652986
ACC002913,3671010104952145,4531280181,Bank Danamon,Tabungan,Aktif,2023-11-14,34891493,1671053,1295298,135,0,17566155
ACC002914,3173015107782146,5576693697,BPR Mitra Usaha,Giro,Aktif,2024-06-10,13409702,1331339,1075252,147,0,19632239
ACC002915,3173015107782146,2885255594,Bank Panin,Tabungan,Aktif,2024-09-02,6500774,1285606,1200307,91,1,9504460
ACC002916,3271014104962147,1795579814,Bank BRI,Tabungan,Aktif,2021-11-26,29635896,1408711,1069153,105,0,20387436
ACC002917,3671015810772148,3966537140,Bank OCBC NISP,Tabungan,Aktif,2019-10-20,2412253,352244,310951,98,0,1160912
ACC002918,3671015810772148,1082931346,Bank BCA,Tabungan,Aktif,2017-07-26,2850329,370227,335199,157,0,3742225
ACC002919,3674015608772149,5613241515,Bank CIMB Niaga,Giro,Dormant,2016-04-24,53238285,2933097,2232534,79,0,9610495
ACC002920,3276015605782150,4057633949,Bank BNI,Giro,Aktif,2018-04-26,44113130,2525682,1812788,172,0,43630604
ACC002921,3172010703032151,9632485523,BPR Mitra Usaha,Giro,Aktif,2018-07-02,20784135,2223789,1839938,185,0,9608125
ACC002922,3671012805802152,7356537389,BNI,Tabungan,Aktif,2016-04-12,2667478,902199,868827,68,0,4170720
ACC002923,3173011304842153,7442329298,Bank Permata,Giro,Aktif,2020-10-29,7941239,746712,612726,62,0,10620245
ACC002924,3173011304842153,6921464846,BNI,Tabungan,Aktif,2020-03-22,13372682,655261,506357,119,0,16966198
ACC002925,3175012903912154,4527509786,Bank BNI,Giro,Aktif,2015-06-27,10841408,1185777,921302,130,0,9814863
ACC002926,3175012903912154,6571083771,Bank OCBC NISP,Tabungan,Aktif,2017-02-11,5641391,1655909,1553838,44,0,7177608
ACC002927,3671010508982155,2151339127,BNI,Giro,Aktif,2023-12-03,95032839,4489431,3327359,142,0,113253998
ACC002928,3671014612872156,1638537097,Bank Danamon,Tabungan,Aktif,2016-04-27,14910710,1412875,1241996,105,0,22760456
ACC002929,3671014612872156,2393269237,BPR Mitra Usaha,Tabungan,Aktif,2017-10-26,5989116,838908,776159,199,0,5570044
ACC002930,3175010912962157,4490060313,Bank Mandiri,Tabungan,Aktif,2024-02-02,43079072,3129937,2491125,173,0,59022560
ACC002931,3671015101962158,4978562838,BPR Mitra Usaha,Tabungan,Dormant,2023-06-10,12731144,1174967,952328,100,0,675661
ACC002932,3671015101962158,9762805175,Bank OCBC NISP,Giro,Aktif,2025-02-25,13408551,1599870,1459055,82,0,20318208
ACC002933,3671015412922159,1629647178,Bank Danamon,Giro,Aktif,2023-02-10,15052588,624074,452372,59,0,10678560
ACC002934,3671015412922159,1953471149,Bank BCA,Tabungan,Aktif,2015-02-05,8809140,708476,552301,189,2,9910995
ACC002935,3275013110782160,8080577753,Bank BNI,Giro,Aktif,2020-12-14,33900143,3075665,2588060,154,0,57761498
ACC002936,3271011502022161,6338534455,Bank Mandiri,Tabungan,Aktif,2016-07-27,5545867,2745857,2683546,22,1,9981124
ACC002937,3172012807862162,4780666781,Bank BCA,Tabungan,Aktif,2022-04-02,5146223,937209,869686,45,0,5709202
ACC002938,3171015006812163,4239052204,Bank OCBC NISP,Tabungan,Aktif,2018-02-05,12888847,1249652,996014,141,1,10254242
ACC002939,3171015006812163,4819301170,Bank BCA,Giro,Aktif,2025-08-19,15963118,1011168,847224,96,0,18861564
ACC002940,3275014109802164,1844711055,Bank BCA,Giro,Aktif,2020-05-14,4872704,3644502,3561250,150,0,3936095
ACC002941,3275014109802164,5110915589,Bank Mandiri,Giro,Aktif,2025-05-20,46048634,3605623,3133910,75,0,69658675
ACC002942,3671015404012165,4236659316,Bank Danamon,Tabungan,Aktif,2025-07-13,27958290,2314430,1633212,53,3,29704842
ACC002943,3671016608742166,1270849633,Bank Panin,Tabungan,Aktif,2019-07-11,53447500,1910842,1353104,182,0,24878796
ACC002944,3175011204822167,4016996491,Bank Mandiri,Giro,Aktif,2018-08-15,24284854,1764595,1470793,26,0,14435205
ACC002945,3175011204822167,4647084833,Bank Panin,Tabungan,Aktif,2019-05-20,25409492,1754224,1479238,87,0,44889106
ACC002946,3671016703992168,3510629366,BPR Mitra Usaha,Tabungan,Aktif,2025-07-10,25946304,12015699,11472263,197,0,45190628
ACC002947,3674015412682169,2613413720,Bank CIMB Niaga,Giro,Dormant,2020-08-01,26763922,1387658,998962,46,0,6001636
ACC002948,3674015412682169,3034886048,Bank Mandiri,Tabungan,Aktif,2024-12-17,27260522,1132885,835262,172,0,42920024
ACC002949,3174014704012170,3668246435,Bank Permata,Tabungan,Dormant,2019-01-21,10480950,429242,308061,71,0,2597310
ACC002950,3271011607922171,2030575719,Bank CIMB Niaga,Tabungan,Aktif,2022-02-22,89460147,4933175,3972195,178,1,129740771
ACC002951,3271011505702172,9781163431,Bank CIMB Niaga,Giro,Aktif,2025-03-14,10067453,1320766,1096922,85,0,6871788
ACC002952,3271011505702172,4513963441,Bank BCA,Tabungan,Aktif,2022-08-14,9836616,1219089,1033353,56,0,11019536
ACC002953,3172017011972173,5253909050,Bank CIMB Niaga,Giro,Aktif,2019-05-30,3576820,733577,690902,114,0,1866227
ACC002954,3172017011972173,2305567169,Bank BRI,Giro,Aktif,2016-10-19,11721435,1001008,853279,42,0,6918182
ACC002955,3671010703722174,6436452579,Bank Mandiri,Giro,Aktif,2020-04-22,31831676,1372314,994859,104,0,19702715
ACC002956,3671011812802175,8668326927,Bank Danamon,Tabungan,Aktif,2023-06-15,40808314,4632442,3762949,175,0,26559457
ACC002957,3671011812802175,9231170516,Bank OCBC NISP,Giro,Aktif,2019-06-20,64743627,4367595,3537525,79,0,116167699
ACC002958,3671015506982176,7443623819,Bank CIMB Niaga,Giro,Aktif,2016-08-26,6965913,882703,774517,84,0,3913859
ACC002959,3172016002932177,4785988267,Bank Mandiri,Giro,Aktif,2020-11-30,30235697,2038752,1621414,45,2,30438021
ACC002960,3671016112972178,4073876782,Bank Danamon,Giro,Aktif,2019-06-08,8747206,555016,446219,27,0,13686084
ACC002961,3174011011792179,5142139427,Bank Permata,Giro,Aktif,2023-10-26,47910118,3869253,3064150,55,0,54816330
ACC002962,3174011011792179,6671453942,Bank BNI,Tabungan,Aktif,2019-08-05,88627344,3741454,2832230,59,0,109929053
ACC002963,3171014510762180,8347650384,Bank Mandiri,Tabungan,Aktif,2018-01-22,27448726,3163559,2638395,142,0,40143561
ACC002964,3175012809682181,3684373805,Bank BNI,Giro,Aktif,2025-05-03,3069801,1678511,1605617,124,0,3632181
ACC002965,3276016311742182,2795563515,Bank BNI,Tabungan,Aktif,2015-03-29,2216510,733131,703923,153,2,3984384
ACC002966,3276016311742182,7905639064,Bank Mandiri,Giro,Aktif,2022-02-26,8240358,1228533,1055283,177,1,13877291
ACC002967,3671011109832183,1730700853,Bank CIMB Niaga,Giro,Aktif,2017-12-30,7523021,1045850,932482,151,0,6787498
ACC002968,3674016807682184,4054087031,Bank Mandiri,Giro,Aktif,2016-03-22,14988766,3831026,3557625,55,0,20444552
ACC002969,3671016103972185,3883208584,Bank Panin,Giro,Aktif,2018-11-11,8767233,709004,599782,126,1,3603905
ACC002970,3276016702902186,9739135427,Bank BNI,Tabungan,Aktif,2023-03-23,6234701,1971776,1904871,166,3,3731692
ACC002971,3173015902872187,3331179855,Bank Danamon,Tabungan,Aktif,2018-07-23,13648495,1364591,1192189,119,1,20142731
ACC002972,3173015902872187,9740052393,Bank OCBC NISP,Giro,Aktif,2015-05-21,8924282,1535829,1422302,73,0,12993465
ACC002973,3671014808912188,6718812898,Bank Mandiri,Tabungan,Aktif,2023-10-09,17287156,1819493,1523553,158,0,24280742
ACC002974,3171010310812189,5910003193,Bank BRI,Tabungan,Aktif,2022-12-13,28103628,2057514,1486323,192,0,25666527
ACC002975,3671015607872190,6466401844,Bank CIMB Niaga,Tabungan,Aktif,2019-03-04,9144646,1801086,1620578,75,0,14646010
ACC002976,3271017007712191,5976225162,Bank Permata,Tabungan,Aktif,2021-04-01,23801998,4140365,3798361,121,0,19220202
ACC002977,3172016705962192,6382886133,Bank Panin,Tabungan,Aktif,2016-06-28,126931646,5891045,4267181,113,0,68905120
ACC002978,3671016303842193,1640047351,Bank CIMB Niaga,Giro,Aktif,2016-05-10,5776499,515709,395887,179,1,6305706
ACC002979,3271012304002194,3950965753,Bank Danamon,Giro,Dormant,2015-04-02,1650211,965714,937616,96,0,194714
ACC002980,3276014106972195,5283927276,Bank Danamon,Tabungan,Aktif,2022-07-25,7455847,603475,466472,120,0,3354702
ACC002981,3175012710902196,7807074007,Bank Permata,Tabungan,Aktif,2024-11-04,4794239,715215,651039,174,1,-44174
ACC002982,3175012710902196,7417374677,Bank Mandiri,Giro,Aktif,2015-07-15,11738908,844522,692472,95,0,7886101
ACC002983,3671010707862197,8801954203,Bank Danamon,Giro,Aktif,2019-12-06,25431313,1320552,988951,127,0,37944006
ACC002984,3671010707862197,7212267146,Bank CIMB Niaga,Tabungan,Aktif,2022-06-10,12462196,1258753,1101379,89,0,14674636
ACC002985,3671012604772198,8638860823,Bank Panin,Tabungan,Aktif,2023-02-11,2953995,1100748,1049324,136,0,1597510
ACC002986,3674015512822199,1997403624,BPR Mitra Usaha,Giro,Aktif,2024-07-19,44895241,2041421,1510961,155,2,33881708
ACC002987,3275010408922200,6935978096,Bank Mandiri,Giro,Aktif,2019-06-28,55849533,2182266,1595359,116,0,50723900
ACC002988,3271016912922201,2538661170,Bank CIMB Niaga,Giro,Aktif,2016-07-07,10384500,1065842,925823,199,0,14944051
ACC002989,3271016912922201,4526478563,Bank OCBC NISP,Tabungan,Aktif,2016-11-14,5887661,1045088,952436,60,1,3999177
ACC002990,3174015201812202,9939621217,Bank Permata,Giro,Aktif,2024-11-27,3099654,737541,694876,45,0,3190885
ACC002991,3671014301692203,8828231260,Bank CIMB Niaga,Giro,Aktif,2022-01-06,31288761,1287225,970436,22,0,32055405
ACC002992,3271016807982204,5858096947,Bank CIMB Niaga,Giro,Aktif,2017-06-06,23962567,1496685,1233560,72,0,42614863
ACC002993,3173010509862205,8476790330,Bank BCA,Giro,Aktif,2020-04-16,10162120,1033170,902719,36,0,7276253
ACC002994,3671010704842206,9212560594,Bank Permata,Tabungan,Aktif,2022-07-05,4990558,1618588,1544827,151,0,2911834
ACC002995,3674016109802207,7673912086,Bank BNI,Giro,Aktif,2019-12-24,15810852,1763421,1392746,123,0,16899054
ACC002996,3276016508932208,7809072042,Bank CIMB Niaga,Giro,Aktif,2021-11-24,7374648,426549,313345,54,0,5112516
ACC002997,3172010112762209,6206212760,Bank Mandiri,Giro,Aktif,2017-01-26,25721115,3557329,2977725,57,1,22623029
ACC002998,3275015504672210,5079191412,Bank Danamon,Tabungan,Aktif,2024-03-24,14776544,4522525,4203362,158,0,23398146
ACC002999,3175016202962211,2392504440,Bank Danamon,Tabungan,Aktif,2020-02-12,56840883,2456843,1847996,94,0,29915820
ACC003000,3271016801942212,3959709706,BNI,Tabungan,Aktif,2023-07-08,39843731,3333665,2396695,85,0,31596891
ACC003001,3276010109752213,8925197032,Bank Permata,Tabungan,Aktif,2015-01-23,9009968,2721535,2592519,60,1,14734549
ACC003002,3674017103812214,8351772376,Bank CIMB Niaga,Giro,Aktif,2017-07-05,11371198,2119440,1954268,184,0,19040008
ACC003003,3171010904982215,7338377088,BNI,Giro,Aktif,2025-01-27,1732532,324192,304676,43,0,2575388
ACC003004,3175016209972216,2758085952,Bank CIMB Niaga,Tabungan,Aktif,2020-06-27,3786167,460160,413765,197,1,6268877
ACC003005,3175016209972216,4204893867,Bank BNI,Tabungan,Aktif,2020-09-13,3538861,411150,372226,112,1,1670963
ACC003006,3172016312962217,8972649940,BPR Mitra Usaha,Giro,Aktif,2025-04-06,6306237,552233,470244,153,1,7638052
ACC003007,3172016312962217,4871085503,Bank BRI,Tabungan,Aktif,2023-03-09,3703428,554139,502225,123,0,3419429
ACC003008,3174012906682218,4197672932,Bank OCBC NISP,Tabungan,Aktif,2022-12-08,139899838,7150351,5125249,163,0,177030512
ACC003009,3174012906682218,6313921470,Bank Permata,Tabungan,Aktif,2024-05-02,44495199,9300283,8823390,77,0,20814512
ACC003010,3671015110902219,6831574022,Bank BNI,Giro,Aktif,2021-12-29,10722794,771213,662094,163,0,9332558
ACC003011,3671015110902219,7069957083,Bank BRI,Giro,Dormant,2021-12-14,5904525,954582,881676,34,0,573581
ACC003012,3174011108982220,6638155802,Bank Permata,Giro,Aktif,2020-07-27,11376981,2023373,1879314,75,0,16785679
ACC003013,3276014507812221,8256164299,Bank BNI,Giro,Aktif,2019-09-28,57263692,3439547,2816367,114,0,24285326
ACC003014,3276014507812221,7554803559,Bank Permata,Tabungan,Aktif,2022-09-22,71136352,3676669,2780186,187,0,76393290
ACC003015,3671011202772222,2694202645,Bank CIMB Niaga,Giro,Aktif,2022-05-16,13740766,771974,567814,161,0,14473814
ACC003016,3671015606032223,8102670314,BNI,Giro,Aktif,2021-03-29,33497050,1480282,1142788,100,0,23036671
ACC003017,3671016310842224,5345474217,Bank BNI,Giro,Aktif,2019-01-29,34073991,1230103,870717,150,0,54210917
ACC003018,3671016310842224,1455434035,BNI,Tabungan,Aktif,2022-07-04,6996952,1365761,1207192,73,0,2992974
ACC003019,3671010302012225,8900689556,BNI,Tabungan,Aktif,2022-01-13,12515816,775963,638155,154,0,11991792
ACC003020,3276016109972226,2853949337,Bank BRI,Tabungan,Aktif,2023-07-05,2213841,404433,380922,197,0,2774357
ACC003021,3171016602952227,9393109247,Bank BRI,Giro,Aktif,2015-05-10,3985512,379967,285201,159,0,2118288
ACC003022,3671010406002228,8293989255,BPR Mitra Usaha,Giro,Aktif,2018-02-24,8075398,755440,662908,157,0,6850441
ACC003023,3671015102732229,5671415525,Bank BCA,Tabungan,Aktif,2018-02-05,14763476,1123236,957981,46,1,17190364
ACC003024,3671015102732229,1521556515,Bank BRI,Giro,Aktif,2021-10-30,15381436,1072169,826199,90,0,15138447
ACC003025,3674014106732230,9421268626,Bank BRI,Giro,Aktif,2016-05-05,23320696,2783841,2389582,115,0,41860981
ACC003026,3271010201002231,4718928739,Bank OCBC NISP,Tabungan,Dormant,2024-10-21,21741651,3702083,3281389,132,0,1263878
ACC003027,3276012411732232,8329972200,Bank BRI,Tabungan,Aktif,2018-05-02,24878472,2547743,2090970,115,0,22122818
ACC003028,3171012701652233,5169933003,Bank Danamon,Giro,Aktif,2015-04-11,7633347,1627445,1547620,50,0,12220237
ACC003029,3674015211692234,4987766218,Bank Danamon,Tabungan,Aktif,2017-12-27,17356554,2653047,2344397,194,0,15346228
ACC003030,3671016804732235,2657635896,Bank OCBC NISP,Tabungan,Aktif,2016-06-19,10559698,1928553,1811563,187,0,16911337
ACC003031,3671010301672236,4249097256,Bank Danamon,Giro,Aktif,2024-09-08,35060857,1497107,1090946,38,3,48089223
ACC003032,3671014101832237,8907268257,Bank OCBC NISP,Tabungan,Aktif,2020-08-18,7547395,889286,772908,82,0,12593044
ACC003033,3175015211702238,3410401208,Bank CIMB Niaga,Giro,Aktif,2023-09-23,25535752,2251908,1793154,131,0,31150356
ACC003034,3671010506732239,8520354545,Bank CIMB Niaga,Tabungan,Aktif,2016-09-03,35959060,1489488,1043035,83,0,38934063
ACC003035,3174010411912240,1665886761,Bank CIMB Niaga,Giro,Aktif,2024-02-02,13270963,1016099,850099,165,1,19647459
ACC003036,3275010909892241,7606873961,Bank OCBC NISP,Giro,Aktif,2017-08-14,4813380,676524,611195,72,0,6880661
ACC003037,3275010909892241,1035526909,Bank CIMB Niaga,Giro,Aktif,2018-11-10,6431015,920320,855893,195,0,7915265
ACC003038,3671015408732242,5791345049,Bank Mandiri,Tabungan,Aktif,2023-01-06,5596445,406370,311118,187,0,9038224
ACC003039,3276015108992243,6573524274,Bank Permata,Giro,Aktif,2017-02-15,58182031,2712805,2122238,166,0,41077724
ACC003040,3276015108992243,3566231443,BPR Mitra Usaha,Tabungan,Aktif,2018-05-29,21912404,2454930,2137758,167,0,31922089
ACC003041,3671012906812244,5454951478,Bank Mandiri,Giro,Aktif,2017-04-29,24269752,3278086,3012748,177,0,17851486
ACC003042,3173015405962245,2480968808,Bank BNI,Tabungan,Aktif,2017-10-07,10698349,1247630,1022036,147,1,7101010
ACC003043,3173015405962245,6844884371,Bank Permata,Tabungan,Aktif,2019-02-14,13926286,1375009,1062086,69,0,21376369
ACC003044,3671012003652246,7596440283,Bank OCBC NISP,Tabungan,Aktif,2024-12-11,14193360,1684947,1525531,193,0,7259393
ACC003045,3671012003652246,7262515791,Bank BCA,Giro,Aktif,2019-10-10,8932089,1356457,1189576,67,0,10068592
ACC003046,3271010503702247,4546944641,BPR Mitra Usaha,Tabungan,Aktif,2023-09-29,27676695,1685543,1372540,64,0,49473464
ACC003047,3271010503702247,3080383160,Bank Permata,Giro,Aktif,2025-04-02,14299322,1199430,896937,154,0,23702261
ACC003048,3674014405952248,3917626657,Bank Mandiri,Tabungan,Aktif,2019-05-25,37423286,2550280,1812181,110,1,29474973
ACC003049,3674014405952248,4414936759,Bank Permata,Tabungan,Aktif,2017-03-31,24236524,2083898,1478374,167,2,12106686
ACC003050,3671015512792249,7102884174,Bank Mandiri,Tabungan,Aktif,2016-10-16,30260252,1528986,1123028,176,1,27996503
ACC003051,3671015512792249,6090745294,Bank CIMB Niaga,Giro,Aktif,2018-04-14,15324834,1269596,956247,32,1,27387266
ACC003052,3671014611022250,7478145973,BNI,Giro,Aktif,2021-01-31,32362866,3062463,2647500,116,0,36651441
ACC003053,3671014611022250,5265661808,Bank Panin,Giro,Aktif,2015-02-10,68175538,4778971,3812950,174,0,55794408
ACC003054,3671014509012251,4997508598,BNI,Giro,Aktif,2019-03-31,6320398,767362,658562,151,3,9595249
ACC003055,3671014509012251,3922721319,BNI,Giro,Aktif,2021-10-01,23562949,1095496,792629,49,3,28951701
ACC003056,3271016103952252,3501972817,Bank Permata,Giro,Aktif,2021-05-13,22508665,2273744,1992814,164,1,36847514
ACC003057,3271010907952253,9373356570,Bank OCBC NISP,Giro,Aktif,2018-06-04,6558260,448839,346091,175,0,2988085
ACC003058,3271010907952253,5451363694,BPR Mitra Usaha,Giro,Aktif,2020-01-28,7387595,439052,343509,164,0,4010559
ACC003059,3276016602942254,8114290765,Bank Mandiri,Tabungan,Aktif,2016-12-21,18829660,2975218,2695117,184,0,21860077
ACC003060,3674016909912255,7850119991,BNI,Giro,Aktif,2017-11-30,6092992,807295,734726,193,0,2791752
ACC003061,3674016909912255,2350371392,BPR Mitra Usaha,Tabungan,Aktif,2021-02-11,13201839,1082450,824529,54,1,9906499
ACC003062,3173015702682256,1186146421,Bank BNI,Tabungan,Aktif,2025-03-03,2495038,1376230,1318511,153,0,3934287
ACC003063,3173011703892257,7318463853,Bank BCA,Giro,Aktif,2018-08-21,39069781,2758564,2137906,177,0,68468776
ACC003064,3173011703892257,7401097689,Bank Panin,Giro,Aktif,2015-02-09,13440134,1893007,1750208,20,2,11963793
ACC003065,3671012504762258,3764748243,Bank Mandiri,Tabungan,Aktif,2018-08-08,10918038,736635,589165,49,0,5136199
ACC003066,3276012207732259,4448837372,Bank BRI,Giro,Aktif,2016-01-07,9204726,1416833,1206369,34,0,14229571
ACC003067,3173010302972260,4797736279,Bank Mandiri,Giro,Aktif,2021-02-27,4106146,435178,363375,116,0,2801502
ACC003068,3172014405932261,8624508120,BPR Mitra Usaha,Giro,Aktif,2016-07-13,20815542,1426194,999434,197,0,12644688
ACC003069,3271014312702262,7001223387,Bank BCA,Giro,Aktif,2018-11-08,23395552,2124977,1563368,131,1,9687643
ACC003070,3174014504752263,2804126339,Bank Mandiri,Tabungan,Aktif,2017-02-25,9634576,1225639,1051716,82,0,17106243
ACC003071,3671016203892264,2763693626,Bank BNI,Tabungan,Aktif,2024-02-15,11284017,1281231,1030990,34,0,11636207
ACC003072,3271014510002265,6701941074,Bank BCA,Tabungan,Aktif,2021-04-03,12825416,665604,520018,133,0,6101939
ACC003073,3171016304892266,3332667401,Bank BRI,Tabungan,Aktif,2018-10-21,25331590,2286905,1945044,126,1,-167337
ACC003074,3171016304892266,6399138617,Bank BNI,Tabungan,Aktif,2021-09-22,5001715,2398414,2305921,82,1,8900203
ACC003075,3671016509712267,5476700954,Bank OCBC NISP,Giro,Aktif,2018-10-07,13467999,1209462,1058035,198,0,6146961
ACC003076,3173015005772268,2683345623,Bank BNI,Tabungan,Aktif,2016-02-09,13955631,2328445,2186856,81,0,13143826
ACC003077,3275012712992269,1250988948,Bank Permata,Tabungan,Aktif,2015-12-19,1691931,603222,574178,122,0,2853673
ACC003078,3275010408862270,7846661048,Bank CIMB Niaga,Tabungan,Aktif,2015-06-12,20101174,2506457,2068906,98,0,27512180
ACC003079,3671010711822271,6994055913,BNI,Giro,Aktif,2016-08-19,25534347,2527783,2012393,163,0,10380477
ACC003080,3671010711822271,6142465868,Bank Danamon,Tabungan,Aktif,2023-10-03,39220285,3149032,2645500,158,0,53836485
ACC003081,3275010701772272,5652897048,BNI,Tabungan,Dormant,2020-02-01,10374032,937883,740096,62,0,1528430
ACC003082,3674010901952273,1615428548,BNI,Tabungan,Aktif,2018-06-13,83239375,5145551,3645619,115,0,130590989
ACC003083,3171014805902274,6347182872,Bank Mandiri,Giro,Dormant,2019-12-18,13439022,642017,500635,124,1,1897864
ACC003084,3671012406792275,1437888357,Bank OCBC NISP,Giro,Aktif,2019-12-13,18777958,1440777,1128656,88,0,8936285
ACC003085,3671012406792275,9021941226,BPR Mitra Usaha,Tabungan,Aktif,2021-11-01,1309098,1166560,1141149,176,0,1028627
ACC003086,3674013107782276,9957826768,Bank Panin,Giro,Aktif,2020-10-07,41539016,4112913,3285021,20,2,36437904
ACC003087,3674013107782276,3903326529,Bank Mandiri,Tabungan,Aktif,2019-11-12,18159710,4216338,3920762,148,0,13289367
ACC003088,3275011303882277,8917134040,BNI,Giro,Aktif,2020-12-16,49304768,2148867,1595285,192,0,30682926
ACC003089,3275011303882277,4736244980,Bank BNI,Tabungan,Aktif,2024-04-28,27352330,2246074,1972534,76,0,24898747
ACC003090,3276015709982278,7551458226,Bank BCA,Tabungan,Aktif,2018-01-29,32948914,2284696,1934577,52,0,31829053
ACC003091,3172015911812279,9950293154,Bank Danamon,Giro,Aktif,2018-09-21,5249326,438898,313990,26,0,4821174
ACC003092,3172015911812279,1223930680,Bank OCBC NISP,Tabungan,Aktif,2015-03-30,2100264,468894,427779,51,0,1210192
ACC003093,3171011402772280,2449612199,Bank BRI,Tabungan,Aktif,2015-05-21,5856268,1643317,1496982,25,0,9106602
ACC003094,3671010506652281,8111409202,Bank OCBC NISP,Tabungan,Aktif,2015-10-08,57448454,5921843,4789448,68,0,99813907
ACC003095,3671012508702282,2095425745,BPR Mitra Usaha,Tabungan,Aktif,2019-10-31,27226738,1498702,1188828,130,0,23469307
ACC003096,3671010107692283,2940894117,Bank BRI,Tabungan,Aktif,2022-05-12,4687466,818588,760918,58,0,4486659
ACC003097,3674016309792284,2996402453,BNI,Giro,Aktif,2019-06-08,13296219,1112720,830335,78,0,11904461
ACC003098,3671011102852285,5246595030,Bank Permata,Tabungan,Aktif,2022-07-16,23805419,1401581,996205,60,0,35531505
ACC003099,3674014610002286,6509053913,Bank BCA,Giro,Aktif,2022-06-07,10768673,921011,695914,101,1,8910506
ACC003100,3674014610002286,9462965403,BNI,Tabungan,Aktif,2017-12-02,4344328,879626,795583,92,0,6786917
ACC003101,3173016207792287,7258892582,Bank BCA,Giro,Aktif,2021-04-27,12660316,1261453,978272,129,0,9194957
ACC003102,3275015809022288,4182973701,BPR Mitra Usaha,Tabungan,Aktif,2021-05-25,23218269,1252279,927605,90,0,20650679
ACC003103,3275015809022288,1985790309,Bank Mandiri,Tabungan,Aktif,2020-09-07,11341767,950303,765653,89,3,5785888
ACC003104,3175016411722289,8659049839,Bank Panin,Tabungan,Aktif,2015-09-09,17714925,2183292,1993646,84,0,14796563
ACC003105,3276016511922290,2896056559,Bank Panin,Giro,Aktif,2019-01-20,15366182,2009465,1708903,156,0,18333745
ACC003106,3671016806002291,7371032963,Bank Mandiri,Giro,Aktif,2020-02-19,48325614,3736763,2826973,156,0,19931465
ACC003107,3171011801762292,5627771273,Bank BNI,Giro,Aktif,2024-10-17,3503435,874761,822557,188,0,2637360
ACC003108,3271012107692293,6121173714,Bank BCA,Tabungan,Aktif,2018-07-31,8628603,1009197,878735,154,0,4644504
ACC003109,3174010511752294,7032817733,Bank BRI,Giro,Aktif,2023-03-12,3486499,775256,700554,170,1,1642581
ACC003110,3173011610962295,1203046843,Bank Permata,Tabungan,Aktif,2019-04-29,32455536,1742356,1336220,63,1,15205619
ACC003111,3173011610962295,4640538131,Bank Permata,Giro,Aktif,2022-08-23,7411555,1165623,995242,83,0,4862414
ACC003112,3175011704802296,2780367474,Bank CIMB Niaga,Tabungan,Aktif,2015-05-31,16951273,1223811,1032070,75,0,20040002
ACC003113,3671012510862297,6868363550,Bank Panin,Giro,Aktif,2015-01-21,11463693,950442,666268,69,0,9498331
ACC003114,3172016412962298,4782295644,Bank BNI,Giro,Aktif,2015-08-25,9029749,1210077,1036551,122,0,12174603
ACC003115,3172016412962298,1253407795,Bank BRI,Tabungan,Aktif,2022-03-03,19834349,1241326,921456,84,0,28562300
ACC003116,3172014505932299,2461208851,Bank Panin,Giro,Aktif,2016-03-29,17941339,1836498,1441325,85,0,19757698
ACC003117,3671011402972300,8022715368,Bank BNI,Giro,Aktif,2016-08-14,5585942,721688,648682,195,0,2390388
ACC003118,3671011402972300,5694414728,Bank CIMB Niaga,Giro,Aktif,2015-12-14,2860741,836900,782956,108,0,2141113
ACC003119,3174014802792301,6146956894,BPR Mitra Usaha,Tabungan,Dormant,2022-06-20,13148134,597276,431780,186,0,2260658
ACC003120,3671012801662302,2467248562,Bank Permata,Giro,Aktif,2021-01-24,2498586,1385705,1357942,20,0,3881832
ACC003121,3671011310862303,5550496321,Bank BRI,Tabungan,Aktif,2022-07-05,35153811,3402642,2961766,197,0,51823100
ACC003122,3173012010872304,3342106825,Bank BNI,Giro,Aktif,2020-07-09,3700402,1149872,1085343,127,0,1612394
ACC003123,3175016702932305,5086826242,Bank Panin,Tabungan,Aktif,2016-03-01,6511853,558972,484451,32,0,10389450
ACC003124,3175016702932305,1934865394,Bank Mandiri,Tabungan,Aktif,2023-05-03,11276923,856774,662555,132,0,14732709
ACC003125,3173011001722306,6018791052,BNI,Tabungan,Aktif,2023-12-17,14098013,895147,729541,92,0,24569365
ACC003126,3173011001722306,6209192011,BPR Mitra Usaha,Giro,Aktif,2016-01-19,13280377,750840,562191,35,0,19151691
ACC003127,3271015810652307,1687583253,Bank OCBC NISP,Giro,Aktif,2021-01-11,15268185,2721479,2560865,168,0,11360138
ACC003128,3271016809772308,4366066637,Bank Panin,Giro,Aktif,2017-11-28,4431244,527600,418331,130,0,3810161
ACC003129,3271016809772308,6797117736,Bank Permata,Giro,Aktif,2022-03-27,2647878,485481,427612,111,0,4148269
ACC003130,3671016802852309,8133765848,Bank BNI,Giro,Aktif,2017-05-07,9552252,1300630,1078385,192,0,17126114
ACC003131,3271017010012310,1763010745,Bank BCA,Tabungan,Aktif,2021-08-10,29960419,2027753,1704995,160,0,45424305
ACC003132,3174011601712311,8311674923,BPR Mitra Usaha,Tabungan,Aktif,2017-02-26,73412164,2846449,2050000,39,0,121551793
ACC003133,3171015706692312,8284818604,Bank BNI,Giro,Aktif,2023-04-18,35948752,2307588,1894191,175,1,27917912
ACC003134,3171015706692312,3618890998,Bank BCA,Giro,Aktif,2020-03-25,32589770,2273481,1864072,97,0,49094948
ACC003135,3671016607652313,5400585909,BNI,Tabungan,Aktif,2023-03-14,35204149,4423769,3922207,182,0,14605449
ACC003136,3671016607652313,4160451096,Bank OCBC NISP,Giro,Aktif,2019-07-19,36175362,2945905,2222811,134,0,31929918
ACC003137,3175014904782314,2981343415,Bank BRI,Giro,Aktif,2019-07-05,79475847,3774077,2957983,105,0,124107166
ACC003138,3175014904782314,3511929789,Bank CIMB Niaga,Giro,Aktif,2023-04-11,46543172,3791937,2705118,157,0,57212339
ACC003139,3671016301712315,5043863980,Bank Permata,Giro,Aktif,2020-10-02,33625250,1690126,1187109,22,0,55883981
ACC003140,3671016301712315,2606365836,Bank CIMB Niaga,Giro,Aktif,2018-03-28,18057785,2022818,1798607,181,0,10001962
ACC003141,3174010605662316,3699281368,Bank CIMB Niaga,Tabungan,Aktif,2020-05-09,2593636,1077441,1048316,30,0,4423779
ACC003142,3174010605662316,7839402152,Bank Mandiri,Tabungan,Aktif,2018-03-24,7610476,1565246,1395649,62,0,8840047
ACC003143,3275015908842317,7937931164,Bank Danamon,Giro,Aktif,2019-12-26,18627904,3148975,2770595,84,3,11262834
ACC003144,3671011301722318,6484167083,Bank CIMB Niaga,Tabungan,Aktif,2017-03-11,9498677,2143580,2014397,66,0,7341132
ACC003145,3171011511772319,8704767279,Bank OCBC NISP,Giro,Aktif,2016-05-08,77287405,4750927,3813652,83,0,121360834
ACC003146,3671012101022320,7529619376,Bank Mandiri,Tabungan,Aktif,2016-01-03,11584601,2230698,2069945,174,0,9321577
ACC003147,3671012101022320,4738968325,BNI,Tabungan,Aktif,2017-02-13,23244921,2529687,2139316,27,0,9533857
ACC003148,3671015402032321,2274572505,Bank Panin,Tabungan,Aktif,2023-12-19,33319571,1890035,1470709,100,0,41888586
ACC003149,3275016308792322,5286330881,Bank BCA,Giro,Aktif,2019-03-25,22705636,1666379,1172511,107,0,36335385
ACC003150,3276010604762323,4446532567,BPR Mitra Usaha,Giro,Aktif,2023-07-26,14063993,983425,842404,126,0,5967527
ACC003151,3276010604762323,9334035437,Bank Mandiri,Giro,Aktif,2019-02-07,23627667,1002031,754810,84,0,18919861
ACC003152,3174016811882324,7299630705,Bank Danamon,Tabungan,Aktif,2025-05-19,5691229,1204567,1071089,168,2,6954457
ACC003153,3174017010762325,1565951621,Bank Permata,Tabungan,Aktif,2015-06-01,18264600,3026235,2580706,157,1,14465739
ACC003154,3671015808782326,9716243758,BPR Mitra Usaha,Tabungan,Aktif,2020-03-02,9110590,974987,759727,176,2,8680870
ACC003155,3171016411982327,6901632769,Bank BCA,Giro,Aktif,2023-06-25,6340035,1858724,1735494,188,0,8728229
ACC003156,3171011502792328,4360526342,Bank BRI,Giro,Aktif,2022-10-06,6739074,1443113,1281744,48,2,-191148
ACC003157,3171011502792328,8279881781,BPR Mitra Usaha,Giro,Aktif,2016-03-07,16294086,1508792,1274300,89,0,11056917
ACC003158,3671015807002329,1765502506,Bank BCA,Giro,Aktif,2024-04-03,45107352,2912583,2350391,94,0,67393119
ACC003159,3271012303992330,6307703592,Bank Mandiri,Tabungan,Aktif,2022-09-09,9292752,577178,455152,110,0,11104918
ACC003160,3271016403662331,1648946636,Bank Mandiri,Giro,Aktif,2024-09-09,11408566,783672,618448,107,0,18754302
ACC003161,3671012108822332,9542902311,Bank Mandiri,Giro,Dormant,2015-06-28,31161731,1350527,1004844,172,0,5267232
ACC003162,3674012309802333,9591113465,Bank Panin,Tabungan,Aktif,2025-05-20,7141608,1436111,1273925,168,0,2999294
ACC003163,3671012111932334,5506708724,Bank Danamon,Tabungan,Aktif,2021-09-28,57405589,4192414,3446678,116,0,90432934
ACC003164,3671012111932334,4620373231,Bank CIMB Niaga,Tabungan,Aktif,2024-05-03,20943600,3548328,3157736,173,0,15497499
ACC003165,3174014808772335,9993184118,Bank BNI,Giro,Aktif,2015-04-10,10364029,742602,529332,45,0,5850863
ACC003166,3275016102942336,5714586326,BPR Mitra Usaha,Tabungan,Aktif,2016-06-12,12048423,1283582,1088574,135,0,21006176
ACC003167,3173015901792337,2685217993,Bank Danamon,Giro,Aktif,2024-01-20,7559466,960106,882672,175,0,3839084
ACC003168,3671013004022338,5671489263,Bank BNI,Tabungan,Aktif,2020-07-08,29119658,1080492,767826,79,0,26042900
ACC003169,3674017101852339,4106046124,Bank Permata,Tabungan,Aktif,2021-09-24,21841400,3740903,3266063,148,0,19034757
ACC003170,3674017101852339,2426390503,Bank BCA,Tabungan,Aktif,2021-10-23,5391409,2562751,2499154,76,0,4240357
ACC003171,3172016011692340,7196957287,Bank BRI,Giro,Aktif,2019-03-30,33072911,2480042,2135999,101,1,37910565
ACC003172,3671014504822341,1127923696,Bank Permata,Tabungan,Aktif,2021-05-18,12373709,1980627,1733973,132,1,20812855
ACC003173,3276016306902342,2241118853,Bank Danamon,Tabungan,Aktif,2022-08-13,6407655,1627307,1523679,129,0,11445058
ACC003174,3276016306902342,7691663447,BNI,Giro,Dormant,2018-11-27,18647062,1439514,1076175,171,0,1352353
ACC003175,3671011012022343,7959996800,BNI,Tabungan,Aktif,2017-09-29,8410687,1167104,1021183,52,0,6992935
ACC003176,3171010804772344,6738457470,Bank Mandiri,Tabungan,Aktif,2019-12-22,2623537,775273,738610,44,0,2035074
ACC003177,3671014606862345,8004336058,Bank BRI,Giro,Aktif,2018-02-07,10794930,2175777,2060099,177,0,12978685
ACC003178,3276012308812346,6602226165,Bank Danamon,Tabungan,Aktif,2023-09-21,6901059,3628507,3545420,53,0,8308601
ACC003179,3171015911912347,9121210228,BPR Mitra Usaha,Giro,Aktif,2021-03-22,11663846,742554,532393,71,0,12264709
ACC003180,3671014910792348,8851627648,Bank BRI,Giro,Aktif,2022-03-06,2976596,1165452,1092720,146,3,2651698
ACC003181,3671014910792348,4092243597,Bank BRI,Tabungan,Aktif,2015-02-05,4359630,879862,774228,134,2,6418709
ACC003182,3671012409682349,9501930118,Bank Mandiri,Giro,Aktif,2016-06-04,27579681,2232012,1711390,24,0,31750988
ACC003183,3671014204712350,9172477081,Bank BNI,Giro,Aktif,2019-04-20,11912030,1724679,1469842,70,0,13335483
ACC003184,3671015304992351,5907474302,Bank Panin,Tabungan,Aktif,2016-12-11,4387406,981649,914666,157,1,6277806
ACC003185,3671015304992351,5400997398,Bank Danamon,Tabungan,Aktif,2015-01-29,18814279,918031,699279,81,0,28816249
ACC003186,3276010603932352,4168776712,Bank BCA,Giro,Dormant,2021-06-18,9903170,2058791,1920910,48,0,806994
ACC003187,3671010804712353,6464614077,Bank CIMB Niaga,Tabungan,Dormant,2017-04-26,2108994,842291,802734,133,0,109380
ACC003188,3671014103022354,3280065339,Bank CIMB Niaga,Tabungan,Aktif,2021-09-19,45505197,3156177,2209771,130,0,33339574
ACC003189,3671014103022354,1197746222,Bank OCBC NISP,Tabungan,Aktif,2022-02-25,39942500,2262949,1654435,143,0,67440358
ACC003190,3175012501932355,2690272481,Bank Panin,Tabungan,Aktif,2023-01-06,34568858,3528086,3153299,186,0,17099894
ACC003191,3175012501932355,3307090385,Bank BRI,Giro,Dormant,2015-03-30,55709603,3637776,2902521,73,0,7543164
ACC003192,3671011807942356,9759256192,Bank Permata,Tabungan,Dormant,2015-05-14,10524859,600013,446852,184,0,2386192
ACC003193,3173016802912357,3499958518,Bank Danamon,Tabungan,Aktif,2022-03-25,23047829,1335232,1087593,178,0,10861021
ACC003194,3173016802912357,4111024047,BNI,Giro,Aktif,2015-09-21,19446532,1146537,933031,151,0,30598353
ACC003195,3671014502992358,3621266963,Bank OCBC NISP,Tabungan,Aktif,2020-02-14,28164530,1731292,1257895,50,0,39822052
ACC003196,3174011102842359,5978449790,Bank OCBC NISP,Tabungan,Aktif,2024-09-15,10107927,962493,860963,130,0,11881570
ACC003197,3671014108992360,1604740465,BNI,Tabungan,Aktif,2018-12-27,11896207,1231606,1044116,121,1,17229688
ACC003198,3671015709652361,5522847709,Bank Permata,Tabungan,Aktif,2024-05-14,14498676,657117,511045,197,0,21533324
ACC003199,3171015507732362,2672144014,Bank BCA,Tabungan,Aktif,2023-06-02,4511292,4725395,4614048,143,0,6324921
ACC003200,3171015507732362,6292607077,Bank OCBC NISP,Giro,Aktif,2016-01-03,96753657,5040669,3791063,65,0,111135260
ACC003201,3671014501862363,3527570195,BPR Mitra Usaha,Tabungan,Aktif,2016-09-01,9595594,535869,383392,109,0,7754258
ACC003202,3671014706762364,8965426143,Bank BRI,Giro,Aktif,2022-05-11,7365387,529734,420282,172,0,4403976
ACC003203,3671016908712365,7444343537,Bank CIMB Niaga,Tabungan,Aktif,2023-06-19,10882231,720416,530470,132,0,6826370
ACC003204,3671016908712365,9061004946,Bank BNI,Tabungan,Dormant,2023-05-16,8722450,733281,645915,185,0,2034912
ACC003205,3174011205892366,4677819962,Bank OCBC NISP,Tabungan,Aktif,2016-11-06,10621777,3548026,3300447,131,0,6120475
ACC003206,3174011205892366,2790917542,Bank Panin,Giro,Aktif,2019-12-04,21903183,4834210,4564943,111,0,18937727
ACC003207,3171010911002367,5927564890,BNI,Tabungan,Aktif,2018-10-20,48766994,3168760,2412113,31,0,47428472
ACC003208,3171010911002367,7348520429,Bank OCBC NISP,Giro,Aktif,2023-08-12,11958586,3148342,2881738,112,0,6877956
ACC003209,3271010906892368,8584230722,Bank Permata,Giro,Aktif,2020-11-13,5989714,1829079,1717049,145,0,3510989
ACC003210,3172013001862369,8999474026,Bank Mandiri,Tabungan,Aktif,2020-08-15,30601724,1407247,1066843,56,0,48905900
ACC003211,3172013001862369,4960390519,Bank BNI,Giro,Aktif,2020-11-27,17431750,1251905,1074489,50,0,28287180
ACC003212,3275011701722370,7609949090,Bank OCBC NISP,Giro,Aktif,2018-09-02,13246029,1140393,994009,53,0,20800175
ACC003213,3671010611962371,7549589678,Bank Permata,Giro,Aktif,2022-10-11,15092726,3200597,2916743,97,0,18796813
ACC003214,3671010611962371,2273364830,Bank Panin,Tabungan,Aktif,2018-03-28,18569230,2212239,1998660,78,0,15637926
ACC003215,3171011606792372,4986852507,BPR Mitra Usaha,Tabungan,Aktif,2020-04-20,34531290,2923059,2293770,141,0,45013777
ACC003216,3276014610902373,5592900018,Bank Danamon,Giro,Aktif,2019-07-14,60992593,4838743,3690377,189,0,102432339
ACC003217,3674015806922374,7740912990,Bank Permata,Giro,Aktif,2024-01-18,12209667,786481,555696,193,0,18802935
ACC003218,3275014611652375,3431814671,Bank CIMB Niaga,Tabungan,Aktif,2019-10-20,9182019,815175,675846,160,0,6270636
ACC003219,3275014611652375,6789772605,Bank CIMB Niaga,Giro,Aktif,2017-12-14,18655065,1225424,887569,150,1,12475490
ACC003220,3275016406692376,1985228646,Bank BNI,Giro,Aktif,2015-08-21,10589946,1043597,903208,23,0,8672777
ACC003221,3671010804782377,2483431577,Bank BCA,Giro,Aktif,2021-01-27,7315359,1823141,1644430,73,0,3453619
ACC003222,3671016506702378,4615246834,Bank Mandiri,Tabungan,Aktif,2022-09-12,3604799,1057418,991930,152,1,4967106
ACC003223,3671011606852379,2067948567,Bank CIMB Niaga,Tabungan,Aktif,2023-08-04,56298258,2692977,2069948,140,0,23346098
ACC003224,3276016309912380,8712873595,Bank BNI,Giro,Aktif,2024-02-11,13175386,1111962,827373,30,0,17776509
ACC003225,3674014208962381,5485937019,Bank Permata,Giro,Aktif,2021-10-09,36941341,1788888,1321516,83,0,44127431
ACC003226,3275011309962382,5740450127,Bank BNI,Giro,Aktif,2019-01-29,12633343,1288099,1152850,151,0,12145974
ACC003227,3671016208942383,5058500387,Bank OCBC NISP,Tabungan,Aktif,2021-12-30,46462703,3174958,2517402,78,1,36127693
ACC003228,3671015910692384,7061613757,BPR Mitra Usaha,Tabungan,Aktif,2016-02-19,6503101,587116,495201,54,0,4478973
ACC003229,3275010812682385,8631706852,BPR Mitra Usaha,Tabungan,Aktif,2024-09-19,12569015,958249,820101,31,0,17049515
ACC003230,3275010812682385,4146885335,Bank BNI,Giro,Aktif,2021-11-17,7116644,976764,858691,111,0,10399970
ACC003231,3171013112812386,2616448429,Bank BRI,Giro,Aktif,2018-01-25,23244639,4513970,4167956,174,0,28387687
ACC003232,3171013112812386,9274629280,Bank BNI,Tabungan,Aktif,2024-03-10,32827188,3660313,2912182,102,0,33633737
ACC003233,3671012604652387,4822773751,BNI,Tabungan,Aktif,2018-06-06,12391551,2048541,1840769,63,1,8561133
ACC003234,3671012103962388,4707293695,Bank OCBC NISP,Tabungan,Aktif,2022-02-02,5981450,2183968,2059596,71,0,10573642
ACC003235,3671012103962388,1240605805,Bank Danamon,Giro,Aktif,2017-03-04,11587579,1843973,1679625,190,0,6872621
ACC003236,3671012912872389,7525459170,Bank BRI,Tabungan,Aktif,2017-08-10,4876328,903064,840616,55,0,6080115
ACC003237,3174010402862390,8902579766,Bank OCBC NISP,Tabungan,Aktif,2015-12-05,12748712,993521,793027,118,0,22418495
ACC003238,3275015702032391,7135030324,Bank OCBC NISP,Tabungan,Aktif,2021-10-02,7993135,527395,445385,78,2,7961354
ACC003239,3674014104022392,6124006532,BNI,Tabungan,Aktif,2021-03-19,29245347,1400966,1028594,39,3,17967162
ACC003240,3671014206922393,8345978555,Bank Mandiri,Giro,Aktif,2020-04-28,28033231,2157208,1717139,52,0,19202389
ACC003241,3276016102952394,5365653394,Bank OCBC NISP,Tabungan,Aktif,2015-04-28,2040529,302957,275259,171,0,3228201
ACC003242,3173012309022395,3828506243,BNI,Giro,Aktif,2018-02-19,4496683,1248844,1148602,134,0,2639689
ACC003243,3174012501872396,1284429034,Bank OCBC NISP,Giro,Aktif,2025-03-19,13901799,1216765,1054714,171,0,18613750
ACC003244,3174012501872396,5537538360,BNI,Tabungan,Dormant,2020-11-30,31544512,1380111,990648,143,0,5724663
ACC003245,3173014302912397,5642224446,Bank Panin,Tabungan,Aktif,2025-01-25,29745576,2054518,1713660,171,0,51294906
ACC003246,3173014309752398,7097064591,BPR Mitra Usaha,Tabungan,Aktif,2020-08-09,14052835,885761,714683,75,0,15268792
ACC003247,3173014309752398,9351969100,Bank Permata,Tabungan,Aktif,2025-02-04,12176792,870354,617969,107,0,8543757
ACC003248,3175011708862399,1725268789,Bank CIMB Niaga,Giro,Aktif,2022-04-05,24141461,3089932,2677107,112,0,28602454
ACC003249,3674015811662400,9852825145,BNI,Giro,Aktif,2015-05-30,45878128,1834709,1307466,180,0,65675348
ACC003250,3674015811662400,9859046348,BPR Mitra Usaha,Giro,Aktif,2019-09-10,14255649,1798213,1642407,101,0,19825830
ACC003251,3271014911002401,5035949235,Bank Danamon,Giro,Aktif,2015-09-12,15457434,1641728,1297047,106,0,22240018
ACC003252,3271014911002401,5095911179,Bank Mandiri,Giro,Aktif,2023-11-16,14415615,1240241,933326,124,0,20749443
ACC003253,3671012110022402,9609958483,Bank Panin,Giro,Aktif,2021-07-13,118744323,6033729,4614063,57,0,176697460
ACC003254,3671012110022402,2322331781,Bank BRI,Giro,Aktif,2019-08-02,101076118,6739801,5296047,65,0,122307876
ACC003255,3671011105812403,8925933318,Bank BRI,Tabungan,Aktif,2018-12-01,1214295,625788,597756,24,0,1660400
ACC003256,3671011105812403,7016878400,Bank CIMB Niaga,Giro,Aktif,2022-02-12,4013369,646335,603593,197,0,3658092
ACC003257,3271015801912404,7980612122,BNI,Tabungan,Aktif,2021-08-21,18367036,1308324,1115348,91,0,12416346
ACC003258,3671014708002405,8216561769,Bank BCA,Tabungan,Dormant,2024-07-02,12017865,1074754,794009,145,0,1823716
ACC003259,3174016204882406,3567637702,Bank BCA,Giro,Aktif,2016-11-13,31506973,2417714,2053908,135,0,25409902
ACC003260,3171014410952407,1559329741,Bank Permata,Tabungan,Aktif,2025-02-09,3823278,973287,931390,58,0,5520782
ACC003261,3671015305842408,6361763590,Bank Panin,Giro,Aktif,2016-09-14,2504041,1032543,982606,146,0,1373651
ACC003262,3671010407852409,6863972219,Bank Mandiri,Giro,Aktif,2022-09-21,6495493,627648,542294,107,0,5392687
ACC003263,3671012105912410,8842763703,BNI,Giro,Aktif,2023-10-17,4167386,1614155,1516597,177,0,4664530
ACC003264,3671012105912410,6767138219,Bank Permata,Tabungan,Aktif,2018-06-27,38437461,1611820,1130852,34,0,27898710
ACC003265,3171011010722411,9956102910,Bank Danamon,Tabungan,Aktif,2016-09-15,5815371,1518911,1427363,68,0,9728552
ACC003266,3173015812992412,5797605598,Bank CIMB Niaga,Tabungan,Aktif,2022-08-14,31630118,1915029,1581437,85,0,19626210
ACC003267,3174011512822413,9147755624,Bank Permata,Giro,Aktif,2019-10-13,35904099,1873830,1333494,47,0,30804646
ACC003268,3674012607962414,3973531824,Bank Danamon,Giro,Aktif,2020-07-15,27472913,2170238,1565290,197,0,46632906
ACC003269,3275014501942415,8200504268,Bank Danamon,Giro,Aktif,2022-07-15,26212471,2071674,1775224,189,2,16399599
ACC003270,3271011901862416,8591832588,BPR Mitra Usaha,Giro,Aktif,2025-07-22,44033044,1567781,1098890,85,0,31402359
ACC003271,3271011901862416,6867020864,BPR Mitra Usaha,Giro,Aktif,2025-04-18,14979758,1748172,1514862,25,0,20892678
ACC003272,3674015410992417,9959411550,Bank BNI,Tabungan,Aktif,2024-10-22,13854844,1637215,1364933,113,0,15152430
ACC003273,3674015410992417,2955296532,BNI,Tabungan,Aktif,2022-07-25,15448652,2668293,2428961,137,0,15348577
ACC003274,3172011202712418,5698246341,Bank BRI,Giro,Aktif,2020-02-19,72765635,2572421,1804247,121,0,120580502
ACC003275,3275011512932419,5063833122,Bank Mandiri,Giro,Aktif,2020-11-29,25620874,3589717,3280832,117,0,41117940
ACC003276,3671015207932420,7982537025,Bank Mandiri,Giro,Aktif,2016-05-05,13375715,1589879,1378981,46,0,16151671
ACC003277,3671015207932420,6751535242,Bank Permata,Giro,Aktif,2016-01-06,15535591,1619859,1292285,58,0,23258755
ACC003278,3276012609812421,2803716863,Bank Mandiri,Tabungan,Aktif,2015-12-20,24309969,1034314,734807,183,0,10611257
ACC003279,3174012102862422,7757214867,Bank BCA,Tabungan,Aktif,2022-10-10,20418064,2016069,1785792,153,1,21043569
ACC003280,3671010207972423,6367122302,Bank BCA,Tabungan,Aktif,2017-08-28,29500648,1523180,1131523,54,3,20488189
ACC003281,3276016701942424,2931840957,Bank Panin,Tabungan,Aktif,2016-09-28,15443988,2311370,2061885,52,0,21825200
ACC003282,3275012707012425,8335791949,Bank CIMB Niaga,Tabungan,Aktif,2022-04-22,18260581,2111544,1700030,186,0,18197433
ACC003283,3271015205902426,8127652438,Bank BNI,Giro,Aktif,2021-02-27,15877509,2187816,1989713,124,1,-79715
ACC003284,3674012501772427,5261049011,Bank Panin,Tabungan,Aktif,2021-04-11,24926122,2520021,2237693,155,0,41373365
ACC003285,3674012501772427,3604453638,BPR Mitra Usaha,Giro,Aktif,2024-03-03,21194524,2934197,2663782,116,0,31316408
ACC003286,3175015610712428,8410482041,Bank BRI,Giro,Dormant,2020-08-29,85730560,6004233,4432229,61,0,8450489
ACC003287,3671015010842429,3053628534,BPR Mitra Usaha,Tabungan,Aktif,2016-04-09,19717873,2018445,1797517,179,0,9313781
ACC003288,3671015010842429,1982688104,Bank OCBC NISP,Tabungan,Aktif,2017-09-25,5392057,1400887,1305995,162,0,6529735
ACC003289,3674014601822430,1145565956,Bank Danamon,Giro,Aktif,2021-09-12,13811564,832656,680517,120,0,15157120
ACC003290,3671015911002431,7088345475,Bank Panin,Giro,Aktif,2019-02-16,4582127,1182685,1106917,191,0,4199093
ACC003291,3671010109722432,6560271669,Bank Panin,Tabungan,Aktif,2015-02-19,44516531,5146045,4511772,53,0,35233933
ACC003292,3671010109722432,7216724294,Bank CIMB Niaga,Tabungan,Aktif,2019-01-20,18077533,3085304,2839371,132,3,23950632
ACC003293,3671011905742433,1731500836,Bank BRI,Tabungan,Aktif,2015-05-04,6430584,613928,502519,116,0,4265050
ACC003294,3174011406962434,3428132044,Bank Permata,Giro,Aktif,2023-09-09,9751103,707748,543187,91,3,6046950
ACC003295,3171010501812435,9214797466,Bank BNI,Giro,Aktif,2020-11-25,37894464,3118220,2700884,157,3,18330235
ACC003296,3174014401722436,5914334722,Bank Permata,Giro,Aktif,2021-04-10,55117748,5283668,4670081,82,0,92963074
ACC003297,3174014401722436,5978040285,Bank CIMB Niaga,Tabungan,Aktif,2019-03-22,137529150,5007382,3581008,134,0,206597348
ACC003298,3276012611012437,5483924280,Bank Panin,Giro,Aktif,2015-07-05,8860867,2160230,2058653,161,1,11115063
ACC003299,3671015701852438,8891973098,Bank Mandiri,Giro,Dormant,2016-03-22,3718030,837869,788978,146,0,353328
ACC003300,3174014610762439,6612654567,Bank Panin,Giro,Aktif,2021-07-08,36586761,2023155,1459759,128,0,58045210
ACC003301,3671014501842440,1940786906,BPR Mitra Usaha,Tabungan,Aktif,2023-04-30,24125779,1233433,970649,180,0,23548589
ACC003302,3271014101882441,3894899709,Bank BNI,Tabungan,Aktif,2020-08-27,20897042,2341890,1969686,109,0,13075654
ACC003303,3271014101882441,3084917571,Bank BRI,Tabungan,Aktif,2023-10-29,19418670,2210818,1763680,179,0,21063223
ACC003304,3671010401922442,2610950442,Bank OCBC NISP,Tabungan,Aktif,2023-05-27,10182628,748898,642955,180,0,5560948
ACC003305,3271010105002443,1317563904,BPR Mitra Usaha,Tabungan,Dormant,2024-06-16,5397221,672311,584735,79,0,754994
ACC003306,3171015506962444,6894475091,Bank CIMB Niaga,Tabungan,Aktif,2017-07-04,4751033,2239481,2125610,69,0,5938727
ACC003307,3275016211702445,9092369324,Bank OCBC NISP,Giro,Aktif,2019-02-12,35158746,3563929,3001105,48,0,61248992
ACC003308,3276014210772446,9797899021,Bank Permata,Tabungan,Aktif,2018-07-06,15506146,764487,585018,49,3,8156465
ACC003309,3173010506892447,1414041414,Bank CIMB Niaga,Giro,Aktif,2018-04-16,7429933,823612,677625,40,0,4626852
ACC003310,3671015501882448,4964920084,BPR Mitra Usaha,Giro,Aktif,2015-04-10,44039458,2677474,2105588,25,0,18050388
ACC003311,3671011003802449,4258558840,BNI,Giro,Aktif,2017-10-02,1998542,496619,454840,43,0,1663650
ACC003312,3674014906912450,8125438038,Bank CIMB Niaga,Giro,Dormant,2020-03-14,14665001,927602,734525,196,0,2123527
ACC003313,3674014906912450,3728290107,Bank OCBC NISP,Tabungan,Aktif,2017-06-27,18401999,1229913,969583,189,0,16409097
ACC003314,3171010209022451,5848454123,Bank Panin,Tabungan,Aktif,2023-12-12,29451573,1575889,1132005,112,0,42211731
ACC003315,3171010209022451,6323368469,BNI,Giro,Aktif,2025-01-18,21144228,1480615,1048626,88,0,12672059
ACC003316,3173011302822452,7464878858,BPR Mitra Usaha,Tabungan,Aktif,2022-03-28,22511232,777932,545627,88,1,34521287
ACC003317,3671012102982453,3338035570,Bank OCBC NISP,Giro,Aktif,2018-04-26,2805785,999875,955477,189,0,2856867
ACC003318,3671017103832454,8525766902,BPR Mitra Usaha,Giro,Aktif,2020-03-22,10701446,851378,720408,145,0,11740295
ACC003319,3674015310722455,4158408828,Bank Permata,Giro,Aktif,2015-12-08,37008142,3353153,2779616,65,0,64303675
ACC003320,3674011810742456,1501221509,Bank OCBC NISP,Tabungan,Aktif,2023-10-02,7211042,4366097,4266909,135,0,7486667
ACC003321,3175011611662457,5290630503,Bank Mandiri,Tabungan,Aktif,2022-07-25,1458559,581454,547177,78,1,2610928
ACC003322,3175011611662457,3324959409,Bank Danamon,Giro,Dormant,2019-11-12,3311890,518828,454604,181,1,435660
ACC003323,3671016502782458,7902134460,Bank Danamon,Tabungan,Aktif,2023-10-04,13321202,1380070,1212250,122,1,12321071
ACC003324,3276014109882459,2041068369,Bank Permata,Giro,Aktif,2017-03-20,6702705,724979,596064,164,0,6236496
ACC003325,3171016905732460,4990733798,Bank BCA,Giro,Aktif,2019-07-29,11825919,888000,732386,24,0,16567635
ACC003326,3671016104662461,4652800290,Bank BNI,Giro,Aktif,2020-03-13,8220390,1496636,1401670,97,0,3991584
ACC003327,3671016104662461,5199502018,Bank Permata,Tabungan,Aktif,2017-06-07,29527572,1391404,1035858,60,0,26159749
ACC003328,3173010507832462,6855565676,Bank Panin,Giro,Aktif,2024-08-08,18111743,2216022,1938462,180,0,11405367
ACC003329,3173010507832462,9450232374,Bank BNI,Giro,Aktif,2024-12-31,26938020,3685128,3234928,144,0,12001156
ACC003330,3671011502962463,2243940817,BNI,Tabungan,Aktif,2015-03-10,64982161,2694277,1897698,165,2,114007433
ACC003331,3671011805792464,5994379280,BNI,Giro,Aktif,2018-12-16,9241360,951958,791354,131,0,6528051
ACC003332,3674016507852465,9766258225,BPR Mitra Usaha,Giro,Aktif,2022-12-21,34381447,3123116,2770688,127,0,39313988
ACC003333,3674016507852465,8302335124,Bank CIMB Niaga,Giro,Aktif,2017-03-13,40696084,3819849,3231813,99,2,52871299
ACC003334,3671014310852466,6296163414,BNI,Giro,Aktif,2024-11-29,16174032,1733176,1503702,49,1,28734983
ACC003335,3276015711952467,6036047917,BPR Mitra Usaha,Giro,Aktif,2019-10-11,12351683,687548,504120,186,0,10905349
ACC003336,3671014101932468,5586697625,Bank CIMB Niaga,Giro,Aktif,2019-02-10,12302352,1093451,813228,189,0,12435125
ACC003337,3671014101932468,8938320655,Bank Mandiri,Giro,Aktif,2024-12-04,26363436,1204581,892474,22,0,24853060
ACC003338,3275010501682469,4053357957,BPR Mitra Usaha,Tabungan,Aktif,2015-05-12,39178433,2019563,1510715,143,0,58578033
ACC003339,3171013103862470,1236535030,Bank Mandiri,Giro,Aktif,2019-10-25,7724784,288695,202546,136,0,10705223
ACC003340,3671016508952471,1377647432,Bank Panin,Giro,Aktif,2017-05-03,2759874,1459248,1412775,113,0,3281983
ACC003341,3175012111932472,8362766329,Bank BNI,Tabungan,Aktif,2018-09-06,5712056,801112,725138,155,0,4263432
ACC003342,3175012111932472,1689480735,Bank Permata,Tabungan,Aktif,2022-04-20,5534268,967620,909197,187,1,9700147
ACC003343,3671012502912473,7589495359,Bank Danamon,Giro,Aktif,2025-08-08,2673229,732651,678079,119,0,4071111
ACC003344,3275011511682474,8293503263,Bank BNI,Tabungan,Aktif,2022-04-10,1800470,464359,427957,190,0,3118972
ACC003345,3172017105992475,3875116605,BNI,Tabungan,Aktif,2015-06-03,18272119,1020989,753130,112,0,10782787
ACC003346,3174010610712476,7415523035,Bank Mandiri,Giro,Aktif,2025-07-10,33307212,3493865,2864648,196,0,58235362
ACC003347,3671012102902477,8068351527,BPR Mitra Usaha,Giro,Aktif,2023-01-28,40591064,2610468,1989246,74,0,16457509
ACC003348,3171014204702478,2059856646,Bank BCA,Tabungan,Aktif,2016-04-23,8429204,882895,694661,197,0,4345285
ACC003349,3171014204702478,9970845995,Bank Danamon,Giro,Aktif,2018-11-23,16577878,1203366,894015,190,0,11563031
ACC003350,3671012203692479,2154799660,Bank BRI,Giro,Aktif,2024-11-03,10995926,1141307,978998,151,0,16620883
ACC003351,3671016712952480,6002496551,Bank BCA,Tabungan,Dormant,2023-09-22,77285833,4995516,4177495,26,1,19178927
ACC003352,3671016712952480,7227862632,Bank OCBC NISP,Tabungan,Aktif,2019-06-08,4993452,3862184,3779749,59,2,6326772
ACC003353,3171011101662481,7417634944,Bank Danamon,Tabungan,Aktif,2018-11-02,7450043,1047553,934885,21,0,9413881
ACC003354,3171011101662481,5398502269,Bank Permata,Tabungan,Aktif,2022-05-14,17158296,1328129,1077267,95,1,23586677
ACC003355,3674016206802482,9860509262,Bank BNI,Giro,Aktif,2017-11-08,18788906,1434013,1190721,53,0,27153738
ACC003356,3276011204702483,5844420954,Bank BNI,Giro,Aktif,2022-02-09,18267779,2354123,2009476,43,1,17392391
ACC003357,3275014706732484,7595878961,Bank Mandiri,Giro,Aktif,2019-01-16,50056662,2009315,1433728,66,0,44599615
ACC003358,3275014706732484,6434388578,Bank CIMB Niaga,Giro,Aktif,2022-09-13,61117221,2350624,1668064,51,0,41658515
ACC003359,3674015610912485,6566970069,Bank CIMB Niaga,Giro,Aktif,2017-11-14,19074233,2408755,2097943,29,1,23343862
ACC003360,3674015610912485,4622435131,Bank CIMB Niaga,Tabungan,Aktif,2022-05-03,26282984,2342035,2076702,33,0,46970285
ACC003361,3175011606882486,9689668797,Bank BRI,Giro,Aktif,2019-09-22,10385419,950328,699184,41,0,8623081
ACC003362,3175010109742487,1012286134,Bank Panin,Tabungan,Aktif,2022-04-05,15953654,1248848,924239,34,0,14559581
ACC003363,3275011809022488,9175465356,Bank OCBC NISP,Giro,Aktif,2024-02-18,16112925,1742047,1486625,101,0,21277873
ACC003364,3171016710922489,6680879402,Bank Panin,Tabungan,Dormant,2022-10-04,17150021,1328489,1075569,154,1,1085303
ACC003365,3671016907892490,4523325607,Bank BRI,Tabungan,Aktif,2016-10-29,14204756,3022057,2743580,82,0,18275569
ACC003366,3173011506762491,1154130491,Bank OCBC NISP,Tabungan,Aktif,2019-06-05,4416809,761184,710210,37,0,7649651
ACC003367,3173015105752492,4712908198,Bank Mandiri,Giro,Aktif,2022-09-04,38352912,1902856,1504931,178,0,66770520
ACC003368,3173015105752492,1166426757,Bank OCBC NISP,Tabungan,Aktif,2019-10-06,14864537,1179365,858418,174,0,9682806
ACC003369,3671016707862493,2476571289,Bank CIMB Niaga,Giro,Aktif,2021-03-03,44404047,2945113,2145607,179,0,31834420
ACC003370,3671016707862493,7655562089,Bank Permata,Giro,Aktif,2022-05-18,88533743,3654933,2631456,190,0,116858646
ACC003371,3271010711002494,2903062562,Bank Mandiri,Tabungan,Aktif,2020-11-01,9380813,631624,490723,57,0,13244302
ACC003372,3271010711002494,3301518803,BPR Mitra Usaha,Giro,Aktif,2021-03-29,2969875,511394,467314,126,0,5078935
ACC003373,3173014703892495,6829582340,Bank Mandiri,Tabungan,Aktif,2016-02-21,4879596,1771438,1717645,117,0,8131891
ACC003374,3173013007982496,3508821000,Bank BNI,Tabungan,Aktif,2019-09-29,68563277,3118107,2296001,40,0,91756141
ACC003375,3271014502032497,2882090018,BNI,Giro,Aktif,2017-11-30,21599754,2290413,1970332,23,0,26216630
ACC003376,3671014604952498,9606799386,Bank Mandiri,Giro,Aktif,2023-03-13,31454880,1480063,1103986,126,0,50895627
ACC003377,3171011206882499,5133421272,Bank Permata,Tabungan,Aktif,2019-10-30,12236230,3167911,2965127,165,0,21744213
ACC003378,3172012906812500,1060509578,Bank Mandiri,Giro,Aktif,2015-12-31,18661334,1492405,1228912,61,0,22977989
ACC003379,3172012906812500,6865389983,Bank Danamon,Giro,Aktif,2025-07-19,19129218,1100328,896014,121,0,21862493
ACC003380,3671012603832501,3712967383,Bank Mandiri,Giro,Aktif,2023-03-24,28323544,2627434,2209129,173,0,44677070
ACC003381,3671011803902502,7484101396,Bank OCBC NISP,Tabungan,Aktif,2018-10-28,8594312,974088,868544,39,0,5502241
ACC003382,3271014311962503,4784684068,Bank Panin,Giro,Aktif,2024-05-06,9731725,692950,595017,33,0,12025829
ACC003383,3276016106022504,5932325004,BNI,Giro,Aktif,2023-12-07,43990245,2660230,2028570,57,0,29697624
ACC003384,3276016106022504,6523557304,Bank Danamon,Tabungan,Aktif,2021-07-14,15782652,1985635,1760672,189,0,22093750
ACC003385,3174011208832505,9506317477,Bank BNI,Tabungan,Aktif,2019-11-02,11169452,3056038,2846210,167,0,7665892
ACC003386,3175017003952506,1456281551,Bank Mandiri,Tabungan,Aktif,2018-08-03,10806273,1708250,1552426,98,0,12290703
ACC003387,3175017003952506,4424069766,Bank Permata,Giro,Aktif,2023-04-16,15989976,1453751,1264127,116,1,21928881
ACC003388,3174012201692507,5329406513,Bank BRI,Giro,Dormant,2025-06-03,18392984,2947727,2644368,104,0,1349196
ACC003389,3174012201692507,1299806783,Bank OCBC NISP,Tabungan,Dormant,2024-11-04,54083875,2633613,2080611,190,0,4756010
ACC003390,3171014211662508,2392248765,Bank Panin,Giro,Aktif,2015-10-26,5629764,1020020,920098,148,3,9376118
ACC003391,3671012201792509,3734412082,Bank Danamon,Giro,Dormant,2020-05-27,11517671,1632414,1366947,52,0,1975299
ACC003392,3671012201792509,6264305979,Bank CIMB Niaga,Tabungan,Aktif,2016-05-17,23175759,1423241,1087819,192,0,20958499
ACC003393,3671016709902510,9079493927,Bank Permata,Tabungan,Aktif,2016-10-03,12105792,942007,775106,23,0,15994926
ACC003394,3671016709902510,4706990812,Bank Danamon,Tabungan,Aktif,2018-03-29,5289032,772595,642828,95,0,2779490
ACC003395,3174016904802511,4406282076,Bank Danamon,Giro,Aktif,2018-08-05,24053367,2220263,1837044,169,0,31055813
ACC003396,3173012308972512,7716366421,Bank BRI,Tabungan,Aktif,2019-01-12,28088233,1113870,791906,70,0,34328700
ACC003397,3173012308972512,6452136755,Bank Panin,Tabungan,Aktif,2016-07-24,5731515,1292777,1155531,83,0,6931317
ACC003398,3174015802912513,9723223046,Bank Panin,Giro,Aktif,2020-07-20,719681,221946,214033,20,0,907181
ACC003399,3671015311962514,5960031115,Bank Panin,Tabungan,Aktif,2024-02-25,18334272,1633877,1220881,156,0,9375068
ACC003400,3275015705932515,2842745793,Bank Danamon,Giro,Aktif,2024-07-16,13993406,3026840,2848184,73,0,12540606
ACC003401,3674012508902516,2356250399,Bank Mandiri,Tabungan,Aktif,2021-03-17,40860399,1895789,1376530,129,0,28470522
ACC003402,3674012508902516,4978730243,BPR Mitra Usaha,Giro,Aktif,2025-03-30,21139785,1341115,948656,157,0,14748428
ACC003403,3172016408742517,5253422626,Bank Permata,Giro,Aktif,2023-05-31,12049246,4021800,3825854,55,0,11349930
ACC003404,3174012306732518,3929935257,Bank Danamon,Tabungan,Aktif,2023-01-09,1945069,475638,443331,111,3,2420722
ACC003405,3174012306732518,7035813318,Bank Permata,Tabungan,Aktif,2015-10-04,4282799,762633,696152,171,0,4930106
ACC003406,3671015609982519,4362430435,Bank CIMB Niaga,Giro,Dormant,2024-02-17,10900769,487547,378494,135,0,2269159
ACC003407,3671012201872520,3141645384,Bank BRI,Tabungan,Aktif,2024-02-23,54853899,2116872,1534825,37,0,48300081
ACC003408,3674015703792521,6776138938,Bank BRI,Tabungan,Aktif,2018-06-06,1968177,635086,586047,52,0,1949609
ACC003409,3271011105872522,7323097304,Bank OCBC NISP,Giro,Aktif,2016-05-02,30612163,1537326,1103162,32,0,51262811
ACC003410,3271011105872522,2370960951,Bank Danamon,Giro,Aktif,2020-06-30,2332514,930463,893990,199,2,3036233
ACC003411,3276012610822523,6222218814,Bank OCBC NISP,Giro,Aktif,2021-05-25,2600505,649495,589848,157,0,2950285
ACC003412,3172014802972524,6436088184,Bank Panin,Giro,Aktif,2025-07-22,67231881,3444482,2757183,164,0,87220084
ACC003413,3172014802972524,3758430379,Bank BNI,Tabungan,Aktif,2017-11-26,27933654,1947253,1504421,190,0,15922755
ACC003414,3175015011852525,2514590990,Bank BRI,Giro,Aktif,2022-12-20,9669849,556864,409669,105,0,9858031
ACC003415,3175015011852525,1841571131,Bank BCA,Tabungan,Aktif,2022-02-11,1011283,684049,661928,77,0,1052540
ACC003416,3671015110672526,5226459250,Bank BNI,Giro,Aktif,2020-06-24,23193101,2274865,1996970,180,2,16220449
ACC003417,3276015509712527,2135742711,BPR Mitra Usaha,Tabungan,Aktif,2020-09-01,34840522,2708784,2318550,93,0,50763445
ACC003418,3175014709982528,3423630104,Bank CIMB Niaga,Tabungan,Aktif,2018-08-05,7260922,611886,495765,107,0,12868509
ACC003419,3175014709982528,6582591087,BPR Mitra Usaha,Giro,Aktif,2024-01-07,13833863,781234,547259,38,0,13414135
ACC003420,3671012505712529,6226892254,Bank BCA,Giro,Aktif,2017-11-23,8764057,1120155,950585,75,2,11787484
ACC003421,3174011205932530,5786325738,Bank OCBC NISP,Giro,Aktif,2021-10-31,6760621,3818371,3688661,106,0,12087897
ACC003422,3173011407692531,8279585701,Bank BCA,Tabungan,Aktif,2016-05-03,16601528,973466,720390,125,0,29872410
ACC003423,3271016707782532,5372390617,Bank OCBC NISP,Giro,Aktif,2015-02-16,27933950,2448611,1950710,64,0,36265090
ACC003424,3276017012962533,2664524105,Bank Danamon,Tabungan,Aktif,2015-02-23,13012080,665034,509736,66,1,16279937
ACC003425,3172011212892534,8333120471,Bank Danamon,Giro,Aktif,2018-01-02,51527490,3846255,2958822,194,0,59470868
ACC003426,3175011001662535,9722554616,Bank BCA,Giro,Aktif,2025-08-01,7954113,1209536,1032585,137,0,13892606
ACC003427,3174016509702536,4557164013,BPR Mitra Usaha,Giro,Aktif,2015-05-07,43042365,2744152,1966044,176,0,59379494
ACC003428,3174016509702536,6079669748,Bank BRI,Giro,Aktif,2020-11-02,34109569,2255425,1780579,147,0,20312918
ACC003429,3175014403872537,2383208433,Bank OCBC NISP,Giro,Aktif,2024-06-27,1214366,723874,701875,88,0,868657
ACC003430,3171010309882538,6656045746,BNI,Giro,Aktif,2022-12-31,5628106,1650154,1562030,182,0,9917166
ACC003431,3276015605952539,9379663171,BPR Mitra Usaha,Tabungan,Aktif,2016-10-08,10199154,1217319,1090107,120,0,12009724
ACC003432,3275014801742540,9877273378,Bank BCA,Tabungan,Aktif,2020-06-27,16269968,756778,592044,130,0,29131199
ACC003433,3172010301872541,6840892315,Bank Permata,Giro,Dormant,2023-02-11,27963836,1676097,1301091,161,2,4266167
ACC003434,3276012008952542,7357494104,Bank BRI,Tabungan,Aktif,2017-07-18,29466952,1339296,973840,88,0,49207949
ACC003435,3276012008952542,7909985672,Bank OCBC NISP,Tabungan,Aktif,2022-05-08,42084817,1990572,1451883,52,0,27370258
ACC003436,3674010701772543,3553434260,Bank BRI,Tabungan,Aktif,2016-04-22,5746319,320385,234202,188,0,4121110
ACC003437,3674011210822544,2207135283,Bank Panin,Tabungan,Aktif,2021-01-03,77283535,4241980,3355134,22,0,35381704
ACC003438,3671011807922545,1712289879,Bank Panin,Giro,Aktif,2017-04-30,35194753,1664961,1198351,152,0,58694462
ACC003439,3671011807922545,9907336486,Bank CIMB Niaga,Tabungan,Aktif,2016-03-18,26763155,1799898,1319338,82,0,11260792
ACC003440,3271010508992546,1891787542,BNI,Giro,Dormant,2015-04-26,16606069,1824197,1564926,22,0,1484146
ACC003441,3671014806762547,7996596515,Bank Danamon,Tabungan,Aktif,2017-10-27,8874034,2699333,2519340,36,0,10034219
ACC003442,3671014806762547,5645104517,Bank OCBC NISP,Tabungan,Aktif,2021-02-24,18145586,1628142,1405211,137,0,30648213
ACC003443,3175011406822548,8243823508,Bank BNI,Giro,Aktif,2022-05-13,12174092,2349046,2093689,132,0,21530846
ACC003444,3175011406822548,7242362279,BPR Mitra Usaha,Giro,Aktif,2025-04-07,91768512,3217365,2266344,136,0,49856183
ACC003445,3671015812842549,4243091176,Bank OCBC NISP,Giro,Aktif,2022-07-11,22264250,1506138,1178164,61,1,27399534
ACC003446,3671010508672550,3656441249,Bank BCA,Giro,Aktif,2018-08-30,24975891,2819633,2295552,193,1,26317322
ACC003447,3671010508672550,8328706970,Bank BRI,Giro,Aktif,2025-07-19,36422142,2434354,2045608,125,0,38106966
ACC003448,3276016701812551,5294259684,Bank OCBC NISP,Giro,Aktif,2022-11-15,3830830,577327,520872,51,0,4663721
ACC003449,3172014904852552,8386719231,Bank BCA,Giro,Aktif,2020-08-23,62017957,4356017,3591690,164,0,109649978
ACC003450,3172014904852552,6536183790,Bank BRI,Giro,Dormant,2015-09-20,39757091,3902854,2919527,98,0,6317635
ACC003451,3175014905912553,4689765364,Bank Panin,Giro,Dormant,2015-08-29,24448650,1295830,1028683,111,0,4348807
ACC003452,3173012108682554,9032010258,Bank OCBC NISP,Giro,Aktif,2019-07-23,66809119,5453365,4762584,45,2,73799000
ACC003453,3275016208932555,1409614818,Bank BRI,Giro,Aktif,2019-10-24,10214587,1983489,1865600,78,0,7951460
ACC003454,3275016208932555,5246230981,Bank OCBC NISP,Tabungan,Aktif,2020-05-13,35711217,1956128,1493868,174,0,37571096
ACC003455,3674012101652556,1266986954,Bank CIMB Niaga,Tabungan,Aktif,2020-04-19,117567962,6890386,5152278,100,1,198473245
ACC003456,3174016605662557,7080341126,Bank BCA,Tabungan,Aktif,2022-04-29,11752233,721215,595324,36,3,17581658
ACC003457,3174016605662557,4023835345,Bank BCA,Tabungan,Aktif,2025-02-01,6213566,690787,604709,125,0,3001639
ACC003458,3671012510912558,9578822965,Bank Panin,Giro,Aktif,2023-11-16,10974071,2434314,2161864,47,0,14228546
ACC003459,3671012510912558,1876613526,BPR Mitra Usaha,Tabungan,Aktif,2023-01-27,88882568,3402428,2463956,132,0,155433530
ACC003460,3275012710902559,8552659149,Bank Danamon,Tabungan,Aktif,2016-12-29,54641863,3135004,2523304,109,0,33349288
ACC003461,3172014707652560,3472571576,Bank Panin,Giro,Aktif,2017-04-12,17395664,1277150,1079187,148,0,10517012
ACC003462,3172014707652560,2210240737,Bank BCA,Giro,Aktif,2023-01-27,23979466,2082853,1758035,130,0,39504642
ACC003463,3172011612832561,3935555796,BPR Mitra Usaha,Tabungan,Aktif,2018-11-13,5896600,1558969,1427837,56,0,10191164
ACC003464,3671010911662562,6918380004,Bank BRI,Tabungan,Aktif,2015-07-09,34124139,2977919,2281166,29,0,49439815
ACC003465,3271014704892563,1751230833,BNI,Tabungan,Aktif,2020-07-15,57400191,4964540,4273198,49,0,81412310
ACC003466,3173012107912564,1947343591,Bank Mandiri,Giro,Dormant,2017-12-14,11824646,1801060,1528817,53,0,2191904
ACC003467,3172014309682565,7212416789,Bank OCBC NISP,Giro,Aktif,2018-02-13,13481899,772872,582306,137,0,23653431
ACC003468,3671016001912566,4536297014,Bank CIMB Niaga,Tabungan,Aktif,2020-03-29,2847494,326171,270609,86,0,1439806
ACC003469,3671015012022567,1631781153,Bank Permata,Giro,Aktif,2024-01-12,33173624,1598076,1129416,26,0,24386546
ACC003470,3671015012022567,1079279059,Bank BNI,Tabungan,Aktif,2017-07-03,5443414,1670610,1604865,58,0,7786139
ACC003471,3174014312672568,8442618022,Bank BCA,Tabungan,Aktif,2016-12-09,50614896,5136605,4467590,111,0,24465657
ACC003472,3671015005762569,1743647785,Bank OCBC NISP,Tabungan,Aktif,2021-01-11,2636796,1004163,948618,143,0,2148185
ACC003473,3671015005762569,3947661678,Bank Panin,Giro,Aktif,2022-05-13,12283898,802690,610269,82,0,16907103
ACC003474,3671010304772570,5747292964,Bank Mandiri,Tabungan,Aktif,2024-06-06,5371088,900131,843660,85,0,8382006
ACC003475,3671010304772570,7462323478,Bank BCA,Giro,Dormant,2015-03-21,7611605,1568153,1478028,196,1,1878471
ACC003476,3173015602022571,9568216342,Bank OCBC NISP,Tabungan,Aktif,2020-05-22,43525400,2597269,2108449,169,0,46761219
ACC003477,3173016707762572,6345619747,Bank BNI,Giro,Aktif,2022-01-11,35316456,1561204,1114174,172,1,-159509
ACC003478,3173016707762572,2141665951,Bank CIMB Niaga,Giro,Aktif,2017-10-16,13245848,1832688,1599387,174,0,22686850
ACC003479,3674014305842573,5104982245,BPR Mitra Usaha,Giro,Aktif,2024-10-18,11776576,1109027,957796,99,0,19245438
ACC003480,3276010601672574,3717980944,Bank Mandiri,Tabungan,Aktif,2023-01-09,8608663,1961347,1748536,44,0,8657999
ACC003481,3276010601672574,8576497915,Bank CIMB Niaga,Giro,Aktif,2019-01-26,27082654,1653833,1335202,146,0,43042417
ACC003482,3275015701712575,5595396794,Bank BNI,Tabungan,Aktif,2019-12-12,52428596,3861857,2726037,36,0,66194189
ACC003483,3175014910912576,1684834708,BPR Mitra Usaha,Tabungan,Aktif,2017-05-06,60326105,3006525,2303856,187,0,68430612
ACC003484,3276012408022577,7143614994,BPR Mitra Usaha,Tabungan,Aktif,2018-03-02,13544760,861400,719709,183,0,11286283
ACC003485,3171015706792578,3800558911,Bank BRI,Giro,Aktif,2019-01-07,70158187,5745386,4725117,169,0,46533494
ACC003486,3271010412912579,5377090913,Bank Danamon,Giro,Aktif,2022-11-19,7870643,641200,457452,114,0,13870309
ACC003487,3271010412912579,5734134248,Bank BCA,Tabungan,Aktif,2023-12-02,22469563,935671,655782,104,0,34166731
ACC003488,3671012910792580,9425086199,Bank CIMB Niaga,Giro,Aktif,2022-01-01,35326116,2019901,1433889,174,0,32298191
ACC003489,3671012910792580,8732715046,BNI,Giro,Aktif,2015-06-01,31193259,1706380,1280491,182,0,52961553
ACC003490,3175015310942581,8879333474,Bank OCBC NISP,Tabungan,Aktif,2019-08-01,32024992,2002769,1420604,104,0,28404532
ACC003491,3175015310942581,8048036048,Bank BRI,Giro,Aktif,2024-02-29,35343317,2027339,1604609,32,0,46550816
ACC003492,3671015907972582,4534588015,Bank Panin,Giro,Aktif,2021-10-26,12794772,967891,834432,147,0,18478051
ACC003493,3674011907912583,2617629195,BPR Mitra Usaha,Tabungan,Aktif,2017-06-14,6357426,549158,474007,57,0,3202186
ACC003494,3275011307872584,4733086802,Bank Panin,Tabungan,Aktif,2015-10-12,26963492,3866565,3259020,152,0,48079177
ACC003495,3671015505012585,1746765868,Bank Danamon,Giro,Aktif,2015-06-02,33947541,2067420,1483563,62,0,56423605
ACC003496,3671011407872586,2873712830,Bank Panin,Giro,Aktif,2025-06-22,13675304,1148536,990818,57,1,8405066
ACC003497,3175012803702587,8793154489,BPR Mitra Usaha,Tabungan,Dormant,2022-03-28,5215244,594401,530498,61,0,1076759
ACC003498,3175012803702587,5271538858,Bank Danamon,Giro,Aktif,2021-11-18,8713849,705821,544900,150,0,12189265
ACC003499,3271010305752588,9935559166,Bank Permata,Giro,Aktif,2019-08-13,7686543,818565,707565,125,0,9169729
ACC003500,3271010305752588,9076713076,BPR Mitra Usaha,Giro,Aktif,2017-12-29,21077771,1136137,850619,47,0,13926307
ACC003501,3671015611882589,3791142271,BNI,Tabungan,Aktif,2024-07-23,7749183,875524,772186,63,0,6749067
ACC003502,3174012601932590,9232158413,Bank Danamon,Tabungan,Aktif,2023-07-29,11407884,2448720,2322764,71,0,8097744
ACC003503,3671010910822591,3907711039,Bank BNI,Giro,Aktif,2020-01-20,25688828,2172703,1791630,56,0,35820330
ACC003504,3173013008682592,8776399178,Bank BCA,Giro,Dormant,2025-07-02,3611033,933848,889519,39,0,779199
ACC003505,3174015309912593,9168157468,Bank BCA,Tabungan,Aktif,2016-04-30,3421670,1994578,1929632,66,1,2790330
ACC003506,3174015309912593,8567191514,BPR Mitra Usaha,Giro,Aktif,2017-02-25,16583140,1982053,1764558,111,1,10538768
ACC003507,3674015204662594,9576864675,Bank BNI,Tabungan,Aktif,2024-04-02,8257658,468011,329924,119,1,7647608
ACC003508,3671014307012595,4274724446,Bank BNI,Giro,Aktif,2019-08-19,3387155,2381210,2322703,31,0,5298713
ACC003509,3671014307012595,4816131300,Bank Danamon,Giro,Dormant,2020-03-03,40145897,1795219,1387987,90,0,9373229
ACC003510,3175010909902596,5046407115,Bank OCBC NISP,Tabungan,Dormant,2022-09-25,4640069,385974,302821,56,0,655526
ACC003511,3671015406742597,1056035422,Bank BCA,Tabungan,Aktif,2016-03-17,108753019,14783910,13286378,136,0,49759223
ACC003512,3671015406742597,9161684793,BNI,Giro,Aktif,2023-06-07,159092746,14917972,11901778,64,0,280856778
ACC003513,3175011703852598,2073113902,Bank BNI,Tabungan,Aktif,2015-10-10,13901475,1225357,1022937,123,0,12123923
ACC003514,3175011703852598,1004929437,Bank BCA,Giro,Aktif,2015-10-29,20587343,2017529,1618947,41,1,29748973
ACC003515,3671016306762599,1578248024,Bank Danamon,Giro,Aktif,2022-02-02,89279906,3398663,2414914,191,0,123137662
ACC003516,3674010203972600,4996316765,Bank BCA,Giro,Aktif,2020-02-22,19689157,1216751,917850,62,0,33127621
ACC003517,3674010203972600,9597442434,Bank Panin,Tabungan,Aktif,2025-05-23,29697634,1316079,960488,115,0,33131029
ACC003518,3671010502892601,2797903983,Bank BRI,Giro,Aktif,2021-05-02,5045557,684805,577736,170,0,7041291
ACC003519,3271011811932602,5176848799,BPR Mitra Usaha,Giro,Dormant,2025-02-10,13778786,4870240,4527587,73,0,2614069
ACC003520,3671012305752603,4611091880,Bank BCA,Giro,Aktif,2016-11-28,56468051,2598557,1908339,90,0,45432968
ACC003521,3671010308032604,2386416745,Bank Mandiri,Giro,Aktif,2018-01-01,7829878,682358,595065,148,0,13817738
ACC003522,3671010404862605,1035933078,Bank Danamon,Giro,Aktif,2016-06-18,73992787,6423658,4983831,157,0,35408552
ACC003523,3671010404862605,2162071310,Bank Permata,Tabungan,Aktif,2023-04-29,62178054,7136773,6340805,161,0,44742205
ACC003524,3671012812902606,7562652504,BNI,Giro,Aktif,2019-07-01,38324635,2090543,1601428,67,0,41809840
ACC003525,3174015105742607,5972189439,Bank Permata,Tabungan,Aktif,2021-10-31,31784654,2168113,1534968,141,0,42650364
ACC003526,3174015105742607,9698153479,Bank BCA,Giro,Aktif,2024-09-10,27719669,2573089,2238975,149,0,28794178
ACC003527,3674016411862608,4156827830,Bank Permata,Tabungan,Aktif,2021-07-27,21828823,1049627,735564,191,2,28614669
ACC003528,3674016411862608,3497169529,Bank BNI,Tabungan,Dormant,2015-07-11,5848969,879869,740661,194,0,360441
ACC003529,3671012703912609,3396546864,BNI,Giro,Aktif,2023-09-05,7132536,508664,436101,192,0,3294911
ACC003530,3671012706952610,3669518445,Bank Permata,Giro,Aktif,2024-03-13,9957565,1126780,989389,173,0,11868627
ACC003531,3671012706952610,3109121833,Bank CIMB Niaga,Giro,Aktif,2021-06-20,11983666,1046885,850043,132,0,16672756
ACC003532,3271013107882611,3258418050,Bank Permata,Tabungan,Aktif,2018-07-19,1058008,1111609,1085402,194,0,1656770
ACC003533,3271013107882611,6264125714,Bank BNI,Giro,Aktif,2015-11-04,24086618,1270579,974677,131,0,16461447
ACC003534,3671012611682612,4208001028,Bank Danamon,Tabungan,Aktif,2023-06-13,37007686,1604388,1164784,79,0,23491966
ACC003535,3671012611682612,3633030171,Bank OCBC NISP,Tabungan,Aktif,2019-09-02,4639533,1608185,1556125,187,0,4368127
ACC003536,3671015505802613,2256279188,Bank BCA,Giro,Aktif,2019-08-12,33329061,2832533,2420101,173,0,37657347
ACC003537,3674016102732614,5124561502,Bank Mandiri,Giro,Aktif,2017-12-15,38788856,2878056,2078209,20,0,42489240
ACC003538,3671016607672615,3226796409,Bank OCBC NISP,Giro,Aktif,2020-01-15,5748877,405013,309936,61,0,6122263
ACC003539,3671016607672615,3614342571,Bank Danamon,Tabungan,Aktif,2023-08-29,2227272,709954,661514,123,0,3489444
ACC003540,3671016703812616,6601878156,Bank Permata,Giro,Aktif,2017-12-15,1393035,1247744,1220418,63,0,2167648
ACC003541,3671016305022617,8482068266,Bank BNI,Giro,Aktif,2017-06-08,1551046,812452,775895,197,0,686481
ACC003542,3671014211982618,1582737108,Bank Danamon,Tabungan,Aktif,2025-07-03,5563041,1575979,1504856,134,1,-124447
ACC003543,3671014211982618,4926676276,Bank Danamon,Giro,Aktif,2024-05-16,40662285,2082944,1632784,146,0,60234839
ACC003544,3276014504962619,2579746051,Bank BRI,Giro,Aktif,2025-07-21,7299055,635729,561411,150,1,-57487
ACC003545,3674012112002620,3371163028,Bank Panin,Tabungan,Aktif,2017-06-09,12114272,1240568,951578,89,0,16598077
ACC003546,3674012112002620,6579779424,Bank BCA,Giro,Dormant,2017-10-28,28491573,1687535,1183534,107,2,5375209
ACC003547,3671014811842621,5929705354,Bank BCA,Giro,Aktif,2018-12-21,8491118,2104944,1894132,99,0,13099626
ACC003548,3671014811842621,6009452772,BPR Mitra Usaha,Tabungan,Dormant,2017-04-06,29527375,1810061,1488260,172,0,2428977
ACC003549,3175012101662622,9642899119,Bank Permata,Tabungan,Aktif,2023-02-14,12554672,3806101,3516522,37,1,17388144
ACC003550,3175012101662622,1488238546,Bank Mandiri,Tabungan,Aktif,2022-11-13,53231471,3579119,2961686,164,0,88455995
ACC003551,3671014612792623,2648258884,BPR Mitra Usaha,Tabungan,Aktif,2018-04-04,77069388,2825790,2034924,100,0,50569648
ACC003552,3171016009972624,4081562440,BNI,Giro,Aktif,2024-02-28,8665252,785902,665758,36,0,10894322
ACC003553,3175016605012625,1590806887,Bank BCA,Tabungan,Aktif,2023-08-20,31640790,2049252,1643817,54,0,29419359
ACC003554,3171011605012626,8710447810,Bank Panin,Tabungan,Aktif,2016-02-25,60227064,3540023,2659514,75,0,60257651
ACC003555,3276016501742627,5969907530,BNI,Tabungan,Aktif,2020-06-26,12870319,1019820,810725,20,2,8912206
ACC003556,3276016501742627,9713163836,Bank BCA,Tabungan,Aktif,2017-02-19,14551445,738778,552800,135,0,25672658
ACC003557,3173012610732628,3718079249,BPR Mitra Usaha,Giro,Aktif,2020-10-28,1788352,809467,785847,38,0,1070872
ACC003558,3171010803932629,4672488682,BNI,Giro,Aktif,2015-02-04,2276536,1262754,1235149,189,0,1384361
ACC003559,3671012107912630,3878641750,Bank BRI,Giro,Aktif,2024-06-08,14913455,1946283,1718227,196,0,18218540
ACC003560,3271012308742631,1383402658,BNI,Giro,Aktif,2015-07-27,40294577,3676119,3150998,70,0,40721059
ACC003561,3173012104662632,1722802334,BNI,Giro,Dormant,2024-07-22,7982402,579632,495983,24,0,1747803
ACC003562,3173012104662632,7570576716,Bank OCBC NISP,Giro,Aktif,2018-10-01,10734970,545252,382052,153,1,18031410
ACC003563,3171013003972633,2246762705,Bank Permata,Giro,Aktif,2019-10-09,7439594,778359,703116,20,0,7818463
ACC003564,3671016502952634,6871200189,BNI,Giro,Aktif,2024-10-14,17380370,1238808,1003067,135,0,27898328
ACC003565,3671015312862635,2691992285,Bank BNI,Giro,Aktif,2021-09-01,8836797,640307,540633,147,0,13937520
ACC003566,3173014309882636,6869415539,Bank BRI,Tabungan,Aktif,2015-07-22,8481082,1863982,1763448,73,3,13672240
ACC003567,3173014309882636,7745168440,Bank Panin,Giro,Aktif,2018-07-23,10203303,1535118,1409234,149,0,13999608
ACC003568,3175012003882637,8142073176,Bank BCA,Giro,Aktif,2025-04-26,28493470,1142930,840987,32,0,11818409
ACC003569,3671014107862638,4693125447,Bank CIMB Niaga,Giro,Aktif,2025-08-09,9947202,773257,656324,77,0,11007695
ACC003570,3174015403842639,3234104205,Bank Permata,Giro,Aktif,2022-10-24,1352137,767549,744190,136,0,567170
ACC003571,3174016012732640,7365488040,Bank BNI,Tabungan,Dormant,2023-11-12,2706299,345374,310188,153,2,166066
ACC003572,3174016012732640,7915052706,Bank BRI,Giro,Aktif,2017-12-23,4004598,323887,268080,96,0,3459998
ACC003573,3671012807702641,4625443225,Bank BNI,Tabungan,Aktif,2019-07-17,24276041,2960397,2396230,146,0,15656675
ACC003574,3172016411012642,5544425118,Bank Permata,Giro,Aktif,2021-09-19,12304599,1377699,1210804,57,0,14541145
ACC003575,3671015201012643,2146418439,Bank BCA,Giro,Aktif,2024-05-23,45417157,2793624,2204342,167,3,26961346
ACC003576,3671015201012643,3641155277,BNI,Giro,Aktif,2023-05-14,48480953,2328988,1650052,74,0,55861205
ACC003577,3671012408742644,2253732424,Bank Mandiri,Giro,Dormant,2015-10-04,14840508,1452568,1274997,21,0,2147868
ACC003578,3671011403882645,9850139588,Bank Permata,Giro,Aktif,2023-04-09,783728,571122,555879,33,0,389858
ACC003579,3671011403882645,7145055812,BPR Mitra Usaha,Giro,Aktif,2017-11-08,7813875,590077,464460,176,0,10339278
ACC003580,3674014410742646,4088603912,BNI,Giro,Aktif,2018-01-23,13023855,1235089,1067853,176,0,15625424
ACC003581,3271015508752647,2496190627,Bank OCBC NISP,Giro,Aktif,2019-02-28,16402327,1051523,796354,64,0,22906924
ACC003582,3172010412802648,1751530534,Bank BRI,Tabungan,Aktif,2020-08-09,14596587,2004414,1830039,31,1,11877329
ACC003583,3671010712752649,2217522507,Bank CIMB Niaga,Giro,Aktif,2021-03-02,33754603,1869561,1443170,89,0,35117242
ACC003584,3275016712012650,8819659709,Bank BCA,Giro,Aktif,2019-01-23,16149654,2510460,2251983,49,0,17746035
ACC003585,3674010612962651,9950038310,Bank BNI,Tabungan,Aktif,2023-03-25,9005212,638351,524509,112,0,11956427
ACC003586,3674010612962651,4742170568,Bank Panin,Giro,Aktif,2018-08-27,6190821,808069,737018,152,0,7731701
ACC003587,3671014907812652,6255450588,Bank Panin,Giro,Aktif,2023-01-20,30785896,1950537,1620457,84,1,41643205
ACC003588,3671014907812652,9140925043,Bank Permata,Giro,Aktif,2021-03-11,6491946,1525959,1437301,37,0,6962013
ACC003589,3674014806992653,8370202770,Bank Danamon,Tabungan,Aktif,2022-04-09,79954561,5245953,4249106,129,0,39980575
ACC003590,3171016309742654,4586622670,Bank OCBC NISP,Giro,Aktif,2019-10-02,111156604,6087302,4620149,112,0,134261212
ACC003591,3171016309742654,3384887010,Bank Danamon,Giro,Aktif,2024-01-25,35448525,4008789,3168423,186,0,41910020
ACC003592,3175010611792655,4026178826,Bank Danamon,Giro,Aktif,2017-12-02,6889525,1043728,945821,27,1,4972553
ACC003593,3172015704802656,5658542624,BPR Mitra Usaha,Giro,Aktif,2022-11-17,14962654,1074637,921234,97,0,6464895
ACC003594,3172015704802656,1983615428,Bank Panin,Tabungan,Aktif,2024-11-01,16681177,621788,436148,53,0,9083125
ACC003595,3173014105842657,6607360283,BNI,Tabungan,Aktif,2023-03-03,9308067,1380223,1276945,188,2,15926192
ACC003596,3173014105842657,6668657862,BPR Mitra Usaha,Tabungan,Aktif,2017-08-26,24650764,2167237,1619163,92,0,36207887
ACC003597,3271010811732658,3946451158,Bank Mandiri,Giro,Dormant,2019-12-22,9914760,474184,370264,197,0,798106
ACC003598,3271010512892659,1088889747,Bank Danamon,Giro,Aktif,2019-10-25,33918767,2291764,1822613,123,0,50253964
ACC003599,3271010512892659,2810799198,BNI,Tabungan,Aktif,2018-05-02,26162577,2331835,1840875,185,2,17591032
ACC003600,3671011702742660,9011643187,Bank Danamon,Giro,Aktif,2022-03-04,10198255,1652307,1533394,38,1,10907948
ACC003601,3671011702742660,4713214436,Bank OCBC NISP,Tabungan,Aktif,2020-08-03,41826870,1571232,1149613,156,0,39986061
ACC003602,3671010705662661,9331214954,Bank BRI,Giro,Dormant,2017-03-22,28708109,1840438,1415301,23,0,2085645
ACC003603,3671010705662661,5962112808,Bank OCBC NISP,Giro,Aktif,2018-06-10,8263502,1764452,1664061,87,0,10974167
ACC003604,3671015205992662,5989226392,Bank BCA,Tabungan,Aktif,2023-02-13,48073309,4311269,3319734,112,0,28359537
ACC003605,3671015205992662,3391970237,Bank BRI,Giro,Aktif,2023-10-19,93505072,4940773,4001709,183,0,65290183
ACC003606,3671012901682663,2405979011,Bank Panin,Tabungan,Aktif,2024-01-02,51449341,2575704,1806628,182,1,39633358
ACC003607,3276011610912664,1924680489,Bank BRI,Giro,Dormant,2017-05-18,133529573,8036525,6152407,61,0,32067259
ACC003608,3671014910952665,1557278826,Bank BNI,Tabungan,Aktif,2022-06-04,50523571,4314313,3118687,165,0,37456800
ACC003609,3671011705892666,2454807256,Bank Permata,Tabungan,Aktif,2017-08-19,49866284,2233088,1623429,174,0,43041028
ACC003610,3674016305842667,5065945302,Bank Panin,Giro,Aktif,2025-06-05,39721354,1858730,1378328,164,2,68387565
ACC003611,3674016305842667,2763515620,Bank Mandiri,Tabungan,Aktif,2023-09-05,31334924,1625644,1219281,157,0,19660806
ACC003612,3671010607842668,2057294215,Bank BNI,Tabungan,Aktif,2020-01-25,42005679,2204212,1684695,86,0,54083820
ACC003613,3171014203992669,6072125016,BPR Mitra Usaha,Tabungan,Aktif,2018-05-20,61622145,2549008,1815453,173,0,87521903
ACC003614,3671012511842670,6095081462,Bank OCBC NISP,Tabungan,Aktif,2023-04-09,2884104,1782381,1724485,105,0,1472230
ACC003615,3276017107002671,2686829487,Bank Mandiri,Tabungan,Aktif,2019-07-01,3982133,1552652,1456772,105,0,5429699
ACC003616,3171010902932672,1441625449,Bank Danamon,Giro,Aktif,2021-01-14,1411304,1038823,1013733,110,0,1634822
ACC003617,3671015806702673,5373997753,Bank BNI,Tabungan,Aktif,2025-03-01,4638163,434593,360391,149,0,6576566
ACC003618,3173012804742674,5980224985,Bank BNI,Tabungan,Aktif,2016-04-27,32780436,3647688,3181908,83,0,46441194
ACC003619,3173012804742674,2416983837,Bank OCBC NISP,Tabungan,Aktif,2018-08-30,73653121,4522059,3644288,198,0,77689580
ACC003620,3271011509962675,1476915365,BNI,Giro,Aktif,2024-09-03,7426652,2855318,2749118,155,3,4235609
ACC003621,3271011509962675,4605398881,BNI,Tabungan,Aktif,2022-09-13,43577072,2502296,1931383,37,0,68557828
ACC003622,3674016703942676,5792998789,Bank BNI,Tabungan,Aktif,2016-01-19,8224325,711429,611839,37,0,10839691
ACC003623,3674016703942676,6666159529,Bank OCBC NISP,Tabungan,Aktif,2015-09-06,3475735,597834,538326,31,0,3867393
ACC003624,3173010108932677,2982544301,Bank BRI,Giro,Aktif,2015-12-28,6609198,1495921,1427354,183,0,4082439
ACC003625,3173010108932677,7811197869,BPR Mitra Usaha,Giro,Aktif,2025-03-10,15554608,1512450,1230329,137,0,17495820
ACC003626,3674012610692678,8271682870,Bank Mandiri,Giro,Aktif,2015-09-08,34747265,1576486,1123526,108,0,24815614
ACC003627,3671015611842679,6144494500,Bank Danamon,Tabungan,Aktif,2025-04-15,6092504,339831,242668,97,0,9329644
ACC003628,3671015611842679,5071572251,Bank Danamon,Giro,Aktif,2016-09-14,2469430,347163,322001,172,0,2744272
ACC003629,3275010102012680,8509611163,Bank Panin,Giro,Aktif,2023-07-15,2721260,485207,444378,139,0,3708813
ACC003630,3671013105732681,6740712576,BNI,Tabungan,Aktif,2021-06-01,48794871,5157016,4157061,92,0,83828620
ACC003631,3671011812992682,4484192539,Bank CIMB Niaga,Giro,Aktif,2023-06-12,8752161,947585,799208,145,0,14733022
ACC003632,3174012404812683,9090425089,Bank BCA,Tabungan,Aktif,2022-10-05,39317655,4108534,3684784,127,0,51288925
ACC003633,3671016212792684,9842716249,BNI,Giro,Aktif,2019-03-22,9450153,2309051,2144370,46,0,14597213
ACC003634,3671016212792684,5742568857,Bank BRI,Tabungan,Aktif,2017-11-15,20521683,2755283,2307077,147,0,22026963
ACC003635,3175010808872685,5578600559,Bank BCA,Giro,Aktif,2015-03-03,36279899,1556080,1170714,191,0,41194948
ACC003636,3175010808872685,5233666192,Bank BRI,Giro,Aktif,2015-05-02,11310526,1066168,916797,68,0,19394371
ACC003637,3275012706652686,3788176246,BNI,Giro,Aktif,2017-04-10,48937487,2749340,2003050,46,0,21633651
ACC003638,3275012706652686,2342382885,Bank Panin,Tabungan,Aktif,2020-10-01,29096050,2653932,1944494,63,1,29463878
ACC003639,3276014606022687,1988919578,Bank Mandiri,Tabungan,Dormant,2021-08-23,15990190,1314965,1001983,141,2,1264371
ACC003640,3674010610802688,2743446726,Bank OCBC NISP,Tabungan,Aktif,2020-07-22,49189287,2438979,1859945,58,0,35622854
ACC003641,3276016803762689,8846929728,Bank BNI,Giro,Aktif,2022-05-19,21850736,1017043,719719,96,0,28016989
ACC003642,3275011706712690,1645895531,Bank Panin,Giro,Aktif,2020-06-01,11283474,1196525,1025153,128,0,19015342
ACC003643,3275011706712690,4284389309,Bank Danamon,Giro,Aktif,2024-10-06,6142976,692355,551313,66,0,6962131
ACC003644,3671016704792691,5771685572,Bank OCBC NISP,Tabungan,Aktif,2016-06-01,9343612,507224,402082,24,0,8419950
ACC003645,3172011501012692,1016484488,Bank BCA,Giro,Aktif,2015-01-29,34271765,2887596,2425712,75,1,-350547
ACC003646,3674010609012693,4828553701,BPR Mitra Usaha,Giro,Aktif,2016-10-15,9939598,848364,747330,147,0,17379862
ACC003647,3173012808952694,5781837056,Bank BNI,Giro,Dormant,2018-12-11,53689072,2975748,2224460,186,0,2899605
ACC003648,3671012806792695,7908275530,Bank BCA,Giro,Aktif,2023-09-10,19676425,1575674,1348404,57,0,20979057
ACC003649,3671012806792695,3395378830,Bank Mandiri,Giro,Aktif,2016-04-16,16359935,1664092,1291120,48,1,29192840
ACC003650,3276012301752696,5437290207,Bank Panin,Tabungan,Aktif,2024-10-19,5294917,1549142,1462908,109,0,7950140
ACC003651,3276012301752696,5216674244,Bank BCA,Tabungan,Aktif,2022-07-26,14544600,1145991,985680,99,0,7108555
ACC003652,3174013011902697,4825647356,Bank Danamon,Giro,Aktif,2022-11-03,18493419,1291654,1072614,76,0,21206045
ACC003653,3175011010842698,5905399231,Bank Danamon,Tabungan,Aktif,2017-08-21,14168427,865088,687725,25,0,18548272
ACC003654,3671012502692699,5822834694,Bank Mandiri,Giro,Aktif,2017-10-19,18630137,2357946,2133960,89,0,11894695
ACC003655,3671012502692699,4132214901,BNI,Tabungan,Aktif,2024-04-12,59224747,2548109,1950967,103,0,25168346
ACC003656,3671016102872700,2315245923,Bank Panin,Giro,Aktif,2018-02-19,7698806,1868051,1747338,107,0,10951850
ACC003657,3671016102872700,9555672637,Bank Panin,Giro,Aktif,2018-02-19,7049089,2368873,2242792,190,0,3885462
ACC003658,3173015803922701,3363688395,Bank BRI,Giro,Aktif,2019-05-26,7114663,1186708,1091988,103,0,7162035
ACC003659,3671010206972702,8705564742,Bank CIMB Niaga,Tabungan,Aktif,2022-09-15,23633926,1180572,846053,75,0,33274966
ACC003660,3275011410942703,3482699045,BNI,Giro,Aktif,2023-02-15,11885290,861012,654296,157,0,19947030
ACC003661,3674014908712704,1165769817,Bank OCBC NISP,Tabungan,Aktif,2018-08-03,22158388,2453121,2185881,159,0,28591228
ACC003662,3674014908712704,8048628926,Bank Danamon,Tabungan,Aktif,2019-04-24,19610846,2029898,1831741,111,0,15772826
ACC003663,3275010503982705,4801089674,Bank BRI,Tabungan,Aktif,2017-01-15,27014256,1020896,738329,44,0,30442409
ACC003664,3174012210732706,3389845713,Bank BRI,Giro,Aktif,2018-01-25,8750614,637209,455391,180,0,9101835
ACC003665,3174012210732706,2160287539,BNI,Tabungan,Aktif,2020-04-28,6660995,721990,627579,168,2,-87031
ACC003666,3275015810682707,5682024545,Bank BCA,Tabungan,Aktif,2016-06-29,4959446,531763,440402,175,0,6455514
ACC003667,3275015810682707,5344238452,Bank Mandiri,Giro,Aktif,2021-10-07,2857895,413041,345646,147,2,1732740
ACC003668,3671016209782708,9515681228,Bank BNI,Giro,Dormant,2018-04-05,7120492,430189,336996,137,0,1237534
ACC003669,3671016209782708,4139748745,Bank Mandiri,Giro,Aktif,2020-12-02,3491404,411341,370065,124,0,2106419
ACC003670,3174011911802709,2096823381,Bank CIMB Niaga,Tabungan,Aktif,2022-03-13,7939620,541784,441732,188,0,13454395
ACC003671,3271014110692710,7860445279,Bank BCA,Giro,Aktif,2023-08-05,5804918,1094698,981043,179,0,2442687
ACC003672,3671015310972711,7583662044,Bank BCA,Tabungan,Aktif,2016-01-02,11661540,1434969,1267834,54,0,19594535
ACC003673,3671011405942712,4603443852,Bank Permata,Tabungan,Aktif,2016-08-07,35932380,2187162,1751948,73,0,64089748
ACC003674,3671011405942712,7330596600,BPR Mitra Usaha,Giro,Aktif,2018-12-26,6050815,1547889,1413701,135,0,9106249
ACC003675,3174011510022713,6847585651,Bank Panin,Giro,Aktif,2024-09-29,60469164,4396060,3769097,128,0,24214699
ACC003676,3174011510022713,7498263128,BPR Mitra Usaha,Giro,Dormant,2016-03-16,35795377,3449963,2924498,92,0,2350884
ACC003677,3172012912682714,1064339153,Bank BNI,Tabungan,Aktif,2019-08-06,19707961,1635104,1316608,175,0,19708187
ACC003678,3172012912682714,7849969410,Bank BRI,Giro,Aktif,2025-04-05,16763874,2550253,2369954,23,0,24163385
ACC003679,3172011706862715,7230571779,Bank Panin,Giro,Aktif,2015-07-13,22063090,1147795,826240,150,0,15741093
ACC003680,3271016512722716,9378038333,BPR Mitra Usaha,Tabungan,Aktif,2020-08-19,22367954,1253257,986735,55,0,32933714
ACC003681,3171016001902717,5917922109,Bank OCBC NISP,Giro,Aktif,2025-01-05,37943967,1615039,1158247,175,0,43480623
ACC003682,3174010510842718,4223423247,BPR Mitra Usaha,Giro,Aktif,2016-08-24,11355236,1187809,1057304,56,0,15612333
ACC003683,3671015003792719,2516771587,Bank Panin,Giro,Aktif,2024-06-23,29895068,2424017,2114608,134,0,48056306
ACC003684,3671010107742720,8838604679,Bank BCA,Tabungan,Aktif,2018-05-23,27678750,1410593,1083336,112,0,41529874
ACC003685,3271010306662721,1612101879,Bank CIMB Niaga,Giro,Aktif,2025-01-21,7618570,802513,685441,76,0,11428753
ACC003686,3674015511932722,1863113671,Bank Danamon,Tabungan,Aktif,2024-11-17,12335184,1591382,1284045,133,0,9040802
ACC003687,3275014803012723,4646649216,Bank BCA,Tabungan,Aktif,2018-12-22,3678014,579186,508370,70,2,6354635
ACC003688,3174015409652724,4086151465,Bank BRI,Tabungan,Aktif,2020-09-03,23674285,1814790,1328388,48,2,-40315
ACC003689,3174016301652725,9675744274,Bank OCBC NISP,Giro,Aktif,2015-10-31,14323564,930921,693747,172,2,22321790
ACC003690,3671010208812726,9217883921,Bank Panin,Tabungan,Aktif,2020-07-22,5268106,1402040,1295104,58,0,3426180
ACC003691,3671010208812726,1555936716,Bank BNI,Giro,Aktif,2018-10-10,6680673,1062169,986286,150,0,11862237
ACC003692,3674016807812727,6074813518,Bank Mandiri,Giro,Aktif,2018-04-20,11522548,1738289,1455425,90,0,20473492
ACC003693,3674015904722728,6667141759,Bank Danamon,Giro,Aktif,2016-11-25,52538601,4257682,3120260,136,0,30425629
ACC003694,3671010603652729,7721607870,Bank BCA,Tabungan,Dormant,2024-08-22,17473918,1009722,805549,180,0,1836397
ACC003695,3671010603652729,9024062066,Bank Permata,Giro,Aktif,2020-05-24,24310937,1128523,835135,60,0,18547196
ACC003696,3271010903862730,3944179138,Bank Mandiri,Tabungan,Aktif,2024-09-16,2213997,807601,767821,160,0,2278779
ACC003697,3275012007822731,5537056654,Bank BRI,Giro,Aktif,2017-12-10,7314206,423421,315367,154,0,6625260
ACC003698,3671011511862732,4596911141,BPR Mitra Usaha,Tabungan,Aktif,2018-05-15,17053879,1317928,1106700,33,0,26030500
ACC003699,3671011511862732,4630916587,Bank Danamon,Giro,Aktif,2025-07-16,18704647,1813212,1523801,139,0,24483768
ACC003700,3671014702772733,7957101018,Bank Panin,Giro,Aktif,2020-05-18,8036369,1290151,1193332,75,0,4484496
ACC003701,3671010110792734,5294954263,BNI,Tabungan,Dormant,2025-06-16,5703320,449497,386672,77,0,1216774
ACC003702,3671010110792734,2233111084,Bank Permata,Giro,Aktif,2017-09-08,9256874,761947,573101,188,0,6954076
ACC003703,3671016005902735,3094213001,Bank CIMB Niaga,Giro,Aktif,2023-09-19,2688549,738746,708913,100,0,3037243
ACC003704,3172012402912736,3489666983,Bank Panin,Giro,Aktif,2022-06-15,7802745,530264,412599,54,0,11398770
ACC003705,3172012402912736,9974385458,Bank Danamon,Giro,Aktif,2022-06-28,2131427,705285,671605,173,0,3155013
ACC003706,3276015501912737,8238359183,Bank Panin,Giro,Aktif,2024-09-21,9777654,2614719,2494310,138,0,7990089
ACC003707,3275012910712738,6981154148,Bank Danamon,Giro,Aktif,2021-07-17,12252645,2336122,2150130,99,0,8176207
ACC003708,3275017112952739,9877679788,Bank OCBC NISP,Giro,Aktif,2015-06-22,6405259,533806,462917,127,0,8074172
ACC003709,3271014204772740,3501995376,Bank OCBC NISP,Giro,Aktif,2024-12-17,100970609,3797743,2684847,47,0,55624434
ACC003710,3171010408692741,3048155785,BPR Mitra Usaha,Giro,Aktif,2023-08-11,5779004,941318,877504,69,0,6062818
ACC003711,3171010408692741,9996678401,Bank Panin,Tabungan,Aktif,2016-05-22,2503858,744304,712810,163,0,1440826
ACC003712,3175011309822742,4918380910,Bank Panin,Tabungan,Dormant,2022-10-04,25344908,1230341,933053,146,0,1476657
ACC003713,3276010511752743,6174772978,Bank OCBC NISP,Tabungan,Aktif,2015-05-12,10178833,1167384,1025837,31,1,13796901
ACC003714,3276010511752743,4786519034,Bank Permata,Tabungan,Aktif,2018-07-05,5527312,926124,794176,30,0,9170289
ACC003715,3671011309932744,6541708638,BNI,Tabungan,Aktif,2022-02-23,8193981,683474,586756,78,0,9475462
ACC003716,3174015802852745,8347840430,Bank OCBC NISP,Tabungan,Aktif,2021-02-25,4633408,545052,457173,194,0,1855615
ACC003717,3172016201972746,5408939603,Bank Permata,Tabungan,Aktif,2025-06-21,7549099,1129890,999349,154,0,13367943
ACC003718,3276015708912747,4066675913,Bank Mandiri,Giro,Aktif,2021-04-12,9443340,2453464,2266477,148,0,15271880
ACC003719,3172011211902748,7584570593,Bank Panin,Tabungan,Aktif,2022-07-15,16791252,1481123,1100758,111,0,24465173
ACC003720,3172011211902748,7618444313,Bank Mandiri,Giro,Aktif,2017-10-20,34422975,1629756,1259936,51,0,35851342
ACC003721,3175010702732749,3674437741,Bank Mandiri,Giro,Aktif,2020-06-21,5274817,1557615,1483507,185,2,2729854
ACC003722,3671013107952750,9826317188,Bank CIMB Niaga,Tabungan,Aktif,2019-05-14,46838838,1976087,1433369,158,0,71732278
ACC003723,3275012703872751,2674823413,Bank BNI,Tabungan,Aktif,2021-06-29,39723288,2158514,1533879,94,0,31182805
ACC003724,3275012703872751,8825063009,BPR Mitra Usaha,Giro,Aktif,2024-11-06,59590211,2731335,2073226,199,3,98921812
ACC003725,3674012008872752,5890552715,Bank Panin,Tabungan,Aktif,2020-11-19,3345933,1130312,1084736,103,0,3751968
ACC003726,3271015003982753,1396799165,BPR Mitra Usaha,Giro,Aktif,2023-03-16,50655910,1818126,1301730,173,0,33944994
ACC003727,3671012006922754,8159996427,Bank BNI,Giro,Aktif,2022-02-01,13542389,565927,410076,130,0,20800086
ACC003728,3671010103662755,3841236701,Bank CIMB Niaga,Tabungan,Aktif,2018-09-14,6584075,710225,573978,104,0,5409834
ACC003729,3671010103662755,1996754075,Bank BNI,Giro,Aktif,2024-11-23,1220376,986120,963338,150,0,2106473
ACC003730,3175014412972756,5762556543,Bank BRI,Giro,Aktif,2022-09-21,24759575,1778199,1415516,129,0,17590239
ACC003731,3671017010022757,9248686407,Bank Danamon,Tabungan,Aktif,2016-04-13,2219504,319264,296098,193,2,1550053
ACC003732,3275011907002758,7973806904,BNI,Giro,Aktif,2019-06-17,3816239,477761,405437,49,0,4756129
ACC003733,3275011907002758,8430439623,BNI,Giro,Dormant,2021-06-27,5080811,295501,228931,73,0,1018570
ACC003734,3674011512752759,5682193724,Bank OCBC NISP,Tabungan,Aktif,2025-03-14,3498483,1067123,994029,45,0,4647281
ACC003735,3173014211972760,1935353117,Bank BCA,Tabungan,Aktif,2016-10-09,27176092,2183809,1809687,89,0,26139623
ACC003736,3271011807892761,1525768422,BNI,Giro,Aktif,2022-07-10,36315409,1480873,1085121,169,0,47337670
ACC003737,3275016705892762,7933535501,Bank Permata,Giro,Aktif,2021-05-05,8341182,1512592,1375957,69,0,12765088
ACC003738,3671017003732763,6720244650,Bank Mandiri,Tabungan,Aktif,2022-06-15,9689684,1821092,1662625,98,0,6855517
ACC003739,3671017003732763,1744179514,Bank Panin,Giro,Aktif,2019-07-30,43054843,3047725,2534757,73,0,68435068
ACC003740,3671011910942764,4000937695,Bank BRI,Giro,Aktif,2021-01-03,19118499,1253523,1042478,44,0,14100120
ACC003741,3174010602012765,8015110009,Bank BCA,Tabungan,Aktif,2015-03-13,6976447,590420,507574,45,0,11981124
ACC003742,3271012512792766,7361965344,Bank Mandiri,Giro,Dormant,2018-02-05,11744341,1590181,1469959,133,0,2293039
ACC003743,3674010811702767,5510773349,Bank BNI,Giro,Aktif,2018-09-24,9801867,1015596,804995,95,0,4636855
ACC003744,3671016408812768,3952773540,BPR Mitra Usaha,Giro,Aktif,2023-12-13,10080079,726448,622167,162,2,12652725
ACC003745,3671016408812768,3025529723,Bank Permata,Tabungan,Aktif,2021-05-30,9450226,537412,421706,88,0,16829018
ACC003746,3671011511662769,6043194975,Bank Danamon,Giro,Dormant,2024-12-31,6261250,587314,474861,64,0,607630
ACC003747,3671015411872770,3474434615,BPR Mitra Usaha,Tabungan,Aktif,2020-01-17,32906100,1559705,1136402,128,0,14005640
ACC003748,3271016708972771,2081873250,Bank OCBC NISP,Tabungan,Aktif,2019-02-15,105457395,4479976,3356243,162,0,176378908
ACC003749,3271016708972771,4149038169,BNI,Giro,Aktif,2024-09-24,59707776,4870185,3570355,127,1,64173616
ACC003750,3671011209752772,4183373780,Bank Panin,Tabungan,Aktif,2023-06-22,10734404,1984040,1799721,191,0,7006127
ACC003751,3275010104952773,9344015609,BNI,Giro,Aktif,2018-05-07,21692850,2010706,1578259,139,1,34725757
ACC003752,3275011006992774,5093802529,Bank CIMB Niaga,Tabungan,Aktif,2017-05-18,9953298,542850,397098,133,0,12487792
ACC003753,3275011006992774,2159828611,Bank Permata,Tabungan,Aktif,2015-08-31,14297278,631736,444121,77,0,11018071
ACC003754,3271016611982775,7536365904,Bank Danamon,Tabungan,Dormant,2021-09-04,19072377,1516721,1077911,99,0,1793860
ACC003755,3671016611932776,3616027348,Bank Danamon,Giro,Aktif,2025-05-23,13932096,1034345,882801,53,0,20315408
ACC003756,3671016611932776,7871168071,Bank BCA,Giro,Aktif,2021-07-28,3190516,1416564,1382807,178,0,2224045
ACC003757,3671014803872777,6618742196,Bank BRI,Tabungan,Aktif,2020-07-08,3763832,1515090,1434795,22,0,6688394
ACC003758,3175014204692778,7205545952,Bank BNI,Giro,Aktif,2018-11-21,3155133,880205,815820,65,0,4842252
ACC003759,3276015007992779,8957060166,Bank Danamon,Giro,Aktif,2022-01-06,8629105,364048,257056,167,0,8193464
ACC003760,3276015007992779,4486404589,Bank BNI,Tabungan,Aktif,2025-06-19,9816231,470147,332773,22,0,11690546
ACC003761,3674010512992780,4086798287,Bank Panin,Giro,Aktif,2015-12-26,38208451,3091295,2342672,187,0,19122864
ACC003762,3173015712752781,5579814495,Bank BRI,Tabungan,Aktif,2016-08-19,13338924,1537491,1252042,98,0,17456030
ACC003763,3175011910002782,4296586418,Bank Permata,Tabungan,Aktif,2020-08-14,14973330,916501,685480,103,0,20684479
ACC003764,3175011910002782,1243620737,Bank CIMB Niaga,Tabungan,Aktif,2021-09-30,13879947,1182239,941165,124,0,17555407
ACC003765,3275016109692783,2967096076,BNI,Tabungan,Aktif,2019-04-26,26025222,1020514,725269,104,0,33632624
ACC003766,3674010208012784,2350455204,Bank BCA,Tabungan,Aktif,2024-11-18,34711908,1492570,1101526,49,1,-88495
ACC003767,3175015011752785,9927720981,Bank BCA,Tabungan,Dormant,2022-01-23,1577817,281063,249096,118,0,124097
ACC003768,3175015011752785,3357372961,Bank Permata,Tabungan,Dormant,2015-05-26,2424695,248919,218101,109,0,295864
ACC003769,3276015601822786,3808957581,Bank Panin,Tabungan,Aktif,2020-02-17,23892908,2620185,2337760,51,0,16831774
ACC003770,3276015601822786,9608173685,Bank BRI,Giro,Aktif,2024-12-25,36287433,2389037,1934228,175,0,34081532
ACC003771,3174016107912787,5334617041,Bank Panin,Tabungan,Aktif,2025-05-30,7484662,810627,705195,74,0,8151891
ACC003772,3174014403002788,4577077762,Bank OCBC NISP,Giro,Aktif,2020-09-07,9841337,1381744,1207861,192,0,5602562
ACC003773,3671015408012789,9932842959,Bank Permata,Giro,Aktif,2017-03-18,7212891,1181518,1003868,27,0,10268415
ACC003774,3671015408012789,9461542706,Bank BCA,Giro,Aktif,2018-12-28,15242448,1052192,865485,34,0,19796555
ACC003775,3271015202772790,1411362371,Bank Danamon,Giro,Aktif,2020-09-02,31637860,2156757,1819775,35,0,54317444
ACC003776,3276015604972791,3142330992,BNI,Giro,Dormant,2017-01-05,10163353,1869835,1732468,25,2,1944708
ACC003777,3671011108912792,8652399740,Bank Permata,Giro,Aktif,2018-01-06,10051173,1097296,960952,94,0,6020413
ACC003778,3671011108912792,1949444336,Bank BRI,Tabungan,Aktif,2018-12-24,16640685,911347,743499,153,2,-30186
ACC003779,3275016004872793,8279868906,Bank Mandiri,Tabungan,Aktif,2017-04-23,14464326,1019697,767591,111,1,18530525
ACC003780,3275016004872793,2040610012,Bank OCBC NISP,Tabungan,Aktif,2022-08-12,6417516,688007,579082,174,0,8730408
ACC003781,3671010102872794,1493356310,Bank CIMB Niaga,Tabungan,Dormant,2018-08-10,1812029,994536,963947,156,0,439830
ACC003782,3671010102872794,4480163319,Bank Mandiri,Giro,Aktif,2023-06-26,10246923,1276245,1119076,45,0,6506766
ACC003783,3275011103672795,3296156185,Bank Panin,Giro,Dormant,2019-08-05,929849,433273,415801,102,0,72819
ACC003784,3275011103672795,9629138242,Bank OCBC NISP,Giro,Aktif,2023-01-10,4316966,424986,376289,184,0,1876129
ACC003785,3271010203012796,1505236130,Bank OCBC NISP,Giro,Aktif,2018-05-12,3770156,675936,625609,124,2,4487260
ACC003786,3171015106702797,9436487562,Bank Mandiri,Tabungan,Dormant,2017-08-31,29493772,2230811,1666589,168,1,2184490
ACC003787,3275016309902798,1138651997,Bank Mandiri,Tabungan,Aktif,2024-02-24,20061420,2982997,2728713,99,0,31356005
ACC003788,3173012304782799,8008153059,BNI,Giro,Aktif,2017-03-17,35237406,2437783,1874527,32,1,63284881
ACC003789,3671017012762800,9306644101,Bank Panin,Tabungan,Aktif,2024-06-01,55445857,4142097,3453282,123,0,72760401
ACC003790,3671012607902801,3506125236,BNI,Tabungan,Aktif,2015-06-10,2615181,979850,925593,163,0,2713018
ACC003791,3171015502852802,6705150346,Bank BRI,Giro,Aktif,2021-12-15,16348747,1392910,1161580,108,0,13610692
ACC003792,3671012301662803,7406580937,Bank Mandiri,Tabungan,Aktif,2021-07-24,14097642,1438946,1295410,185,0,18770242
ACC003793,3671012301662803,7515764742,Bank OCBC NISP,Giro,Aktif,2015-09-01,31295386,2068675,1690975,154,0,21063967
ACC003794,3671016005992804,5772675351,Bank Permata,Tabungan,Aktif,2016-12-24,989658,453290,435341,108,0,623987
ACC003795,3671016005992804,2742313115,Bank Panin,Tabungan,Dormant,2023-03-24,2440290,375819,317833,49,0,265330
ACC003796,3276012208872805,3674922657,Bank Permata,Tabungan,Aktif,2019-02-27,19015998,855588,648849,122,0,22389696
ACC003797,3671012006952806,6350910941,Bank Panin,Tabungan,Aktif,2023-06-19,25962557,1371236,1030336,91,0,14886510
ACC003798,3171015301932807,8068997479,Bank Panin,Tabungan,Aktif,2021-03-02,50478760,2524223,1924084,134,0,34259032
ACC003799,3671015307992808,6005287827,BNI,Tabungan,Aktif,2021-10-09,3543647,653212,577647,141,0,5786125
ACC003800,3671015307992808,5376347881,Bank Mandiri,Tabungan,Aktif,2021-12-02,5754679,845515,774939,137,0,5132203
ACC003801,3174016007762809,7996560746,Bank OCBC NISP,Giro,Aktif,2015-06-21,7307339,529995,420738,30,0,7592519
ACC003802,3175016812802810,2018705546,Bank CIMB Niaga,Giro,Aktif,2015-04-22,9086251,1016272,838081,177,0,9384274
ACC003803,3174010411942811,5108192461,Bank Permata,Tabungan,Dormant,2019-05-31,20861405,1368527,1115499,119,0,1385974
ACC003804,3276010605772812,1167774071,Bank BCA,Tabungan,Aktif,2018-09-04,8047623,618005,502873,150,0,8726336
ACC003805,3671016807882813,1259377971,Bank OCBC NISP,Tabungan,Aktif,2022-08-11,34867101,3103940,2492628,98,0,49120517
ACC003806,3671013110682814,4470892172,BNI,Tabungan,Aktif,2020-10-15,2438784,437645,382458,99,0,2595639
ACC003807,3671013110682814,9361053936,Bank BRI,Giro,Aktif,2025-07-20,2060669,427686,384209,147,0,1367935
ACC003808,3171015107752815,3010575437,Bank Danamon,Tabungan,Aktif,2024-05-09,64719538,4716596,3476124,198,0,79644911
ACC003809,3171015107752815,4948647086,Bank BRI,Giro,Aktif,2015-08-27,95553591,4652737,3616371,199,0,158851393
ACC003810,3171014407722816,9720285799,Bank BNI,Tabungan,Aktif,2024-05-14,5724974,1010763,948389,138,0,3567997
ACC003811,3171010409002817,7290823396,BPR Mitra Usaha,Giro,Aktif,2017-10-18,39812694,4613704,3759284,181,0,18652637
ACC003812,3671016407792818,1131288163,Bank BCA,Giro,Aktif,2024-06-11,25709113,1322011,1014851,179,0,35641059
ACC003813,3671016407792818,3143469194,BNI,Giro,Aktif,2019-03-19,5556552,1602270,1510542,78,0,9146478
ACC003814,3671016311722819,1491261905,BNI,Tabungan,Aktif,2015-03-25,12036923,732055,587643,44,0,16338583
ACC003815,3671014312772820,9115426112,BPR Mitra Usaha,Tabungan,Dormant,2023-12-05,5705704,286612,204254,34,0,1302983
ACC003816,3174014511862821,9081764105,Bank BCA,Tabungan,Aktif,2015-12-08,7331499,931781,803167,25,0,9006097
ACC003817,3674014307762822,8350146545,Bank BRI,Tabungan,Aktif,2016-04-05,22436430,2466356,2075378,123,0,40215537
ACC003818,3671015609982823,4007945310,Bank Permata,Giro,Aktif,2025-02-13,20912973,3089351,2791828,99,1,35668265
ACC003819,3276015904942824,5924383982,Bank BRI,Tabungan,Aktif,2020-11-22,5284532,367115,263090,174,0,7182094
ACC003820,3173016103982825,4738071820,Bank BCA,Giro,Dormant,2024-08-13,37771613,2375902,1713722,194,0,2227305
ACC003821,3275016308862826,6720348784,Bank Danamon,Giro,Aktif,2022-06-03,2785663,630162,598344,170,0,3309881
ACC003822,3275016308862826,4731581824,Bank Danamon,Giro,Aktif,2017-08-29,6471843,712188,631133,161,0,10755140
ACC003823,3671015412982827,3474185120,Bank Danamon,Giro,Aktif,2023-10-08,79057216,7336244,5588466,65,0,52991011
ACC003824,3674011304732828,8484831008,BNI,Giro,Aktif,2018-06-25,6572601,2184838,2114073,127,0,5228951
ACC003825,3175012302732829,8773035759,Bank CIMB Niaga,Giro,Aktif,2018-10-10,23728674,1234068,972176,191,0,23130628
ACC003826,3175012302732829,9533541118,Bank OCBC NISP,Tabungan,Aktif,2025-07-14,6975021,1151175,1066809,48,0,12155066
ACC003827,3671014904832830,3694937662,Bank OCBC NISP,Giro,Aktif,2019-05-25,48280476,3976508,3207942,58,0,84769587
ACC003828,3172015702882831,6182097144,Bank Permata,Giro,Aktif,2023-12-06,11156678,2242597,2104363,77,0,13243294
ACC003829,3275015202662832,1631908562,Bank CIMB Niaga,Tabungan,Aktif,2016-01-18,2758020,1359800,1308289,149,0,4661638
ACC003830,3671012309972833,6322791548,Bank BCA,Giro,Aktif,2021-11-24,16429764,830499,630825,174,0,13527161
ACC003831,3674011305732834,1414490310,Bank Permata,Giro,Aktif,2019-06-25,44713957,3847992,2946868,188,0,53287050
ACC003832,3674016106702835,9278908818,Bank BRI,Giro,Aktif,2022-01-15,6001797,2008305,1937689,94,0,6838926
ACC003833,3174017103762836,1251944255,Bank Danamon,Tabungan,Aktif,2015-11-02,2999718,607037,545742,108,0,2403560
ACC003834,3171011203742837,9019718803,BNI,Giro,Aktif,2022-01-21,13338178,2696521,2509328,60,2,11328945
ACC003835,3171011908032838,4942609313,Bank BCA,Giro,Aktif,2024-09-29,56805405,3609016,2772246,61,0,97116764
ACC003836,3171011908032838,5882185374,Bank OCBC NISP,Tabungan,Aktif,2023-10-25,103295608,4836669,3469728,88,0,133166763
ACC003837,3671015512692839,8720242947,Bank BCA,Giro,Dormant,2020-11-14,14713217,1561915,1368377,59,0,882247
ACC003838,3271011608812840,8071953998,Bank Panin,Giro,Aktif,2022-11-18,7255036,1353924,1237512,91,0,5429298
ACC003839,3674014702672841,1551724657,Bank CIMB Niaga,Giro,Aktif,2021-04-23,20798587,5906262,5427511,169,0,22360821
ACC003840,3674014702672841,1452369173,Bank CIMB Niaga,Tabungan,Aktif,2022-12-02,25623424,5683627,5354136,147,0,22735531
ACC003841,3174015001872842,4348701865,Bank BRI,Tabungan,Aktif,2022-10-24,14591231,1044546,750565,131,1,19693840
ACC003842,3174015001872842,2148089724,Bank Mandiri,Tabungan,Aktif,2023-10-31,12766376,666799,537404,183,0,18339290
ACC003843,3271011205712843,5632353853,Bank Permata,Giro,Aktif,2021-05-14,26657627,7211458,6812263,130,1,26338975
ACC003844,3276011312932844,7891173823,Bank BCA,Giro,Aktif,2015-09-07,1331335,1169267,1139381,59,0,2112918
ACC003845,3172014609662845,8543350323,Bank Danamon,Giro,Aktif,2018-11-06,7898354,1851273,1769869,131,1,11087493
ACC003846,3172014609662845,5999175980,Bank Mandiri,Giro,Aktif,2015-04-10,38598488,2595943,1968521,147,0,20823868
ACC003847,3174011001702846,8185933076,Bank BNI,Tabungan,Aktif,2023-05-06,10734860,836023,711978,111,0,16601622
ACC003848,3174011001702846,8175056058,BPR Mitra Usaha,Giro,Aktif,2022-11-19,17269154,763735,567332,104,0,12559601
ACC003849,3271016712702847,8787882617,Bank Panin,Tabungan,Dormant,2017-03-28,19639240,2212495,1982254,160,0,2196849
ACC003850,3271011707802848,2267242210,Bank CIMB Niaga,Giro,Aktif,2015-11-21,4423118,1924680,1867265,82,0,5165361
ACC003851,3271011707802848,9219122870,Bank OCBC NISP,Giro,Aktif,2024-04-28,16220616,1726177,1481831,97,0,11870880
ACC003852,3671016109792849,7885464988,BPR Mitra Usaha,Tabungan,Aktif,2020-02-05,14212606,1081191,838309,159,0,17014318
ACC003853,3173016304942850,8747070476,Bank BNI,Tabungan,Aktif,2016-11-19,44349976,1720341,1226101,149,0,27773781
ACC003854,3173016304942850,6240095400,Bank CIMB Niaga,Tabungan,Aktif,2016-05-29,29080335,1355137,1063862,170,0,12664078
ACC003855,3671014706932851,6651171956,BNI,Tabungan,Aktif,2024-03-11,26890431,2199915,1742833,38,0,35961707
ACC003856,3671014706932851,5926352802,Bank Mandiri,Giro,Aktif,2015-01-14,15464035,2432931,2255303,44,0,10836536
ACC003857,3275010810862852,7526214627,BPR Mitra Usaha,Giro,Aktif,2018-08-21,32565243,2458274,2027722,58,0,13431545
ACC003858,3671016806952853,2311970911,Bank Panin,Giro,Aktif,2016-12-07,13530043,1093215,949223,173,0,17339958
ACC003859,3671016806952853,6133074059,Bank Danamon,Tabungan,Aktif,2016-11-18,28738994,1800600,1316498,57,1,22084802
ACC003860,3671013108902854,7858010334,Bank BCA,Tabungan,Aktif,2023-01-26,7796448,2256973,2165961,43,0,10819645
ACC003861,3671013108902854,9367518612,Bank OCBC NISP,Giro,Aktif,2018-12-16,24927790,2256190,1961910,153,0,18688053
ACC003862,3174015803692855,6655329343,Bank BCA,Tabungan,Aktif,2017-04-28,3601080,1272725,1221970,111,0,1792235
ACC003863,3276012910972856,8488854802,Bank CIMB Niaga,Giro,Aktif,2015-07-16,15670099,1185686,977606,179,0,20709548
ACC003864,3276012910972856,1663853842,BPR Mitra Usaha,Giro,Aktif,2021-10-29,24471080,1420219,1084524,63,0,19780258
ACC003865,3271011205032857,9237083553,BPR Mitra Usaha,Tabungan,Dormant,2023-09-11,19129823,824207,605859,106,0,1352114
ACC003866,3173012407772858,6998194302,Bank Mandiri,Giro,Aktif,2024-11-13,73639805,3043575,2222609,121,0,46067489
ACC003867,3173012407772858,7493926494,Bank Panin,Giro,Aktif,2018-01-06,65204697,3162359,2333761,119,1,36887539
ACC003868,3275012407782859,5472847375,Bank BCA,Giro,Aktif,2021-05-20,2264657,521736,493756,67,0,2308488
ACC003869,3275012407782859,8038559193,Bank BRI,Tabungan,Aktif,2016-04-16,5695431,647407,589853,117,0,8931985
ACC003870,3671011910702860,5089624362,Bank Mandiri,Giro,Aktif,2015-07-28,19230230,1092070,813154,194,0,17431286
ACC003871,3671011910702860,4187198775,Bank Mandiri,Giro,Aktif,2016-07-22,26204231,1464413,1139240,109,0,21203978
ACC003872,3173014501812861,2039143050,Bank Panin,Tabungan,Aktif,2020-10-09,17556047,1056911,759912,132,0,8270018
ACC003873,3674012909692862,7047269832,Bank Danamon,Tabungan,Aktif,2020-05-30,27951884,2575533,2294309,33,0,33861878
ACC003874,3174014507802863,9558350759,Bank OCBC NISP,Giro,Aktif,2024-09-30,13552429,1058032,852802,47,2,21346590
ACC003875,3671015508872864,1370452535,Bank BCA,Giro,Aktif,2021-09-22,3621550,829529,750698,54,0,6311077
ACC003876,3671015508872864,5356682763,Bank BRI,Tabungan,Dormant,2015-05-13,4389525,1004684,900911,199,0,235922
ACC003877,3171010803852865,9207884295,Bank Danamon,Giro,Aktif,2018-01-01,4831240,856889,762354,39,0,6780803
ACC003878,3175016312002866,4259338922,Bank Danamon,Tabungan,Aktif,2022-11-02,7846952,830603,688386,140,0,9614914
ACC003879,3174014303972867,8443895283,Bank BNI,Tabungan,Aktif,2023-06-11,11150492,1587337,1418605,91,0,7674658
ACC003880,3174014303972867,7942760070,Bank BNI,Giro,Aktif,2022-04-09,9910143,1701468,1530623,156,0,7205590
ACC003881,3671016205912868,9873915231,Bank Mandiri,Giro,Dormant,2019-08-08,8498326,871746,784810,109,0,856261
ACC003882,3276012604792869,2902768832,Bank Panin,Giro,Aktif,2019-01-14,10631732,737443,548937,192,0,16472494
ACC003883,3276012604792869,4710707285,Bank BRI,Giro,Aktif,2019-08-06,2667553,562216,525465,88,0,2703176
ACC003884,3171013003892870,2453688395,BPR Mitra Usaha,Tabungan,Aktif,2016-02-25,7127283,1199681,1109259,57,0,3732348
ACC003885,3674011412932871,5436790493,BNI,Tabungan,Aktif,2018-02-08,33295420,1992189,1631386,161,0,42810195
ACC003886,3671017009852872,9288763572,Bank BNI,Tabungan,Aktif,2017-07-26,3654904,1157065,1077411,174,0,2053956
ACC003887,3671016105032873,1650824723,Bank OCBC NISP,Tabungan,Aktif,2015-06-07,6122928,727036,649910,128,0,10256297
ACC003888,3276012501792874,5281215083,Bank BNI,Tabungan,Aktif,2023-04-11,30275386,1693677,1322407,97,0,30413291
ACC003889,3674014509792875,9786237351,BPR Mitra Usaha,Tabungan,Aktif,2022-02-10,2048222,1544668,1494650,133,1,-100165
ACC003890,3271012102882876,3757510851,Bank CIMB Niaga,Giro,Aktif,2018-09-23,9288581,2232579,2136732,40,0,13665730
ACC003891,3271012102882876,9407255475,Bank Mandiri,Tabungan,Aktif,2017-09-23,18628707,2078602,1773984,103,0,26372127
ACC003892,3271011307862877,8903138410,Bank CIMB Niaga,Giro,Aktif,2023-07-27,11050349,2373395,2135444,96,3,13392987
ACC003893,3276011004842878,5302106149,BPR Mitra Usaha,Giro,Aktif,2016-02-25,8173029,726125,612216,49,0,6395395
ACC003894,3171012606912879,2438160493,Bank Panin,Giro,Aktif,2022-08-27,8016937,898654,703555,193,0,3562341
ACC003895,3172011408932880,4913164775,Bank CIMB Niaga,Giro,Aktif,2022-12-07,24406337,1553812,1155169,89,0,17117468
ACC003896,3671012111732881,8343260921,Bank BNI,Giro,Aktif,2023-09-08,14997101,1726853,1508935,99,0,26598766
ACC003897,3671010912782882,3439022113,Bank BRI,Giro,Aktif,2025-06-16,1620182,614946,597026,199,0,2525188
ACC003898,3172014606932883,3544169387,Bank Permata,Tabungan,Aktif,2023-09-21,6299787,699241,615251,125,0,9859021
ACC003899,3172014606932883,3194486039,Bank BRI,Giro,Aktif,2022-09-28,6685835,785511,711269,165,0,6884169
ACC003900,3276012912792884,1583947131,Bank Permata,Giro,Aktif,2021-11-06,18412928,2854401,2660879,124,0,23066028
ACC003901,3175010302852885,6517004436,Bank Panin,Tabungan,Aktif,2024-11-02,9012890,1140143,1012267,173,0,7901330
ACC003902,3671016112852886,2987123316,Bank OCBC NISP,Giro,Dormant,2017-04-26,12091950,795482,591730,187,1,2550528
ACC003903,3674012511682887,2094015963,BNI,Giro,Aktif,2024-08-23,17963725,966343,743779,171,0,16063541
ACC003904,3671010811652888,3559402688,Bank Danamon,Giro,Aktif,2025-01-29,116364375,5564416,4245535,188,1,89112566
ACC003905,3175014204772889,2430065360,Bank Danamon,Giro,Dormant,2015-08-22,39995406,1700137,1229346,41,0,7707226
ACC003906,3671010601772890,7074455843,BNI,Tabungan,Aktif,2019-06-11,19557635,5529377,5209015,91,2,33471796
ACC003907,3671010503722891,6916879633,BNI,Giro,Dormant,2018-08-21,66771520,2777618,1977914,179,0,12082009
ACC003908,3175012510712892,3671434280,Bank BCA,Tabungan,Aktif,2024-01-15,9396674,832871,647021,116,0,14521408
ACC003909,3174011407722893,5745864002,Bank Permata,Giro,Aktif,2023-10-12,12322526,737864,606706,124,1,17955344
ACC003910,3275011801032894,5973968687,Bank OCBC NISP,Tabungan,Aktif,2022-12-30,38830623,2386643,1939626,107,0,58378029
ACC003911,3671010806942895,8058192638,Bank OCBC NISP,Giro,Aktif,2015-09-05,37428685,4681736,3836706,198,0,26512107
ACC003912,3671010806942895,8670105183,Bank BCA,Tabungan,Aktif,2015-09-14,58775430,4082059,3307287,48,0,39564790
ACC003913,3275016009812896,2003785219,Bank OCBC NISP,Tabungan,Aktif,2019-03-02,10095025,751719,643126,111,0,8259154
ACC003914,3275016009812896,6657623970,Bank Permata,Tabungan,Aktif,2022-11-23,3000769,730038,694656,113,0,1330607
ACC003915,3172011404852897,5306539424,Bank BNI,Giro,Aktif,2025-03-17,29657899,2259379,1876951,96,0,13570902
ACC003916,3671011708032898,5643012975,BPR Mitra Usaha,Tabungan,Aktif,2021-09-07,54021923,4860991,4271903,189,0,59649748
ACC003917,3671011708032898,4849044461,Bank Mandiri,Tabungan,Aktif,2017-04-29,56064601,4924775,3695103,22,0,56001371
ACC003918,3174016210812899,2239310757,BPR Mitra Usaha,Tabungan,Aktif,2016-08-15,23713489,810462,569206,98,0,37410514
ACC003919,3276011103812900,8590848583,Bank BCA,Tabungan,Dormant,2024-06-15,23244919,1558805,1095944,124,0,2974006
ACC003920,3671014606722901,8680456210,Bank Panin,Tabungan,Dormant,2019-08-12,42040770,3375720,2525193,198,0,6363145
ACC003921,3173014301862902,7512511137,Bank Panin,Giro,Aktif,2015-07-28,56782736,2537514,1780508,123,1,34242172
ACC003922,3173014301862902,9531472893,Bank OCBC NISP,Giro,Aktif,2020-08-23,60999027,3025675,2336965,188,0,81660340
ACC003923,3276012305842903,5806670747,BNI,Tabungan,Dormant,2016-04-13,10986294,1745931,1478871,97,1,1653223
ACC003924,3276012305842903,4279057165,Bank Permata,Tabungan,Aktif,2018-01-14,6267186,1602461,1537819,147,0,5620581
ACC003925,3276012809932904,3879404038,Bank BNI,Tabungan,Aktif,2015-06-24,21339746,1131740,801825,104,0,26885316
ACC003926,3275012501852905,6303960614,Bank Mandiri,Giro,Aktif,2017-09-03,18467149,1643043,1311092,181,1,11546137
ACC003927,3275015006752906,1433101283,Bank CIMB Niaga,Tabungan,Aktif,2020-06-08,18660344,2117108,1699560,182,0,18424711
ACC003928,3674012503772907,9000062666,BNI,Giro,Aktif,2021-01-15,3042081,393156,358848,34,0,2347901
ACC003929,3276012305852908,1954941361,BPR Mitra Usaha,Tabungan,Aktif,2020-09-10,4102804,908362,808356,184,0,1724054
ACC003930,3174011609982909,4943880259,Bank OCBC NISP,Giro,Aktif,2023-05-31,9761879,710546,548438,150,0,12449677
ACC003931,3671012804812910,6782708775,BNI,Tabungan,Aktif,2025-04-27,35853397,1832248,1369323,192,0,22134130
ACC003932,3174014409852911,1653290380,Bank Mandiri,Giro,Aktif,2015-06-30,3228947,1147871,1107409,114,0,2164135
ACC003933,3671014305722912,5263140161,Bank BRI,Giro,Aktif,2022-04-14,2836473,1967331,1899718,30,0,1388632
ACC003934,3671014305722912,6787504582,BNI,Giro,Aktif,2019-03-11,1070441,1190952,1164243,130,0,436852
ACC003935,3671012811902913,2936764769,Bank BRI,Giro,Aktif,2023-07-30,10465778,3027244,2843240,70,0,14085579
ACC003936,3671012811902913,7700313012,Bank BNI,Tabungan,Aktif,2016-10-18,6274326,2044250,1968035,164,0,8876147
ACC003937,3172014808032914,7985608025,Bank OCBC NISP,Giro,Aktif,2016-06-19,37388385,2694813,2058417,185,0,19331786
ACC003938,3674013009782915,4420596052,Bank Panin,Tabungan,Aktif,2025-03-16,9686356,1568612,1469533,25,0,7172648
ACC003939,3276011209782916,8837948360,BPR Mitra Usaha,Tabungan,Aktif,2017-08-08,30318459,1123461,812372,85,0,50168016
ACC003940,3276011209782916,8830329726,Bank Mandiri,Tabungan,Aktif,2022-05-14,15517343,1537890,1271039,173,0,19677182
ACC003941,3671011411882917,9329380708,Bank Panin,Tabungan,Aktif,2015-07-17,30457979,2659812,2245338,154,0,32607381
ACC003942,3671012308742918,8182180326,Bank Danamon,Giro,Aktif,2020-01-08,9903395,513779,378542,192,0,6107257
ACC003943,3674010810732919,7161596735,Bank BNI,Tabungan,Aktif,2016-01-05,25494137,2898051,2305743,168,0,31012775
ACC003944,3674010810732919,5926424537,Bank BRI,Tabungan,Aktif,2023-03-13,4322736,2321574,2270574,160,0,7228689
ACC003945,3175010406972920,8463699824,BPR Mitra Usaha,Giro,Aktif,2017-12-11,111354400,4517771,3264091,109,0,150500552
ACC003946,3175010406972920,7558043192,Bank BNI,Tabungan,Aktif,2018-10-28,37732261,3969606,3490885,83,0,49904094
ACC003947,3173014203762921,1178297105,Bank CIMB Niaga,Giro,Aktif,2016-08-29,12054194,2343104,2061301,32,0,6808849
ACC003948,3171011302772922,7804824905,BPR Mitra Usaha,Giro,Aktif,2019-07-18,5842660,822583,726482,175,0,6410686
ACC003949,3276016408832923,5521450780,Bank BRI,Giro,Dormant,2015-10-16,5430876,1015910,919523,189,0,652486
ACC003950,3271015212762924,4080044951,BNI,Tabungan,Aktif,2021-12-30,2250944,265749,240048,113,0,2988374
ACC003951,3271012311762925,6057476790,Bank OCBC NISP,Giro,Aktif,2024-12-13,2169315,951749,918455,103,0,3486958
ACC003952,3271012311762925,4951380907,Bank BCA,Tabungan,Aktif,2022-01-01,7331428,1490833,1348994,103,0,10561436
ACC003953,3674013008752926,3408732062,Bank BNI,Tabungan,Aktif,2016-04-21,47253395,3848774,3187075,105,0,64828893
ACC003954,3175016008942927,5619485535,Bank Mandiri,Giro,Aktif,2024-04-03,48741090,1761364,1268197,100,0,71846516
ACC003955,3671012210812928,6943924025,Bank Mandiri,Tabungan,Aktif,2022-05-03,30596247,1325020,957290,30,0,28065259
ACC003956,3671012210812928,1403105299,Bank OCBC NISP,Giro,Aktif,2025-06-17,23172146,1479249,1095092,196,0,23428145
ACC003957,3671014606032929,4285230905,Bank BCA,Tabungan,Aktif,2016-09-21,21246399,1535927,1280011,99,0,25798643
ACC003958,3174016602662930,6140505359,Bank CIMB Niaga,Giro,Aktif,2024-02-27,6397757,1883084,1775319,133,1,8116241
ACC003959,3671011009012931,5498661025,Bank BCA,Giro,Aktif,2023-02-06,17460548,1084237,874155,135,0,25338854
ACC003960,3671011009012931,9217840476,Bank OCBC NISP,Giro,Aktif,2024-12-15,6869680,1108331,1004638,186,0,4327917
ACC003961,3674011511752932,2360681959,Bank Danamon,Tabungan,Aktif,2022-08-23,33551747,3572439,3144719,178,0,49623334
ACC003962,3674011511752932,3582891399,Bank BRI,Tabungan,Aktif,2016-01-09,26840225,2900842,2292798,151,0,15104908
ACC003963,3275014902032933,9752287341,Bank BNI,Tabungan,Aktif,2024-11-29,34830688,1960941,1543559,120,1,60817631
ACC003964,3671016608682934,9921815346,Bank OCBC NISP,Giro,Aktif,2021-09-04,50836762,4947774,4341966,154,0,80805123
ACC003965,3171011209672935,3623900864,BPR Mitra Usaha,Tabungan,Aktif,2020-12-26,5027031,935795,847972,48,0,3780019
ACC003966,3674014109872936,8590042059,Bank Danamon,Tabungan,Aktif,2016-02-10,15370903,652179,474356,181,0,7755549
ACC003967,3674014109872936,9276613449,Bank BNI,Tabungan,Aktif,2022-11-22,10514872,948991,823326,85,2,17578873
ACC003968,3173013012742937,8001491475,Bank Mandiri,Tabungan,Aktif,2015-08-04,36502096,2635918,2126358,121,0,44410046
ACC003969,3671015003982938,6217827213,Bank CIMB Niaga,Giro,Aktif,2016-08-26,15691896,872073,658908,105,0,6684225
ACC003970,3674010906862939,1793163323,Bank Mandiri,Tabungan,Aktif,2017-04-08,9166784,3223902,2998740,38,0,10413125
ACC003971,3674010906862939,6845590975,Bank Danamon,Giro,Aktif,2017-09-08,4500774,2764755,2699423,183,0,6705356
ACC003972,3174016107812940,7033891511,BPR Mitra Usaha,Tabungan,Aktif,2017-01-17,25428522,1107284,800730,57,1,35150566
ACC003973,3175010804012941,8772217610,Bank Panin,Tabungan,Aktif,2019-04-14,9061875,933852,822845,186,0,9159072
ACC003974,3172016110832942,7630094070,Bank BCA,Giro,Aktif,2023-01-22,3374964,1048687,984548,160,0,3366708
ACC003975,3174012212682943,1737657845,Bank OCBC NISP,Tabungan,Aktif,2017-05-02,8388041,606868,522610,188,0,12192635
ACC003976,3174012212682943,8585069069,Bank BNI,Giro,Aktif,2017-12-05,2755386,551377,498550,166,0,3180365
ACC003977,3175012706802944,2051534622,Bank Mandiri,Tabungan,Aktif,2017-01-01,13234590,3300129,3083244,66,0,14749304
ACC003978,3276011002862945,9047632611,Bank BRI,Tabungan,Aktif,2017-02-28,20831436,1176041,914901,96,0,15650723
ACC003979,3271015602902946,4848098931,Bank CIMB Niaga,Giro,Dormant,2018-12-22,10702549,1176816,964626,54,0,2622665
ACC003980,3671015009682947,2023093452,BNI,Tabungan,Aktif,2022-04-04,16878707,3225388,2974796,28,0,7568433
ACC003981,3172017010822948,1962119236,Bank OCBC NISP,Giro,Aktif,2018-04-07,12497337,881944,651106,97,0,21747572
ACC003982,3275016308672949,2376436752,Bank Mandiri,Giro,Aktif,2023-08-29,12149879,1361156,1156750,71,0,7814534
ACC003983,3674015305792950,1157053526,Bank CIMB Niaga,Giro,Aktif,2018-04-23,4086321,1942439,1887179,196,0,2241967
ACC003984,3674015305792950,7222039620,Bank BNI,Tabungan,Aktif,2019-11-22,7067016,2062878,1985208,47,3,-193144
ACC003985,3276014308922951,3565077039,Bank Permata,Giro,Aktif,2017-06-19,7876374,698322,610903,38,0,4321978
ACC003986,3276014301662952,2381374888,BPR Mitra Usaha,Tabungan,Aktif,2019-08-18,68003116,5195963,3676244,138,0,86633902
ACC003987,3276014301662952,3982737156,Bank Permata,Giro,Aktif,2020-09-14,42821924,3462394,2461404,32,1,31651320
ACC003988,3172016001732953,6588900266,Bank Mandiri,Giro,Dormant,2020-01-26,33825915,3146733,2314848,163,0,7142408
ACC003989,3171016901742954,5946925262,Bank BCA,Tabungan,Aktif,2015-12-18,6504395,261446,184749,106,0,5387201
ACC003990,3275013010942955,4621294221,Bank BRI,Giro,Aktif,2017-05-14,11358060,1982949,1859993,105,0,7639031
ACC003991,3275013010942955,5532763738,Bank CIMB Niaga,Tabungan,Aktif,2022-05-12,21536518,1734251,1413672,36,0,36281673
ACC003992,3671013005662956,2705315905,Bank BRI,Tabungan,Aktif,2018-11-05,7190308,591581,453047,194,0,7846509
ACC003993,3674010712812957,1596454328,Bank BCA,Giro,Aktif,2025-04-27,21121041,2886888,2502104,32,0,25287457
ACC003994,3276016601812958,8903040973,Bank Panin,Tabungan,Dormant,2016-02-11,6257987,678695,610681,56,0,1360631
ACC003995,3671011508732959,8124384090,Bank Permata,Giro,Aktif,2015-05-19,22224463,2527879,2019676,139,0,13474015
ACC003996,3275014606712960,9786961762,Bank CIMB Niaga,Tabungan,Aktif,2022-10-01,13054010,552159,407086,158,0,16186742
ACC003997,3275014606712960,5586503162,Bank BCA,Tabungan,Aktif,2021-02-14,3686498,638831,553169,59,0,3099961
ACC003998,3275016506982961,2061440137,Bank Mandiri,Giro,Aktif,2021-04-26,29134214,1909782,1452891,152,0,24418113
ACC003999,3671013004852962,6351043325,Bank BNI,Giro,Aktif,2019-02-17,19195468,2314269,2105136,151,0,30533957
ACC004000,3276016811942963,2091236778,Bank Danamon,Giro,Aktif,2022-02-02,73547248,3473457,2672559,30,0,72556265
ACC004001,3172011211762964,6761976369,Bank BNI,Giro,Aktif,2025-03-21,9066988,5152199,4963771,136,0,11737485
ACC004002,3671012501792965,3607677995,BNI,Tabungan,Aktif,2025-08-16,8898263,592553,475598,119,3,4107182
ACC004003,3175011508722966,3471561234,Bank CIMB Niaga,Tabungan,Aktif,2022-09-02,9796247,2041935,1918194,160,0,11703706
ACC004004,3671011003992967,6061957272,Bank CIMB Niaga,Giro,Aktif,2023-08-01,21970693,3220560,2895301,77,0,14402024
ACC004005,3671011003992967,8611897232,Bank BRI,Tabungan,Aktif,2016-11-28,34551815,2671507,2248098,121,0,44321125
ACC004006,3175013012662968,4298351342,Bank CIMB Niaga,Giro,Aktif,2018-11-16,18351711,1489967,1265523,144,0,8654138
ACC004007,3175013012662968,6974799936,Bank BRI,Giro,Aktif,2016-06-13,11837650,1482981,1328245,24,0,15209877
ACC004008,3671014412662969,6135845549,Bank OCBC NISP,Tabungan,Aktif,2020-10-26,3830656,1113522,1071106,167,0,3096508
ACC004009,3671011504822970,8267386395,Bank BCA,Giro,Aktif,2021-05-30,60920419,4581977,3393746,197,0,70582915
ACC004010,3671012312862971,2137542174,Bank OCBC NISP,Tabungan,Aktif,2018-04-25,27854506,2846397,2187393,172,1,23604445
ACC004011,3275016601962972,4249370343,BNI,Tabungan,Aktif,2024-08-11,19424544,1597263,1370256,34,0,32347562
ACC004012,3276012905822973,4500256314,Bank BNI,Tabungan,Aktif,2023-03-26,15792836,929297,756925,20,2,24544712
ACC004013,3276012905822973,3011397787,Bank Permata,Giro,Aktif,2023-08-12,10287706,803392,601595,27,0,13694122
ACC004014,3171010205912974,4052653314,Bank Mandiri,Giro,Aktif,2020-09-19,19815402,830849,585792,36,0,14989191
ACC004015,3275015608912975,4711890522,BPR Mitra Usaha,Giro,Aktif,2024-09-01,29764273,2145487,1526718,129,0,12446490
ACC004016,3275015608912975,5449957860,Bank BNI,Giro,Aktif,2020-12-05,21552646,2393477,1916036,121,0,34366281
ACC004017,3671015408902976,9227277598,BPR Mitra Usaha,Tabungan,Aktif,2024-05-09,6919039,812609,716940,194,1,-60487
ACC004018,3671015408902976,1193780169,Bank BCA,Giro,Aktif,2022-05-22,873302,765973,744748,37,0,1278042
ACC004019,3175011510962977,7141051289,Bank Mandiri,Tabungan,Dormant,2024-11-14,4213106,773297,702193,199,0,798007
ACC004020,3174016905702978,6867476540,BPR Mitra Usaha,Tabungan,Aktif,2017-08-28,38771656,5079309,4671593,20,0,67902864
ACC004021,3671010708902979,4179336220,Bank Permata,Tabungan,Aktif,2015-10-26,11326413,1289368,1135816,117,0,12061944
ACC004022,3171016308732980,5503189847,Bank BCA,Tabungan,Aktif,2020-03-31,20274879,1864819,1410213,156,0,28662989
ACC004023,3171016308732980,3099446917,Bank BCA,Tabungan,Aktif,2019-09-15,6668428,1888254,1732284,197,0,7502655
ACC004024,3271015606722981,5410441994,BPR Mitra Usaha,Tabungan,Aktif,2023-06-06,24102266,1925656,1677141,54,0,41014572
ACC004025,3271015606722981,5447786431,BNI,Giro,Aktif,2022-10-07,27063797,1798801,1438364,124,1,41226077
ACC004026,3171014411782982,1388404442,Bank Panin,Giro,Aktif,2018-09-17,22288199,1055974,800103,77,0,19023942
ACC004027,3171014411782982,9635040713,Bank CIMB Niaga,Giro,Aktif,2019-06-12,6157360,753539,623536,170,0,10839477
ACC004028,3275011503702983,4716372577,Bank CIMB Niaga,Giro,Aktif,2020-02-22,18141800,725799,538372,152,1,-65846
ACC004029,3172014901802984,4307547112,BPR Mitra Usaha,Giro,Aktif,2018-02-19,3894032,334343,257545,164,0,3805454
ACC004030,3172014901802984,9171379111,BPR Mitra Usaha,Tabungan,Aktif,2022-04-12,2937478,308247,242443,130,0,3641860
ACC004031,3171014708932985,5928479752,Bank Permata,Tabungan,Aktif,2019-11-18,17009161,2376216,2132732,88,0,9414530
ACC004032,3171014708932985,2304543908,Bank BCA,Giro,Aktif,2016-10-23,2980942,1846483,1796653,179,0,1389548
ACC004033,3171014802722986,3365713885,Bank Permata,Giro,Aktif,2024-04-14,6678787,975524,884552,71,0,9441844
ACC004034,3671015612942987,1843665074,Bank BCA,Tabungan,Aktif,2017-05-10,35303025,5761169,5065692,135,2,45912836
ACC004035,3175010703982988,1801056992,BNI,Tabungan,Aktif,2018-05-25,23355229,1442106,1083490,153,0,27569059
ACC004036,3174012407812989,7645623910,BNI,Giro,Aktif,2015-02-19,6464075,785328,672928,76,0,5080398
ACC004037,3671014709002990,6469209588,Bank BRI,Tabungan,Aktif,2018-03-29,5014997,1742865,1686863,88,0,3131381
ACC004038,3671014709002990,6473235346,Bank BCA,Giro,Aktif,2020-08-09,13696179,1245140,1026278,20,0,17317695
ACC004039,3175010306702991,5601198300,Bank BCA,Tabungan,Dormant,2016-12-22,4692900,1815649,1748626,55,0,893148
ACC004040,3175010306702991,2040745164,Bank BNI,Tabungan,Aktif,2020-01-10,31168324,1373963,1049761,35,0,31912183
ACC004041,3173011406032992,5385592391,Bank OCBC NISP,Tabungan,Aktif,2018-03-20,22285293,835683,590101,32,0,31663389
ACC004042,3173011406032992,8833069975,Bank Danamon,Giro,Aktif,2022-02-26,21651024,820950,590633,112,0,29062819
ACC004043,3671011406942993,5941069048,BPR Mitra Usaha,Tabungan,Aktif,2021-05-28,17800123,988547,731343,143,0,26970732
ACC004044,3671015803982994,7889565741,Bank OCBC NISP,Tabungan,Aktif,2021-04-08,40792361,2071122,1493520,126,2,71430476
ACC004045,3174015909962995,7426060800,Bank Panin,Tabungan,Aktif,2019-02-02,39646323,2449560,1944346,43,0,17110976
ACC004046,3671011312982996,7662754996,Bank Danamon,Tabungan,Aktif,2016-03-11,63300711,4596223,3745653,142,0,112848607
ACC004047,3671011312982996,5145565699,BNI,Giro,Aktif,2020-09-05,4345918,4193151,4107188,32,0,2397237
ACC004048,3172010710992997,8803595257,Bank Mandiri,Giro,Aktif,2019-09-25,29578651,1228855,871975,67,0,25209840
ACC004049,3172010710992997,1630495154,Bank CIMB Niaga,Giro,Aktif,2019-06-03,24206796,1709526,1369472,57,0,29703240
ACC004050,3174012706032998,3421285182,Bank Mandiri,Giro,Aktif,2022-07-13,5343417,671639,544151,68,0,4880887
ACC004051,3276015311842999,8950692384,Bank BNI,Tabungan,Aktif,2022-07-22,30523163,2003105,1433503,50,0,21018462
ACC004052,3275016008853000,8992803245,Bank Danamon,Tabungan,Aktif,2019-07-05,2598800,712311,649962,118,0,3000512
