dhn_id,NIK,status_dhn,alasan,tanggal_input
DHN000001,3276010601750001,Tidak,,2025-07-23
DHN000002,3172010301920002,Tidak,,2026-05-10
DHN000003,3671010604800003,Tidak,,2023-07-27
DHN000004,3173016001890004,Tidak,,2025-06-10
DHN000005,3275011505030005,Tidak,,2023-10-09
DHN000006,3671012904920006,Tidak,,2025-07-31
DHN000007,3171015211010007,Tidak,,2025-03-27
DHN000008,3674013005710008,Tidak,,2023-11-04
DHN000009,3172016002870009,Tidak,,2024-07-13
DHN000010,3271016610890010,Tidak,,2024-05-16
DHN000011,3275016305970011,Tidak,,2026-03-24
DHN000012,3172010612990012,Tidak,,2025-04-18
DHN000013,3174013110970013,Tidak,,2023-04-13
DHN000014,3671016412960014,Tidak,,2025-04-01
DHN000015,3671012605910015,Tidak,,2024-03-28
DHN000016,3674011208740016,Tidak,,2023-03-21
DHN000017,3271010101840017,Tidak,,2023-03-21
DHN000018,3172011502850018,Tidak,,2025-08-11
DHN000019,3174012110980019,Tidak,,2026-04-22
DHN000020,3674015810770020,Ya,Laporan pihak ketiga terkait sengketa usaha,2023-12-21
DHN000021,3671012107980021,Tidak,,2024-03-01
DHN000022,3171011102830022,Tidak,,2024-03-18
DHN000023,3175015609750023,Tidak,,2026-08-02
DHN000024,3174015202890024,Tidak,,2026-02-11
DHN000025,3671010906920025,Tidak,,2026-04-06
DHN000026,3671011103970026,Tidak,,2023-06-06
DHN000027,3276017107930027,Tidak,,2025-08-28
DHN000028,3671011204840028,Tidak,,2025-10-21
DHN000029,3671010311920029,Tidak,,2025-10-01
DHN000030,3671016012760030,Tidak,,2024-02-23
DHN000031,3174015008940031,Tidak,,2026-07-08
DHN000032,3276015701910032,Tidak,,2025-01-17
DHN000033,3175012912660033,Tidak,,2025-05-07
DHN000034,3671014110870034,Tidak,,2024-03-28
DHN000035,3671015108920035,Tidak,,2026-06-28
DHN000036,3671014712870036,Tidak,,2024-01-15
DHN000037,3175012901750037,Tidak,,2023-06-02
DHN000038,3671016303970038,Tidak,,2023-08-11
DHN000039,3671010304670039,Tidak,,2025-10-28
DHN000040,3671015003850040,Tidak,,2025-07-18
DHN000041,3276015003770041,Tidak,,2026-02-08
DHN000042,3271010505890042,Tidak,,2023-07-31
DHN000043,3271015910980043,Tidak,,2025-02-25
DHN000044,3271014201950044,Tidak,,2023-10-18
DHN000045,3173012502730045,Tidak,,2025-02-23
DHN000046,3275014502860046,Tidak,,2026-08-09
DHN000047,3172010211710047,Tidak,,2026-03-20
DHN000048,3671016211990048,Tidak,,2025-12-13
DHN000049,3172016512950049,Tidak,,2025-09-04
DHN000050,3172015801940050,Tidak,,2025-06-15
DHN000051,3671011808920051,Tidak,,2024-03-26
DHN000052,3173016507900052,Tidak,,2024-11-03
DHN000053,3671014712890053,Tidak,,2023-08-28
DHN000054,3674016707000054,Tidak,,2023-04-09
DHN000055,3674015806980055,Tidak,,2024-12-24
DHN000056,3671014508730056,Tidak,,2026-07-29
DHN000057,3275010510960057,Tidak,,2026-07-03
DHN000058,3671012101860058,Tidak,,2025-08-04
DHN000059,3671016210710059,Tidak,,2024-03-10
DHN000060,3674015309780060,Tidak,,2024-09-04
DHN000061,3171011302650061,Tidak,,2024-09-06
DHN000062,3175014405000062,Tidak,,2025-04-23
DHN000063,3671011309840063,Tidak,,2025-12-07
DHN000064,3173015312970064,Tidak,,2024-12-03
DHN000065,3173015204880065,Tidak,,2023-01-05
DHN000066,3671016406030066,Tidak,,2023-03-17
DHN000067,3271015503700067,Tidak,,2026-06-24
DHN000068,3674014302990068,Tidak,,2024-08-25
DHN000069,3671010311960069,Tidak,,2025-07-07
DHN000070,3173016202970070,Tidak,,2026-06-16
DHN000071,3671015802680071,Tidak,,2024-06-18
DHN000072,3674016506800072,Tidak,,2025-07-24
DHN000073,3275015104790073,Tidak,,2026-04-28
DHN000074,3172010107850074,Tidak,,2023-12-02
DHN000075,3674015703790075,Tidak,,2026-04-13
DHN000076,3275010902990076,Tidak,,2024-04-24
DHN000077,3276015512750077,Tidak,,2026-08-18
DHN000078,3171014809850078,Tidak,,2025-03-27
DHN000079,3671013008930079,Tidak,,2023-07-23
DHN000080,3271011405960080,Tidak,,2025-03-05
DHN000081,3671016910740081,Tidak,,2025-04-22
DHN000082,3172015405810082,Tidak,,2023-11-12
DHN000083,3674014603010083,Tidak,,2026-06-02
DHN000084,3175016601890084,Tidak,,2023-03-25
DHN000085,3671011405920085,Tidak,,2026-01-20
DHN000086,3674011803700086,Tidak,,2025-06-30
DHN000087,3671012605020087,Tidak,,2026-03-20
DHN000088,3175010406890088,Tidak,,2023-09-29
DHN000089,3171012004000089,Tidak,,2026-03-12
DHN000090,3172013003760090,Tidak,,2025-03-17
DHN000091,3171011004980091,Tidak,,2026-01-10
DHN000092,3671015608970092,Tidak,,2025-02-23
DHN000093,3174015406790093,Tidak,,2024-04-20
DHN000094,3275017007000094,Tidak,,2026-08-18
DHN000095,3674016309970095,Tidak,,2025-05-24
DHN000096,3173010205690096,Tidak,,2025-09-30
DHN000097,3275016611770097,Tidak,,2025-07-16
DHN000098,3271012602700098,Tidak,,2025-05-25
DHN000099,3671013003800099,Tidak,,2024-04-17
DHN000100,3173010111830100,Tidak,,2026-06-30
DHN000101,3671012703950101,Tidak,,2025-02-07
DHN000102,3671016606800102,Tidak,,2025-02-28
DHN000103,3671010605650103,Tidak,,2024-04-16
DHN000104,3171016101820104,Tidak,,2025-02-01
DHN000105,3175017010900105,Tidak,,2023-09-20
DHN000106,3271015412680106,Tidak,,2025-08-31
DHN000107,3175015412990107,Tidak,,2024-05-03
DHN000108,3276011310720108,Tidak,,2025-04-05
DHN000109,3276016309840109,Tidak,,2023-01-24
DHN000110,3275012207670110,Tidak,,2023-02-07
DHN000111,3671014406790111,Tidak,,2025-07-16
DHN000112,3671011709840112,Tidak,,2025-01-09
DHN000113,3172014706950113,Tidak,,2025-01-23
DHN000114,3671015410700114,Tidak,,2023-01-23
DHN000115,3175014911780115,Tidak,,2024-06-09
DHN000116,3671015109940116,Tidak,,2023-01-19
DHN000117,3276014412840117,Tidak,,2026-02-18
DHN000118,3674014807990118,Tidak,,2024-07-18
DHN000119,3271015611890119,Tidak,,2023-08-22
DHN000120,3171012008010120,Tidak,,2024-02-05
DHN000121,3174015904790121,Tidak,,2025-11-11
DHN000122,3174014811650122,Tidak,,2024-04-18
DHN000123,3173017008930123,Tidak,,2025-10-22
DHN000124,3172012910800124,Tidak,,2026-03-20
DHN000125,3173017009810125,Tidak,,2023-04-15
DHN000126,3271016906010126,Tidak,,2023-07-20
DHN000127,3171011811660127,Tidak,,2023-05-16
DHN000128,3175014404770128,Tidak,,2025-07-29
DHN000129,3275015308970129,Tidak,,2024-10-11
DHN000130,3674015301920130,Tidak,,2023-11-02
DHN000131,3173015904810131,Tidak,,2026-01-19
DHN000132,3671016202920132,Tidak,,2026-08-15
DHN000133,3671015303760133,Tidak,,2023-09-26
DHN000134,3172016310770134,Tidak,,2023-01-10
DHN000135,3271013010960135,Tidak,,2026-08-08
DHN000136,3171015307000136,Tidak,,2025-08-18
DHN000137,3674013107880137,Tidak,,2026-05-08
DHN000138,3671014410700138,Tidak,,2023-01-25
DHN000139,3276015007800139,Tidak,,2025-10-15
DHN000140,3172011801910140,Tidak,,2025-09-16
DHN000141,3275010505870141,Ya,Laporan pihak ketiga terkait sengketa usaha,2025-10-26
DHN000142,3674010111850142,Tidak,,2026-01-04
DHN000143,3275013112760143,Tidak,,2025-04-03
DHN000144,3271010807730144,Tidak,,2023-09-11
DHN000145,3171014303910145,Tidak,,2025-11-23
DHN000146,3271010804990146,Tidak,,2023-12-23
DHN000147,3271010801020147,Tidak,,2025-02-04
DHN000148,3275011301670148,Tidak,,2025-04-28
DHN000149,3276015808820149,Tidak,,2023-05-21
DHN000150,3271016403950150,Ya,Cek/giro kosong berulang,2025-05-23
DHN000151,3172012003930151,Tidak,,2024-06-18
DHN000152,3276017005830152,Tidak,,2023-03-24
DHN000153,3271014407890153,Tidak,,2023-12-17
DHN000154,3276011812950154,Tidak,,2026-02-05
DHN000155,3175016111660155,Tidak,,2026-08-05
DHN000156,3271012802710156,Tidak,,2023-01-08
DHN000157,3671010607690157,Ya,Terlibat kasus fraud dokumen,2026-02-22
DHN000158,3671016606990158,Tidak,,2023-02-23
DHN000159,3276010708980159,Tidak,,2023-10-24
DHN000160,3671016903770160,Tidak,,2023-12-16
DHN000161,3671015511720161,Tidak,,2024-01-03
DHN000162,3174011209760162,Tidak,,2024-09-08
DHN000163,3671015510670163,Tidak,,2024-08-25
DHN000164,3171015406860164,Tidak,,2025-03-05
DHN000165,3671012807880165,Tidak,,2025-06-06
DHN000166,3671012003700166,Tidak,,2023-06-20
DHN000167,3172016809850167,Tidak,,2025-04-26
DHN000168,3671011104890168,Tidak,,2024-10-29
DHN000169,3674014711810169,Tidak,,2023-07-09
DHN000170,3174012105780170,Tidak,,2025-08-26
DHN000171,3174015206660171,Tidak,,2025-01-06
DHN000172,3671016412750172,Tidak,,2026-02-24
DHN000173,3671012711900173,Tidak,,2025-06-05
DHN000174,3671013001930174,Tidak,,2025-03-26
DHN000175,3276014411980175,Tidak,,2025-04-18
DHN000176,3173016311750176,Tidak,,2024-01-11
DHN000177,3671010704680177,Tidak,,2025-04-06
DHN000178,3671010307980178,Tidak,,2024-12-27
DHN000179,3674016711850179,Tidak,,2025-10-16
DHN000180,3175012710890180,Tidak,,2023-04-18
DHN000181,3671015807760181,Tidak,,2024-09-03
DHN000182,3671010307880182,Tidak,,2024-03-23
DHN000183,3671012809810183,Tidak,,2026-01-20
DHN000184,3671011201890184,Tidak,,2025-12-21
DHN000185,3671012707010185,Tidak,,2024-02-16
DHN000186,3174011203690186,Ya,Terlibat kasus fraud dokumen,2026-03-15
DHN000187,3671012005900187,Tidak,,2023-12-26
DHN000188,3671015701730188,Tidak,,2024-02-09
DHN000189,3671012103820189,Tidak,,2025-12-05
DHN000190,3671011309990190,Tidak,,2024-06-26
DHN000191,3671014511680191,Tidak,,2023-02-21
DHN000192,3174016703650192,Tidak,,2026-06-29
DHN000193,3671016008690193,Tidak,,2026-03-29
DHN000194,3172016211750194,Tidak,,2023-08-31
DHN000195,3271012211830195,Tidak,,2024-01-19
DHN000196,3175012104650196,Tidak,,2025-03-20
DHN000197,3671016806860197,Tidak,,2026-05-11
DHN000198,3275015804900198,Tidak,,2023-06-09
DHN000199,3671016609010199,Tidak,,2025-07-21
DHN000200,3173016810910200,Tidak,,2025-04-09
DHN000201,3175011806720201,Tidak,,2024-06-05
DHN000202,3671013012840202,Tidak,,2026-03-25
DHN000203,3174011704020203,Tidak,,2026-02-16
DHN000204,3671016304790204,Tidak,,2025-01-18
DHN000205,3172012910720205,Tidak,,2025-07-06
DHN000206,3674012404660206,Tidak,,2025-06-29
DHN000207,3175011608790207,Tidak,,2024-08-30
DHN000208,3276010307010208,Tidak,,2023-12-10
DHN000209,3671010112870209,Tidak,,2025-06-28
DHN000210,3171011102790210,Tidak,,2024-03-05
DHN000211,3674014811960211,Tidak,,2024-10-07
DHN000212,3276014901000212,Tidak,,2026-03-09
DHN000213,3173014507890213,Tidak,,2026-02-06
DHN000214,3275015710990214,Tidak,,2024-06-20
DHN000215,3172012609800215,Tidak,,2023-04-24
DHN000216,3275011006770216,Tidak,,2025-07-24
DHN000217,3671014103930217,Ya,Tunggakan kredit >90 hari di bank lain,2024-10-21
DHN000218,3275016309990218,Tidak,,2024-09-06
DHN000219,3271016606790219,Tidak,,2025-08-17
DHN000220,3275012907700220,Tidak,,2023-11-13
DHN000221,3175012603760221,Tidak,,2023-04-09
DHN000222,3671015801650222,Tidak,,2026-06-24
DHN000223,3275010508030223,Tidak,,2023-10-01
DHN000224,3276010303820224,Tidak,,2025-06-06
DHN000225,3171016106830225,Tidak,,2024-07-02
DHN000226,3171014406770226,Tidak,,2025-03-06
DHN000227,3671011907980227,Tidak,,2024-11-01
DHN000228,3271010312700228,Tidak,,2023-10-18
DHN000229,3174011809670229,Tidak,,2026-04-17
DHN000230,3671011306770230,Tidak,,2025-04-25
DHN000231,3276010708670231,Tidak,,2025-07-29
DHN000232,3174010805720232,Tidak,,2026-05-01
DHN000233,3674011503770233,Tidak,,2024-05-29
DHN000234,3175012201720234,Tidak,,2025-08-23
DHN000235,3174010103860235,Tidak,,2023-08-15
DHN000236,3271016001020236,Tidak,,2025-10-23
DHN000237,3271014709790237,Tidak,,2026-05-22
DHN000238,3671012908990238,Tidak,,2023-06-09
DHN000239,3175016401650239,Tidak,,2025-05-29
DHN000240,3174012105750240,Tidak,,2025-04-19
DHN000241,3173011909940241,Tidak,,2026-01-12
DHN000242,3174014402740242,Tidak,,2023-03-31
DHN000243,3671016307990243,Tidak,,2025-09-30
DHN000244,3174012511960244,Tidak,,2024-04-20
DHN000245,3671014104690245,Ya,Tunggakan kredit >90 hari di bank lain,2023-04-05
DHN000246,3671015402910246,Tidak,,2023-02-28
DHN000247,3171012909900247,Tidak,,2023-06-12
DHN000248,3271014301850248,Tidak,,2025-07-06
DHN000249,3276012210830249,Tidak,,2026-03-11
DHN000250,3271014406820250,Tidak,,2025-08-22
DHN000251,3671016902720251,Tidak,,2025-08-20
DHN000252,3171017107910252,Tidak,,2025-04-02
DHN000253,3671011611720253,Tidak,,2025-02-23
DHN000254,3171011404800254,Tidak,,2023-04-06
DHN000255,3671011604910255,Tidak,,2023-04-18
DHN000256,3671014601750256,Tidak,,2024-01-02
DHN000257,3671014303730257,Tidak,,2023-11-24
DHN000258,3276011607930258,Ya,Tunggakan kredit >90 hari di bank lain,2023-02-20
DHN000259,3671016802670259,Tidak,,2026-08-20
DHN000260,3671011804720260,Tidak,,2024-05-26
DHN000261,3174015607890261,Tidak,,2025-05-30
DHN000262,3276011007730262,Tidak,,2024-09-22
DHN000263,3674012211710263,Tidak,,2023-09-25
DHN000264,3171011808930264,Tidak,,2024-03-20
DHN000265,3276012308810265,Tidak,,2025-11-13
DHN000266,3671011310710266,Ya,Terlibat kasus fraud dokumen,2023-10-07
DHN000267,3276015405860267,Tidak,,2024-05-23
DHN000268,3174012912830268,Tidak,,2024-12-04
DHN000269,3271010506030269,Tidak,,2024-10-16
DHN000270,3671012709690270,Tidak,,2024-01-06
DHN000271,3674015506710271,Tidak,,2023-10-16
DHN000272,3271017007770272,Tidak,,2023-03-02
DHN000273,3671014706730273,Tidak,,2026-05-18
DHN000274,3671010102710274,Tidak,,2024-09-28
DHN000275,3271015012010275,Tidak,,2023-07-27
DHN000276,3671015106800276,Ya,Terlibat kasus fraud dokumen,2024-06-16
DHN000277,3671012601770277,Tidak,,2024-11-19
DHN000278,3671012112960278,Tidak,,2025-04-02
DHN000279,3172015809940279,Tidak,,2024-01-16
DHN000280,3271015406730280,Tidak,,2026-07-21
DHN000281,3271011110830281,Tidak,,2026-07-05
DHN000282,3271014412020282,Tidak,,2023-08-11
DHN000283,3671012112740283,Tidak,,2023-10-30
DHN000284,3275015606930284,Tidak,,2023-02-17
DHN000285,3171011605800285,Tidak,,2023-12-13
DHN000286,3174011204850286,Tidak,,2025-01-09
DHN000287,3674015803650287,Tidak,,2024-06-12
DHN000288,3671012502750288,Tidak,,2026-08-17
DHN000289,3671015506840289,Tidak,,2023-02-23
DHN000290,3174011506910290,Tidak,,2026-03-27
DHN000291,3671010203670291,Tidak,,2024-06-01
DHN000292,3671010507780292,Tidak,,2023-08-05
DHN000293,3671014609770293,Tidak,,2023-06-13
DHN000294,3276014810660294,Ya,Terlibat kasus fraud dokumen,2026-03-11
DHN000295,3671011009710295,Tidak,,2025-04-04
DHN000296,3174016406010296,Tidak,,2024-11-13
DHN000297,3671012909790297,Tidak,,2024-06-18
DHN000298,3674015312950298,Tidak,,2024-12-13
DHN000299,3671015702730299,Tidak,,2023-11-23
DHN000300,3175016005940300,Tidak,,2024-11-05
DHN000301,3173014507800301,Tidak,,2024-10-03
DHN000302,3173016105790302,Tidak,,2023-07-19
DHN000303,3173014412840303,Tidak,,2025-06-29
DHN000304,3172011908890304,Tidak,,2025-03-08
DHN000305,3173016311790305,Tidak,,2024-10-16
DHN000306,3671012707890306,Tidak,,2025-05-01
DHN000307,3171010206700307,Tidak,,2026-06-10
DHN000308,3671015805870308,Tidak,,2026-02-21
DHN000309,3671011308870309,Tidak,,2024-03-27
DHN000310,3671012610020310,Tidak,,2025-05-13
DHN000311,3171014908870311,Tidak,,2024-09-12
DHN000312,3172015110690312,Tidak,,2026-05-17
DHN000313,3671016502740313,Tidak,,2024-10-24
DHN000314,3275011202820314,Tidak,,2023-02-23
DHN000315,3671015511980315,Tidak,,2026-05-12
DHN000316,3173012810660316,Tidak,,2023-12-28
DHN000317,3174016411710317,Tidak,,2025-04-14
DHN000318,3276010104730318,Tidak,,2023-10-30
DHN000319,3271010303780319,Tidak,,2025-11-13
DHN000320,3671015610660320,Tidak,,2026-06-15
DHN000321,3276015605790321,Tidak,,2025-09-14
DHN000322,3275012303740322,Tidak,,2025-01-29
DHN000323,3171011708000323,Tidak,,2025-10-02
DHN000324,3173015603950324,Tidak,,2023-11-09
DHN000325,3175011904000325,Tidak,,2023-05-02
DHN000326,3171014107980326,Tidak,,2024-01-28
DHN000327,3174011611660327,Tidak,,2023-07-23
DHN000328,3671012203720328,Tidak,,2024-08-10
DHN000329,3175015702950329,Tidak,,2024-02-07
DHN000330,3671010609730330,Tidak,,2023-01-21
DHN000331,3276016103650331,Tidak,,2025-04-10
DHN000332,3271014511860332,Tidak,,2023-07-27
DHN000333,3671011506010333,Tidak,,2024-09-05
DHN000334,3172012211970334,Tidak,,2024-04-29
DHN000335,3671012012980335,Ya,Terlibat kasus fraud dokumen,2025-11-10
DHN000336,3276016710670336,Tidak,,2025-10-21
DHN000337,3275012707960337,Tidak,,2025-01-19
DHN000338,3172015404760338,Tidak,,2025-12-18
DHN000339,3174013101880339,Tidak,,2026-03-28
DHN000340,3671010808860340,Tidak,,2026-06-27
DHN000341,3171012903930341,Tidak,,2024-08-16
DHN000342,3671010511680342,Tidak,,2025-07-16
DHN000343,3671011007720343,Tidak,,2023-03-22
DHN000344,3671012801020344,Tidak,,2026-05-13
DHN000345,3172011103890345,Tidak,,2026-04-08
DHN000346,3271010406910346,Tidak,,2023-02-13
DHN000347,3671014512900347,Tidak,,2025-04-28
DHN000348,3671012109760348,Tidak,,2026-05-09
DHN000349,3671012005760349,Tidak,,2026-03-24
DHN000350,3174015508740350,Tidak,,2026-01-25
DHN000351,3674011512680351,Tidak,,2023-08-21
DHN000352,3171016109930352,Tidak,,2026-02-04
DHN000353,3276012005940353,Tidak,,2026-03-05
DHN000354,3671011701690354,Ya,Terlibat kasus fraud dokumen,2024-04-01
DHN000355,3671015709760355,Tidak,,2025-08-25
DHN000356,3271012102960356,Tidak,,2023-05-27
DHN000357,3275010203820357,Tidak,,2023-05-03
DHN000358,3173016203950358,Tidak,,2024-06-12
DHN000359,3173012401980359,Tidak,,2024-09-13
DHN000360,3174012604950360,Tidak,,2026-03-30
DHN000361,3674015603730361,Tidak,,2023-05-01
DHN000362,3276010507850362,Tidak,,2025-10-10
DHN000363,3271016706920363,Tidak,,2023-07-16
DHN000364,3276016010830364,Tidak,,2023-08-03
DHN000365,3172012205840365,Tidak,,2024-04-02
DHN000366,3671016403000366,Tidak,,2025-05-14
DHN000367,3275010703850367,Tidak,,2024-06-03
DHN000368,3671011711900368,Tidak,,2025-05-18
DHN000369,3276014807720369,Tidak,,2026-01-11
DHN000370,3271016702920370,Tidak,,2026-06-12
DHN000371,3175011505980371,Tidak,,2023-04-21
DHN000372,3671013008690372,Tidak,,2025-02-27
DHN000373,3172015308020373,Tidak,,2025-12-26
DHN000374,3671014407910374,Tidak,,2025-12-16
DHN000375,3674012708760375,Tidak,,2025-08-14
DHN000376,3271013005650376,Tidak,,2025-11-20
DHN000377,3671016802020377,Tidak,,2024-10-05
DHN000378,3671015107830378,Tidak,,2026-01-08
DHN000379,3276016105790379,Tidak,,2023-02-22
DHN000380,3671011206750380,Tidak,,2024-01-23
DHN000381,3175014708680381,Tidak,,2026-05-11
DHN000382,3171014604820382,Tidak,,2023-07-25
DHN000383,3271015202720383,Ya,Terlibat kasus fraud dokumen,2026-08-12
DHN000384,3671012501700384,Tidak,,2025-08-01
DHN000385,3174016501910385,Tidak,,2025-09-18
DHN000386,3671014709670386,Tidak,,2026-06-19
DHN000387,3674016111970387,Tidak,,2023-03-18
DHN000388,3276014306900388,Tidak,,2024-11-19
DHN000389,3271010410010389,Tidak,,2024-01-27
DHN000390,3175014505970390,Tidak,,2026-01-13
DHN000391,3275016704690391,Tidak,,2025-10-20
DHN000392,3671010707940392,Tidak,,2024-11-12
DHN000393,3671012904020393,Tidak,,2023-06-05
DHN000394,3671014706020394,Tidak,,2025-11-04
DHN000395,3671012807900395,Tidak,,2026-06-30
DHN000396,3671012208870396,Tidak,,2024-11-29
DHN000397,3671016201020397,Tidak,,2024-03-10
DHN000398,3275017107970398,Tidak,,2024-05-30
DHN000399,3175010211890399,Tidak,,2024-01-05
DHN000400,3275010408900400,Tidak,,2026-03-28
DHN000401,3275011310970401,Tidak,,2025-07-13
DHN000402,3671010606670402,Tidak,,2026-08-06
DHN000403,3671012712840403,Tidak,,2023-04-21
DHN000404,3172016811820404,Tidak,,2024-04-15
DHN000405,3671014503900405,Tidak,,2026-03-10
DHN000406,3271011608800406,Tidak,,2025-08-05
DHN000407,3171012909950407,Tidak,,2025-10-07
DHN000408,3175011003850408,Tidak,,2024-02-20
DHN000409,3174016311810409,Tidak,,2024-04-20
DHN000410,3174010806820410,Tidak,,2025-11-18
DHN000411,3175016809860411,Tidak,,2023-01-07
DHN000412,3671016910650412,Tidak,,2023-03-04
DHN000413,3172016707770413,Tidak,,2024-06-01
DHN000414,3173014601790414,Tidak,,2023-07-05
DHN000415,3671011704840415,Tidak,,2024-06-08
DHN000416,3671010305990416,Tidak,,2024-02-01
DHN000417,3671010203920417,Tidak,,2023-12-04
DHN000418,3271010304730418,Tidak,,2025-05-05
DHN000419,3276012004980419,Tidak,,2026-08-14
DHN000420,3674016710990420,Tidak,,2026-06-04
DHN000421,3171010804880421,Tidak,,2024-10-01
DHN000422,3674016006720422,Tidak,,2026-07-25
DHN000423,3171010712990423,Tidak,,2024-09-08
DHN000424,3276016303970424,Tidak,,2023-09-10
DHN000425,3275011906990425,Tidak,,2023-01-17
DHN000426,3671015512770426,Tidak,,2024-06-24
DHN000427,3671014309750427,Tidak,,2023-10-01
DHN000428,3276011303670428,Tidak,,2024-02-25
DHN000429,3174015509830429,Tidak,,2023-10-16
DHN000430,3271011407810430,Tidak,,2023-01-29
DHN000431,3276015903960431,Tidak,,2023-03-10
DHN000432,3271016710700432,Tidak,,2026-02-03
DHN000433,3275013001980433,Ya,Cek/giro kosong berulang,2025-01-16
DHN000434,3671013105760434,Tidak,,2026-01-24
DHN000435,3671016904020435,Tidak,,2025-02-07
DHN000436,3271017009850436,Tidak,,2023-12-23
DHN000437,3271012112670437,Tidak,,2024-01-25
DHN000438,3271010411960438,Tidak,,2024-04-02
DHN000439,3174011510810439,Tidak,,2024-06-15
DHN000440,3671011610990440,Tidak,,2026-02-24
DHN000441,3174015412780441,Tidak,,2025-09-22
DHN000442,3276012505790442,Tidak,,2025-12-08
DHN000443,3275014709650443,Tidak,,2023-05-18
DHN000444,3271010104890444,Ya,Laporan pihak ketiga terkait sengketa usaha,2024-04-14
DHN000445,3172010408910445,Tidak,,2024-09-03
DHN000446,3173015305690446,Tidak,,2023-12-09
DHN000447,3671016005000447,Tidak,,2023-07-10
DHN000448,3271015202920448,Tidak,,2023-05-11
DHN000449,3674015409750449,Tidak,,2024-08-06
DHN000450,3671014610720450,Tidak,,2025-06-15
DHN000451,3275014211910451,Tidak,,2026-08-13
DHN000452,3671012704850452,Tidak,,2024-08-01
DHN000453,3671014201690453,Tidak,,2025-03-23
DHN000454,3275012008030454,Tidak,,2025-08-17
DHN000455,3671016009940455,Tidak,,2024-10-06
DHN000456,3171015007650456,Tidak,,2025-09-23
DHN000457,3671015612920457,Tidak,,2024-03-25
DHN000458,3172010705870458,Tidak,,2023-12-13
DHN000459,3275015705710459,Tidak,,2024-10-10
DHN000460,3275015201860460,Tidak,,2023-06-23
DHN000461,3671011108970461,Tidak,,2026-07-10
DHN000462,3172015306680462,Tidak,,2024-05-27
DHN000463,3671012707940463,Tidak,,2023-08-12
DHN000464,3671016907020464,Tidak,,2024-11-13
DHN000465,3275012310930465,Tidak,,2025-05-09
DHN000466,3671015401820466,Tidak,,2023-05-24
DHN000467,3671015505690467,Tidak,,2025-07-23
DHN000468,3671014912970468,Tidak,,2024-01-24
DHN000469,3172013008690469,Tidak,,2023-06-26
DHN000470,3671012111910470,Tidak,,2023-12-30
DHN000471,3271011212850471,Tidak,,2024-07-27
DHN000472,3674014412790472,Tidak,,2024-04-08
DHN000473,3171010204890473,Tidak,,2023-11-03
DHN000474,3173014509710474,Ya,Tunggakan kredit >90 hari di bank lain,2026-04-05
DHN000475,3275016503890475,Tidak,,2025-07-27
DHN000476,3275015305930476,Tidak,,2026-03-18
DHN000477,3276012905780477,Tidak,,2023-11-12
DHN000478,3671011212860478,Tidak,,2024-06-01
DHN000479,3275011103830479,Ya,Cek/giro kosong berulang,2025-03-27
DHN000480,3173010105940480,Tidak,,2023-08-22
DHN000481,3276016206020481,Tidak,,2025-08-05
DHN000482,3671015907790482,Tidak,,2024-07-14
DHN000483,3276016512980483,Tidak,,2023-04-10
DHN000484,3671012011990484,Tidak,,2024-04-12
DHN000485,3276014104740485,Tidak,,2024-11-01
DHN000486,3671011802930486,Tidak,,2026-07-27
DHN000487,3671016810850487,Tidak,,2024-02-23
DHN000488,3174010512930488,Tidak,,2023-03-18
DHN000489,3671010302720489,Tidak,,2023-03-22
DHN000490,3671016804750490,Tidak,,2024-11-11
DHN000491,3275012107840491,Tidak,,2025-02-24
DHN000492,3276015006660492,Ya,Laporan pihak ketiga terkait sengketa usaha,2024-07-08
DHN000493,3671010106000493,Tidak,,2023-09-11
DHN000494,3275017009970494,Tidak,,2025-07-08
DHN000495,3173012611970495,Tidak,,2023-11-16
DHN000496,3173011210740496,Tidak,,2025-09-29
DHN000497,3671012805850497,Tidak,,2024-03-06
DHN000498,3173012712950498,Tidak,,2024-07-09
DHN000499,3671010302880499,Tidak,,2023-04-25
DHN000500,3671016602900500,Tidak,,2025-03-11
DHN000501,3674010706770501,Tidak,,2026-03-03
DHN000502,3671015104850502,Tidak,,2025-10-01
DHN000503,3175015001700503,Tidak,,2024-11-06
DHN000504,3275016901780504,Ya,Kredit macet yang belum diselesaikan,2023-08-28
DHN000505,3671015807850505,Tidak,,2024-04-10
DHN000506,3175014410770506,Tidak,,2024-01-08
DHN000507,3175011010900507,Ya,Cek/giro kosong berulang,2024-02-02
DHN000508,3674016103890508,Tidak,,2023-01-12
DHN000509,3671015301940509,Tidak,,2023-07-30
DHN000510,3172017003700510,Tidak,,2024-10-17
DHN000511,3172011308880511,Tidak,,2023-04-23
DHN000512,3275016911940512,Tidak,,2026-02-03
DHN000513,3674014203900513,Tidak,,2026-08-05
DHN000514,3671015206710514,Tidak,,2026-03-31
DHN000515,3674010511720515,Tidak,,2023-09-27
DHN000516,3671010203870516,Tidak,,2023-09-27
DHN000517,3674011701730517,Tidak,,2026-06-10
DHN000518,3674016202960518,Tidak,,2025-10-29
DHN000519,3671011201810519,Tidak,,2024-02-18
DHN000520,3671012104990520,Ya,Tunggakan kredit >90 hari di bank lain,2026-04-24
DHN000521,3671014712010521,Tidak,,2023-11-07
DHN000522,3172010212740522,Tidak,,2023-10-24
DHN000523,3173011508800523,Tidak,,2023-06-04
DHN000524,3171010906030524,Tidak,,2024-04-04
DHN000525,3674012811660525,Tidak,,2024-02-28
DHN000526,3671010611980526,Tidak,,2025-08-09
DHN000527,3271011910800527,Tidak,,2023-03-04
DHN000528,3276012810980528,Tidak,,2024-06-02
DHN000529,3175015101820529,Tidak,,2024-10-21
DHN000530,3271011208960530,Tidak,,2023-03-27
DHN000531,3674015802750531,Tidak,,2024-03-19
DHN000532,3671011310820532,Tidak,,2026-08-20
DHN000533,3175012612730533,Tidak,,2025-11-19
DHN000534,3671016609860534,Tidak,,2025-04-18
DHN000535,3671013103020535,Tidak,,2023-02-02
DHN000536,3671012407000536,Tidak,,2025-10-13
DHN000537,3275011803820537,Tidak,,2023-12-03
DHN000538,3175010802970538,Tidak,,2026-06-22
DHN000539,3674010309920539,Tidak,,2024-09-03
DHN000540,3671016904990540,Tidak,,2024-02-02
DHN000541,3671010108910541,Tidak,,2023-03-13
DHN000542,3674011712760542,Tidak,,2025-04-20
DHN000543,3275016912950543,Tidak,,2023-10-13
DHN000544,3671015209020544,Tidak,,2025-10-28
DHN000545,3275013005900545,Tidak,,2025-07-25
DHN000546,3271015301930546,Tidak,,2024-01-20
DHN000547,3671016505900547,Tidak,,2024-07-15
DHN000548,3171015312020548,Tidak,,2024-11-17
DHN000549,3171017003660549,Tidak,,2023-09-10
DHN000550,3174010408760550,Tidak,,2023-10-11
DHN000551,3173016104810551,Tidak,,2026-03-20
DHN000552,3172016706700552,Tidak,,2025-01-26
DHN000553,3674012704830553,Tidak,,2023-08-28
DHN000554,3175014703000554,Tidak,,2026-06-13
DHN000555,3175011710890555,Tidak,,2025-06-23
DHN000556,3275016711010556,Tidak,,2023-10-26
DHN000557,3674016201980557,Tidak,,2026-01-04
DHN000558,3671014205850558,Tidak,,2024-11-18
DHN000559,3271017110900559,Tidak,,2024-11-13
DHN000560,3671015009760560,Tidak,,2026-01-16
DHN000561,3671014612650561,Ya,Cek/giro kosong berulang,2025-10-19
DHN000562,3271011209710562,Tidak,,2026-07-02
DHN000563,3275016601750563,Tidak,,2024-05-10
DHN000564,3671010710830564,Tidak,,2023-09-02
DHN000565,3671010511680565,Tidak,,2025-02-16
DHN000566,3671014405670566,Tidak,,2023-03-23
DHN000567,3276014602900567,Tidak,,2026-08-14
DHN000568,3671011305710568,Tidak,,2023-11-13
DHN000569,3671015103880569,Tidak,,2025-08-26
DHN000570,3171012003730570,Tidak,,2025-11-16
DHN000571,3671015407850571,Tidak,,2025-05-20
DHN000572,3276010603910572,Tidak,,2024-02-06
DHN000573,3671014709820573,Tidak,,2024-08-29
DHN000574,3671015210790574,Tidak,,2025-12-31
DHN000575,3671015807890575,Tidak,,2025-06-22
DHN000576,3271011201940576,Tidak,,2025-05-08
DHN000577,3276015812860577,Tidak,,2025-01-10
DHN000578,3275012510660578,Tidak,,2025-03-13
DHN000579,3173016306780579,Tidak,,2023-07-15
DHN000580,3671012811870580,Tidak,,2023-09-30
DHN000581,3671012001730581,Tidak,,2025-12-21
DHN000582,3276016106740582,Tidak,,2023-04-24
DHN000583,3173016308850583,Tidak,,2025-04-16
DHN000584,3174016407730584,Tidak,,2026-05-26
DHN000585,3671015111680585,Tidak,,2024-12-14
DHN000586,3674012402860586,Tidak,,2024-10-13
DHN000587,3671016508830587,Tidak,,2023-11-20
DHN000588,3671016805750588,Tidak,,2023-09-13
DHN000589,3173014712920589,Tidak,,2023-08-04
DHN000590,3671015305910590,Tidak,,2023-03-14
DHN000591,3671014209770591,Tidak,,2026-05-07
DHN000592,3271011307750592,Tidak,,2024-11-09
DHN000593,3174012502800593,Tidak,,2024-03-10
DHN000594,3671015310710594,Tidak,,2023-06-11
DHN000595,3174012003740595,Tidak,,2025-03-25
DHN000596,3171015209840596,Tidak,,2023-08-14
DHN000597,3671010603810597,Tidak,,2024-11-15
DHN000598,3671014305660598,Tidak,,2025-02-22
DHN000599,3275016308820599,Tidak,,2025-03-11
DHN000600,3175014409880600,Tidak,,2025-08-24
DHN000601,3174010902890601,Tidak,,2026-02-07
DHN000602,3174014204660602,Tidak,,2024-11-22
DHN000603,3275016202670603,Tidak,,2026-06-10
DHN000604,3671015601970604,Tidak,,2025-06-27
DHN000605,3275012002690605,Tidak,,2023-08-03
DHN000606,3671016007930606,Tidak,,2024-03-08
DHN000607,3172016609880607,Ya,Kredit macet yang belum diselesaikan,2023-05-29
DHN000608,3174013107810608,Tidak,,2023-08-21
DHN000609,3171016802000609,Tidak,,2023-09-25
DHN000610,3174012509830610,Tidak,,2026-05-29
DHN000611,3674010612940611,Tidak,,2023-10-29
DHN000612,3671014501980612,Ya,Laporan pihak ketiga terkait sengketa usaha,2025-11-30
DHN000613,3671013107900613,Tidak,,2023-05-18
DHN000614,3172010512840614,Tidak,,2023-01-18
DHN000615,3172016803790615,Tidak,,2024-07-07
DHN000616,3175014904830616,Tidak,,2023-12-12
DHN000617,3271014511810617,Tidak,,2024-03-11
DHN000618,3674012410890618,Tidak,,2026-02-02
DHN000619,3671013108780619,Tidak,,2026-07-13
DHN000620,3671011611660620,Tidak,,2024-10-26
DHN000621,3271015610020621,Ya,Terlibat kasus fraud dokumen,2024-06-03
DHN000622,3671014304020622,Ya,Cek/giro kosong berulang,2026-06-23
DHN000623,3671014104770623,Tidak,,2025-03-30
DHN000624,3671011203650624,Tidak,,2024-10-16
DHN000625,3671012702950625,Tidak,,2025-01-02
DHN000626,3173010306650626,Tidak,,2024-08-16
DHN000627,3275010508770627,Tidak,,2024-12-28
DHN000628,3671010712670628,Tidak,,2023-03-30
DHN000629,3172012507920629,Tidak,,2025-10-23
DHN000630,3275014607950630,Tidak,,2024-10-24
DHN000631,3276014601800631,Tidak,,2024-10-23
DHN000632,3174010204660632,Tidak,,2024-06-18
DHN000633,3276010904680633,Ya,Laporan pihak ketiga terkait sengketa usaha,2025-11-26
DHN000634,3171015310670634,Tidak,,2024-11-18
DHN000635,3275010909920635,Tidak,,2026-05-15
DHN000636,3173015503880636,Tidak,,2025-11-19
DHN000637,3172013006760637,Tidak,,2026-07-18
DHN000638,3674010801880638,Tidak,,2023-03-31
DHN000639,3671016907670639,Tidak,,2025-03-03
DHN000640,3671010203960640,Tidak,,2026-03-21
DHN000641,3275014104870641,Ya,Tunggakan kredit >90 hari di bank lain,2024-09-18
DHN000642,3674015803740642,Tidak,,2024-05-07
DHN000643,3172010505990643,Tidak,,2026-04-01
DHN000644,3171011710730644,Tidak,,2026-01-28
DHN000645,3674015010750645,Tidak,,2025-08-30
DHN000646,3171012111880646,Tidak,,2025-11-20
DHN000647,3276011309790647,Tidak,,2025-12-17
DHN000648,3671014607720648,Tidak,,2026-01-10
DHN000649,3271016701910649,Tidak,,2026-05-26
DHN000650,3674010112810650,Tidak,,2026-03-30
DHN000651,3173016412870651,Tidak,,2026-03-29
DHN000652,3173016806750652,Tidak,,2024-08-14
DHN000653,3174015403680653,Tidak,,2026-06-26
DHN000654,3671016107730654,Tidak,,2026-08-04
DHN000655,3671014503860655,Ya,Laporan pihak ketiga terkait sengketa usaha,2024-09-15
DHN000656,3276016703840656,Tidak,,2024-07-27
DHN000657,3271017003800657,Tidak,,2023-01-03
DHN000658,3175012806900658,Tidak,,2025-03-21
DHN000659,3671014803690659,Tidak,,2023-03-21
DHN000660,3276011606750660,Tidak,,2023-10-27
DHN000661,3276012012690661,Ya,Cek/giro kosong berulang,2026-04-02
DHN000662,3671015502720662,Tidak,,2023-03-13
DHN000663,3671014308880663,Tidak,,2026-03-15
DHN000664,3671015807820664,Tidak,,2026-07-25
DHN000665,3171010102720665,Tidak,,2025-01-19
DHN000666,3172016105990666,Tidak,,2026-05-05
DHN000667,3671010502820667,Tidak,,2024-09-21
DHN000668,3671013009860668,Tidak,,2023-04-10
DHN000669,3671011312720669,Tidak,,2024-12-08
DHN000670,3276016009740670,Tidak,,2026-08-11
DHN000671,3275014111910671,Tidak,,2023-09-29
DHN000672,3175012210010672,Tidak,,2023-08-04
DHN000673,3271015903900673,Tidak,,2026-03-04
DHN000674,3174011501830674,Tidak,,2025-12-14
DHN000675,3173015207780675,Tidak,,2026-03-21
DHN000676,3671016411790676,Tidak,,2026-06-18
DHN000677,3671014208870677,Tidak,,2023-02-07
DHN000678,3171012010810678,Tidak,,2024-01-19
DHN000679,3175017103790679,Tidak,,2023-01-02
DHN000680,3671017110940680,Tidak,,2025-10-14
DHN000681,3171010405670681,Tidak,,2025-08-10
DHN000682,3276015605970682,Tidak,,2025-10-18
DHN000683,3175011211820683,Tidak,,2024-02-02
DHN000684,3276015910890684,Tidak,,2023-04-15
DHN000685,3671011210730685,Tidak,,2025-12-27
DHN000686,3674016310780686,Tidak,,2025-10-27
DHN000687,3271016903960687,Tidak,,2023-07-05
DHN000688,3671012109760688,Tidak,,2024-11-06
DHN000689,3671014504880689,Tidak,,2024-04-15
DHN000690,3671016611690690,Tidak,,2023-02-10
DHN000691,3174011902680691,Ya,Terlibat kasus fraud dokumen,2026-04-02
DHN000692,3173010103730692,Tidak,,2024-03-27
DHN000693,3275012007930693,Tidak,,2024-02-28
DHN000694,3674010803950694,Tidak,,2024-02-20
DHN000695,3674016503860695,Tidak,,2025-03-04
DHN000696,3175016510790696,Tidak,,2025-08-10
DHN000697,3175015004850697,Tidak,,2025-07-08
DHN000698,3671017105950698,Tidak,,2023-05-05
DHN000699,3276010812960699,Tidak,,2024-12-08
DHN000700,3671015607720700,Tidak,,2023-10-16
DHN000701,3671011003720701,Tidak,,2026-03-01
DHN000702,3276014211900702,Tidak,,2025-10-07
DHN000703,3174010604800703,Tidak,,2026-03-30
DHN000704,3671014101030704,Tidak,,2023-10-07
DHN000705,3276014406870705,Tidak,,2024-12-24
DHN000706,3671016304930706,Tidak,,2024-04-24
DHN000707,3171010806030707,Tidak,,2026-01-12
DHN000708,3674015807820708,Tidak,,2024-09-21
DHN000709,3674011405940709,Tidak,,2023-07-27
DHN000710,3175012607970710,Tidak,,2023-10-23
DHN000711,3172014103940711,Tidak,,2025-07-08
DHN000712,3671015404940712,Tidak,,2026-04-19
DHN000713,3174016306700713,Tidak,,2026-07-18
DHN000714,3671012105780714,Tidak,,2023-08-01
DHN000715,3671015411670715,Tidak,,2024-04-04
DHN000716,3275010410660716,Tidak,,2023-10-21
DHN000717,3271010306890717,Tidak,,2025-02-04
DHN000718,3671011206880718,Ya,Terlibat kasus fraud dokumen,2024-05-24
DHN000719,3276010801710719,Tidak,,2023-10-14
DHN000720,3173015706850720,Tidak,,2025-01-02
DHN000721,3671013010830721,Tidak,,2025-12-01
DHN000722,3275011110790722,Tidak,,2026-02-22
DHN000723,3174015911720723,Tidak,,2025-11-08
DHN000724,3171014804790724,Tidak,,2024-06-16
DHN000725,3671014107940725,Ya,Tunggakan kredit >90 hari di bank lain,2024-09-14
DHN000726,3674011903730726,Tidak,,2023-06-11
DHN000727,3674016707990727,Tidak,,2025-05-15
DHN000728,3671010504010728,Tidak,,2023-12-20
DHN000729,3174015301970729,Tidak,,2025-09-22
DHN000730,3671014411720730,Tidak,,2024-07-17
DHN000731,3276012404020731,Tidak,,2023-12-30
DHN000732,3671010910850732,Tidak,,2023-10-08
DHN000733,3671011401830733,Tidak,,2023-07-19
DHN000734,3171014807990734,Tidak,,2023-09-21
DHN000735,3671014504720735,Tidak,,2023-08-18
DHN000736,3271010206660736,Tidak,,2023-06-30
DHN000737,3674012411700737,Tidak,,2024-10-29
DHN000738,3275012606840738,Tidak,,2024-09-08
DHN000739,3175011106960739,Tidak,,2024-07-10
DHN000740,3671011704750740,Ya,Kredit macet yang belum diselesaikan,2026-08-18
DHN000741,3674012007880741,Tidak,,2025-11-19
DHN000742,3271010208770742,Tidak,,2024-12-18
DHN000743,3276011910770743,Tidak,,2023-02-01
DHN000744,3671016108950744,Tidak,,2023-10-26
DHN000745,3174010811700745,Tidak,,2024-09-03
DHN000746,3172014205970746,Tidak,,2025-04-14
DHN000747,3173015501680747,Ya,Tunggakan kredit >90 hari di bank lain,2023-02-07
DHN000748,3171016403980748,Tidak,,2023-05-25
DHN000749,3276014404730749,Tidak,,2025-03-07
DHN000750,3271014810890750,Tidak,,2025-12-29
DHN000751,3275016610930751,Ya,Tunggakan kredit >90 hari di bank lain,2023-01-08
DHN000752,3671016305970752,Tidak,,2025-10-10
DHN000753,3671010106970753,Tidak,,2023-07-29
DHN000754,3671016612710754,Tidak,,2024-05-20
DHN000755,3172014201870755,Tidak,,2025-09-14
DHN000756,3276013105850756,Tidak,,2025-09-19
DHN000757,3671010612700757,Tidak,,2026-04-03
DHN000758,3674013107010758,Tidak,,2025-09-29
DHN000759,3172012404780759,Ya,Terlibat kasus fraud dokumen,2023-01-31
DHN000760,3671015802750760,Tidak,,2026-06-23
DHN000761,3275014403810761,Tidak,,2026-07-22
DHN000762,3671011001930762,Tidak,,2026-07-15
DHN000763,3671011505790763,Tidak,,2024-11-16
DHN000764,3276016702730764,Tidak,,2023-07-15
DHN000765,3173011310830765,Tidak,,2024-09-13
DHN000766,3175011602650766,Tidak,,2026-07-23
DHN000767,3175016708850767,Tidak,,2025-03-17
DHN000768,3173011911970768,Tidak,,2023-01-22
DHN000769,3174014408710769,Tidak,,2025-07-04
DHN000770,3172010305960770,Tidak,,2024-01-25
DHN000771,3174014702920771,Tidak,,2025-10-07
DHN000772,3276015203770772,Tidak,,2023-12-19
DHN000773,3671015808010773,Tidak,,2023-04-27
DHN000774,3174016806680774,Tidak,,2024-09-22
DHN000775,3175010306730775,Tidak,,2023-03-23
DHN000776,3275014511780776,Ya,Terlibat kasus fraud dokumen,2026-07-24
DHN000777,3175010904830777,Tidak,,2023-12-31
DHN000778,3671015407680778,Tidak,,2024-09-03
DHN000779,3271014103810779,Tidak,,2023-01-19
DHN000780,3175011807890780,Tidak,,2024-08-04
DHN000781,3275015103680781,Tidak,,2024-09-13
DHN000782,3175011407030782,Tidak,,2023-02-11
DHN000783,3674015610760783,Tidak,,2023-07-30
DHN000784,3275014301750784,Ya,Terlibat kasus fraud dokumen,2023-06-04
DHN000785,3671012210820785,Tidak,,2025-06-30
DHN000786,3275012706770786,Tidak,,2026-02-12
DHN000787,3275010904010787,Tidak,,2024-12-02
DHN000788,3174015205710788,Tidak,,2025-05-19
DHN000789,3173014505800789,Tidak,,2026-08-03
DHN000790,3671014212010790,Ya,Terlibat kasus fraud dokumen,2024-09-27
DHN000791,3173011303790791,Tidak,,2024-02-14
DHN000792,3671010711830792,Tidak,,2025-03-30
DHN000793,3175014910780793,Tidak,,2023-05-23
DHN000794,3275016011720794,Tidak,,2024-07-14
DHN000795,3671015206930795,Tidak,,2024-11-21
DHN000796,3671010206930796,Tidak,,2025-01-16
DHN000797,3275016309800797,Tidak,,2023-03-08
DHN000798,3671015003650798,Tidak,,2023-06-23
DHN000799,3276014612890799,Tidak,,2023-11-17
DHN000800,3671011508840800,Tidak,,2026-05-13
DHN000801,3174015508840801,Tidak,,2023-02-02
DHN000802,3671011505730802,Tidak,,2024-05-29
DHN000803,3174012108930803,Tidak,,2024-05-04
DHN000804,3271010908020804,Tidak,,2023-06-19
DHN000805,3271010306930805,Tidak,,2023-11-23
DHN000806,3275010902720806,Tidak,,2025-12-19
DHN000807,3171012904660807,Tidak,,2025-06-09
DHN000808,3671011412850808,Tidak,,2026-01-03
DHN000809,3671014706720809,Tidak,,2025-05-20
DHN000810,3671014404840810,Tidak,,2025-05-26
DHN000811,3671015311820811,Tidak,,2025-07-25
DHN000812,3276012012990812,Tidak,,2025-06-17
DHN000813,3271013012910813,Tidak,,2024-12-08
DHN000814,3271016706010814,Tidak,,2025-02-24
DHN000815,3172013108790815,Tidak,,2024-08-24
DHN000816,3275014612880816,Tidak,,2025-03-28
DHN000817,3674017007680817,Tidak,,2026-06-03
DHN000818,3171016302670818,Tidak,,2025-10-24
DHN000819,3174016508760819,Tidak,,2024-02-17
DHN000820,3172014109850820,Tidak,,2025-02-22
DHN000821,3671010208770821,Tidak,,2024-05-10
DHN000822,3671014503960822,Tidak,,2024-02-27
DHN000823,3175015205740823,Tidak,,2023-11-05
DHN000824,3674013110920824,Tidak,,2023-03-13
DHN000825,3174011710750825,Tidak,,2026-03-10
DHN000826,3671016411800826,Tidak,,2024-08-01
DHN000827,3174014502940827,Tidak,,2025-12-06
DHN000828,3174016912930828,Tidak,,2023-07-13
DHN000829,3276012710920829,Tidak,,2025-04-12
DHN000830,3271010212970830,Tidak,,2025-11-05
DHN000831,3171012805730831,Tidak,,2024-12-27
DHN000832,3174016508910832,Tidak,,2024-01-26
DHN000833,3276012507880833,Tidak,,2023-06-24
DHN000834,3671014510940834,Tidak,,2026-04-07
DHN000835,3671016108710835,Tidak,,2026-03-31
DHN000836,3171015212810836,Tidak,,2026-05-06
DHN000837,3271015611780837,Tidak,,2023-01-04
DHN000838,3276014212850838,Tidak,,2025-12-11
DHN000839,3173010211660839,Tidak,,2025-08-24
DHN000840,3175011609770840,Tidak,,2023-03-10
DHN000841,3276013105010841,Tidak,,2023-05-18
DHN000842,3671016708950842,Tidak,,2024-09-15
DHN000843,3276015211810843,Tidak,,2025-02-18
DHN000844,3674016805830844,Tidak,,2023-08-20
DHN000845,3276010711920845,Tidak,,2025-11-21
DHN000846,3275011712790846,Tidak,,2025-08-19
DHN000847,3671011302710847,Tidak,,2023-04-27
DHN000848,3172010706700848,Tidak,,2026-07-10
DHN000849,3674011309860849,Tidak,,2023-12-02
DHN000850,3171015105710850,Tidak,,2025-09-02
DHN000851,3671016406810851,Tidak,,2024-04-12
DHN000852,3172012106820852,Tidak,,2026-06-26
DHN000853,3271017005650853,Tidak,,2023-09-23
DHN000854,3175010406940854,Tidak,,2024-06-29
DHN000855,3671014311900855,Tidak,,2025-03-09
DHN000856,3671012505750856,Tidak,,2025-08-03
DHN000857,3671012711980857,Tidak,,2026-01-07
DHN000858,3671016210720858,Tidak,,2024-04-18
DHN000859,3171015704980859,Tidak,,2023-07-02
DHN000860,3175012709990860,Tidak,,2024-09-16
DHN000861,3671012006870861,Tidak,,2025-03-05
DHN000862,3172011905780862,Tidak,,2024-07-27
DHN000863,3275017101720863,Tidak,,2023-11-19
DHN000864,3275011306660864,Tidak,,2024-11-14
DHN000865,3172011305920865,Tidak,,2023-03-01
DHN000866,3174015204870866,Tidak,,2025-11-06
DHN000867,3671010408950867,Tidak,,2025-11-25
DHN000868,3173015804700868,Tidak,,2023-12-26
DHN000869,3671011912000869,Tidak,,2024-05-01
DHN000870,3276015202780870,Tidak,,2023-10-17
DHN000871,3276016311840871,Tidak,,2024-06-26
DHN000872,3671012007770872,Tidak,,2026-07-19
DHN000873,3174011907750873,Tidak,,2024-02-11
DHN000874,3175014305030874,Tidak,,2026-07-02
DHN000875,3275015708940875,Tidak,,2025-04-21
DHN000876,3671010603840876,Tidak,,2026-03-15
DHN000877,3671010112700877,Tidak,,2025-06-03
DHN000878,3271012807940878,Tidak,,2026-07-07
DHN000879,3173017008660879,Tidak,,2024-09-16
DHN000880,3175015205990880,Tidak,,2025-07-06
DHN000881,3171011409950881,Tidak,,2025-10-01
DHN000882,3275015012910882,Tidak,,2024-03-12
DHN000883,3671011203020883,Tidak,,2023-11-01
DHN000884,3674015103780884,Tidak,,2024-05-25
DHN000885,3671012208740885,Ya,Cek/giro kosong berulang,2023-11-18
DHN000886,3671010603890886,Tidak,,2024-06-07
DHN000887,3276014311000887,Tidak,,2026-04-26
DHN000888,3671014204810888,Tidak,,2023-12-04
DHN000889,3671014103920889,Tidak,,2026-05-22
DHN000890,3171015505850890,Tidak,,2023-12-06
DHN000891,3171011104680891,Tidak,,2026-08-22
DHN000892,3275016505970892,Tidak,,2023-06-27
DHN000893,3671015906970893,Tidak,,2024-05-20
DHN000894,3172017005970894,Tidak,,2024-04-17
DHN000895,3276014506710895,Tidak,,2023-10-11
DHN000896,3174013011770896,Tidak,,2024-09-18
DHN000897,3174011204740897,Tidak,,2023-01-11
DHN000898,3671014311970898,Tidak,,2025-03-16
DHN000899,3271016411680899,Tidak,,2023-05-28
DHN000900,3674011604930900,Ya,Laporan pihak ketiga terkait sengketa usaha,2025-04-05
DHN000901,3671011806930901,Tidak,,2026-06-12
DHN000902,3173014509770902,Tidak,,2026-08-15
DHN000903,3173011111950903,Tidak,,2024-08-14
DHN000904,3175011912940904,Tidak,,2025-04-07
DHN000905,3674012201850905,Tidak,,2023-02-11
DHN000906,3671015609990906,Tidak,,2025-01-02
DHN000907,3271015304950907,Tidak,,2025-03-22
DHN000908,3275014311780908,Tidak,,2026-04-20
DHN000909,3174012912000909,Tidak,,2023-11-03
DHN000910,3172016909820910,Ya,Cek/giro kosong berulang,2024-05-31
DHN000911,3671010107870911,Tidak,,2025-01-29
DHN000912,3173012505940912,Tidak,,2023-02-25
DHN000913,3671011504690913,Tidak,,2025-01-20
DHN000914,3671012211810914,Tidak,,2025-04-12
DHN000915,3671016009810915,Tidak,,2026-06-18
DHN000916,3671017011790916,Tidak,,2025-01-04
DHN000917,3671012406880917,Tidak,,2025-12-08
DHN000918,3671010204650918,Tidak,,2023-12-10
DHN000919,3275015809690919,Tidak,,2025-02-22
DHN000920,3174011101840920,Tidak,,2023-06-20
DHN000921,3671010906880921,Tidak,,2025-05-29
DHN000922,3674014610850922,Ya,Laporan pihak ketiga terkait sengketa usaha,2023-07-14
DHN000923,3174012812780923,Tidak,,2024-02-13
DHN000924,3671012206800924,Tidak,,2024-07-20
DHN000925,3671016306680925,Tidak,,2024-03-31
DHN000926,3671015903010926,Tidak,,2026-07-11
DHN000927,3175012806680927,Tidak,,2025-12-05
DHN000928,3674010609960928,Tidak,,2023-05-25
DHN000929,3674016612860929,Tidak,,2023-11-16
DHN000930,3674014408740930,Tidak,,2024-11-25
DHN000931,3275011907810931,Tidak,,2026-02-21
DHN000932,3671016004770932,Tidak,,2023-04-07
DHN000933,3172013012960933,Tidak,,2024-01-15
DHN000934,3671013103030934,Tidak,,2024-10-17
DHN000935,3275010112670935,Tidak,,2025-03-13
DHN000936,3671014410720936,Tidak,,2023-12-13
DHN000937,3171016209970937,Tidak,,2023-06-20
DHN000938,3175016407020938,Tidak,,2026-05-12
DHN000939,3674016002750939,Tidak,,2025-06-25
DHN000940,3671012508800940,Tidak,,2024-07-07
DHN000941,3671016204740941,Tidak,,2025-08-31
DHN000942,3174011203880942,Tidak,,2025-06-11
DHN000943,3175011005650943,Tidak,,2023-04-08
DHN000944,3174011009840944,Tidak,,2024-09-05
DHN000945,3674016006780945,Tidak,,2024-08-31
DHN000946,3175011010910946,Tidak,,2023-04-30
DHN000947,3173015401650947,Tidak,,2024-08-31
DHN000948,3171015909950948,Tidak,,2023-10-29
DHN000949,3671011704020949,Tidak,,2024-06-29
DHN000950,3671015210910950,Tidak,,2023-08-11
DHN000951,3275012205920951,Tidak,,2024-08-14
DHN000952,3276014502840952,Tidak,,2023-10-27
DHN000953,3671010911850953,Tidak,,2025-05-02
DHN000954,3173014105940954,Tidak,,2024-10-07
DHN000955,3271015311020955,Tidak,,2025-02-07
DHN000956,3671011211730956,Tidak,,2023-11-14
DHN000957,3671016704760957,Tidak,,2025-05-15
DHN000958,3271015207930958,Tidak,,2023-05-25
DHN000959,3173010405840959,Ya,Cek/giro kosong berulang,2023-04-23
DHN000960,3275010208710960,Tidak,,2024-06-09
DHN000961,3175015505970961,Tidak,,2025-04-07
DHN000962,3276011502990962,Tidak,,2024-08-31
DHN000963,3276014311650963,Tidak,,2024-05-19
DHN000964,3175010112740964,Tidak,,2023-02-24
DHN000965,3175015204800965,Tidak,,2023-02-25
DHN000966,3172015107680966,Tidak,,2025-06-17
DHN000967,3171015101930967,Tidak,,2023-11-25
DHN000968,3173012703920968,Tidak,,2024-09-17
DHN000969,3671010409890969,Tidak,,2025-08-06
DHN000970,3671014602750970,Tidak,,2025-03-16
DHN000971,3276012808950971,Tidak,,2025-03-03
DHN000972,3671012411910972,Tidak,,2023-01-21
DHN000973,3671010610890973,Tidak,,2025-01-01
DHN000974,3174015504740974,Tidak,,2024-03-22
DHN000975,3276012612750975,Tidak,,2023-05-27
DHN000976,3275010902970976,Tidak,,2024-03-22
DHN000977,3671016303840977,Tidak,,2026-06-17
DHN000978,3171014809000978,Ya,Cek/giro kosong berulang,2025-12-19
DHN000979,3271010112950979,Tidak,,2024-03-05
DHN000980,3171012108810980,Tidak,,2025-08-04
DHN000981,3671016907710981,Tidak,,2024-08-04
DHN000982,3271010805970982,Tidak,,2025-09-05
DHN000983,3671015311720983,Tidak,,2025-02-09
DHN000984,3671012702940984,Tidak,,2025-02-16
DHN000985,3173010502930985,Tidak,,2026-05-20
DHN000986,3171013103750986,Tidak,,2024-04-04
DHN000987,3671012509670987,Tidak,,2025-10-06
DHN000988,3171015606860988,Tidak,,2025-08-25
DHN000989,3172015204840989,Tidak,,2025-09-13
DHN000990,3175014410870990,Tidak,,2024-01-15
DHN000991,3671016901930991,Tidak,,2024-09-16
DHN000992,3271013003690992,Tidak,,2023-12-27
DHN000993,3671015408690993,Tidak,,2024-06-10
DHN000994,3671011108790994,Tidak,,2023-12-12
DHN000995,3271015403020995,Tidak,,2025-09-15
DHN000996,3671013006850996,Tidak,,2025-11-10
DHN000997,3276014910000997,Tidak,,2024-09-30
DHN000998,3671016401670998,Tidak,,2023-05-28
DHN000999,3674014110770999,Tidak,,2023-12-27
DHN001000,3671011603901000,Tidak,,2026-01-08
DHN001001,3175011404031001,Tidak,,2025-10-03
DHN001002,3175015506761002,Tidak,,2026-08-04
DHN001003,3275011805901003,Tidak,,2025-04-24
DHN001004,3671011701901004,Tidak,,2023-08-06
DHN001005,3271012211851005,Tidak,,2023-10-01
DHN001006,3671015812651006,Tidak,,2025-10-30
DHN001007,3276016003911007,Tidak,,2023-10-24
DHN001008,3175012302731008,Tidak,,2025-05-23
DHN001009,3171015801741009,Tidak,,2023-08-05
DHN001010,3173015605981010,Tidak,,2023-11-23
DHN001011,3671012204721011,Tidak,,2024-07-26
DHN001012,3671011106861012,Tidak,,2026-04-09
DHN001013,3275012306841013,Tidak,,2026-06-08
DHN001014,3172010106651014,Tidak,,2026-02-07
DHN001015,3276016210831015,Tidak,,2025-08-03
DHN001016,3271016909021016,Tidak,,2025-07-07
DHN001017,3172013011811017,Tidak,,2026-06-01
DHN001018,3674011201711018,Tidak,,2026-03-07
DHN001019,3671012408701019,Tidak,,2026-05-14
DHN001020,3171016402751020,Ya,Kredit macet yang belum diselesaikan,2025-10-31
DHN001021,3671016107981021,Tidak,,2023-05-31
DHN001022,3275013108901022,Tidak,,2026-04-08
DHN001023,3175016805941023,Tidak,,2024-09-30
DHN001024,3275016901001024,Tidak,,2023-03-18
DHN001025,3276010508801025,Ya,Cek/giro kosong berulang,2026-02-03
DHN001026,3174013011731026,Tidak,,2023-09-07
DHN001027,3171012506931027,Tidak,,2023-12-30
DHN001028,3671015805861028,Tidak,,2025-07-27
DHN001029,3671012908671029,Tidak,,2024-12-11
DHN001030,3175014103681030,Tidak,,2025-04-02
DHN001031,3174014905881031,Tidak,,2023-07-04
DHN001032,3671016311711032,Tidak,,2023-01-22
DHN001033,3671014901991033,Tidak,,2024-08-25
DHN001034,3671015607991034,Tidak,,2023-03-17
DHN001035,3173016211751035,Tidak,,2026-02-18
DHN001036,3172014808021036,Tidak,,2025-05-21
DHN001037,3175015001941037,Tidak,,2025-08-25
DHN001038,3174011404931038,Tidak,,2024-01-20
DHN001039,3275016307791039,Tidak,,2023-10-21
DHN001040,3175011210801040,Tidak,,2024-10-24
DHN001041,3175012605031041,Tidak,,2025-12-03
DHN001042,3271011212981042,Tidak,,2025-03-15
DHN001043,3271015910821043,Tidak,,2025-10-27
DHN001044,3175010803661044,Tidak,,2024-06-29
DHN001045,3172010509861045,Tidak,,2025-12-02
DHN001046,3671015501011046,Tidak,,2023-05-27
DHN001047,3172012112901047,Tidak,,2023-03-03
DHN001048,3671015511851048,Tidak,,2025-02-14
DHN001049,3671012801901049,Tidak,,2023-11-24
DHN001050,3671014401971050,Tidak,,2024-07-19
DHN001051,3671016206711051,Tidak,,2025-07-31
DHN001052,3671016902761052,Tidak,,2023-06-02
DHN001053,3671014802011053,Tidak,,2025-03-03
DHN001054,3674012601691054,Tidak,,2024-12-12
DHN001055,3172016507761055,Tidak,,2025-03-13
DHN001056,3271013003661056,Ya,Laporan pihak ketiga terkait sengketa usaha,2024-02-02
DHN001057,3172015410811057,Tidak,,2026-07-12
DHN001058,3275012808801058,Tidak,,2026-01-01
DHN001059,3671014403001059,Tidak,,2025-05-08
DHN001060,3175015908671060,Tidak,,2024-10-11
DHN001061,3173010204991061,Tidak,,2023-05-23
DHN001062,3671014705921062,Tidak,,2024-01-09
DHN001063,3671011912881063,Tidak,,2023-02-22
DHN001064,3671011608741064,Tidak,,2024-11-19
DHN001065,3671011201671065,Tidak,,2024-06-22
DHN001066,3674014401671066,Tidak,,2023-08-16
DHN001067,3671011105831067,Tidak,,2024-12-27
DHN001068,3276016709941068,Tidak,,2023-09-21
DHN001069,3671011110771069,Tidak,,2025-10-25
DHN001070,3671015401861070,Tidak,,2023-02-23
DHN001071,3674011402981071,Tidak,,2025-09-17
DHN001072,3175012207031072,Tidak,,2025-10-23
DHN001073,3171015902931073,Tidak,,2025-05-12
DHN001074,3275013012691074,Tidak,,2024-09-05
DHN001075,3671010704651075,Tidak,,2025-08-09
DHN001076,3674010209771076,Tidak,,2025-09-17
DHN001077,3271015601751077,Tidak,,2023-01-16
DHN001078,3174015908851078,Tidak,,2023-08-21
DHN001079,3674016911841079,Tidak,,2025-05-10
DHN001080,3172012409731080,Tidak,,2026-04-05
DHN001081,3671016206781081,Tidak,,2025-02-07
DHN001082,3671012504821082,Tidak,,2023-10-11
DHN001083,3173014903791083,Tidak,,2023-02-03
DHN001084,3171012207741084,Tidak,,2023-11-06
DHN001085,3671016710711085,Tidak,,2024-05-05
DHN001086,3171015612841086,Tidak,,2024-01-31
DHN001087,3674012803911087,Tidak,,2025-02-17
DHN001088,3671012205951088,Tidak,,2023-09-15
DHN001089,3172016506911089,Tidak,,2025-10-03
DHN001090,3171014406961090,Tidak,,2023-03-04
DHN001091,3171013112921091,Tidak,,2025-03-30
DHN001092,3671014504961092,Tidak,,2025-01-30
DHN001093,3671014512861093,Tidak,,2024-05-14
DHN001094,3171010405681094,Tidak,,2026-02-20
DHN001095,3671010401721095,Tidak,,2023-05-28
DHN001096,3171011102691096,Tidak,,2024-03-02
DHN001097,3671015005861097,Tidak,,2025-08-25
DHN001098,3174016111721098,Tidak,,2026-01-11
DHN001099,3171011509821099,Tidak,,2026-04-29
DHN001100,3671011708771100,Tidak,,2024-11-08
DHN001101,3671011607651101,Tidak,,2025-03-03
DHN001102,3271014206871102,Tidak,,2023-10-09
DHN001103,3674011609851103,Tidak,,2024-02-18
DHN001104,3674015105931104,Tidak,,2024-11-02
DHN001105,3674012209711105,Tidak,,2024-08-26
DHN001106,3671010106841106,Tidak,,2024-04-07
DHN001107,3171014904881107,Ya,Kredit macet yang belum diselesaikan,2023-05-19
DHN001108,3275015611911108,Tidak,,2023-11-30
DHN001109,3674011601761109,Ya,Laporan pihak ketiga terkait sengketa usaha,2023-02-09
DHN001110,3276010610961110,Tidak,,2024-09-29
DHN001111,3671016508681111,Tidak,,2025-01-06
DHN001112,3173016401761112,Tidak,,2026-01-21
DHN001113,3671016012011113,Tidak,,2026-03-04
DHN001114,3275011805781114,Tidak,,2025-05-01
DHN001115,3173012801931115,Ya,Terlibat kasus fraud dokumen,2026-02-03
DHN001116,3671015010771116,Tidak,,2024-12-26
DHN001117,3671014509891117,Tidak,,2026-05-20
DHN001118,3671015512871118,Tidak,,2025-01-15
DHN001119,3175010701811119,Tidak,,2023-10-10
DHN001120,3671014308891120,Tidak,,2024-08-17
DHN001121,3671012206861121,Tidak,,2023-04-09
DHN001122,3671015211651122,Tidak,,2024-11-26
DHN001123,3275010309801123,Tidak,,2023-03-22
DHN001124,3674014403721124,Tidak,,2023-04-28
DHN001125,3674014703741125,Tidak,,2024-07-22
DHN001126,3271012110851126,Ya,Kredit macet yang belum diselesaikan,2023-06-29
DHN001127,3276013105871127,Tidak,,2023-02-14
DHN001128,3174010204031128,Tidak,,2025-03-28
DHN001129,3276012012931129,Ya,Cek/giro kosong berulang,2025-04-14
DHN001130,3276011410761130,Tidak,,2023-01-26
DHN001131,3271011102771131,Tidak,,2025-02-03
DHN001132,3674014304021132,Tidak,,2026-02-13
DHN001133,3175014402661133,Tidak,,2025-11-17
DHN001134,3671014811771134,Tidak,,2023-04-01
DHN001135,3671010504831135,Tidak,,2026-03-31
DHN001136,3172015105761136,Tidak,,2024-10-08
DHN001137,3671011111911137,Tidak,,2026-03-10
DHN001138,3671016204881138,Tidak,,2023-11-17
DHN001139,3671014808891139,Tidak,,2026-08-06
DHN001140,3276010506021140,Tidak,,2024-06-18
DHN001141,3276012404891141,Tidak,,2024-03-08
DHN001142,3275010512831142,Tidak,,2026-04-01
DHN001143,3671013006931143,Tidak,,2026-08-03
DHN001144,3671015812831144,Tidak,,2025-10-28
DHN001145,3171016806971145,Tidak,,2023-06-24
DHN001146,3671015909741146,Tidak,,2024-11-20
DHN001147,3671011112001147,Tidak,,2025-12-14
DHN001148,3671012202841148,Tidak,,2026-07-06
DHN001149,3671016708991149,Tidak,,2025-11-13
DHN001150,3671012207691150,Tidak,,2024-05-19
DHN001151,3671016406931151,Tidak,,2023-11-30
DHN001152,3271011704861152,Tidak,,2023-11-14
DHN001153,3671010101901153,Tidak,,2025-02-06
DHN001154,3276012906981154,Tidak,,2025-09-28
DHN001155,3276010908031155,Tidak,,2023-04-25
DHN001156,3671012207711156,Tidak,,2023-12-12
DHN001157,3276016102021157,Tidak,,2023-08-15
DHN001158,3671014108981158,Tidak,,2023-08-08
DHN001159,3275016109831159,Tidak,,2025-04-23
DHN001160,3271014807021160,Tidak,,2026-01-16
DHN001161,3671015205801161,Tidak,,2025-03-10
DHN001162,3175012203881162,Tidak,,2025-04-04
DHN001163,3271010403741163,Tidak,,2023-03-30
DHN001164,3271014801761164,Tidak,,2023-11-26
DHN001165,3671016302651165,Tidak,,2026-01-08
DHN001166,3674011409911166,Tidak,,2026-06-01
DHN001167,3174015106771167,Tidak,,2024-01-08
DHN001168,3671011106651168,Tidak,,2025-12-10
DHN001169,3174014211891169,Ya,Tunggakan kredit >90 hari di bank lain,2024-06-10
DHN001170,3671012504011170,Tidak,,2026-06-12
DHN001171,3275012102651171,Tidak,,2025-11-02
DHN001172,3674010711841172,Tidak,,2026-05-26
DHN001173,3271014612651173,Tidak,,2025-03-17
DHN001174,3171014502791174,Tidak,,2024-12-17
DHN001175,3174011504851175,Ya,Cek/giro kosong berulang,2026-04-22
DHN001176,3173014806761176,Tidak,,2023-07-13
DHN001177,3271012602671177,Ya,Cek/giro kosong berulang,2026-02-04
DHN001178,3173017006771178,Tidak,,2023-08-15
DHN001179,3674011407721179,Tidak,,2025-01-19
DHN001180,3671011106971180,Tidak,,2024-06-12
DHN001181,3173012101711181,Tidak,,2026-02-05
DHN001182,3174014101971182,Tidak,,2024-01-21
DHN001183,3674016107881183,Ya,Cek/giro kosong berulang,2023-06-27
DHN001184,3174011304741184,Tidak,,2023-05-22
DHN001185,3276016908981185,Tidak,,2024-10-09
DHN001186,3174015003751186,Tidak,,2024-05-09
DHN001187,3171011709931187,Tidak,,2026-02-16
DHN001188,3674012610661188,Tidak,,2024-03-27
DHN001189,3671010909671189,Ya,Terlibat kasus fraud dokumen,2025-02-12
DHN001190,3271016211921190,Tidak,,2025-03-06
DHN001191,3671011811711191,Tidak,,2026-08-02
DHN001192,3174016312661192,Tidak,,2024-09-17
DHN001193,3174014105721193,Tidak,,2024-08-06
DHN001194,3271010109921194,Tidak,,2026-04-23
DHN001195,3671010103011195,Tidak,,2024-02-07
DHN001196,3172016206781196,Tidak,,2024-08-02
DHN001197,3671010607831197,Tidak,,2025-08-13
DHN001198,3173011803831198,Tidak,,2024-07-31
DHN001199,3276010803831199,Tidak,,2024-04-13
DHN001200,3174015009681200,Tidak,,2023-04-18
DHN001201,3174012712701201,Tidak,,2024-04-21
DHN001202,3671015010661202,Tidak,,2024-08-26
DHN001203,3276010112671203,Tidak,,2026-08-09
DHN001204,3276014403961204,Tidak,,2023-10-18
DHN001205,3271015206741205,Tidak,,2025-05-31
DHN001206,3171010306971206,Tidak,,2025-08-11
DHN001207,3671016310961207,Tidak,,2026-01-25
DHN001208,3276011306011208,Tidak,,2024-07-03
DHN001209,3671014205651209,Tidak,,2024-11-29
DHN001210,3271012701741210,Tidak,,2025-03-21
DHN001211,3671012106741211,Tidak,,2025-06-08
DHN001212,3173014404971212,Ya,Tunggakan kredit >90 hari di bank lain,2023-08-12
DHN001213,3276016002791213,Tidak,,2024-11-04
DHN001214,3671016710661214,Tidak,,2024-12-18
DHN001215,3671016906991215,Tidak,,2025-03-28
DHN001216,3671016108651216,Tidak,,2026-02-25
DHN001217,3271016308831217,Tidak,,2026-08-14
DHN001218,3174013009751218,Ya,Tunggakan kredit >90 hari di bank lain,2025-04-17
DHN001219,3671012703001219,Tidak,,2023-01-07
DHN001220,3174011204721220,Tidak,,2026-05-06
DHN001221,3275011903011221,Tidak,,2025-02-23
DHN001222,3674011705821222,Tidak,,2024-09-21
DHN001223,3271016308831223,Tidak,,2023-04-28
DHN001224,3671011705701224,Tidak,,2025-01-27
DHN001225,3175010408011225,Tidak,,2025-06-17
DHN001226,3674014801661226,Tidak,,2025-11-13
DHN001227,3271015304791227,Tidak,,2025-10-07
DHN001228,3671016805011228,Tidak,,2025-05-26
DHN001229,3171014102681229,Tidak,,2025-05-05
DHN001230,3671010509681230,Tidak,,2023-02-26
DHN001231,3171010602981231,Tidak,,2023-06-05
DHN001232,3173016006741232,Tidak,,2025-08-22
DHN001233,3671015609961233,Tidak,,2026-01-20
DHN001234,3671010702951234,Tidak,,2023-11-19
DHN001235,3172011602651235,Ya,Laporan pihak ketiga terkait sengketa usaha,2025-02-19
DHN001236,3671015707811236,Tidak,,2023-07-16
DHN001237,3276011411941237,Tidak,,2024-08-05
DHN001238,3173014807881238,Tidak,,2026-07-10
DHN001239,3275016304911239,Tidak,,2025-08-22
DHN001240,3173016311741240,Tidak,,2024-04-10
DHN001241,3271011312951241,Tidak,,2023-02-04
DHN001242,3276012812981242,Ya,Cek/giro kosong berulang,2024-08-21
DHN001243,3171015311691243,Tidak,,2026-01-13
DHN001244,3671012712751244,Tidak,,2023-02-28
DHN001245,3174011808691245,Tidak,,2023-11-03
DHN001246,3276012611741246,Tidak,,2025-07-23
DHN001247,3671011905741247,Ya,Laporan pihak ketiga terkait sengketa usaha,2025-10-16
DHN001248,3276012706941248,Tidak,,2023-10-02
DHN001249,3671014401811249,Tidak,,2025-10-13
DHN001250,3174010911971250,Tidak,,2024-02-19
DHN001251,3174012207971251,Tidak,,2023-01-26
DHN001252,3175017007661252,Tidak,,2023-08-18
DHN001253,3171014912761253,Tidak,,2026-04-18
DHN001254,3276016511971254,Tidak,,2026-06-11
DHN001255,3172011406031255,Tidak,,2025-05-25
DHN001256,3174012210871256,Tidak,,2026-07-03
DHN001257,3671016302021257,Tidak,,2026-04-12
DHN001258,3173010405971258,Tidak,,2024-09-16
DHN001259,3671012604011259,Tidak,,2025-03-20
DHN001260,3271016707671260,Tidak,,2025-02-02
DHN001261,3172015706011261,Tidak,,2023-11-09
DHN001262,3275010302791262,Tidak,,2023-08-05
DHN001263,3173012906801263,Tidak,,2025-08-31
DHN001264,3173015209711264,Tidak,,2024-08-21
DHN001265,3671015401931265,Tidak,,2025-01-31
DHN001266,3671016308701266,Tidak,,2025-03-12
DHN001267,3671011106031267,Tidak,,2024-10-05
DHN001268,3171011103951268,Tidak,,2026-02-12
DHN001269,3171017110831269,Tidak,,2026-04-06
DHN001270,3271014205931270,Tidak,,2026-01-23
DHN001271,3671014803781271,Tidak,,2026-01-01
DHN001272,3671016008991272,Tidak,,2024-06-29
DHN001273,3175014809661273,Tidak,,2024-02-05
DHN001274,3271011910961274,Tidak,,2026-02-06
DHN001275,3671015603921275,Tidak,,2025-05-17
DHN001276,3275015306971276,Tidak,,2026-02-25
DHN001277,3174011405011277,Tidak,,2024-08-28
DHN001278,3674012607931278,Tidak,,2024-09-13
DHN001279,3276014808671279,Tidak,,2024-04-08
DHN001280,3671012005801280,Tidak,,2026-02-15
DHN001281,3271011401801281,Tidak,,2023-02-16
DHN001282,3275011903021282,Tidak,,2025-03-13
DHN001283,3174012506981283,Tidak,,2025-12-06
DHN001284,3174017004821284,Tidak,,2024-07-14
DHN001285,3275014109011285,Tidak,,2023-08-06
DHN001286,3671015211921286,Tidak,,2024-09-13
DHN001287,3271016608751287,Tidak,,2025-02-04
DHN001288,3671012505671288,Tidak,,2025-08-12
DHN001289,3174016101971289,Ya,Laporan pihak ketiga terkait sengketa usaha,2024-12-25
DHN001290,3671014801691290,Tidak,,2024-12-12
DHN001291,3175011512651291,Tidak,,2025-07-19
DHN001292,3275011804831292,Tidak,,2024-02-08
DHN001293,3175015303901293,Tidak,,2026-02-06
DHN001294,3175011304831294,Tidak,,2023-05-15
DHN001295,3276016306841295,Tidak,,2024-12-02
DHN001296,3674012905691296,Tidak,,2026-07-20
DHN001297,3171015205911297,Tidak,,2025-05-18
DHN001298,3671010712911298,Tidak,,2025-07-14
DHN001299,3671011112011299,Tidak,,2026-03-29
DHN001300,3671012506031300,Tidak,,2026-05-04
DHN001301,3276010608931301,Tidak,,2025-08-18
DHN001302,3276012707971302,Tidak,,2026-08-10
DHN001303,3674016102671303,Tidak,,2023-09-26
DHN001304,3173013105751304,Tidak,,2025-12-20
DHN001305,3275015203741305,Tidak,,2023-06-14
DHN001306,3172011501951306,Tidak,,2024-12-05
DHN001307,3671011110781307,Tidak,,2025-05-19
DHN001308,3173015005771308,Tidak,,2023-06-21
DHN001309,3674010712941309,Tidak,,2024-01-21
DHN001310,3674011209721310,Tidak,,2026-08-21
DHN001311,3671011905891311,Tidak,,2023-02-13
DHN001312,3173015606861312,Tidak,,2023-09-14
DHN001313,3171014402731313,Tidak,,2026-07-08
DHN001314,3671011509691314,Tidak,,2024-04-09
DHN001315,3275014401901315,Ya,Terlibat kasus fraud dokumen,2025-09-12
DHN001316,3275012402921316,Tidak,,2025-04-04
DHN001317,3275015301941317,Ya,Terlibat kasus fraud dokumen,2026-05-03
DHN001318,3172010701831318,Tidak,,2023-07-04
DHN001319,3172014711671319,Tidak,,2025-03-18
DHN001320,3175016602881320,Tidak,,2026-07-17
DHN001321,3671015607811321,Tidak,,2026-06-22
DHN001322,3174015407721322,Tidak,,2024-08-04
DHN001323,3276015904711323,Tidak,,2026-05-18
DHN001324,3172014809901324,Tidak,,2025-10-19
DHN001325,3674012412721325,Tidak,,2024-02-27
DHN001326,3671014208691326,Tidak,,2026-03-29
DHN001327,3275015105921327,Tidak,,2025-07-12
DHN001328,3172016312011328,Tidak,,2025-03-16
DHN001329,3175010606741329,Tidak,,2025-12-07
DHN001330,3671010406811330,Tidak,,2025-08-07
DHN001331,3671016312021331,Tidak,,2025-02-24
DHN001332,3172016906881332,Tidak,,2025-01-20
DHN001333,3671011601831333,Tidak,,2026-04-09
DHN001334,3271014807721334,Tidak,,2025-04-16
DHN001335,3671016212721335,Tidak,,2024-08-28
DHN001336,3271010309931336,Tidak,,2025-10-20
DHN001337,3175014104801337,Tidak,,2023-08-12
DHN001338,3671016304821338,Tidak,,2025-12-28
DHN001339,3174016710701339,Tidak,,2023-06-14
DHN001340,3171011707731340,Tidak,,2025-09-14
DHN001341,3174012204881341,Tidak,,2024-12-30
DHN001342,3173015502831342,Tidak,,2024-04-09
DHN001343,3671015509861343,Tidak,,2024-06-29
DHN001344,3671016309971344,Tidak,,2023-03-21
DHN001345,3671012411731345,Tidak,,2026-04-04
DHN001346,3671012903981346,Tidak,,2025-06-04
DHN001347,3671015108751347,Tidak,,2023-08-09
DHN001348,3674016401981348,Tidak,,2026-07-21
DHN001349,3671014206921349,Tidak,,2026-03-22
DHN001350,3175016201761350,Tidak,,2026-08-01
DHN001351,3671011111701351,Tidak,,2026-06-18
DHN001352,3175012002991352,Tidak,,2025-06-22
DHN001353,3276015608751353,Tidak,,2026-07-15
DHN001354,3671012911691354,Tidak,,2024-12-05
DHN001355,3175014212731355,Tidak,,2023-08-21
DHN001356,3671014303691356,Tidak,,2023-06-28
DHN001357,3671012605831357,Tidak,,2025-09-21
DHN001358,3174014506701358,Tidak,,2024-10-09
DHN001359,3173012201821359,Tidak,,2025-05-08
DHN001360,3276010407691360,Tidak,,2024-03-22
DHN001361,3674011210701361,Tidak,,2024-08-02
DHN001362,3671010210701362,Tidak,,2024-07-26
DHN001363,3671015703891363,Tidak,,2023-04-30
DHN001364,3173011107701364,Tidak,,2025-04-24
DHN001365,3671010605841365,Tidak,,2023-04-13
DHN001366,3174015412741366,Tidak,,2023-11-09
DHN001367,3671015407811367,Tidak,,2023-08-30
DHN001368,3275012102711368,Ya,Tunggakan kredit >90 hari di bank lain,2026-04-19
DHN001369,3173010511891369,Tidak,,2023-07-27
DHN001370,3671011006011370,Tidak,,2025-02-23
DHN001371,3172012711661371,Tidak,,2024-01-09
DHN001372,3271012701871372,Tidak,,2025-06-06
DHN001373,3671011601851373,Tidak,,2026-06-13
DHN001374,3671012403921374,Tidak,,2025-04-30
DHN001375,3671014704021375,Tidak,,2026-06-25
DHN001376,3275015511981376,Tidak,,2025-05-09
DHN001377,3671014804911377,Tidak,,2025-09-10
DHN001378,3175011003001378,Tidak,,2023-11-29
DHN001379,3671016908931379,Ya,Cek/giro kosong berulang,2025-10-29
DHN001380,3671017107691380,Tidak,,2024-05-04
DHN001381,3171015004021381,Tidak,,2024-03-15
DHN001382,3174010112961382,Tidak,,2023-12-25
DHN001383,3174016912681383,Tidak,,2023-12-31
DHN001384,3671013007711384,Tidak,,2025-02-15
DHN001385,3271010201891385,Ya,Terlibat kasus fraud dokumen,2025-10-04
DHN001386,3671014910671386,Tidak,,2024-02-13
DHN001387,3275010906781387,Tidak,,2023-05-14
DHN001388,3276011410851388,Tidak,,2026-03-02
DHN001389,3275011106001389,Tidak,,2025-04-25
DHN001390,3671011412791390,Tidak,,2025-11-24
DHN001391,3674016003821391,Tidak,,2023-12-24
DHN001392,3171012702901392,Tidak,,2024-09-15
DHN001393,3174015807871393,Tidak,,2024-02-01
DHN001394,3276011010981394,Tidak,,2025-05-11
DHN001395,3172015112981395,Tidak,,2026-04-06
DHN001396,3276016602761396,Tidak,,2025-10-21
DHN001397,3674012806711397,Tidak,,2023-05-27
DHN001398,3674016911021398,Tidak,,2023-09-16
DHN001399,3276010705691399,Tidak,,2023-04-05
DHN001400,3674016708921400,Tidak,,2023-04-02
DHN001401,3271016405911401,Tidak,,2025-05-31
DHN001402,3271012001761402,Tidak,,2025-08-26
DHN001403,3671011704741403,Tidak,,2026-02-13
DHN001404,3173015210861404,Tidak,,2026-06-13
DHN001405,3674011208951405,Tidak,,2025-07-08
DHN001406,3276016408651406,Tidak,,2023-11-20
DHN001407,3276015708731407,Tidak,,2025-05-14
DHN001408,3271010706671408,Tidak,,2025-07-28
DHN001409,3171016910711409,Tidak,,2023-09-04
DHN001410,3275016608691410,Tidak,,2025-01-28
DHN001411,3671015111691411,Tidak,,2025-05-14
DHN001412,3671010212841412,Tidak,,2026-04-12
DHN001413,3171012705671413,Tidak,,2023-06-26
DHN001414,3671014909851414,Tidak,,2026-07-31
DHN001415,3271013009001415,Tidak,,2024-09-09
DHN001416,3276017010731416,Tidak,,2025-08-17
DHN001417,3276012411751417,Tidak,,2023-01-31
DHN001418,3271011401971418,Tidak,,2023-05-30
DHN001419,3174014605821419,Tidak,,2023-11-19
DHN001420,3174012506031420,Tidak,,2026-06-21
DHN001421,3276010507771421,Tidak,,2026-01-17
DHN001422,3276015503851422,Tidak,,2024-03-08
DHN001423,3671016301011423,Tidak,,2026-04-17
DHN001424,3175010209021424,Tidak,,2024-06-07
DHN001425,3171016204021425,Tidak,,2024-12-31
DHN001426,3671010805661426,Tidak,,2024-08-22
DHN001427,3174010209651427,Tidak,,2023-06-10
DHN001428,3174014405661428,Tidak,,2025-02-21
DHN001429,3275014207971429,Ya,Kredit macet yang belum diselesaikan,2025-03-02
DHN001430,3671017009731430,Tidak,,2023-02-25
DHN001431,3276012702651431,Tidak,,2025-09-25
DHN001432,3173010106841432,Tidak,,2023-08-09
DHN001433,3671014108961433,Tidak,,2024-12-20
DHN001434,3671016306811434,Tidak,,2023-03-28
DHN001435,3671015703001435,Tidak,,2023-01-03
DHN001436,3674010702731436,Tidak,,2025-06-02
DHN001437,3173012106961437,Tidak,,2026-08-03
DHN001438,3671013103711438,Tidak,,2025-03-16
DHN001439,3171016611861439,Ya,Kredit macet yang belum diselesaikan,2023-12-06
DHN001440,3171012804711440,Tidak,,2026-01-28
DHN001441,3172015907801441,Tidak,,2024-11-10
DHN001442,3275011111961442,Tidak,,2024-02-15
DHN001443,3171015002021443,Tidak,,2023-04-13
DHN001444,3173014205881444,Tidak,,2023-03-06
DHN001445,3275010708861445,Tidak,,2024-06-17
DHN001446,3275011308011446,Tidak,,2024-11-02
DHN001447,3171016012661447,Tidak,,2025-02-05
DHN001448,3671015408871448,Tidak,,2025-08-19
DHN001449,3671015906031449,Tidak,,2025-11-08
DHN001450,3671010904861450,Tidak,,2025-03-30
DHN001451,3671011312741451,Tidak,,2025-12-29
DHN001452,3275015303831452,Tidak,,2024-11-18
DHN001453,3671015807891453,Tidak,,2026-06-20
DHN001454,3674017105771454,Tidak,,2024-01-09
DHN001455,3671015609971455,Tidak,,2023-11-04
DHN001456,3671016406751456,Tidak,,2023-11-07
DHN001457,3671010508951457,Tidak,,2023-09-16
DHN001458,3671011508951458,Ya,Tunggakan kredit >90 hari di bank lain,2023-02-07
DHN001459,3275011707681459,Tidak,,2025-02-27
DHN001460,3275016608841460,Tidak,,2024-12-10
DHN001461,3671015911931461,Tidak,,2026-07-01
DHN001462,3171015512951462,Tidak,,2025-09-06
DHN001463,3671015302931463,Tidak,,2026-08-17
DHN001464,3671012907711464,Tidak,,2025-07-14
DHN001465,3275012204681465,Tidak,,2024-09-18
DHN001466,3171015509941466,Tidak,,2026-08-07
DHN001467,3276016912791467,Tidak,,2023-08-25
DHN001468,3173016803731468,Ya,Kredit macet yang belum diselesaikan,2024-07-11
DHN001469,3271012605031469,Tidak,,2023-10-05
DHN001470,3671016411871470,Tidak,,2026-07-31
DHN001471,3671011908771471,Ya,Tunggakan kredit >90 hari di bank lain,2023-06-19
DHN001472,3671012512781472,Tidak,,2025-11-05
DHN001473,3276012706681473,Tidak,,2023-01-06
DHN001474,3171010601971474,Tidak,,2024-03-07
DHN001475,3172011209901475,Tidak,,2024-08-07
DHN001476,3271014709891476,Tidak,,2023-10-22
DHN001477,3174017008981477,Tidak,,2023-01-03
DHN001478,3276011901011478,Ya,Cek/giro kosong berulang,2026-01-30
DHN001479,3172010408741479,Tidak,,2025-08-14
DHN001480,3674014407771480,Tidak,,2023-12-21
DHN001481,3671010201981481,Tidak,,2023-05-19
DHN001482,3173010505871482,Tidak,,2025-10-20
DHN001483,3271014410821483,Tidak,,2023-02-26
DHN001484,3172014602891484,Tidak,,2024-07-28
DHN001485,3275011008031485,Tidak,,2025-05-28
DHN001486,3276010810711486,Tidak,,2025-05-05
DHN001487,3674016808851487,Tidak,,2025-12-11
DHN001488,3271014812991488,Ya,Cek/giro kosong berulang,2026-08-07
DHN001489,3671010306801489,Tidak,,2023-02-26
DHN001490,3175010408711490,Tidak,,2026-02-16
DHN001491,3172015902031491,Tidak,,2023-09-05
DHN001492,3671012410011492,Tidak,,2025-09-28
DHN001493,3671010409851493,Tidak,,2026-06-04
DHN001494,3671012406681494,Tidak,,2025-03-05
DHN001495,3671015212951495,Ya,Terlibat kasus fraud dokumen,2023-09-12
DHN001496,3271012504901496,Tidak,,2023-06-15
DHN001497,3175016310771497,Tidak,,2025-06-07
DHN001498,3276017006791498,Tidak,,2025-09-17
DHN001499,3171010407811499,Tidak,,2023-08-11
DHN001500,3275010307781500,Tidak,,2023-10-28
DHN001501,3671014705661501,Tidak,,2024-04-26
DHN001502,3271014701721502,Tidak,,2023-03-25
DHN001503,3671014803671503,Tidak,,2024-06-27
DHN001504,3171015312841504,Ya,Cek/giro kosong berulang,2024-12-03
DHN001505,3174010207771505,Tidak,,2025-11-05
DHN001506,3275011908661506,Tidak,,2024-04-07
DHN001507,3174014102841507,Tidak,,2025-03-24
DHN001508,3174016011731508,Tidak,,2025-01-17
DHN001509,3671010403001509,Tidak,,2026-05-21
DHN001510,3173010603751510,Tidak,,2026-06-01
DHN001511,3173016402841511,Ya,Laporan pihak ketiga terkait sengketa usaha,2023-01-05
DHN001512,3674010605001512,Tidak,,2026-07-18
DHN001513,3275016111801513,Tidak,,2023-07-16
DHN001514,3674016612731514,Tidak,,2025-04-12
DHN001515,3671012206931515,Tidak,,2025-04-30
DHN001516,3674012607671516,Tidak,,2025-01-03
DHN001517,3172012806671517,Tidak,,2026-01-22
DHN001518,3275012104941518,Tidak,,2023-07-28
DHN001519,3671011404751519,Tidak,,2024-04-05
DHN001520,3275010811001520,Tidak,,2025-05-14
DHN001521,3671012010791521,Tidak,,2025-04-14
DHN001522,3276015409671522,Tidak,,2023-12-02
DHN001523,3275010602711523,Tidak,,2023-12-09
DHN001524,3671015903831524,Tidak,,2023-11-10
DHN001525,3671014112701525,Tidak,,2023-03-20
DHN001526,3671016104931526,Tidak,,2026-01-17
DHN001527,3671012402731527,Tidak,,2025-02-09
DHN001528,3674012003771528,Tidak,,2023-05-09
DHN001529,3674012609781529,Tidak,,2023-02-26
DHN001530,3276016004821530,Tidak,,2023-10-13
DHN001531,3173014812731531,Tidak,,2023-07-25
DHN001532,3671014103711532,Tidak,,2024-05-01
DHN001533,3171012409881533,Tidak,,2023-02-12
DHN001534,3671015006921534,Tidak,,2025-01-14
DHN001535,3271016803001535,Tidak,,2023-02-20
DHN001536,3276015610901536,Tidak,,2026-03-15
DHN001537,3172014606971537,Tidak,,2025-02-19
DHN001538,3671011610701538,Tidak,,2024-04-28
DHN001539,3671015508811539,Tidak,,2026-05-18
DHN001540,3271015102821540,Tidak,,2026-03-20
DHN001541,3171010212971541,Tidak,,2024-06-16
DHN001542,3275016509901542,Tidak,,2025-09-20
DHN001543,3174017012741543,Tidak,,2026-02-01
DHN001544,3175011007851544,Tidak,,2024-02-02
DHN001545,3674016001001545,Tidak,,2024-08-26
DHN001546,3173012708841546,Tidak,,2025-12-20
DHN001547,3671010802671547,Tidak,,2026-01-25
DHN001548,3671014412731548,Tidak,,2023-05-28
DHN001549,3671010209741549,Tidak,,2024-06-28
DHN001550,3671016601951550,Tidak,,2025-03-23
DHN001551,3171016106771551,Tidak,,2023-01-13
DHN001552,3171016402771552,Tidak,,2026-02-17
DHN001553,3171011009941553,Tidak,,2023-10-25
DHN001554,3173016210931554,Tidak,,2024-06-16
DHN001555,3172014810841555,Tidak,,2025-06-28
DHN001556,3172012901001556,Tidak,,2024-09-10
DHN001557,3671010104851557,Tidak,,2023-02-01
DHN001558,3674012003011558,Tidak,,2025-08-17
DHN001559,3275011405911559,Tidak,,2026-03-06
DHN001560,3173012505821560,Tidak,,2024-09-11
DHN001561,3173016611721561,Tidak,,2024-03-01
DHN001562,3271011211841562,Tidak,,2024-09-28
DHN001563,3175011507921563,Tidak,,2024-09-30
DHN001564,3671016710821564,Tidak,,2024-08-06
DHN001565,3271012608001565,Tidak,,2023-08-20
DHN001566,3172014201711566,Tidak,,2025-08-14
DHN001567,3276012011661567,Tidak,,2025-01-25
DHN001568,3173016409721568,Tidak,,2025-02-10
DHN001569,3671011005691569,Tidak,,2025-05-29
DHN001570,3171012502031570,Ya,Cek/giro kosong berulang,2023-07-02
DHN001571,3674015301891571,Tidak,,2026-05-14
DHN001572,3276012207021572,Tidak,,2025-03-26
DHN001573,3671012210991573,Tidak,,2024-01-16
DHN001574,3671010601701574,Tidak,,2023-06-29
DHN001575,3175016604721575,Tidak,,2024-03-31
DHN001576,3276011001021576,Tidak,,2023-12-15
DHN001577,3174010311741577,Tidak,,2024-04-27
DHN001578,3671010409731578,Tidak,,2026-04-10
DHN001579,3172010311961579,Tidak,,2024-01-05
DHN001580,3671011105721580,Tidak,,2026-06-24
DHN001581,3275010709871581,Tidak,,2025-02-03
DHN001582,3671010811991582,Tidak,,2023-01-21
DHN001583,3671010209801583,Tidak,,2023-08-23
DHN001584,3674014604691584,Tidak,,2026-04-17
DHN001585,3172015909701585,Tidak,,2025-09-16
DHN001586,3671014904891586,Ya,Cek/giro kosong berulang,2023-06-18
DHN001587,3671014504991587,Tidak,,2023-03-23
DHN001588,3671016805801588,Tidak,,2024-02-02
DHN001589,3173011001771589,Tidak,,2023-10-03
DHN001590,3172016701001590,Tidak,,2023-07-29
DHN001591,3671014301011591,Tidak,,2025-03-13
DHN001592,3671013101821592,Tidak,,2024-11-26
DHN001593,3671011206651593,Tidak,,2025-10-25
DHN001594,3671016410651594,Tidak,,2023-01-10
DHN001595,3276010510921595,Tidak,,2026-02-13
DHN001596,3174015101651596,Tidak,,2025-07-30
DHN001597,3271011005691597,Tidak,,2023-11-04
DHN001598,3174016310881598,Tidak,,2025-02-14
DHN001599,3174015205751599,Tidak,,2025-09-01
DHN001600,3271016405721600,Tidak,,2023-03-11
DHN001601,3276014704731601,Tidak,,2024-11-10
DHN001602,3674015410781602,Tidak,,2023-06-05
DHN001603,3171016112881603,Tidak,,2023-08-23
DHN001604,3671012402651604,Tidak,,2026-06-23
DHN001605,3671013005931605,Tidak,,2024-04-04
DHN001606,3171016103911606,Tidak,,2025-12-09
DHN001607,3173016712671607,Tidak,,2026-01-01
DHN001608,3271016602861608,Tidak,,2024-03-14
DHN001609,3175015701911609,Tidak,,2023-05-07
DHN001610,3275012112741610,Tidak,,2026-05-19
DHN001611,3671012802841611,Tidak,,2023-02-07
DHN001612,3276010706651612,Tidak,,2024-07-08
DHN001613,3271016404021613,Tidak,,2024-11-30
DHN001614,3276015402781614,Tidak,,2026-07-07
DHN001615,3276014206741615,Tidak,,2025-11-11
DHN001616,3174011611881616,Ya,Tunggakan kredit >90 hari di bank lain,2025-03-19
DHN001617,3172010109911617,Tidak,,2025-08-20
DHN001618,3671015110921618,Tidak,,2024-01-18
DHN001619,3172012204671619,Tidak,,2026-05-15
DHN001620,3671010509931620,Tidak,,2023-06-18
DHN001621,3674015202991621,Tidak,,2026-05-15
DHN001622,3671012509981622,Tidak,,2024-05-12
DHN001623,3671017110011623,Tidak,,2023-01-21
DHN001624,3671016212831624,Tidak,,2024-07-09
DHN001625,3671016411651625,Tidak,,2023-09-22
DHN001626,3671014609801626,Tidak,,2023-03-09
DHN001627,3671010112661627,Tidak,,2023-06-29
DHN001628,3671016403741628,Tidak,,2026-02-23
DHN001629,3175014911751629,Tidak,,2025-01-18
DHN001630,3174015003941630,Tidak,,2026-04-14
DHN001631,3173014701781631,Tidak,,2023-05-06
DHN001632,3671014805991632,Tidak,,2024-12-17
DHN001633,3275016508011633,Tidak,,2023-11-24
DHN001634,3674016502021634,Tidak,,2025-09-06
DHN001635,3175012805711635,Tidak,,2024-04-10
DHN001636,3671016207911636,Tidak,,2023-08-16
DHN001637,3671016207901637,Tidak,,2023-06-10
DHN001638,3175011202891638,Tidak,,2026-01-31
DHN001639,3271011810991639,Tidak,,2025-06-17
DHN001640,3671016012871640,Tidak,,2025-03-17
DHN001641,3671016202921641,Tidak,,2024-12-20
DHN001642,3276015010661642,Tidak,,2025-04-21
DHN001643,3175014101991643,Tidak,,2025-10-03
DHN001644,3172010811931644,Tidak,,2024-01-16
DHN001645,3671010704661645,Tidak,,2024-01-16
DHN001646,3276016804731646,Tidak,,2024-07-16
DHN001647,3674010308881647,Tidak,,2023-08-09
DHN001648,3174015810711648,Tidak,,2023-11-17
DHN001649,3671015306651649,Tidak,,2025-11-11
DHN001650,3671010203661650,Tidak,,2025-03-08
DHN001651,3172012106011651,Tidak,,2024-11-17
DHN001652,3174016901011652,Tidak,,2023-02-18
DHN001653,3271012909781653,Tidak,,2024-05-23
DHN001654,3671015009651654,Tidak,,2025-11-23
DHN001655,3674014102731655,Tidak,,2024-10-01
DHN001656,3173014705831656,Tidak,,2023-09-13
DHN001657,3271014901701657,Tidak,,2023-04-22
DHN001658,3671012412981658,Tidak,,2023-07-16
DHN001659,3275010806651659,Tidak,,2026-03-07
DHN001660,3271011910921660,Tidak,,2024-12-25
DHN001661,3671016405021661,Tidak,,2026-04-04
DHN001662,3174015901751662,Tidak,,2026-05-22
DHN001663,3671011510951663,Tidak,,2026-07-10
DHN001664,3671012702761664,Tidak,,2024-01-18
DHN001665,3173012310001665,Ya,Terlibat kasus fraud dokumen,2024-01-07
DHN001666,3671011303981666,Tidak,,2024-06-25
DHN001667,3174015104671667,Tidak,,2026-04-13
DHN001668,3172012710681668,Tidak,,2023-12-31
DHN001669,3175014802011669,Tidak,,2024-07-09
DHN001670,3271011709771670,Tidak,,2024-06-05
DHN001671,3671014405011671,Tidak,,2024-06-23
DHN001672,3275015209711672,Tidak,,2023-02-26
DHN001673,3276011906831673,Tidak,,2025-03-30
DHN001674,3671013009891674,Tidak,,2025-06-03
DHN001675,3674015802701675,Ya,Tunggakan kredit >90 hari di bank lain,2024-12-08
DHN001676,3171015103901676,Tidak,,2026-03-20
DHN001677,3671013001681677,Tidak,,2026-07-13
DHN001678,3175017112781678,Ya,Terlibat kasus fraud dokumen,2023-09-20
DHN001679,3172015412681679,Tidak,,2023-10-02
DHN001680,3674012309681680,Tidak,,2023-04-18
DHN001681,3674014403651681,Tidak,,2026-04-25
DHN001682,3671016811871682,Tidak,,2025-10-01
DHN001683,3173011911691683,Tidak,,2025-02-27
DHN001684,3275015310781684,Tidak,,2024-07-22
DHN001685,3671014405721685,Tidak,,2026-01-11
DHN001686,3174017001951686,Tidak,,2025-03-02
DHN001687,3276010510781687,Tidak,,2023-05-15
DHN001688,3674016508761688,Tidak,,2026-02-03
DHN001689,3671014909681689,Tidak,,2024-01-21
DHN001690,3276010507691690,Tidak,,2026-02-22
DHN001691,3671014608681691,Tidak,,2023-12-11
DHN001692,3275011506911692,Tidak,,2024-12-14
DHN001693,3671015805971693,Tidak,,2024-11-22
DHN001694,3171011708841694,Tidak,,2026-04-19
DHN001695,3173014503711695,Tidak,,2023-09-01
DHN001696,3671015512991696,Tidak,,2024-08-26
DHN001697,3271012707021697,Tidak,,2024-03-25
DHN001698,3671010903001698,Tidak,,2023-12-28
DHN001699,3171012409821699,Tidak,,2023-06-02
DHN001700,3674016211941700,Tidak,,2023-08-23
DHN001701,3671010501691701,Tidak,,2025-09-15
DHN001702,3171017004811702,Tidak,,2023-12-16
DHN001703,3271010108871703,Tidak,,2024-07-26
DHN001704,3171011207691704,Tidak,,2024-12-17
DHN001705,3671011006751705,Tidak,,2025-02-12
DHN001706,3173014609871706,Tidak,,2023-05-05
DHN001707,3173010702871707,Tidak,,2024-12-05
DHN001708,3173016504031708,Tidak,,2023-06-07
DHN001709,3671015408991709,Tidak,,2025-11-14
DHN001710,3174010402021710,Tidak,,2023-12-25
DHN001711,3171016005691711,Tidak,,2023-04-24
DHN001712,3671012708961712,Tidak,,2025-12-15
DHN001713,3674015408711713,Tidak,,2026-07-31
DHN001714,3674016508951714,Tidak,,2023-03-20
DHN001715,3175017101921715,Tidak,,2026-02-05
DHN001716,3671011207911716,Tidak,,2025-04-27
DHN001717,3671015104861717,Tidak,,2023-08-22
DHN001718,3276014208951718,Tidak,,2025-07-14
DHN001719,3275016704911719,Tidak,,2025-11-17
DHN001720,3171010509671720,Tidak,,2023-01-05
DHN001721,3173015310691721,Tidak,,2025-12-13
DHN001722,3174016410811722,Tidak,,2025-10-09
DHN001723,3671010507901723,Tidak,,2023-08-16
DHN001724,3173014311851724,Tidak,,2024-02-14
DHN001725,3171011504731725,Tidak,,2024-11-27
DHN001726,3674014806841726,Tidak,,2024-04-03
DHN001727,3271015711691727,Tidak,,2025-11-27
DHN001728,3173012012741728,Tidak,,2024-09-20
DHN001729,3671015912011729,Tidak,,2025-06-24
DHN001730,3671015901661730,Tidak,,2024-02-06
DHN001731,3275015108721731,Tidak,,2023-11-03
DHN001732,3271010507011732,Tidak,,2024-06-27
DHN001733,3171011010721733,Tidak,,2023-11-14
DHN001734,3172016009971734,Tidak,,2023-05-02
DHN001735,3171011104721735,Tidak,,2025-01-03
DHN001736,3671017006701736,Tidak,,2025-08-08
DHN001737,3671015407671737,Tidak,,2023-05-02
DHN001738,3276015112671738,Tidak,,2024-04-02
DHN001739,3671015002731739,Tidak,,2025-06-01
DHN001740,3674015604791740,Tidak,,2025-01-15
DHN001741,3275011402851741,Tidak,,2026-03-10
DHN001742,3275016807731742,Tidak,,2025-02-05
DHN001743,3171014307691743,Tidak,,2026-04-03
DHN001744,3671011710811744,Tidak,,2024-01-18
DHN001745,3671012807781745,Tidak,,2024-10-09
DHN001746,3671012211801746,Tidak,,2025-09-06
DHN001747,3671016207931747,Tidak,,2023-02-22
DHN001748,3174014703981748,Tidak,,2025-10-05
DHN001749,3172017007821749,Tidak,,2024-01-18
DHN001750,3671015507721750,Tidak,,2025-09-08
DHN001751,3171010904771751,Tidak,,2026-03-24
DHN001752,3275015101711752,Ya,Terlibat kasus fraud dokumen,2026-05-16
DHN001753,3271010901941753,Tidak,,2023-01-04
DHN001754,3172011010921754,Tidak,,2024-06-20
DHN001755,3671014211831755,Tidak,,2025-05-31
DHN001756,3671015104021756,Tidak,,2026-03-25
DHN001757,3276010910851757,Tidak,,2026-06-14
DHN001758,3171011304001758,Tidak,,2026-01-06
DHN001759,3174015506821759,Tidak,,2023-05-28
DHN001760,3674016609981760,Tidak,,2023-05-23
DHN001761,3173015509791761,Tidak,,2025-06-15
DHN001762,3174012607721762,Tidak,,2023-10-21
DHN001763,3674011201001763,Tidak,,2023-06-25
DHN001764,3671010806981764,Tidak,,2024-04-11
DHN001765,3271010211671765,Tidak,,2025-09-10
DHN001766,3271014907751766,Tidak,,2023-04-15
DHN001767,3175014412861767,Tidak,,2024-01-06
DHN001768,3173016408971768,Tidak,,2025-06-01
DHN001769,3173012910891769,Tidak,,2023-05-27
DHN001770,3276011711901770,Tidak,,2025-02-23
DHN001771,3674011010981771,Tidak,,2025-09-28
DHN001772,3674010112931772,Tidak,,2023-07-09
DHN001773,3674012206031773,Tidak,,2025-03-02
DHN001774,3275015605821774,Tidak,,2025-08-30
DHN001775,3671017110001775,Tidak,,2024-01-06
DHN001776,3671012604991776,Tidak,,2025-10-15
DHN001777,3173012503991777,Tidak,,2023-04-20
DHN001778,3671011310831778,Tidak,,2023-11-06
DHN001779,3671015209721779,Tidak,,2023-10-24
DHN001780,3175012707781780,Tidak,,2024-08-21
DHN001781,3674010807731781,Tidak,,2023-06-12
DHN001782,3671011202001782,Tidak,,2023-03-19
DHN001783,3671016905951783,Tidak,,2023-12-06
DHN001784,3671012809791784,Tidak,,2025-05-05
DHN001785,3173016502671785,Tidak,,2023-11-28
DHN001786,3172014606721786,Tidak,,2023-07-19
DHN001787,3671010605901787,Ya,Tunggakan kredit >90 hari di bank lain,2025-12-30
DHN001788,3671014604971788,Tidak,,2024-02-27
DHN001789,3172012105701789,Tidak,,2023-01-28
DHN001790,3276015810931790,Tidak,,2026-01-30
DHN001791,3671015905781791,Tidak,,2024-02-27
DHN001792,3174011203731792,Tidak,,2024-01-18
DHN001793,3276010411811793,Tidak,,2023-02-08
DHN001794,3172016607011794,Tidak,,2026-03-31
DHN001795,3671011105871795,Tidak,,2023-06-27
DHN001796,3674011103011796,Tidak,,2024-09-14
DHN001797,3171017007981797,Tidak,,2024-04-08
DHN001798,3674010504681798,Tidak,,2026-07-29
DHN001799,3671010812821799,Tidak,,2023-09-08
DHN001800,3276015203671800,Tidak,,2026-03-28
DHN001801,3275012604661801,Tidak,,2024-05-01
DHN001802,3671014604031802,Tidak,,2026-01-02
DHN001803,3671015012701803,Tidak,,2024-06-06
DHN001804,3276014107671804,Tidak,,2023-05-17
DHN001805,3276014107901805,Tidak,,2024-11-05
DHN001806,3173015408921806,Tidak,,2024-05-22
DHN001807,3674012207761807,Tidak,,2023-07-05
DHN001808,3174017004671808,Tidak,,2023-05-21
DHN001809,3671010801671809,Tidak,,2025-11-23
DHN001810,3171011905781810,Tidak,,2026-05-01
DHN001811,3173016008981811,Tidak,,2023-12-10
DHN001812,3671015104001812,Tidak,,2024-04-15
DHN001813,3671010907681813,Tidak,,2023-04-20
DHN001814,3671011209971814,Tidak,,2025-09-13
DHN001815,3173010311011815,Tidak,,2024-04-18
DHN001816,3172016405771816,Tidak,,2023-06-13
DHN001817,3276010106991817,Tidak,,2024-04-16
DHN001818,3171016907821818,Tidak,,2026-04-19
DHN001819,3674010612701819,Tidak,,2025-08-05
DHN001820,3671016911661820,Tidak,,2023-10-20
DHN001821,3171011505011821,Tidak,,2026-03-08
DHN001822,3171015007941822,Tidak,,2026-01-12
DHN001823,3172010602861823,Tidak,,2025-11-29
DHN001824,3174012811841824,Tidak,,2025-08-24
DHN001825,3674014812701825,Tidak,,2024-01-03
DHN001826,3275011003981826,Tidak,,2025-12-19
DHN001827,3173015108751827,Tidak,,2025-07-11
DHN001828,3271012607021828,Tidak,,2025-08-02
DHN001829,3671010109931829,Tidak,,2023-05-30
DHN001830,3671016403961830,Tidak,,2024-03-06
DHN001831,3674013103781831,Tidak,,2023-03-25
DHN001832,3276015901881832,Tidak,,2024-09-11
DHN001833,3671015809771833,Tidak,,2023-10-16
DHN001834,3671010805671834,Tidak,,2024-04-20
DHN001835,3275013001851835,Tidak,,2025-11-05
DHN001836,3271012203661836,Tidak,,2025-08-18
DHN001837,3674014406671837,Ya,Cek/giro kosong berulang,2025-10-29
DHN001838,3172016308791838,Tidak,,2023-02-16
DHN001839,3674010603911839,Tidak,,2026-04-18
DHN001840,3671015901911840,Ya,Tunggakan kredit >90 hari di bank lain,2023-01-29
DHN001841,3671014610821841,Tidak,,2025-09-18
DHN001842,3172016611761842,Tidak,,2025-07-28
DHN001843,3171016202031843,Tidak,,2026-06-16
DHN001844,3671015506791844,Tidak,,2025-05-24
DHN001845,3276016511921845,Tidak,,2024-07-30
DHN001846,3275010612671846,Tidak,,2023-11-19
DHN001847,3172014607911847,Tidak,,2025-08-01
DHN001848,3173014208671848,Tidak,,2025-07-24
DHN001849,3671011705001849,Ya,Tunggakan kredit >90 hari di bank lain,2026-05-26
DHN001850,3674011810741850,Tidak,,2025-08-05
DHN001851,3171016001901851,Tidak,,2025-12-21
DHN001852,3275016708971852,Tidak,,2025-01-24
DHN001853,3674012201001853,Tidak,,2023-11-02
DHN001854,3174017012751854,Tidak,,2025-02-03
DHN001855,3271015009911855,Tidak,,2024-05-18
DHN001856,3175015011911856,Ya,Laporan pihak ketiga terkait sengketa usaha,2026-06-19
DHN001857,3271011709741857,Tidak,,2023-05-15
DHN001858,3671011908941858,Tidak,,2024-01-21
DHN001859,3674010304981859,Tidak,,2025-12-08
DHN001860,3671012806981860,Tidak,,2024-10-22
DHN001861,3671015001681861,Tidak,,2024-09-23
DHN001862,3271016307821862,Tidak,,2023-05-20
DHN001863,3671010203651863,Tidak,,2024-04-07
DHN001864,3276014205651864,Tidak,,2023-09-08
DHN001865,3671016006791865,Tidak,,2025-08-01
DHN001866,3174014305821866,Tidak,,2026-07-08
DHN001867,3271015506761867,Tidak,,2026-08-21
DHN001868,3171016809881868,Tidak,,2024-06-18
DHN001869,3173011409731869,Tidak,,2024-05-27
DHN001870,3671012110971870,Tidak,,2026-01-05
DHN001871,3172016007991871,Tidak,,2026-08-12
DHN001872,3671017011691872,Tidak,,2024-11-17
DHN001873,3674014306781873,Tidak,,2023-09-06
DHN001874,3275012507721874,Tidak,,2026-04-07
DHN001875,3671014901861875,Tidak,,2025-01-04
DHN001876,3671016508851876,Tidak,,2024-06-01
DHN001877,3671012208021877,Tidak,,2024-07-29
DHN001878,3171010504841878,Tidak,,2023-12-16
DHN001879,3271012902881879,Ya,Terlibat kasus fraud dokumen,2024-02-25
DHN001880,3671011001861880,Tidak,,2024-06-16
DHN001881,3171012812701881,Tidak,,2024-06-07
DHN001882,3173012206951882,Tidak,,2023-03-26
DHN001883,3271014203681883,Tidak,,2023-12-25
DHN001884,3671010510851884,Tidak,,2025-02-02
DHN001885,3671014907721885,Tidak,,2026-02-13
DHN001886,3674012207681886,Ya,Laporan pihak ketiga terkait sengketa usaha,2025-01-12
DHN001887,3671015012711887,Tidak,,2024-11-09
DHN001888,3671016504701888,Tidak,,2023-05-11
DHN001889,3171014105771889,Tidak,,2023-01-20
DHN001890,3674010412871890,Tidak,,2025-12-12
DHN001891,3671015205991891,Tidak,,2025-12-11
DHN001892,3175015209701892,Tidak,,2026-05-26
DHN001893,3276015109691893,Tidak,,2023-11-08
DHN001894,3671010303031894,Tidak,,2026-07-21
DHN001895,3671011503851895,Tidak,,2023-07-31
DHN001896,3674016203861896,Tidak,,2025-06-27
DHN001897,3674012310741897,Tidak,,2023-07-16
DHN001898,3174010211871898,Tidak,,2023-01-03
DHN001899,3671016810931899,Tidak,,2025-12-07
DHN001900,3671011102891900,Tidak,,2025-07-16
DHN001901,3671015006821901,Tidak,,2024-07-14
DHN001902,3671016001841902,Tidak,,2026-01-01
DHN001903,3175014906691903,Tidak,,2024-10-27
DHN001904,3271012802661904,Tidak,,2024-05-13
DHN001905,3173010304031905,Tidak,,2023-06-14
DHN001906,3674011107701906,Tidak,,2024-11-26
DHN001907,3171010408001907,Tidak,,2026-05-17
DHN001908,3674016301811908,Tidak,,2026-07-16
DHN001909,3175014703781909,Tidak,,2026-05-04
DHN001910,3271015504711910,Tidak,,2025-06-06
DHN001911,3671012212971911,Tidak,,2024-08-11
DHN001912,3175014804921912,Tidak,,2025-03-23
DHN001913,3671016404021913,Tidak,,2023-01-23
DHN001914,3674011411981914,Tidak,,2026-02-19
DHN001915,3276014509711915,Tidak,,2025-07-07
DHN001916,3174016712771916,Tidak,,2023-10-03
DHN001917,3174017004961917,Tidak,,2024-11-24
DHN001918,3275013011671918,Tidak,,2024-05-28
DHN001919,3172011706851919,Tidak,,2025-10-19
DHN001920,3173016410931920,Tidak,,2025-10-12
DHN001921,3671016007651921,Ya,Cek/giro kosong berulang,2024-11-08
DHN001922,3275015704951922,Ya,Terlibat kasus fraud dokumen,2025-11-13
DHN001923,3174015802791923,Tidak,,2026-01-25
DHN001924,3172016404711924,Tidak,,2023-08-31
DHN001925,3175011212811925,Tidak,,2025-07-10
DHN001926,3171014111901926,Tidak,,2025-06-09
DHN001927,3171011711971927,Tidak,,2026-01-04
DHN001928,3271010305921928,Tidak,,2024-04-05
DHN001929,3671010802761929,Tidak,,2025-01-24
DHN001930,3175012702831930,Tidak,,2024-01-24
DHN001931,3276014208811931,Tidak,,2023-09-22
DHN001932,3171016002831932,Tidak,,2024-07-17
DHN001933,3671011709701933,Tidak,,2025-08-23
DHN001934,3674010209681934,Tidak,,2025-12-09
DHN001935,3671014606831935,Tidak,,2023-06-13
DHN001936,3276011808921936,Tidak,,2023-08-18
DHN001937,3174016004871937,Tidak,,2023-01-24
DHN001938,3671011607011938,Tidak,,2023-08-31
DHN001939,3674012802001939,Tidak,,2025-05-24
DHN001940,3671010706821940,Tidak,,2023-11-06
DHN001941,3671010709871941,Tidak,,2023-08-22
DHN001942,3275012106831942,Tidak,,2026-05-29
DHN001943,3671010502701943,Tidak,,2025-12-01
DHN001944,3175011303771944,Tidak,,2026-03-11
DHN001945,3671012212681945,Tidak,,2025-09-10
DHN001946,3175011112901946,Tidak,,2024-06-07
DHN001947,3275016207981947,Tidak,,2024-08-06
DHN001948,3276014909671948,Tidak,,2025-05-13
DHN001949,3171016005891949,Tidak,,2026-04-04
DHN001950,3671012502911950,Tidak,,2024-02-17
DHN001951,3172015008851951,Tidak,,2023-07-04
DHN001952,3276016402921952,Tidak,,2025-05-08
DHN001953,3276015103761953,Tidak,,2026-02-20
DHN001954,3173015010911954,Tidak,,2023-07-01
DHN001955,3173014603981955,Tidak,,2024-12-07
DHN001956,3671014905881956,Tidak,,2023-05-31
DHN001957,3671013005841957,Tidak,,2025-03-06
DHN001958,3671011006851958,Tidak,,2024-08-11
DHN001959,3275014410941959,Tidak,,2026-06-15
DHN001960,3275016804001960,Tidak,,2023-08-24
DHN001961,3173017101711961,Tidak,,2026-06-12
DHN001962,3171011604751962,Tidak,,2023-02-08
DHN001963,3671016101811963,Tidak,,2025-10-07
DHN001964,3175016601001964,Tidak,,2023-04-07
DHN001965,3172016407911965,Tidak,,2026-07-18
DHN001966,3171017003891966,Tidak,,2024-07-08
DHN001967,3276015504001967,Tidak,,2024-07-23
DHN001968,3671010501661968,Tidak,,2024-11-29
DHN001969,3171011612011969,Tidak,,2023-08-26
DHN001970,3271016104961970,Tidak,,2026-05-12
DHN001971,3276012604881971,Tidak,,2025-02-10
DHN001972,3271010212841972,Tidak,,2024-08-14
DHN001973,3175015405911973,Tidak,,2026-03-25
DHN001974,3271013101771974,Tidak,,2024-01-06
DHN001975,3276011607741975,Tidak,,2024-05-03
DHN001976,3271016401761976,Tidak,,2023-02-21
DHN001977,3674010209651977,Tidak,,2025-02-18
DHN001978,3671010502811978,Tidak,,2025-05-21
DHN001979,3172010807841979,Tidak,,2023-05-14
DHN001980,3175012611681980,Tidak,,2026-06-17
DHN001981,3173014507031981,Tidak,,2023-01-29
DHN001982,3271010505651982,Tidak,,2023-08-23
DHN001983,3671011512861983,Tidak,,2025-09-07
DHN001984,3171014410021984,Tidak,,2024-07-10
DHN001985,3173016812901985,Tidak,,2025-11-26
DHN001986,3671011811851986,Tidak,,2024-08-23
DHN001987,3172014704781987,Tidak,,2023-12-02
DHN001988,3173016701941988,Tidak,,2024-10-17
DHN001989,3275014410001989,Tidak,,2023-11-27
DHN001990,3674010503741990,Tidak,,2024-07-04
DHN001991,3271011101941991,Tidak,,2025-04-17
DHN001992,3171010705851992,Tidak,,2025-08-08
DHN001993,3271012211911993,Tidak,,2023-09-02
DHN001994,3671015604801994,Tidak,,2026-05-12
DHN001995,3173015708821995,Tidak,,2024-03-22
DHN001996,3276012703011996,Tidak,,2023-05-08
DHN001997,3271016905911997,Ya,Cek/giro kosong berulang,2024-08-30
DHN001998,3671011602791998,Tidak,,2025-09-25
DHN001999,3173011105991999,Tidak,,2024-02-12
DHN002000,3671011907762000,Tidak,,2026-04-02
DHN002001,3175011902872001,Tidak,,2023-02-20
DHN002002,3671012504962002,Tidak,,2025-12-19
DHN002003,3173010912932003,Tidak,,2025-09-08
DHN002004,3671015207652004,Tidak,,2024-12-23
DHN002005,3171012003662005,Tidak,,2024-01-30
DHN002006,3173010202032006,Tidak,,2024-11-27
DHN002007,3671015204962007,Tidak,,2025-12-28
DHN002008,3271012906902008,Tidak,,2026-03-01
DHN002009,3174015011692009,Ya,Laporan pihak ketiga terkait sengketa usaha,2024-02-22
DHN002010,3671012810772010,Tidak,,2023-11-28
DHN002011,3671016705682011,Tidak,,2024-07-13
DHN002012,3271014809872012,Tidak,,2024-03-02
DHN002013,3173015909022013,Tidak,,2024-11-05
DHN002014,3671015309862014,Tidak,,2026-05-18
DHN002015,3671013001022015,Tidak,,2025-01-09
DHN002016,3175014604662016,Tidak,,2023-08-21
DHN002017,3276016006892017,Tidak,,2024-04-27
DHN002018,3173014511992018,Tidak,,2024-01-26
DHN002019,3671015203652019,Tidak,,2024-04-08
DHN002020,3276015006762020,Tidak,,2023-05-22
DHN002021,3174016101012021,Tidak,,2025-04-16
DHN002022,3671015409862022,Tidak,,2026-05-08
DHN002023,3671014904942023,Tidak,,2025-02-02
DHN002024,3671012704712024,Ya,Kredit macet yang belum diselesaikan,2024-02-07
DHN002025,3671016605702025,Ya,Terlibat kasus fraud dokumen,2024-05-16
DHN002026,3172014305922026,Tidak,,2024-01-11
DHN002027,3173010808952027,Tidak,,2024-07-18
DHN002028,3671016907852028,Tidak,,2025-04-30
DHN002029,3671015509682029,Tidak,,2026-03-07
DHN002030,3171010201832030,Tidak,,2024-03-25
DHN002031,3276012501812031,Tidak,,2024-12-19
DHN002032,3671014306932032,Tidak,,2024-12-30
DHN002033,3172015605712033,Tidak,,2023-09-10
DHN002034,3171014712652034,Tidak,,2025-05-06
DHN002035,3271010905742035,Tidak,,2026-06-17
DHN002036,3671010902822036,Tidak,,2025-10-13
DHN002037,3671011408972037,Tidak,,2026-02-03
DHN002038,3671011301932038,Tidak,,2025-11-23
DHN002039,3674016308722039,Tidak,,2024-02-04
DHN002040,3671014207992040,Tidak,,2025-10-14
DHN002041,3671011805652041,Tidak,,2025-08-27
DHN002042,3276015304862042,Tidak,,2025-09-13
DHN002043,3671016306862043,Tidak,,2023-11-20
DHN002044,3671012210992044,Tidak,,2023-04-20
DHN002045,3671016507902045,Tidak,,2024-09-22
DHN002046,3671014704012046,Tidak,,2024-04-16
DHN002047,3271016301922047,Tidak,,2026-02-26
DHN002048,3671014708702048,Tidak,,2025-10-16
DHN002049,3275016112882049,Tidak,,2023-09-05
DHN002050,3671013009762050,Tidak,,2025-10-25
DHN002051,3671012009992051,Tidak,,2025-11-16
DHN002052,3671012606022052,Tidak,,2026-01-28
DHN002053,3171012204832053,Ya,Kredit macet yang belum diselesaikan,2023-10-18
DHN002054,3276010804822054,Tidak,,2025-08-11
DHN002055,3674016801002055,Tidak,,2023-08-16
DHN002056,3674016305002056,Tidak,,2025-02-08
DHN002057,3674015611802057,Tidak,,2026-07-03
DHN002058,3276014505032058,Tidak,,2025-05-21
DHN002059,3674011505812059,Tidak,,2024-10-09
DHN002060,3271011012752060,Ya,Cek/giro kosong berulang,2024-07-31
DHN002061,3275016409912061,Tidak,,2024-12-28
DHN002062,3172015001992062,Tidak,,2025-01-06
DHN002063,3271012506932063,Tidak,,2024-03-22
DHN002064,3175016209662064,Tidak,,2026-05-11
DHN002065,3174014104712065,Tidak,,2023-11-29
DHN002066,3671010401702066,Ya,Laporan pihak ketiga terkait sengketa usaha,2024-06-18
DHN002067,3276012509892067,Tidak,,2023-02-07
DHN002068,3172016601972068,Tidak,,2024-02-21
DHN002069,3275010807682069,Tidak,,2024-06-29
DHN002070,3276010504862070,Tidak,,2025-09-24
DHN002071,3175014304022071,Ya,Cek/giro kosong berulang,2026-05-09
DHN002072,3275014612872072,Tidak,,2025-04-02
DHN002073,3174011006002073,Tidak,,2024-09-05
DHN002074,3671012810012074,Tidak,,2025-01-29
DHN002075,3671010411782075,Tidak,,2024-06-29
DHN002076,3171016110892076,Tidak,,2024-09-19
DHN002077,3276015403922077,Tidak,,2023-01-01
DHN002078,3671010701942078,Tidak,,2025-05-05
DHN002079,3671016205792079,Tidak,,2025-03-15
DHN002080,3173014208742080,Tidak,,2025-11-26
DHN002081,3171012405692081,Tidak,,2026-05-01
DHN002082,3174014702812082,Tidak,,2026-04-26
DHN002083,3671016709812083,Tidak,,2024-09-06
DHN002084,3276012102902084,Ya,Terlibat kasus fraud dokumen,2024-11-27
DHN002085,3275014109752085,Ya,Terlibat kasus fraud dokumen,2023-11-27
DHN002086,3172016211962086,Tidak,,2025-11-21
DHN002087,3174012908982087,Tidak,,2024-01-22
DHN002088,3171010701892088,Tidak,,2025-03-23
DHN002089,3671016112742089,Tidak,,2026-04-06
DHN002090,3671012411852090,Tidak,,2024-04-20
DHN002091,3275014601002091,Tidak,,2023-01-12
DHN002092,3671010409692092,Tidak,,2026-07-05
DHN002093,3271016308762093,Tidak,,2026-02-07
DHN002094,3674011305872094,Tidak,,2023-03-03
DHN002095,3173016504992095,Tidak,,2023-05-31
DHN002096,3172011412022096,Tidak,,2023-07-20
DHN002097,3674014702822097,Tidak,,2026-08-19
DHN002098,3275011009952098,Tidak,,2026-01-12
DHN002099,3276016508832099,Tidak,,2025-09-29
DHN002100,3173016209892100,Tidak,,2023-12-25
DHN002101,3671014505992101,Tidak,,2023-08-21
DHN002102,3271014311912102,Tidak,,2024-01-24
DHN002103,3276010310702103,Tidak,,2026-03-08
DHN002104,3275015501032104,Tidak,,2026-01-18
DHN002105,3175016603722105,Tidak,,2024-01-23
DHN002106,3671016010892106,Tidak,,2023-02-04
DHN002107,3173016312732107,Tidak,,2023-12-03
DHN002108,3674011110742108,Tidak,,2023-03-15
DHN002109,3671014802702109,Tidak,,2023-03-01
DHN002110,3171013011832110,Tidak,,2024-12-25
DHN002111,3671012011752111,Tidak,,2025-05-26
DHN002112,3276010507952112,Tidak,,2026-07-08
DHN002113,3172010506962113,Tidak,,2026-08-17
DHN002114,3275011406702114,Tidak,,2024-11-30
DHN002115,3175016406822115,Tidak,,2025-07-05
DHN002116,3172016403842116,Tidak,,2023-12-03
DHN002117,3674011407932117,Tidak,,2024-02-20
DHN002118,3275015506862118,Tidak,,2026-01-04
DHN002119,3171016012972119,Tidak,,2025-05-28
DHN002120,3271010411782120,Tidak,,2023-09-10
DHN002121,3671016201722121,Tidak,,2025-04-15
DHN002122,3671012806942122,Tidak,,2023-04-08
DHN002123,3671016108732123,Ya,Tunggakan kredit >90 hari di bank lain,2026-01-21
DHN002124,3671012203662124,Tidak,,2025-05-29
DHN002125,3173012302822125,Tidak,,2023-05-24
DHN002126,3275010607902126,Tidak,,2026-04-06
DHN002127,3175012904942127,Tidak,,2023-08-10
DHN002128,3175014504952128,Tidak,,2024-05-14
DHN002129,3275015110872129,Tidak,,2025-06-02
DHN002130,3671017005802130,Tidak,,2024-07-08
DHN002131,3275016802762131,Tidak,,2023-05-02
DHN002132,3175015707852132,Tidak,,2025-04-26
DHN002133,3671015007742133,Tidak,,2026-04-28
DHN002134,3671015107852134,Tidak,,2024-11-12
DHN002135,3172011109762135,Tidak,,2026-01-12
DHN002136,3172012808972136,Tidak,,2023-03-07
DHN002137,3175012405922137,Tidak,,2025-01-09
DHN002138,3671016509862138,Tidak,,2023-06-04
DHN002139,3671014911792139,Tidak,,2025-11-14
DHN002140,3674016705982140,Tidak,,2024-09-27
DHN002141,3671016207032141,Tidak,,2023-04-06
DHN002142,3173012208892142,Tidak,,2024-08-29
DHN002143,3674011709802143,Tidak,,2026-08-12
DHN002144,3276012005762144,Tidak,,2025-10-08
DHN002145,3671010104952145,Tidak,,2025-09-26
DHN002146,3173015107782146,Tidak,,2024-05-09
DHN002147,3271014104962147,Ya,Kredit macet yang belum diselesaikan,2023-03-15
DHN002148,3671015810772148,Tidak,,2024-04-27
DHN002149,3674015608772149,Tidak,,2023-09-05
DHN002150,3276015605782150,Tidak,,2025-11-15
DHN002151,3172010703032151,Tidak,,2025-12-19
DHN002152,3671012805802152,Tidak,,2024-09-10
DHN002153,3173011304842153,Tidak,,2026-04-17
DHN002154,3175012903912154,Tidak,,2025-07-31
DHN002155,3671010508982155,Tidak,,2024-08-23
DHN002156,3671014612872156,Ya,Tunggakan kredit >90 hari di bank lain,2025-03-05
DHN002157,3175010912962157,Tidak,,2024-04-03
DHN002158,3671015101962158,Tidak,,2024-01-09
DHN002159,3671015412922159,Ya,Terlibat kasus fraud dokumen,2025-12-14
DHN002160,3275013110782160,Tidak,,2024-10-02
DHN002161,3271011502022161,Tidak,,2024-12-27
DHN002162,3172012807862162,Tidak,,2025-04-12
DHN002163,3171015006812163,Tidak,,2024-04-02
DHN002164,3275014109802164,Ya,Terlibat kasus fraud dokumen,2025-05-15
DHN002165,3671015404012165,Tidak,,2025-04-14
DHN002166,3671016608742166,Tidak,,2023-01-11
DHN002167,3175011204822167,Tidak,,2024-01-12
DHN002168,3671016703992168,Tidak,,2024-04-01
DHN002169,3674015412682169,Ya,Kredit macet yang belum diselesaikan,2023-10-28
DHN002170,3174014704012170,Tidak,,2023-07-09
DHN002171,3271011607922171,Tidak,,2025-10-16
DHN002172,3271011505702172,Tidak,,2026-07-15
DHN002173,3172017011972173,Tidak,,2026-03-21
DHN002174,3671010703722174,Tidak,,2023-10-02
DHN002175,3671011812802175,Tidak,,2023-08-05
DHN002176,3671015506982176,Tidak,,2023-08-30
DHN002177,3172016002932177,Tidak,,2026-02-17
DHN002178,3671016112972178,Tidak,,2023-12-24
DHN002179,3174011011792179,Tidak,,2025-12-30
DHN002180,3171014510762180,Tidak,,2026-03-21
DHN002181,3175012809682181,Tidak,,2023-05-23
DHN002182,3276016311742182,Tidak,,2024-05-22
DHN002183,3671011109832183,Tidak,,2023-02-26
DHN002184,3674016807682184,Tidak,,2024-10-22
DHN002185,3671016103972185,Tidak,,2023-06-01
DHN002186,3276016702902186,Tidak,,2023-02-11
DHN002187,3173015902872187,Tidak,,2023-11-14
DHN002188,3671014808912188,Ya,Cek/giro kosong berulang,2023-06-25
DHN002189,3171010310812189,Tidak,,2026-06-04
DHN002190,3671015607872190,Tidak,,2023-02-06
DHN002191,3271017007712191,Tidak,,2024-12-21
DHN002192,3172016705962192,Tidak,,2026-08-05
DHN002193,3671016303842193,Tidak,,2025-12-02
DHN002194,3271012304002194,Tidak,,2023-06-29
DHN002195,3276014106972195,Ya,Kredit macet yang belum diselesaikan,2025-07-30
DHN002196,3175012710902196,Tidak,,2026-07-04
DHN002197,3671010707862197,Tidak,,2026-03-23
DHN002198,3671012604772198,Tidak,,2025-05-09
DHN002199,3674015512822199,Ya,Tunggakan kredit >90 hari di bank lain,2024-11-12
DHN002200,3275010408922200,Tidak,,2025-02-11
DHN002201,3271016912922201,Tidak,,2023-10-15
DHN002202,3174015201812202,Tidak,,2024-05-13
DHN002203,3671014301692203,Tidak,,2024-03-20
DHN002204,3271016807982204,Tidak,,2023-03-14
DHN002205,3173010509862205,Ya,Laporan pihak ketiga terkait sengketa usaha,2024-06-07
DHN002206,3671010704842206,Tidak,,2025-07-28
DHN002207,3674016109802207,Tidak,,2026-03-27
DHN002208,3276016508932208,Tidak,,2025-07-11
DHN002209,3172010112762209,Tidak,,2025-04-07
DHN002210,3275015504672210,Tidak,,2025-11-21
DHN002211,3175016202962211,Tidak,,2025-12-14
DHN002212,3271016801942212,Tidak,,2024-11-20
DHN002213,3276010109752213,Tidak,,2024-06-28
DHN002214,3674017103812214,Tidak,,2024-02-09
DHN002215,3171010904982215,Tidak,,2024-06-18
DHN002216,3175016209972216,Tidak,,2026-08-10
DHN002217,3172016312962217,Tidak,,2025-02-28
DHN002218,3174012906682218,Tidak,,2024-07-14
DHN002219,3671015110902219,Tidak,,2024-10-27
DHN002220,3174011108982220,Tidak,,2025-11-02
DHN002221,3276014507812221,Tidak,,2023-11-15
DHN002222,3671011202772222,Tidak,,2026-06-04
DHN002223,3671015606032223,Tidak,,2024-10-25
DHN002224,3671016310842224,Tidak,,2024-06-13
DHN002225,3671010302012225,Ya,Cek/giro kosong berulang,2024-02-26
DHN002226,3276016109972226,Tidak,,2025-09-03
DHN002227,3171016602952227,Tidak,,2024-03-01
DHN002228,3671010406002228,Tidak,,2024-05-23
DHN002229,3671015102732229,Tidak,,2024-03-25
DHN002230,3674014106732230,Tidak,,2023-01-21
DHN002231,3271010201002231,Tidak,,2023-03-27
DHN002232,3276012411732232,Tidak,,2024-04-01
DHN002233,3171012701652233,Tidak,,2023-01-15
DHN002234,3674015211692234,Tidak,,2024-07-11
DHN002235,3671016804732235,Tidak,,2025-07-23
DHN002236,3671010301672236,Tidak,,2023-07-22
DHN002237,3671014101832237,Tidak,,2025-02-19
DHN002238,3175015211702238,Tidak,,2025-04-09
DHN002239,3671010506732239,Tidak,,2023-11-07
DHN002240,3174010411912240,Ya,Terlibat kasus fraud dokumen,2024-08-05
DHN002241,3275010909892241,Tidak,,2023-12-28
DHN002242,3671015408732242,Tidak,,2025-01-19
DHN002243,3276015108992243,Tidak,,2024-05-21
DHN002244,3671012906812244,Tidak,,2026-08-14
DHN002245,3173015405962245,Tidak,,2023-04-06
DHN002246,3671012003652246,Tidak,,2023-09-05
DHN002247,3271010503702247,Tidak,,2023-09-15
DHN002248,3674014405952248,Tidak,,2026-07-21
DHN002249,3671015512792249,Tidak,,2025-12-13
DHN002250,3671014611022250,Tidak,,2026-07-12
DHN002251,3671014509012251,Tidak,,2023-07-02
DHN002252,3271016103952252,Tidak,,2026-04-29
DHN002253,3271010907952253,Tidak,,2024-08-13
DHN002254,3276016602942254,Tidak,,2023-01-25
DHN002255,3674016909912255,Tidak,,2023-01-08
DHN002256,3173015702682256,Tidak,,2023-08-11
DHN002257,3173011703892257,Tidak,,2023-07-03
DHN002258,3671012504762258,Tidak,,2023-10-06
DHN002259,3276012207732259,Tidak,,2026-04-18
DHN002260,3173010302972260,Tidak,,2024-12-05
DHN002261,3172014405932261,Tidak,,2023-10-02
DHN002262,3271014312702262,Tidak,,2023-04-16
DHN002263,3174014504752263,Tidak,,2025-09-26
DHN002264,3671016203892264,Tidak,,2025-10-26
DHN002265,3271014510002265,Tidak,,2023-07-29
DHN002266,3171016304892266,Ya,Laporan pihak ketiga terkait sengketa usaha,2025-10-10
DHN002267,3671016509712267,Tidak,,2024-08-21
DHN002268,3173015005772268,Tidak,,2023-07-20
DHN002269,3275012712992269,Tidak,,2024-09-13
DHN002270,3275010408862270,Tidak,,2025-03-02
DHN002271,3671010711822271,Tidak,,2024-12-13
DHN002272,3275010701772272,Tidak,,2025-05-02
DHN002273,3674010901952273,Tidak,,2025-05-05
DHN002274,3171014805902274,Tidak,,2024-04-29
DHN002275,3671012406792275,Tidak,,2025-07-11
DHN002276,3674013107782276,Tidak,,2023-04-01
DHN002277,3275011303882277,Tidak,,2025-10-07
DHN002278,3276015709982278,Tidak,,2023-03-18
DHN002279,3172015911812279,Tidak,,2026-07-17
DHN002280,3171011402772280,Tidak,,2024-06-17
DHN002281,3671010506652281,Tidak,,2024-04-27
DHN002282,3671012508702282,Ya,Cek/giro kosong berulang,2024-02-04
DHN002283,3671010107692283,Tidak,,2025-07-22
DHN002284,3674016309792284,Tidak,,2025-01-22
DHN002285,3671011102852285,Tidak,,2023-06-16
DHN002286,3674014610002286,Ya,Kredit macet yang belum diselesaikan,2024-04-28
DHN002287,3173016207792287,Tidak,,2025-02-04
DHN002288,3275015809022288,Tidak,,2024-05-05
DHN002289,3175016411722289,Ya,Kredit macet yang belum diselesaikan,2024-12-20
DHN002290,3276016511922290,Tidak,,2024-06-22
DHN002291,3671016806002291,Tidak,,2025-05-26
DHN002292,3171011801762292,Tidak,,2023-12-05
DHN002293,3271012107692293,Tidak,,2023-09-16
DHN002294,3174010511752294,Tidak,,2023-11-09
DHN002295,3173011610962295,Tidak,,2026-01-01
DHN002296,3175011704802296,Tidak,,2024-09-07
DHN002297,3671012510862297,Tidak,,2025-07-27
DHN002298,3172016412962298,Tidak,,2025-04-08
DHN002299,3172014505932299,Tidak,,2025-03-03
DHN002300,3671011402972300,Tidak,,2023-03-14
DHN002301,3174014802792301,Tidak,,2023-04-26
DHN002302,3671012801662302,Tidak,,2026-06-05
DHN002303,3671011310862303,Tidak,,2025-09-24
DHN002304,3173012010872304,Tidak,,2024-09-20
DHN002305,3175016702932305,Tidak,,2026-03-28
DHN002306,3173011001722306,Tidak,,2023-01-03
DHN002307,3271015810652307,Tidak,,2026-03-24
DHN002308,3271016809772308,Tidak,,2023-07-06
DHN002309,3671016802852309,Tidak,,2026-08-16
DHN002310,3271017010012310,Tidak,,2023-11-12
DHN002311,3174011601712311,Ya,Cek/giro kosong berulang,2023-08-09
DHN002312,3171015706692312,Tidak,,2026-05-27
DHN002313,3671016607652313,Tidak,,2024-04-08
DHN002314,3175014904782314,Tidak,,2025-02-03
DHN002315,3671016301712315,Tidak,,2026-02-10
DHN002316,3174010605662316,Tidak,,2023-07-21
DHN002317,3275015908842317,Tidak,,2025-01-25
DHN002318,3671011301722318,Tidak,,2023-07-27
DHN002319,3171011511772319,Tidak,,2024-09-01
DHN002320,3671012101022320,Tidak,,2023-07-17
DHN002321,3671015402032321,Tidak,,2026-01-19
DHN002322,3275016308792322,Tidak,,2025-01-29
DHN002323,3276010604762323,Tidak,,2026-06-28
DHN002324,3174016811882324,Tidak,,2024-08-31
DHN002325,3174017010762325,Tidak,,2023-04-27
DHN002326,3671015808782326,Tidak,,2023-04-29
DHN002327,3171016411982327,Tidak,,2024-09-28
DHN002328,3171011502792328,Tidak,,2025-11-09
DHN002329,3671015807002329,Tidak,,2026-05-24
DHN002330,3271012303992330,Tidak,,2025-04-02
DHN002331,3271016403662331,Tidak,,2024-11-17
DHN002332,3671012108822332,Tidak,,2025-06-09
DHN002333,3674012309802333,Tidak,,2023-01-16
DHN002334,3671012111932334,Tidak,,2026-02-04
DHN002335,3174014808772335,Tidak,,2024-05-27
DHN002336,3275016102942336,Tidak,,2025-03-02
DHN002337,3173015901792337,Tidak,,2026-02-27
DHN002338,3671013004022338,Tidak,,2025-01-25
DHN002339,3674017101852339,Tidak,,2024-07-08
DHN002340,3172016011692340,Tidak,,2024-07-11
DHN002341,3671014504822341,Tidak,,2026-05-08
DHN002342,3276016306902342,Tidak,,2024-10-04
DHN002343,3671011012022343,Ya,Cek/giro kosong berulang,2026-03-05
DHN002344,3171010804772344,Tidak,,2025-08-14
DHN002345,3671014606862345,Tidak,,2025-08-04
DHN002346,3276012308812346,Tidak,,2025-01-08
DHN002347,3171015911912347,Tidak,,2025-01-24
DHN002348,3671014910792348,Tidak,,2025-05-27
DHN002349,3671012409682349,Tidak,,2023-05-17
DHN002350,3671014204712350,Tidak,,2023-11-25
DHN002351,3671015304992351,Tidak,,2024-05-18
DHN002352,3276010603932352,Tidak,,2024-08-20
DHN002353,3671010804712353,Tidak,,2023-02-05
DHN002354,3671014103022354,Tidak,,2023-04-03
DHN002355,3175012501932355,Tidak,,2023-06-17
DHN002356,3671011807942356,Tidak,,2024-11-02
DHN002357,3173016802912357,Tidak,,2023-10-01
DHN002358,3671014502992358,Ya,Terlibat kasus fraud dokumen,2026-06-08
DHN002359,3174011102842359,Tidak,,2023-02-23
DHN002360,3671014108992360,Tidak,,2024-08-24
DHN002361,3671015709652361,Tidak,,2023-02-21
DHN002362,3171015507732362,Tidak,,2026-07-12
DHN002363,3671014501862363,Tidak,,2023-07-03
DHN002364,3671014706762364,Tidak,,2025-01-01
DHN002365,3671016908712365,Tidak,,2023-02-22
DHN002366,3174011205892366,Tidak,,2025-09-15
DHN002367,3171010911002367,Tidak,,2025-05-31
DHN002368,3271010906892368,Tidak,,2023-12-04
DHN002369,3172013001862369,Tidak,,2026-04-30
DHN002370,3275011701722370,Tidak,,2024-07-07
DHN002371,3671010611962371,Tidak,,2023-12-16
DHN002372,3171011606792372,Tidak,,2023-02-17
DHN002373,3276014610902373,Tidak,,2023-07-21
DHN002374,3674015806922374,Tidak,,2023-10-30
DHN002375,3275014611652375,Ya,Tunggakan kredit >90 hari di bank lain,2025-07-29
DHN002376,3275016406692376,Tidak,,2023-10-07
DHN002377,3671010804782377,Tidak,,2024-01-15
DHN002378,3671016506702378,Tidak,,2023-03-28
DHN002379,3671011606852379,Tidak,,2026-04-27
DHN002380,3276016309912380,Tidak,,2024-09-07
DHN002381,3674014208962381,Tidak,,2024-03-31
DHN002382,3275011309962382,Tidak,,2024-06-07
DHN002383,3671016208942383,Tidak,,2023-12-23
DHN002384,3671015910692384,Tidak,,2024-01-19
DHN002385,3275010812682385,Tidak,,2023-02-20
DHN002386,3171013112812386,Tidak,,2025-11-26
DHN002387,3671012604652387,Tidak,,2023-10-09
DHN002388,3671012103962388,Tidak,,2024-08-31
DHN002389,3671012912872389,Tidak,,2023-06-23
DHN002390,3174010402862390,Tidak,,2026-05-11
DHN002391,3275015702032391,Tidak,,2026-01-26
DHN002392,3674014104022392,Tidak,,2025-01-06
DHN002393,3671014206922393,Tidak,,2025-08-06
DHN002394,3276016102952394,Tidak,,2025-07-21
DHN002395,3173012309022395,Tidak,,2025-11-14
DHN002396,3174012501872396,Tidak,,2025-08-30
DHN002397,3173014302912397,Tidak,,2024-03-08
DHN002398,3173014309752398,Tidak,,2024-08-14
DHN002399,3175011708862399,Tidak,,2023-08-15
DHN002400,3674015811662400,Tidak,,2024-05-05
DHN002401,3271014911002401,Tidak,,2025-07-02
DHN002402,3671012110022402,Tidak,,2023-11-02
DHN002403,3671011105812403,Tidak,,2024-03-01
DHN002404,3271015801912404,Tidak,,2023-03-22
DHN002405,3671014708002405,Tidak,,2025-07-24
DHN002406,3174016204882406,Tidak,,2024-04-07
DHN002407,3171014410952407,Tidak,,2024-10-07
DHN002408,3671015305842408,Tidak,,2025-10-06
DHN002409,3671010407852409,Tidak,,2023-07-23
DHN002410,3671012105912410,Tidak,,2026-07-29
DHN002411,3171011010722411,Tidak,,2024-03-10
DHN002412,3173015812992412,Tidak,,2025-03-10
DHN002413,3174011512822413,Tidak,,2023-05-21
DHN002414,3674012607962414,Tidak,,2025-10-23
DHN002415,3275014501942415,Tidak,,2025-06-29
DHN002416,3271011901862416,Tidak,,2025-08-13
DHN002417,3674015410992417,Tidak,,2024-06-04
DHN002418,3172011202712418,Tidak,,2026-03-29
DHN002419,3275011512932419,Tidak,,2025-10-15
DHN002420,3671015207932420,Tidak,,2025-11-18
DHN002421,3276012609812421,Ya,Laporan pihak ketiga terkait sengketa usaha,2025-01-06
DHN002422,3174012102862422,Tidak,,2024-03-03
DHN002423,3671010207972423,Tidak,,2025-01-14
DHN002424,3276016701942424,Tidak,,2023-11-30
DHN002425,3275012707012425,Tidak,,2024-10-19
DHN002426,3271015205902426,Tidak,,2025-12-28
DHN002427,3674012501772427,Tidak,,2024-10-14
DHN002428,3175015610712428,Tidak,,2024-05-20
DHN002429,3671015010842429,Tidak,,2024-10-14
DHN002430,3674014601822430,Tidak,,2024-10-24
DHN002431,3671015911002431,Tidak,,2026-07-25
DHN002432,3671010109722432,Tidak,,2026-06-20
DHN002433,3671011905742433,Tidak,,2026-03-14
DHN002434,3174011406962434,Tidak,,2024-11-28
DHN002435,3171010501812435,Tidak,,2023-09-03
DHN002436,3174014401722436,Tidak,,2024-10-06
DHN002437,3276012611012437,Tidak,,2024-07-07
DHN002438,3671015701852438,Tidak,,2023-08-04
DHN002439,3174014610762439,Tidak,,2024-08-20
DHN002440,3671014501842440,Tidak,,2024-05-23
DHN002441,3271014101882441,Tidak,,2025-05-12
DHN002442,3671010401922442,Tidak,,2023-04-21
DHN002443,3271010105002443,Tidak,,2024-08-14
DHN002444,3171015506962444,Tidak,,2024-05-06
DHN002445,3275016211702445,Tidak,,2026-01-26
DHN002446,3276014210772446,Tidak,,2025-10-06
DHN002447,3173010506892447,Tidak,,2023-09-18
DHN002448,3671015501882448,Tidak,,2024-08-10
DHN002449,3671011003802449,Tidak,,2024-04-26
DHN002450,3674014906912450,Tidak,,2023-01-05
DHN002451,3171010209022451,Tidak,,2026-01-12
DHN002452,3173011302822452,Tidak,,2025-11-15
DHN002453,3671012102982453,Tidak,,2024-08-25
DHN002454,3671017103832454,Tidak,,2026-02-17
DHN002455,3674015310722455,Ya,Cek/giro kosong berulang,2023-03-08
DHN002456,3674011810742456,Tidak,,2025-05-22
DHN002457,3175011611662457,Tidak,,2024-06-22
DHN002458,3671016502782458,Tidak,,2023-09-01
DHN002459,3276014109882459,Tidak,,2024-09-03
DHN002460,3171016905732460,Tidak,,2024-09-06
DHN002461,3671016104662461,Tidak,,2023-11-12
DHN002462,3173010507832462,Tidak,,2025-01-12
DHN002463,3671011502962463,Tidak,,2023-04-13
DHN002464,3671011805792464,Tidak,,2026-03-08
DHN002465,3674016507852465,Tidak,,2025-02-20
DHN002466,3671014310852466,Tidak,,2026-03-31
DHN002467,3276015711952467,Tidak,,2024-01-29
DHN002468,3671014101932468,Tidak,,2024-05-23
DHN002469,3275010501682469,Tidak,,2025-10-14
DHN002470,3171013103862470,Tidak,,2024-11-10
DHN002471,3671016508952471,Tidak,,2025-09-21
DHN002472,3175012111932472,Tidak,,2026-03-21
DHN002473,3671012502912473,Tidak,,2023-04-10
DHN002474,3275011511682474,Ya,Tunggakan kredit >90 hari di bank lain,2024-10-30
DHN002475,3172017105992475,Tidak,,2024-12-29
DHN002476,3174010610712476,Tidak,,2023-02-04
DHN002477,3671012102902477,Tidak,,2025-12-19
DHN002478,3171014204702478,Tidak,,2026-01-22
DHN002479,3671012203692479,Tidak,,2023-01-03
DHN002480,3671016712952480,Tidak,,2025-05-26
DHN002481,3171011101662481,Tidak,,2024-02-18
DHN002482,3674016206802482,Tidak,,2026-03-19
DHN002483,3276011204702483,Tidak,,2024-11-26
DHN002484,3275014706732484,Tidak,,2025-12-02
DHN002485,3674015610912485,Tidak,,2024-08-13
DHN002486,3175011606882486,Tidak,,2024-11-11
DHN002487,3175010109742487,Tidak,,2024-07-10
DHN002488,3275011809022488,Tidak,,2024-12-12
DHN002489,3171016710922489,Tidak,,2023-01-14
DHN002490,3671016907892490,Tidak,,2026-07-09
DHN002491,3173011506762491,Tidak,,2024-10-18
DHN002492,3173015105752492,Tidak,,2026-08-14
DHN002493,3671016707862493,Tidak,,2024-01-06
DHN002494,3271010711002494,Tidak,,2026-05-20
DHN002495,3173014703892495,Tidak,,2025-03-07
DHN002496,3173013007982496,Tidak,,2024-12-05
DHN002497,3271014502032497,Tidak,,2024-05-04
DHN002498,3671014604952498,Tidak,,2025-09-15
DHN002499,3171011206882499,Tidak,,2023-04-05
DHN002500,3172012906812500,Tidak,,2024-06-04
DHN002501,3671012603832501,Tidak,,2025-08-28
DHN002502,3671011803902502,Tidak,,2025-04-21
DHN002503,3271014311962503,Tidak,,2025-10-25
DHN002504,3276016106022504,Tidak,,2023-05-07
DHN002505,3174011208832505,Tidak,,2026-05-30
DHN002506,3175017003952506,Tidak,,2026-02-06
DHN002507,3174012201692507,Tidak,,2024-12-26
DHN002508,3171014211662508,Tidak,,2025-03-22
DHN002509,3671012201792509,Tidak,,2026-01-28
DHN002510,3671016709902510,Tidak,,2024-04-27
DHN002511,3174016904802511,Tidak,,2024-10-02
DHN002512,3173012308972512,Tidak,,2023-04-22
DHN002513,3174015802912513,Tidak,,2024-12-28
DHN002514,3671015311962514,Tidak,,2023-07-20
DHN002515,3275015705932515,Tidak,,2025-12-12
DHN002516,3674012508902516,Tidak,,2024-04-30
DHN002517,3172016408742517,Tidak,,2024-07-20
DHN002518,3174012306732518,Tidak,,2024-09-22
DHN002519,3671015609982519,Tidak,,2023-03-03
DHN002520,3671012201872520,Tidak,,2024-01-09
DHN002521,3674015703792521,Tidak,,2025-07-26
DHN002522,3271011105872522,Ya,Kredit macet yang belum diselesaikan,2025-01-12
DHN002523,3276012610822523,Tidak,,2024-06-20
DHN002524,3172014802972524,Tidak,,2026-07-23
DHN002525,3175015011852525,Tidak,,2025-10-01
DHN002526,3671015110672526,Tidak,,2023-04-19
DHN002527,3276015509712527,Tidak,,2023-09-12
DHN002528,3175014709982528,Tidak,,2024-07-19
DHN002529,3671012505712529,Tidak,,2023-12-30
DHN002530,3174011205932530,Tidak,,2026-04-22
DHN002531,3173011407692531,Tidak,,2024-11-26
DHN002532,3271016707782532,Tidak,,2023-02-12
DHN002533,3276017012962533,Tidak,,2024-05-07
DHN002534,3172011212892534,Tidak,,2026-07-13
DHN002535,3175011001662535,Tidak,,2024-02-17
DHN002536,3174016509702536,Tidak,,2025-05-26
DHN002537,3175014403872537,Tidak,,2026-03-25
DHN002538,3171010309882538,Tidak,,2024-05-16
DHN002539,3276015605952539,Tidak,,2025-02-18
DHN002540,3275014801742540,Tidak,,2026-01-18
DHN002541,3172010301872541,Tidak,,2024-04-05
DHN002542,3276012008952542,Tidak,,2024-09-04
DHN002543,3674010701772543,Tidak,,2023-03-14
DHN002544,3674011210822544,Tidak,,2023-11-13
DHN002545,3671011807922545,Tidak,,2023-07-30
DHN002546,3271010508992546,Tidak,,2023-09-10
DHN002547,3671014806762547,Tidak,,2023-03-01
DHN002548,3175011406822548,Tidak,,2024-07-04
DHN002549,3671015812842549,Tidak,,2024-12-09
DHN002550,3671010508672550,Tidak,,2024-09-02
DHN002551,3276016701812551,Tidak,,2026-03-14
DHN002552,3172014904852552,Tidak,,2025-11-30
DHN002553,3175014905912553,Tidak,,2023-03-26
DHN002554,3173012108682554,Tidak,,2026-07-10
DHN002555,3275016208932555,Tidak,,2026-07-07
DHN002556,3674012101652556,Tidak,,2026-07-17
DHN002557,3174016605662557,Tidak,,2024-08-12
DHN002558,3671012510912558,Tidak,,2025-03-07
DHN002559,3275012710902559,Tidak,,2023-02-23
DHN002560,3172014707652560,Tidak,,2025-03-19
DHN002561,3172011612832561,Tidak,,2025-01-06
DHN002562,3671010911662562,Tidak,,2024-01-20
DHN002563,3271014704892563,Tidak,,2024-09-19
DHN002564,3173012107912564,Tidak,,2026-07-23
DHN002565,3172014309682565,Tidak,,2026-04-02
DHN002566,3671016001912566,Ya,Terlibat kasus fraud dokumen,2023-02-12
DHN002567,3671015012022567,Tidak,,2026-06-24
DHN002568,3174014312672568,Tidak,,2025-05-16
DHN002569,3671015005762569,Tidak,,2025-04-21
DHN002570,3671010304772570,Tidak,,2025-06-14
DHN002571,3173015602022571,Tidak,,2024-02-09
DHN002572,3173016707762572,Tidak,,2024-09-26
DHN002573,3674014305842573,Tidak,,2026-05-20
DHN002574,3276010601672574,Tidak,,2023-09-12
DHN002575,3275015701712575,Tidak,,2025-04-30
DHN002576,3175014910912576,Tidak,,2025-02-08
DHN002577,3276012408022577,Tidak,,2023-04-21
DHN002578,3171015706792578,Ya,Kredit macet yang belum diselesaikan,2024-10-23
DHN002579,3271010412912579,Tidak,,2025-10-06
DHN002580,3671012910792580,Tidak,,2025-07-09
DHN002581,3175015310942581,Tidak,,2024-01-25
DHN002582,3671015907972582,Tidak,,2026-03-23
DHN002583,3674011907912583,Tidak,,2023-03-23
DHN002584,3275011307872584,Tidak,,2024-06-18
DHN002585,3671015505012585,Tidak,,2025-01-04
DHN002586,3671011407872586,Tidak,,2024-11-20
DHN002587,3175012803702587,Tidak,,2026-07-29
DHN002588,3271010305752588,Tidak,,2024-08-28
DHN002589,3671015611882589,Tidak,,2024-01-29
DHN002590,3174012601932590,Tidak,,2025-05-02
DHN002591,3671010910822591,Tidak,,2024-01-17
DHN002592,3173013008682592,Tidak,,2024-03-30
DHN002593,3174015309912593,Tidak,,2024-01-31
DHN002594,3674015204662594,Tidak,,2023-06-15
DHN002595,3671014307012595,Tidak,,2026-05-14
DHN002596,3175010909902596,Tidak,,2026-07-07
DHN002597,3671015406742597,Tidak,,2024-03-09
DHN002598,3175011703852598,Tidak,,2023-06-01
DHN002599,3671016306762599,Tidak,,2023-11-15
DHN002600,3674010203972600,Tidak,,2023-06-02
DHN002601,3671010502892601,Tidak,,2023-04-06
DHN002602,3271011811932602,Tidak,,2026-02-11
DHN002603,3671012305752603,Tidak,,2023-09-12
DHN002604,3671010308032604,Tidak,,2023-08-29
DHN002605,3671010404862605,Tidak,,2023-03-25
DHN002606,3671012812902606,Ya,Terlibat kasus fraud dokumen,2026-01-16
DHN002607,3174015105742607,Tidak,,2025-09-28
DHN002608,3674016411862608,Tidak,,2025-08-23
DHN002609,3671012703912609,Tidak,,2024-01-27
DHN002610,3671012706952610,Tidak,,2026-01-27
DHN002611,3271013107882611,Tidak,,2023-02-23
DHN002612,3671012611682612,Tidak,,2023-03-10
DHN002613,3671015505802613,Tidak,,2025-07-02
DHN002614,3674016102732614,Ya,Cek/giro kosong berulang,2026-02-18
DHN002615,3671016607672615,Tidak,,2026-05-16
DHN002616,3671016703812616,Tidak,,2025-11-23
DHN002617,3671016305022617,Tidak,,2023-07-12
DHN002618,3671014211982618,Tidak,,2026-03-16
DHN002619,3276014504962619,Tidak,,2025-04-05
DHN002620,3674012112002620,Tidak,,2026-02-04
DHN002621,3671014811842621,Tidak,,2025-07-16
DHN002622,3175012101662622,Tidak,,2023-01-23
DHN002623,3671014612792623,Tidak,,2025-05-02
DHN002624,3171016009972624,Tidak,,2025-02-28
DHN002625,3175016605012625,Ya,Cek/giro kosong berulang,2025-11-09
DHN002626,3171011605012626,Tidak,,2025-11-04
DHN002627,3276016501742627,Tidak,,2024-09-03
DHN002628,3173012610732628,Tidak,,2024-02-14
DHN002629,3171010803932629,Tidak,,2024-02-06
DHN002630,3671012107912630,Tidak,,2023-07-01
DHN002631,3271012308742631,Tidak,,2025-06-06
DHN002632,3173012104662632,Ya,Kredit macet yang belum diselesaikan,2023-03-08
DHN002633,3171013003972633,Tidak,,2026-05-08
DHN002634,3671016502952634,Tidak,,2026-01-16
DHN002635,3671015312862635,Tidak,,2024-03-13
DHN002636,3173014309882636,Tidak,,2024-04-06
DHN002637,3175012003882637,Tidak,,2025-12-26
DHN002638,3671014107862638,Tidak,,2023-05-16
DHN002639,3174015403842639,Tidak,,2024-01-04
DHN002640,3174016012732640,Tidak,,2025-10-01
DHN002641,3671012807702641,Tidak,,2023-10-15
DHN002642,3172016411012642,Tidak,,2024-08-23
DHN002643,3671015201012643,Tidak,,2026-05-26
DHN002644,3671012408742644,Tidak,,2023-04-02
DHN002645,3671011403882645,Tidak,,2023-08-10
DHN002646,3674014410742646,Tidak,,2024-07-05
DHN002647,3271015508752647,Tidak,,2023-04-22
DHN002648,3172010412802648,Tidak,,2025-01-07
DHN002649,3671010712752649,Tidak,,2024-09-16
DHN002650,3275016712012650,Tidak,,2024-02-13
DHN002651,3674010612962651,Tidak,,2026-05-05
DHN002652,3671014907812652,Tidak,,2024-04-16
DHN002653,3674014806992653,Tidak,,2024-07-26
DHN002654,3171016309742654,Tidak,,2025-02-10
DHN002655,3175010611792655,Tidak,,2026-06-27
DHN002656,3172015704802656,Tidak,,2025-11-24
DHN002657,3173014105842657,Tidak,,2026-05-16
DHN002658,3271010811732658,Tidak,,2025-12-03
DHN002659,3271010512892659,Tidak,,2024-06-27
DHN002660,3671011702742660,Tidak,,2025-09-06
DHN002661,3671010705662661,Tidak,,2024-05-17
DHN002662,3671015205992662,Tidak,,2025-11-21
DHN002663,3671012901682663,Tidak,,2024-07-31
DHN002664,3276011610912664,Tidak,,2024-05-23
DHN002665,3671014910952665,Tidak,,2026-04-28
DHN002666,3671011705892666,Tidak,,2024-10-10
DHN002667,3674016305842667,Tidak,,2024-03-15
DHN002668,3671010607842668,Tidak,,2025-09-24
DHN002669,3171014203992669,Tidak,,2023-12-31
DHN002670,3671012511842670,Tidak,,2025-01-22
DHN002671,3276017107002671,Tidak,,2025-11-25
DHN002672,3171010902932672,Tidak,,2023-01-26
DHN002673,3671015806702673,Tidak,,2023-07-05
DHN002674,3173012804742674,Tidak,,2024-11-19
DHN002675,3271011509962675,Tidak,,2024-04-20
DHN002676,3674016703942676,Tidak,,2025-01-25
DHN002677,3173010108932677,Tidak,,2025-12-03
DHN002678,3674012610692678,Tidak,,2024-07-30
DHN002679,3671015611842679,Tidak,,2026-03-15
DHN002680,3275010102012680,Tidak,,2025-04-26
DHN002681,3671013105732681,Tidak,,2023-11-09
DHN002682,3671011812992682,Tidak,,2023-02-06
DHN002683,3174012404812683,Tidak,,2023-03-14
DHN002684,3671016212792684,Tidak,,2024-02-23
DHN002685,3175010808872685,Tidak,,2024-01-09
DHN002686,3275012706652686,Tidak,,2024-04-05
DHN002687,3276014606022687,Tidak,,2023-03-14
DHN002688,3674010610802688,Tidak,,2023-11-29
DHN002689,3276016803762689,Tidak,,2023-01-23
DHN002690,3275011706712690,Tidak,,2023-08-17
DHN002691,3671016704792691,Tidak,,2026-05-30
DHN002692,3172011501012692,Ya,Terlibat kasus fraud dokumen,2025-02-16
DHN002693,3674010609012693,Tidak,,2026-01-02
DHN002694,3173012808952694,Tidak,,2025-03-27
DHN002695,3671012806792695,Tidak,,2023-05-04
DHN002696,3276012301752696,Tidak,,2023-08-15
DHN002697,3174013011902697,Tidak,,2025-10-02
DHN002698,3175011010842698,Tidak,,2024-04-14
DHN002699,3671012502692699,Tidak,,2025-11-05
DHN002700,3671016102872700,Tidak,,2024-12-27
DHN002701,3173015803922701,Tidak,,2024-10-24
DHN002702,3671010206972702,Tidak,,2025-01-15
DHN002703,3275011410942703,Tidak,,2025-01-14
DHN002704,3674014908712704,Tidak,,2024-12-25
DHN002705,3275010503982705,Tidak,,2023-04-12
DHN002706,3174012210732706,Tidak,,2024-12-08
DHN002707,3275015810682707,Tidak,,2023-07-14
DHN002708,3671016209782708,Tidak,,2026-07-05
DHN002709,3174011911802709,Tidak,,2026-01-18
DHN002710,3271014110692710,Tidak,,2023-07-08
DHN002711,3671015310972711,Tidak,,2025-08-13
DHN002712,3671011405942712,Tidak,,2025-02-10
DHN002713,3174011510022713,Tidak,,2023-07-07
DHN002714,3172012912682714,Tidak,,2024-09-08
DHN002715,3172011706862715,Tidak,,2023-11-23
DHN002716,3271016512722716,Tidak,,2025-03-01
DHN002717,3171016001902717,Tidak,,2025-05-08
DHN002718,3174010510842718,Tidak,,2023-10-11
DHN002719,3671015003792719,Tidak,,2024-08-28
DHN002720,3671010107742720,Tidak,,2024-09-18
DHN002721,3271010306662721,Ya,Terlibat kasus fraud dokumen,2025-04-23
DHN002722,3674015511932722,Tidak,,2025-10-09
DHN002723,3275014803012723,Ya,Cek/giro kosong berulang,2023-01-07
DHN002724,3174015409652724,Tidak,,2024-06-10
DHN002725,3174016301652725,Tidak,,2026-07-13
DHN002726,3671010208812726,Tidak,,2023-07-03
DHN002727,3674016807812727,Tidak,,2023-06-27
DHN002728,3674015904722728,Tidak,,2023-02-02
DHN002729,3671010603652729,Tidak,,2025-10-23
DHN002730,3271010903862730,Tidak,,2023-03-24
DHN002731,3275012007822731,Tidak,,2023-04-20
DHN002732,3671011511862732,Tidak,,2026-07-17
DHN002733,3671014702772733,Tidak,,2024-01-01
DHN002734,3671010110792734,Tidak,,2026-08-12
DHN002735,3671016005902735,Tidak,,2025-03-15
DHN002736,3172012402912736,Tidak,,2024-07-18
DHN002737,3276015501912737,Tidak,,2026-06-19
DHN002738,3275012910712738,Tidak,,2023-07-31
DHN002739,3275017112952739,Tidak,,2024-02-20
DHN002740,3271014204772740,Tidak,,2024-10-20
DHN002741,3171010408692741,Tidak,,2026-04-21
DHN002742,3175011309822742,Tidak,,2025-09-03
DHN002743,3276010511752743,Tidak,,2024-06-13
DHN002744,3671011309932744,Tidak,,2025-12-13
DHN002745,3174015802852745,Tidak,,2026-04-28
DHN002746,3172016201972746,Tidak,,2025-01-05
DHN002747,3276015708912747,Tidak,,2025-04-08
DHN002748,3172011211902748,Tidak,,2024-06-28
DHN002749,3175010702732749,Tidak,,2023-10-14
DHN002750,3671013107952750,Tidak,,2025-01-31
DHN002751,3275012703872751,Tidak,,2023-11-04
DHN002752,3674012008872752,Tidak,,2025-10-03
DHN002753,3271015003982753,Tidak,,2024-11-24
DHN002754,3671012006922754,Tidak,,2024-03-15
DHN002755,3671010103662755,Tidak,,2023-07-04
DHN002756,3175014412972756,Tidak,,2025-06-26
DHN002757,3671017010022757,Tidak,,2025-09-27
DHN002758,3275011907002758,Tidak,,2026-04-11
DHN002759,3674011512752759,Tidak,,2023-05-24
DHN002760,3173014211972760,Tidak,,2023-01-14
DHN002761,3271011807892761,Tidak,,2025-01-12
DHN002762,3275016705892762,Tidak,,2024-04-17
DHN002763,3671017003732763,Tidak,,2025-06-23
DHN002764,3671011910942764,Tidak,,2023-12-25
DHN002765,3174010602012765,Tidak,,2025-01-03
DHN002766,3271012512792766,Tidak,,2025-04-19
DHN002767,3674010811702767,Ya,Kredit macet yang belum diselesaikan,2025-02-27
DHN002768,3671016408812768,Tidak,,2024-04-03
DHN002769,3671011511662769,Tidak,,2024-03-02
DHN002770,3671015411872770,Tidak,,2025-10-14
DHN002771,3271016708972771,Tidak,,2024-02-10
DHN002772,3671011209752772,Tidak,,2024-06-11
DHN002773,3275010104952773,Tidak,,2024-01-28
DHN002774,3275011006992774,Tidak,,2024-09-21
DHN002775,3271016611982775,Tidak,,2026-01-24
DHN002776,3671016611932776,Tidak,,2026-02-07
DHN002777,3671014803872777,Tidak,,2026-05-29
DHN002778,3175014204692778,Tidak,,2023-06-01
DHN002779,3276015007992779,Tidak,,2026-06-18
DHN002780,3674010512992780,Tidak,,2023-05-04
DHN002781,3173015712752781,Tidak,,2023-02-21
DHN002782,3175011910002782,Tidak,,2023-03-05
DHN002783,3275016109692783,Tidak,,2023-02-20
DHN002784,3674010208012784,Tidak,,2023-12-12
DHN002785,3175015011752785,Tidak,,2024-05-28
DHN002786,3276015601822786,Tidak,,2023-12-29
DHN002787,3174016107912787,Tidak,,2023-02-15
DHN002788,3174014403002788,Tidak,,2023-05-28
DHN002789,3671015408012789,Tidak,,2023-09-29
DHN002790,3271015202772790,Tidak,,2025-07-09
DHN002791,3276015604972791,Tidak,,2025-08-04
DHN002792,3671011108912792,Tidak,,2025-02-08
DHN002793,3275016004872793,Tidak,,2023-02-27
DHN002794,3671010102872794,Tidak,,2025-03-07
DHN002795,3275011103672795,Tidak,,2025-03-25
DHN002796,3271010203012796,Tidak,,2023-09-30
DHN002797,3171015106702797,Tidak,,2025-02-03
DHN002798,3275016309902798,Tidak,,2026-04-07
DHN002799,3173012304782799,Tidak,,2025-01-28
DHN002800,3671017012762800,Tidak,,2025-08-22
DHN002801,3671012607902801,Tidak,,2026-01-19
DHN002802,3171015502852802,Tidak,,2025-08-25
DHN002803,3671012301662803,Tidak,,2024-08-28
DHN002804,3671016005992804,Tidak,,2024-09-02
DHN002805,3276012208872805,Tidak,,2023-08-16
DHN002806,3671012006952806,Tidak,,2023-07-18
DHN002807,3171015301932807,Tidak,,2023-09-22
DHN002808,3671015307992808,Tidak,,2025-10-27
DHN002809,3174016007762809,Tidak,,2024-09-28
DHN002810,3175016812802810,Tidak,,2025-10-23
DHN002811,3174010411942811,Tidak,,2024-08-10
DHN002812,3276010605772812,Tidak,,2023-12-24
DHN002813,3671016807882813,Tidak,,2023-07-11
DHN002814,3671013110682814,Tidak,,2025-09-18
DHN002815,3171015107752815,Tidak,,2023-12-26
DHN002816,3171014407722816,Tidak,,2025-09-22
DHN002817,3171010409002817,Tidak,,2024-06-03
DHN002818,3671016407792818,Tidak,,2026-07-16
DHN002819,3671016311722819,Tidak,,2023-11-01
DHN002820,3671014312772820,Tidak,,2023-06-09
DHN002821,3174014511862821,Tidak,,2026-06-27
DHN002822,3674014307762822,Tidak,,2024-06-08
DHN002823,3671015609982823,Tidak,,2023-04-23
DHN002824,3276015904942824,Tidak,,2024-08-11
DHN002825,3173016103982825,Tidak,,2025-08-26
DHN002826,3275016308862826,Tidak,,2026-02-14
DHN002827,3671015412982827,Tidak,,2026-02-27
DHN002828,3674011304732828,Tidak,,2023-06-26
DHN002829,3175012302732829,Tidak,,2024-02-19
DHN002830,3671014904832830,Tidak,,2025-06-04
DHN002831,3172015702882831,Tidak,,2025-09-09
DHN002832,3275015202662832,Tidak,,2023-08-15
DHN002833,3671012309972833,Tidak,,2025-06-13
DHN002834,3674011305732834,Ya,Tunggakan kredit >90 hari di bank lain,2026-07-15
DHN002835,3674016106702835,Tidak,,2025-05-05
DHN002836,3174017103762836,Tidak,,2025-12-11
DHN002837,3171011203742837,Tidak,,2024-08-26
DHN002838,3171011908032838,Tidak,,2026-04-19
DHN002839,3671015512692839,Tidak,,2025-10-28
DHN002840,3271011608812840,Tidak,,2026-07-11
DHN002841,3674014702672841,Tidak,,2026-03-06
DHN002842,3174015001872842,Tidak,,2026-05-12
DHN002843,3271011205712843,Tidak,,2026-08-10
DHN002844,3276011312932844,Tidak,,2023-06-04
DHN002845,3172014609662845,Ya,Terlibat kasus fraud dokumen,2025-02-25
DHN002846,3174011001702846,Tidak,,2024-04-27
DHN002847,3271016712702847,Tidak,,2025-12-23
DHN002848,3271011707802848,Tidak,,2023-09-17
DHN002849,3671016109792849,Tidak,,2025-07-13
DHN002850,3173016304942850,Tidak,,2026-05-02
DHN002851,3671014706932851,Tidak,,2024-09-23
DHN002852,3275010810862852,Tidak,,2023-06-27
DHN002853,3671016806952853,Tidak,,2024-09-19
DHN002854,3671013108902854,Tidak,,2024-12-18
DHN002855,3174015803692855,Tidak,,2026-08-14
DHN002856,3276012910972856,Ya,Kredit macet yang belum diselesaikan,2023-01-07
DHN002857,3271011205032857,Tidak,,2026-04-24
DHN002858,3173012407772858,Tidak,,2025-08-11
DHN002859,3275012407782859,Tidak,,2024-05-04
DHN002860,3671011910702860,Tidak,,2024-03-08
DHN002861,3173014501812861,Tidak,,2024-02-05
DHN002862,3674012909692862,Tidak,,2023-04-05
DHN002863,3174014507802863,Tidak,,2026-05-20
DHN002864,3671015508872864,Tidak,,2025-12-03
DHN002865,3171010803852865,Tidak,,2025-09-03
DHN002866,3175016312002866,Tidak,,2023-04-06
DHN002867,3174014303972867,Tidak,,2024-03-30
DHN002868,3671016205912868,Tidak,,2025-11-18
DHN002869,3276012604792869,Tidak,,2023-11-27
DHN002870,3171013003892870,Tidak,,2024-07-15
DHN002871,3674011412932871,Tidak,,2023-12-15
DHN002872,3671017009852872,Tidak,,2026-04-28
DHN002873,3671016105032873,Tidak,,2026-01-24
DHN002874,3276012501792874,Tidak,,2025-01-07
DHN002875,3674014509792875,Tidak,,2023-11-16
DHN002876,3271012102882876,Tidak,,2025-10-13
DHN002877,3271011307862877,Tidak,,2023-05-02
DHN002878,3276011004842878,Tidak,,2024-08-21
DHN002879,3171012606912879,Tidak,,2026-06-13
DHN002880,3172011408932880,Tidak,,2025-07-02
DHN002881,3671012111732881,Tidak,,2026-07-08
DHN002882,3671010912782882,Tidak,,2024-04-18
DHN002883,3172014606932883,Tidak,,2024-07-22
DHN002884,3276012912792884,Tidak,,2024-09-18
DHN002885,3175010302852885,Tidak,,2024-09-18
DHN002886,3671016112852886,Tidak,,2025-03-09
DHN002887,3674012511682887,Tidak,,2024-03-05
DHN002888,3671010811652888,Tidak,,2024-08-26
DHN002889,3175014204772889,Tidak,,2025-02-23
DHN002890,3671010601772890,Tidak,,2024-06-18
DHN002891,3671010503722891,Tidak,,2025-09-11
DHN002892,3175012510712892,Tidak,,2024-06-11
DHN002893,3174011407722893,Tidak,,2026-03-11
DHN002894,3275011801032894,Tidak,,2025-06-06
DHN002895,3671010806942895,Tidak,,2024-11-23
DHN002896,3275016009812896,Tidak,,2026-03-08
DHN002897,3172011404852897,Tidak,,2023-09-06
DHN002898,3671011708032898,Tidak,,2024-05-25
DHN002899,3174016210812899,Tidak,,2023-07-21
DHN002900,3276011103812900,Tidak,,2023-06-20
DHN002901,3671014606722901,Tidak,,2023-01-30
DHN002902,3173014301862902,Tidak,,2023-05-25
DHN002903,3276012305842903,Tidak,,2025-02-01
DHN002904,3276012809932904,Tidak,,2023-09-18
DHN002905,3275012501852905,Tidak,,2023-12-05
DHN002906,3275015006752906,Tidak,,2023-06-01
DHN002907,3674012503772907,Tidak,,2026-07-04
DHN002908,3276012305852908,Tidak,,2025-12-23
DHN002909,3174011609982909,Tidak,,2023-07-11
DHN002910,3671012804812910,Tidak,,2024-12-20
DHN002911,3174014409852911,Tidak,,2026-04-12
DHN002912,3671014305722912,Tidak,,2024-12-28
DHN002913,3671012811902913,Tidak,,2026-01-12
DHN002914,3172014808032914,Tidak,,2025-12-26
DHN002915,3674013009782915,Tidak,,2023-05-28
DHN002916,3276011209782916,Tidak,,2023-12-02
DHN002917,3671011411882917,Tidak,,2024-02-05
DHN002918,3671012308742918,Tidak,,2025-05-21
DHN002919,3674010810732919,Tidak,,2026-02-22
DHN002920,3175010406972920,Tidak,,2025-12-14
DHN002921,3173014203762921,Tidak,,2025-04-23
DHN002922,3171011302772922,Tidak,,2025-02-25
DHN002923,3276016408832923,Tidak,,2023-03-09
DHN002924,3271015212762924,Tidak,,2025-11-06
DHN002925,3271012311762925,Tidak,,2026-02-05
DHN002926,3674013008752926,Tidak,,2023-12-21
DHN002927,3175016008942927,Tidak,,2024-04-20
DHN002928,3671012210812928,Tidak,,2023-10-31
DHN002929,3671014606032929,Tidak,,2024-04-30
DHN002930,3174016602662930,Tidak,,2025-01-30
DHN002931,3671011009012931,Tidak,,2023-07-27
DHN002932,3674011511752932,Tidak,,2023-05-27
DHN002933,3275014902032933,Tidak,,2024-05-19
DHN002934,3671016608682934,Tidak,,2026-04-14
DHN002935,3171011209672935,Tidak,,2024-11-04
DHN002936,3674014109872936,Tidak,,2023-12-05
DHN002937,3173013012742937,Tidak,,2023-12-20
DHN002938,3671015003982938,Tidak,,2024-10-22
DHN002939,3674010906862939,Tidak,,2024-06-25
DHN002940,3174016107812940,Tidak,,2026-03-24
DHN002941,3175010804012941,Tidak,,2024-08-09
DHN002942,3172016110832942,Tidak,,2025-01-10
DHN002943,3174012212682943,Tidak,,2025-07-09
DHN002944,3175012706802944,Tidak,,2023-02-09
DHN002945,3276011002862945,Tidak,,2024-03-04
DHN002946,3271015602902946,Ya,Tunggakan kredit >90 hari di bank lain,2025-08-19
DHN002947,3671015009682947,Tidak,,2025-04-03
DHN002948,3172017010822948,Tidak,,2026-01-22
DHN002949,3275016308672949,Tidak,,2023-07-30
DHN002950,3674015305792950,Tidak,,2023-04-25
DHN002951,3276014308922951,Tidak,,2023-06-27
DHN002952,3276014301662952,Tidak,,2024-03-15
DHN002953,3172016001732953,Ya,Terlibat kasus fraud dokumen,2024-07-23
DHN002954,3171016901742954,Tidak,,2025-08-20
DHN002955,3275013010942955,Tidak,,2023-04-21
DHN002956,3671013005662956,Ya,Cek/giro kosong berulang,2024-01-21
DHN002957,3674010712812957,Tidak,,2023-04-27
DHN002958,3276016601812958,Tidak,,2025-11-12
DHN002959,3671011508732959,Tidak,,2023-07-22
DHN002960,3275014606712960,Tidak,,2024-08-22
DHN002961,3275016506982961,Tidak,,2023-06-11
DHN002962,3671013004852962,Tidak,,2024-07-22
DHN002963,3276016811942963,Tidak,,2024-01-05
DHN002964,3172011211762964,Tidak,,2024-04-01
DHN002965,3671012501792965,Tidak,,2025-06-17
DHN002966,3175011508722966,Tidak,,2025-01-03
DHN002967,3671011003992967,Tidak,,2025-06-16
DHN002968,3175013012662968,Tidak,,2024-07-18
DHN002969,3671014412662969,Tidak,,2024-12-04
DHN002970,3671011504822970,Tidak,,2024-07-14
DHN002971,3671012312862971,Tidak,,2025-02-05
DHN002972,3275016601962972,Tidak,,2023-09-08
DHN002973,3276012905822973,Tidak,,2025-06-23
DHN002974,3171010205912974,Tidak,,2024-04-19
DHN002975,3275015608912975,Tidak,,2026-08-06
DHN002976,3671015408902976,Tidak,,2024-02-01
DHN002977,3175011510962977,Tidak,,2023-01-11
DHN002978,3174016905702978,Tidak,,2023-05-18
DHN002979,3671010708902979,Tidak,,2025-04-12
DHN002980,3171016308732980,Tidak,,2024-11-24
DHN002981,3271015606722981,Tidak,,2024-06-21
DHN002982,3171014411782982,Tidak,,2025-11-05
DHN002983,3275011503702983,Tidak,,2025-07-21
DHN002984,3172014901802984,Tidak,,2025-03-14
DHN002985,3171014708932985,Tidak,,2025-01-25
DHN002986,3171014802722986,Tidak,,2025-07-07
DHN002987,3671015612942987,Tidak,,2025-12-22
DHN002988,3175010703982988,Tidak,,2023-07-05
DHN002989,3174012407812989,Tidak,,2025-01-30
DHN002990,3671014709002990,Tidak,,2026-02-27
DHN002991,3175010306702991,Tidak,,2023-05-31
DHN002992,3173011406032992,Tidak,,2025-05-11
DHN002993,3671011406942993,Tidak,,2025-03-11
DHN002994,3671015803982994,Tidak,,2024-12-24
DHN002995,3174015909962995,Tidak,,2024-11-18
DHN002996,3671011312982996,Tidak,,2026-07-26
DHN002997,3172010710992997,Tidak,,2023-07-10
DHN002998,3174012706032998,Tidak,,2025-06-17
DHN002999,3276015311842999,Tidak,,2023-10-25
DHN003000,3275016008853000,Tidak,,2026-02-16
DHN003001,3175011205883002,Tidak,,2026-07-01
DHN003002,3276011503903003,Ya,Tunggakan kredit >90 hari di bank lain,2026-07-01
DHN003003,3174012207853004,Tidak,,2026-07-01
DHN003004,3275014211923005,Tidak,,2026-07-01
DHN003005,3671011001803006,Tidak,,2026-07-01
DHN003006,3173012506873007,Tidak,,2026-07-01
DHN003007,3276014809913008,Tidak,,2026-07-01
DHN003008,3271011904833009,Tidak,,2026-07-01
DHN003009,3172013012793010,Tidak,,2026-07-01
DHN003010,3674015402903011,Tidak,,2026-07-01
DHN003011,3174010508863012,Tidak,,2026-07-01
DHN003012,3171016710933013,Tidak,,2026-07-01
