dukcapil_id,NIK,nama,tempat_lahir,tanggal_lahir,jenis_kelamin,golongan_darah,alamat,rt_rw,kelurahan_desa,kecamatan,kota_kabupaten,provinsi,agama,status_perkawinan,pekerjaan,kewarganegaraan,berlaku_hingga
DKC000001,3276010601750001,Budi Panjaitan,Depok,1975-01-06,Laki-Laki,B,Jl. Panjaitan No. 27,011/009,Sukajadi,Sukmajaya,Depok,Jawa Barat,HINDU,Menikah,Wiraswasta,WNI,SEUMUR HIDUP
DKC000002,3172010301920002,Andi Hidayat,Jakarta Utara,1992-01-03,Laki-Laki,A,Jl. Rahman No. 51,012/009,Cipete,Kramat Jati,Jakarta Utara,DKI Jakarta,HINDU,Cerai Hidup,Wiraswasta,WNI,SEUMUR HIDUP
DKC000003,3671010604800003,Doni Pratama,Tangerang,1980-04-06,Laki-Laki,AB,Jl. Setiawan No. 56,006/002,Sukajadi,Bekasi Timur,Tangerang,Banten,ISLAM,Cerai Hidup,Wiraswasta,WNI,SEUMUR HIDUP
DKC000004,3173016001890004,Nina Firmansyah,Jakarta Barat,1989-01-20,Perempuan,A,Jl. Wibowo No. 21,009/005,Rawa Bunga,Sukmajaya,Jakarta Barat,DKI Jakarta,KRISTEN,Menikah,Wiraswasta,WNI,SEUMUR HIDUP
DKC000005,3275011505030005,Sutrisno Nugroho,Bekasi,2003-05-15,Laki-Laki,B,Jl. Saputra No. 98,005/008,Rawa Bunga,Kramat Jati,Bekasi,Jawa Barat,KATOLIK,Cerai Hidup,Wiraswasta,WNI,SEUMUR HIDUP
DKC000006,3671012904920006,Sutrisno Firmansyah,Tangerang,1992-04-29,Laki-Laki,B,Jl. Rahman No. 63,003/008,Cipete,Cengkareng,Tangerang,Banten,KONGHUCU,Belum Menikah,Wiraswasta,WNI,SEUMUR HIDUP
DKC000007,3171015211010007,Kartika Situmorang,Jakarta Pusat,2001-11-12,Perempuan,A,Jl. Gunawan No. 103,005/002,Kebon Baru,Sukmajaya,Jakarta Pusat,DKI Jakarta,KONGHUCU,Cerai Hidup,Wiraswasta,WNI,SEUMUR HIDUP
DKC000008,3674013005710008,Gunawan Handoko,Tangerang Selatan,1971-05-30,Laki-Laki,AB,Jl. Setiawan No. 64,012/009,Duren Sawit,Serpong,Tangerang Selatan,Jawa Barat,BUDDHA,Cerai Mati,Wiraswasta,WNI,SEUMUR HIDUP
DKC000009,3172016002870009,Maya Nugroho,Jakarta Utara,1987-02-20,Perempuan,A,Jl. Situmorang No. 13,002/003,Cempaka Putih,Serpong,Jakarta Utara,DKI Jakarta,HINDU,Menikah,Wiraswasta,WNI,SEUMUR HIDUP
DKC000010,3271016610890010,Putri Simanjuntak,Bogor,1989-10-26,Perempuan,A,Jl. Lubis No. 30,011/009,Duren Sawit,Serpong,Bogor,Jawa Barat,KATOLIK,Menikah,Wiraswasta,WNI,SEUMUR HIDUP
DKC000011,3275016305970011,Ika Pratama,Bekasi,1997-05-23,Perempuan,AB,Jl. Kusuma No. 46,009/002,Duren Sawit,Serpong,Bekasi,Jawa Barat,BUDDHA,Belum Menikah,Wiraswasta,WNI,SEUMUR HIDUP
DKC000012,3172010612990012,Rudi Situmorang,Jakarta Utara,1999-12-06,Laki-Laki,A,Jl. Simanjuntak No. 83,008/001,Sukajadi,Cengkareng,Jakarta Utara,DKI Jakarta,KATOLIK,Belum Menikah,Wiraswasta,WNI,SEUMUR HIDUP
DKC000013,3174013110970013,Fajar Siregar,Jakarta Selatan,1997-10-31,Laki-Laki,O,Jl. Kurniawan No. 137,003/003,Bintaro,Sukmajaya,Jakarta Selatan,DKI Jakarta,KRISTEN,Cerai Hidup,Wiraswasta,WNI,SEUMUR HIDUP
DKC000014,3671016412960014,Yuni Rahman,Tangerang,1996-12-24,Perempuan,AB,Jl. Wibowo No. 96,008/009,Bintaro,Tebet,Tangerang,Banten,KRISTEN,Belum Menikah,Wiraswasta,WNI,SEUMUR HIDUP
DKC000015,3671012605910015,Eko Santoso,Tangerang,1991-05-26,Laki-Laki,B,Jl. Santoso No. 19,012/001,Kebon Baru,Tebet,Tangerang,Banten,ISLAM,Cerai Hidup,Wiraswasta,WNI,SEUMUR HIDUP
DKC000016,3674011208740016,Dimas Nugroho,Tangerang Selatan,1974-08-12,Laki-Laki,B,Jl. Panjaitan No. 147,010/008,Kebon Baru,Bekasi Timur,Tangerang Selatan,Jawa Barat,HINDU,Belum Menikah,Wiraswasta,WNI,SEUMUR HIDUP
DKC000017,3271010101840017,Rizky Lubis,Bogor,1984-01-01,Laki-Laki,O,Jl. Suryadi No. 14,011/002,Sukamaju,Bekasi Timur,Bogor,Jawa Barat,KONGHUCU,Cerai Hidup,Wiraswasta,WNI,SEUMUR HIDUP
DKC000018,3172011502850018,Fajar Hidayat,Jakarta Utara,1985-02-15,Laki-Laki,B,Jl. Permana No. 47,005/008,Kebon Baru,Tebet,Jakarta Utara,DKI Jakarta,HINDU,Menikah,Wiraswasta,WNI,SEUMUR HIDUP
DKC000019,3174012110980019,Gunawan Rahman,Jakarta Selatan,1998-10-21,Laki-Laki,B,Jl. Pratama No. 105,008/008,Kebon Baru,Bekasi Timur,Jakarta Selatan,DKI Jakarta,ISLAM,Belum Menikah,Wiraswasta,WNI,SEUMUR HIDUP
DKC000020,3674015810770020,Siti Wibowo,Tangerang Selatan,1977-10-18,Perempuan,O,Jl. Hutapea No. 143,011/008,Cempaka Putih,Kramat Jati,Tangerang Selatan,Jawa Barat,KATOLIK,Belum Menikah,Wiraswasta,WNI,SEUMUR HIDUP
DKC000021,3671012107980021,Taufik Panjaitan,Tangerang,1998-07-21,Laki-Laki,AB,Jl. Wijaya No. 13,010/008,Cempaka Putih,Tebet,Tangerang,Banten,BUDDHA,Menikah,Wiraswasta,WNI,SEUMUR HIDUP
DKC000022,3171011102830022,Andi Simanjuntak,Jakarta Pusat,1983-02-11,Laki-Laki,A,Jl. Siregar No. 64,010/010,Sukamaju,Sukmajaya,Jakarta Pusat,DKI Jakarta,ISLAM,Cerai Mati,Wiraswasta,WNI,SEUMUR HIDUP
DKC000023,3175015609750023,Suryani Firmansyah,Jakarta Timur,1975-09-16,Perempuan,AB,Jl. Wibowo No. 34,011/005,Bintaro,Cengkareng,Jakarta Timur,DKI Jakarta,ISLAM,Menikah,Wiraswasta,WNI,SEUMUR HIDUP
DKC000024,3174015202890024,Nina Siregar,Jakarta Selatan,1989-02-12,Perempuan,B,Jl. Kusuma No. 68,003/006,Sukajadi,Kramat Jati,Jakarta Selatan,DKI Jakarta,KATOLIK,Cerai Hidup,Wiraswasta,WNI,SEUMUR HIDUP
DKC000025,3671010906920025,Hadi Rahman,Tangerang,1992-06-09,Laki-Laki,A,Jl. Lubis No. 142,005/002,Cempaka Putih,Cengkareng,Tangerang,Banten,ISLAM,Menikah,Wiraswasta,WNI,SEUMUR HIDUP
DKC000026,3671011103970026,Wahyu Susanto,Tangerang,1997-03-11,Laki-Laki,AB,Jl. Hidayat No. 68,009/008,Duren Sawit,Tebet,Tangerang,Banten,ISLAM,Cerai Mati,Wiraswasta,WNI,SEUMUR HIDUP
DKC000027,3276017107930027,Dewi Santoso,Depok,1993-07-31,Perempuan,AB,Jl. Pratama No. 114,009/007,Sukamaju,Tebet,Depok,Jawa Barat,ISLAM,Belum Menikah,Wiraswasta,WNI,SEUMUR HIDUP
DKC000028,3671011204840028,Fauzi Halim,Tangerang,1984-04-12,Laki-Laki,B,Jl. Wijaya No. 79,006/001,Rawa Bunga,Kramat Jati,Tangerang,Banten,KONGHUCU,Belum Menikah,Wiraswasta,WNI,SEUMUR HIDUP
DKC000029,3671010311920029,Rudi Situmorang,Tangerang,1992-11-03,Laki-Laki,B,Jl. Nugroho No. 42,003/007,Sukamaju,Kramat Jati,Tangerang,Banten,KONGHUCU,Cerai Hidup,Wiraswasta,WNI,SEUMUR HIDUP
DKC000030,3671016012760030,Retno Lubis,Tangerang,1976-12-20,Perempuan,B,Jl. Hutapea No. 28,007/001,Bintaro,Kramat Jati,Tangerang,Banten,KRISTEN,Cerai Mati,Wiraswasta,WNI,SEUMUR HIDUP
DKC000031,3174015008940031,Lestari Nugroho,Jakarta Selatan,1994-08-10,Perempuan,B,Jl. Wibowo No. 85,005/002,Duren Sawit,Cengkareng,Jakarta Selatan,DKI Jakarta,KONGHUCU,Cerai Mati,Wiraswasta,WNI,SEUMUR HIDUP
DKC000032,3276015701910032,Siti Saputra,Depok,1991-01-17,Perempuan,AB,Jl. Wijaya No. 28,010/007,Rawa Bunga,Serpong,Depok,Jawa Barat,KATOLIK,Cerai Mati,Wiraswasta,WNI,SEUMUR HIDUP
DKC000033,3175012912660033,Slamet Siregar,Jakarta Timur,1966-12-29,Laki-Laki,O,Jl. Santoso No. 134,009/004,Rawa Bunga,Bekasi Timur,Jakarta Timur,DKI Jakarta,ISLAM,Cerai Hidup,Wiraswasta,WNI,SEUMUR HIDUP
DKC000034,3671014110870034,Yanti Saputra,Tangerang,1987-10-01,Perempuan,AB,Jl. Lubis No. 105,006/007,Duren Sawit,Sukmajaya,Tangerang,Banten,KRISTEN,Belum Menikah,Wiraswasta,WNI,SEUMUR HIDUP
DKC000035,3671015108920035,Yanti Wibowo,Tangerang,1992-08-11,Perempuan,AB,Jl. Wibowo No. 141,001/005,Duren Sawit,Kramat Jati,Tangerang,Banten,HINDU,Cerai Hidup,Wiraswasta,WNI,SEUMUR HIDUP
DKC000036,3671014712870036,Novi Suryadi,Tangerang,1987-12-07,Perempuan,O,Jl. Panjaitan No. 44,011/002,Duren Sawit,Sukmajaya,Tangerang,Banten,KONGHUCU,Cerai Hidup,Wiraswasta,WNI,SEUMUR HIDUP
DKC000037,3175012901750037,Fauzi Situmorang,Jakarta Timur,1975-01-29,Laki-Laki,B,Jl. Setiawan No. 7,001/004,Bintaro,Sukmajaya,Jakarta Timur,DKI Jakarta,ISLAM,Cerai Mati,Wiraswasta,WNI,SEUMUR HIDUP
DKC000038,3671016303970038,Melati Tanjung,Tangerang,1997-03-23,Perempuan,O,Jl. Handoko No. 103,004/003,Sukamaju,Tebet,Tangerang,Banten,HINDU,Belum Menikah,Wiraswasta,WNI,SEUMUR HIDUP
DKC000039,3671010304670039,Yudi Hutapea,Tangerang,1967-04-03,Laki-Laki,B,Jl. Saputra No. 117,003/008,Rawa Bunga,Bekasi Timur,Tangerang,Banten,BUDDHA,Cerai Mati,Wiraswasta,WNI,SEUMUR HIDUP
DKC000040,3671015003850040,Melati Pratama,Tangerang,1985-03-10,Perempuan,AB,Jl. Situmorang No. 64,011/005,Bintaro,Serpong,Tangerang,Banten,KRISTEN,Cerai Hidup,Wiraswasta,WNI,SEUMUR HIDUP
DKC000041,3276015003770041,Rina Hutapea,Depok,1977-03-10,Perempuan,AB,Jl. Gunawan No. 139,002/003,Cempaka Putih,Kramat Jati,Depok,Jawa Barat,HINDU,Belum Menikah,Wiraswasta,WNI,SEUMUR HIDUP
DKC000042,3271010505890042,Andi Permana,Bogor,1989-05-05,Laki-Laki,O,Jl. Permana No. 16,004/007,Cipete,Sukmajaya,Bogor,Jawa Barat,KONGHUCU,Menikah,Wiraswasta,WNI,SEUMUR HIDUP
DKC000043,3271015910980043,Wati Santoso,Bogor,1998-10-19,Perempuan,O,Jl. Permana No. 138,012/009,Kebon Baru,Bekasi Timur,Bogor,Jawa Barat,KRISTEN,Cerai Hidup,Wiraswasta,WNI,SEUMUR HIDUP
DKC000044,3271014201950044,Wati Santoso,Bogor,1995-01-02,Perempuan,O,Jl. Panjaitan No. 43,008/003,Sukamaju,Bekasi Timur,Bogor,Jawa Barat,BUDDHA,Menikah,Wiraswasta,WNI,SEUMUR HIDUP
DKC000045,3173012502730045,Gunawan Permana,Jakarta Barat,1973-02-25,Laki-Laki,A,Jl. Firmansyah No. 98,006/004,Bintaro,Cengkareng,Jakarta Barat,DKI Jakarta,KATOLIK,Cerai Mati,Wiraswasta,WNI,SEUMUR HIDUP
DKC000046,3275014502860046,Tri Permana,Bekasi,1986-02-05,Perempuan,A,Jl. Panjaitan No. 139,001/006,Kebon Baru,Serpong,Bekasi,Jawa Barat,ISLAM,Menikah,Wiraswasta,WNI,SEUMUR HIDUP
DKC000047,3172010211710047,Fajar Hidayat,Jakarta Utara,1971-11-02,Laki-Laki,B,Jl. Setiawan No. 122,011/002,Kebon Baru,Bekasi Timur,Jakarta Utara,DKI Jakarta,KONGHUCU,Cerai Hidup,Wiraswasta,WNI,SEUMUR HIDUP
DKC000048,3671016211990048,Sri Simanjuntak,Tangerang,1999-11-22,Perempuan,B,Jl. Susanto No. 28,010/001,Duren Sawit,Sukmajaya,Tangerang,Banten,KONGHUCU,Cerai Mati,Wiraswasta,WNI,SEUMUR HIDUP
DKC000049,3172016512950049,Lina Hidayat,Jakarta Utara,1995-12-25,Perempuan,B,Jl. Saputra No. 78,011/010,Sukajadi,Sukmajaya,Jakarta Utara,DKI Jakarta,ISLAM,Cerai Hidup,Wiraswasta,WNI,SEUMUR HIDUP
DKC000050,3172015801940050,Yanti Halim,Jakarta Utara,1994-01-18,Perempuan,AB,Jl. Santoso No. 108,008/002,Cipete,Cengkareng,Jakarta Utara,DKI Jakarta,KONGHUCU,Cerai Mati,Wiraswasta,WNI,SEUMUR HIDUP
DKC000051,3671011808920051,Joko Pratama,Tangerang,1992-08-18,Laki-Laki,O,Jl. Suryadi No. 112,012/010,Duren Sawit,Cengkareng,Tangerang,Banten,KRISTEN,Menikah,Wiraswasta,WNI,SEUMUR HIDUP
DKC000052,3173016507900052,Melati Suryadi,Jakarta Barat,1990-07-25,Perempuan,O,Jl. Gunawan No. 8,008/006,Cempaka Putih,Bekasi Timur,Jakarta Barat,DKI Jakarta,KRISTEN,Cerai Hidup,Wiraswasta,WNI,SEUMUR HIDUP
DKC000053,3671014712890053,Ratna Firmansyah,Tangerang,1989-12-07,Perempuan,A,Jl. Kusuma No. 49,002/004,Cipete,Bekasi Timur,Tangerang,Banten,BUDDHA,Belum Menikah,Wiraswasta,WNI,SEUMUR HIDUP
DKC000054,3674016707000054,Sari Hutapea,Tangerang Selatan,2000-07-27,Perempuan,A,Jl. Kurniawan No. 76,004/007,Kebon Baru,Cengkareng,Tangerang Selatan,Jawa Barat,KONGHUCU,Cerai Hidup,Wiraswasta,WNI,SEUMUR HIDUP
DKC000055,3674015806980055,Dian Kusuma,Tangerang Selatan,1998-06-18,Perempuan,AB,Jl. Halim No. 117,005/005,Duren Sawit,Kramat Jati,Tangerang Selatan,Jawa Barat,ISLAM,Belum Menikah,Wiraswasta,WNI,SEUMUR HIDUP
DKC000056,3671014508730056,Ani Panjaitan,Tangerang,1973-08-05,Perempuan,B,Jl. Panjaitan No. 124,005/010,Duren Sawit,Tebet,Tangerang,Banten,KRISTEN,Cerai Hidup,Wiraswasta,WNI,SEUMUR HIDUP
DKC000057,3275010510960057,Rudi Pratama,Bekasi,1996-10-05,Laki-Laki,B,Jl. Firmansyah No. 12,001/009,Duren Sawit,Serpong,Bekasi,Jawa Barat,KRISTEN,Cerai Mati,Wiraswasta,WNI,SEUMUR HIDUP
DKC000058,3671012101860058,Irfan Santoso,Tangerang,1986-01-21,Laki-Laki,O,Jl. Suryadi No. 88,003/001,Duren Sawit,Bekasi Timur,Tangerang,Banten,ISLAM,Menikah,Wiraswasta,WNI,SEUMUR HIDUP
DKC000059,3671016210710059,Wati Kurniawan,Tangerang,1971-10-22,Perempuan,B,Jl. Siregar No. 78,002/004,Sukajadi,Sukmajaya,Tangerang,Banten,HINDU,Belum Menikah,Wiraswasta,WNI,SEUMUR HIDUP
DKC000060,3674015309780060,Novi Suryadi,Tangerang Selatan,1978-09-13,Perempuan,A,Jl. Simanjuntak No. 26,004/004,Duren Sawit,Serpong,Tangerang Selatan,Jawa Barat,ISLAM,Belum Menikah,Wiraswasta,WNI,SEUMUR HIDUP
DKC000061,3171011302650061,Hendra Rahman,Jakarta Pusat,1965-02-13,Laki-Laki,O,Jl. Suryadi No. 121,005/001,Kebon Baru,Cengkareng,Jakarta Pusat,DKI Jakarta,KONGHUCU,Cerai Hidup,Wiraswasta,WNI,SEUMUR HIDUP
DKC000062,3175014405000062,Rina Lubis,Jakarta Timur,2000-05-04,Perempuan,B,Jl. Permana No. 30,009/004,Cempaka Putih,Cengkareng,Jakarta Timur,DKI Jakarta,KRISTEN,Menikah,Wiraswasta,WNI,SEUMUR HIDUP
DKC000063,3671011309840063,Hendra Susanto,Tangerang,1984-09-13,Laki-Laki,A,Jl. Suryadi No. 78,012/007,Duren Sawit,Sukmajaya,Tangerang,Banten,BUDDHA,Cerai Mati,Wiraswasta,WNI,SEUMUR HIDUP
DKC000064,3173015312970064,Rina Simanjuntak,Jakarta Barat,1997-12-13,Perempuan,AB,Jl. Simanjuntak No. 65,001/002,Kebon Baru,Serpong,Jakarta Barat,DKI Jakarta,BUDDHA,Menikah,Wiraswasta,WNI,SEUMUR HIDUP
DKC000065,3173015204880065,Rita Wijaya,Jakarta Barat,1988-04-12,Perempuan,O,Jl. Firmansyah No. 47,010/007,Bintaro,Tebet,Jakarta Barat,DKI Jakarta,HINDU,Cerai Hidup,Wiraswasta,WNI,SEUMUR HIDUP
DKC000066,3671016406030066,Ratna Gunawan,Tangerang,2003-06-24,Perempuan,B,Jl. Gunawan No. 106,012/008,Duren Sawit,Serpong,Tangerang,Banten,HINDU,Menikah,Wiraswasta,WNI,SEUMUR HIDUP
DKC000067,3271015503700067,Rina Gunawan,Bogor,1970-03-15,Perempuan,O,Jl. Kusuma No. 1,011/009,Bintaro,Bekasi Timur,Bogor,Jawa Barat,ISLAM,Belum Menikah,Wiraswasta,WNI,SEUMUR HIDUP
DKC000068,3674014302990068,Nina Situmorang,Tangerang Selatan,1999-02-03,Perempuan,A,Jl. Hidayat No. 69,009/003,Duren Sawit,Bekasi Timur,Tangerang Selatan,Jawa Barat,KONGHUCU,Cerai Mati,Wiraswasta,WNI,SEUMUR HIDUP
DKC000069,3671010311960069,Budi Tanjung,Tangerang,1996-11-03,Laki-Laki,B,Jl. Susanto No. 142,001/009,Cipete,Tebet,Tangerang,Banten,KRISTEN,Menikah,Wiraswasta,WNI,SEUMUR HIDUP
DKC000070,3173016202970070,Ani Tanjung,Jakarta Barat,1997-02-22,Perempuan,AB,Jl. Kusuma No. 70,007/008,Bintaro,Kramat Jati,Jakarta Barat,DKI Jakarta,HINDU,Belum Menikah,Wiraswasta,WNI,SEUMUR HIDUP
DKC000071,3671015802680071,Yuni Simanjuntak,Tangerang,1968-02-18,Perempuan,AB,Jl. Situmorang No. 107,006/009,Duren Sawit,Tebet,Tangerang,Banten,KATOLIK,Cerai Hidup,Wiraswasta,WNI,SEUMUR HIDUP
DKC000072,3674016506800072,Anggi Setiawan,Tangerang Selatan,1980-06-25,Perempuan,AB,Jl. Rahman No. 140,007/008,Rawa Bunga,Kramat Jati,Tangerang Selatan,Jawa Barat,KONGHUCU,Belum Menikah,Wiraswasta,WNI,SEUMUR HIDUP
DKC000073,3275015104790073,Fitri Situmorang,Bekasi,1979-04-11,Perempuan,O,Jl. Hutapea No. 98,007/003,Bintaro,Tebet,Bekasi,Jawa Barat,KRISTEN,Cerai Hidup,Wiraswasta,WNI,SEUMUR HIDUP
DKC000074,3172010107850074,Irfan Suryadi,Jakarta Utara,1985-07-01,Laki-Laki,A,Jl. Panjaitan No. 37,007/003,Sukajadi,Bekasi Timur,Jakarta Utara,DKI Jakarta,KATOLIK,Cerai Hidup,Wiraswasta,WNI,SEUMUR HIDUP
DKC000075,3674015703790075,Sari Kurniawan,Tangerang Selatan,1979-03-17,Perempuan,O,Jl. Rahman No. 10,010/002,Kebon Baru,Serpong,Tangerang Selatan,Jawa Barat,KONGHUCU,Cerai Hidup,Wiraswasta,WNI,SEUMUR HIDUP
DKC000076,3275010902990076,Rian Kurniawan,Bekasi,1999-02-09,Laki-Laki,A,Jl. Suryadi No. 43,012/005,Sukamaju,Tebet,Bekasi,Jawa Barat,KATOLIK,Menikah,Wiraswasta,WNI,SEUMUR HIDUP
DKC000077,3276015512750077,Maya Halim,Depok,1975-12-15,Perempuan,O,Jl. Siregar No. 47,003/003,Sukajadi,Sukmajaya,Depok,Jawa Barat,HINDU,Belum Menikah,Wiraswasta,WNI,SEUMUR HIDUP
DKC000078,3171014809850078,Suryani Siregar,Jakarta Pusat,1985-09-08,Perempuan,AB,Jl. Suryadi No. 66,011/001,Bintaro,Cengkareng,Jakarta Pusat,DKI Jakarta,KONGHUCU,Belum Menikah,Wiraswasta,WNI,SEUMUR HIDUP
DKC000079,3671013008930079,Hadi Halim,Tangerang,1993-08-30,Laki-Laki,O,Jl. Hutapea No. 65,008/005,Kebon Baru,Bekasi Timur,Tangerang,Banten,HINDU,Menikah,Wiraswasta,WNI,SEUMUR HIDUP
DKC000080,3271011405960080,Slamet Siregar,Bogor,1996-05-14,Laki-Laki,AB,Jl. Santoso No. 102,005/001,Sukamaju,Sukmajaya,Bogor,Jawa Barat,KONGHUCU,Cerai Mati,Wiraswasta,WNI,SEUMUR HIDUP
DKC000081,3671016910740081,Tri Nugroho,Tangerang,1974-10-29,Perempuan,B,Jl. Simanjuntak No. 65,011/003,Sukajadi,Serpong,Tangerang,Banten,KONGHUCU,Menikah,Wiraswasta,WNI,SEUMUR HIDUP
DKC000082,3172015405810082,Retno Suryadi,Jakarta Utara,1981-05-14,Perempuan,B,Jl. Kurniawan No. 76,006/007,Cempaka Putih,Kramat Jati,Jakarta Utara,DKI Jakarta,KRISTEN,Cerai Hidup,Wiraswasta,WNI,SEUMUR HIDUP
DKC000083,3674014603010083,Kartika Pratama,Tangerang Selatan,2001-03-06,Perempuan,AB,Jl. Panjaitan No. 87,002/008,Sukajadi,Kramat Jati,Tangerang Selatan,Jawa Barat,KRISTEN,Cerai Mati,Wiraswasta,WNI,SEUMUR HIDUP
DKC000084,3175016601890084,Rina Wibowo,Jakarta Timur,1989-01-26,Perempuan,A,Jl. Suryadi No. 95,011/005,Cipete,Serpong,Jakarta Timur,DKI Jakarta,KATOLIK,Menikah,Wiraswasta,WNI,SEUMUR HIDUP
DKC000085,3671011405920085,Ahmad Santoso,Tangerang,1992-05-14,Laki-Laki,B,Jl. Tanjung No. 17,011/008,Duren Sawit,Serpong,Tangerang,Banten,HINDU,Menikah,Wiraswasta,WNI,SEUMUR HIDUP
DKC000086,3674011803700086,Agus Wijaya,Tangerang Selatan,1970-03-18,Laki-Laki,A,Jl. Nugroho No. 138,003/007,Bintaro,Cengkareng,Tangerang Selatan,Jawa Barat,KONGHUCU,Cerai Mati,Wiraswasta,WNI,SEUMUR HIDUP
DKC000087,3671012605020087,Bayu Permana,Tangerang,2002-05-26,Laki-Laki,O,Jl. Simanjuntak No. 105,005/001,Rawa Bunga,Kramat Jati,Tangerang,Banten,HINDU,Cerai Mati,Wiraswasta,WNI,SEUMUR HIDUP
DKC000088,3175010406890088,Irfan Halim,Jakarta Timur,1989-06-04,Laki-Laki,AB,Jl. Wijaya No. 102,005/004,Sukajadi,Bekasi Timur,Jakarta Timur,DKI Jakarta,ISLAM,Belum Menikah,Wiraswasta,WNI,SEUMUR HIDUP
DKC000089,3171012004000089,Agus Gunawan,Jakarta Pusat,2000-04-20,Laki-Laki,B,Jl. Kurniawan No. 142,004/010,Kebon Baru,Kramat Jati,Jakarta Pusat,DKI Jakarta,KATOLIK,Belum Menikah,Wiraswasta,WNI,SEUMUR HIDUP
DKC000090,3172013003760090,Wahyu Setiawan,Jakarta Utara,1976-03-30,Laki-Laki,B,Jl. Saputra No. 7,003/001,Rawa Bunga,Kramat Jati,Jakarta Utara,DKI Jakarta,BUDDHA,Cerai Hidup,Wiraswasta,WNI,SEUMUR HIDUP
DKC000091,3171011004980091,Hendra Firmansyah,Jakarta Pusat,1998-04-10,Laki-Laki,O,Jl. Kusuma No. 30,012/002,Bintaro,Bekasi Timur,Jakarta Pusat,DKI Jakarta,KATOLIK,Menikah,Wiraswasta,WNI,SEUMUR HIDUP
DKC000092,3671015608970092,Ayu Nugroho,Tangerang,1997-08-16,Perempuan,AB,Jl. Suryadi No. 8,001/008,Cipete,Bekasi Timur,Tangerang,Banten,KONGHUCU,Menikah,Wiraswasta,WNI,SEUMUR HIDUP
DKC000093,3174015406790093,Lina Suryadi,Jakarta Selatan,1979-06-14,Perempuan,B,Jl. Kurniawan No. 33,005/010,Rawa Bunga,Bekasi Timur,Jakarta Selatan,DKI Jakarta,BUDDHA,Cerai Hidup,Wiraswasta,WNI,SEUMUR HIDUP
DKC000094,3275017007000094,Ayu Simanjuntak,Bekasi,2000-07-30,Perempuan,A,Jl. Tanjung No. 142,012/004,Cipete,Bekasi Timur,Bekasi,Jawa Barat,KRISTEN,Cerai Mati,Wiraswasta,WNI,SEUMUR HIDUP
DKC000095,3674016309970095,Kartika Suryadi,Tangerang Selatan,1997-09-23,Perempuan,A,Jl. Gunawan No. 110,006/005,Rawa Bunga,Kramat Jati,Tangerang Selatan,Jawa Barat,KONGHUCU,Cerai Mati,Wiraswasta,WNI,SEUMUR HIDUP
DKC000096,3173010205690096,Andi Kurniawan,Jakarta Barat,1969-05-02,Laki-Laki,AB,Jl. Setiawan No. 143,001/010,Rawa Bunga,Serpong,Jakarta Barat,DKI Jakarta,ISLAM,Cerai Mati,Wiraswasta,WNI,SEUMUR HIDUP
DKC000097,3275016611770097,Anggi Lubis,Bekasi,1977-11-26,Perempuan,AB,Jl. Halim No. 27,010/009,Kebon Baru,Kramat Jati,Bekasi,Jawa Barat,KONGHUCU,Cerai Mati,Wiraswasta,WNI,SEUMUR HIDUP
DKC000098,3271012602700098,Irfan Saputra,Bogor,1970-02-26,Laki-Laki,AB,Jl. Siregar No. 58,007/009,Sukamaju,Sukmajaya,Bogor,Jawa Barat,KONGHUCU,Cerai Hidup,Wiraswasta,WNI,SEUMUR HIDUP
DKC000099,3671013003800099,Hendra Firmansyah,Tangerang,1980-03-30,Laki-Laki,AB,Jl. Santoso No. 47,003/010,Cipete,Tebet,Tangerang,Banten,KRISTEN,Menikah,Wiraswasta,WNI,SEUMUR HIDUP
DKC000100,3173010111830100,Rian Kusuma,Jakarta Barat,1983-11-01,Laki-Laki,O,Jl. Gunawan No. 41,006/005,Rawa Bunga,Sukmajaya,Jakarta Barat,DKI Jakarta,BUDDHA,Menikah,Wiraswasta,WNI,SEUMUR HIDUP
DKC000101,3671012703950101,Dedi Pratama,Tangerang,1995-03-27,Laki-Laki,A,Jl. Firmansyah No. 114,011/007,Bintaro,Sukmajaya,Tangerang,Banten,HINDU,Cerai Mati,Wiraswasta,WNI,SEUMUR HIDUP
DKC000102,3671016606800102,Yuni Situmorang,Tangerang,1980-06-26,Perempuan,O,Jl. Saputra No. 73,011/010,Bintaro,Sukmajaya,Tangerang,Banten,KONGHUCU,Cerai Hidup,Wiraswasta,WNI,SEUMUR HIDUP
DKC000103,3671010605650103,Fajar Wibowo,Tangerang,1965-05-06,Laki-Laki,B,Jl. Susanto No. 55,003/005,Duren Sawit,Cengkareng,Tangerang,Banten,ISLAM,Menikah,Wiraswasta,WNI,SEUMUR HIDUP
DKC000104,3171016101820104,Desi Permana,Jakarta Pusat,1982-01-21,Perempuan,B,Jl. Kusuma No. 144,011/006,Sukajadi,Bekasi Timur,Jakarta Pusat,DKI Jakarta,KONGHUCU,Menikah,Wiraswasta,WNI,SEUMUR HIDUP
DKC000105,3175017010900105,Siti Suryadi,Jakarta Timur,1990-10-30,Perempuan,O,Jl. Siregar No. 104,012/007,Duren Sawit,Tebet,Jakarta Timur,DKI Jakarta,HINDU,Menikah,Wiraswasta,WNI,SEUMUR HIDUP
DKC000106,3271015412680106,Sri Simanjuntak,Bogor,1968-12-14,Perempuan,O,Jl. Saputra No. 63,007/010,Cipete,Sukmajaya,Bogor,Jawa Barat,ISLAM,Cerai Mati,Wiraswasta,WNI,SEUMUR HIDUP
DKC000107,3175015412990107,Desi Gunawan,Jakarta Timur,1999-12-14,Perempuan,B,Jl. Kurniawan No. 131,011/002,Kebon Baru,Cengkareng,Jakarta Timur,DKI Jakarta,KATOLIK,Belum Menikah,Wiraswasta,WNI,SEUMUR HIDUP
DKC000108,3276011310720108,Rizky Setiawan,Depok,1972-10-13,Laki-Laki,B,Jl. Situmorang No. 20,003/008,Bintaro,Sukmajaya,Depok,Jawa Barat,BUDDHA,Cerai Mati,Wiraswasta,WNI,SEUMUR HIDUP
DKC000109,3276016309840109,Anggi Tanjung,Depok,1984-09-23,Perempuan,A,Jl. Handoko No. 114,011/005,Duren Sawit,Sukmajaya,Depok,Jawa Barat,ISLAM,Cerai Hidup,Wiraswasta,WNI,SEUMUR HIDUP
DKC000110,3275012207670110,Bambang Suryadi,Bekasi,1967-07-22,Laki-Laki,AB,Jl. Susanto No. 20,011/002,Cipete,Bekasi Timur,Bekasi,Jawa Barat,BUDDHA,Menikah,Wiraswasta,WNI,SEUMUR HIDUP
DKC000111,3671014406790111,Suryani Siregar,Tangerang,1979-06-04,Perempuan,O,Jl. Kusuma No. 39,001/008,Sukajadi,Cengkareng,Tangerang,Banten,KONGHUCU,Menikah,Wiraswasta,WNI,SEUMUR HIDUP
DKC000112,3671011709840112,Agus Nugroho,Tangerang,1984-09-17,Laki-Laki,B,Jl. Halim No. 96,005/007,Cipete,Cengkareng,Tangerang,Banten,KONGHUCU,Menikah,Wiraswasta,WNI,SEUMUR HIDUP
DKC000113,3172014706950113,Rina Gunawan,Jakarta Utara,1995-06-07,Perempuan,O,Jl. Susanto No. 65,012/010,Cempaka Putih,Cengkareng,Jakarta Utara,DKI Jakarta,ISLAM,Belum Menikah,Wiraswasta,WNI,SEUMUR HIDUP
DKC000114,3671015410700114,Lestari Tanjung,Tangerang,1970-10-14,Perempuan,A,Jl. Susanto No. 144,007/006,Cempaka Putih,Serpong,Tangerang,Banten,KONGHUCU,Menikah,Wiraswasta,WNI,SEUMUR HIDUP
DKC000115,3175014911780115,Ayu Halim,Jakarta Timur,1978-11-09,Perempuan,B,Jl. Hidayat No. 88,008/004,Kebon Baru,Kramat Jati,Jakarta Timur,DKI Jakarta,KRISTEN,Menikah,Wiraswasta,WNI,SEUMUR HIDUP
DKC000116,3671015109940116,Anggi Saputra,Tangerang,1994-09-11,Perempuan,AB,Jl. Situmorang No. 34,010/007,Cempaka Putih,Kramat Jati,Tangerang,Banten,KRISTEN,Belum Menikah,Wiraswasta,WNI,SEUMUR HIDUP
DKC000117,3276014412840117,Dewi Permana,Depok,1984-12-04,Perempuan,AB,Jl. Situmorang No. 115,004/009,Kebon Baru,Cengkareng,Depok,Jawa Barat,HINDU,Belum Menikah,Wiraswasta,WNI,SEUMUR HIDUP
DKC000118,3674014807990118,Yanti Siregar,Tangerang Selatan,1999-07-08,Perempuan,AB,Jl. Situmorang No. 98,009/009,Cipete,Kramat Jati,Tangerang Selatan,Jawa Barat,KRISTEN,Belum Menikah,Wiraswasta,WNI,SEUMUR HIDUP
DKC000119,3271015611890119,Dewi Tanjung,Bogor,1989-11-16,Perempuan,A,Jl. Hutapea No. 133,002/005,Sukajadi,Kramat Jati,Bogor,Jawa Barat,KATOLIK,Cerai Mati,Wiraswasta,WNI,SEUMUR HIDUP
DKC000120,3171012008010120,Fauzi Permana,Jakarta Pusat,2001-08-20,Laki-Laki,O,Jl. Halim No. 7,007/001,Cipete,Sukmajaya,Jakarta Pusat,DKI Jakarta,KATOLIK,Belum Menikah,Wiraswasta,WNI,SEUMUR HIDUP
DKC000121,3174015904790121,Rina Halim,Jakarta Selatan,1979-04-19,Perempuan,A,Jl. Hutapea No. 86,003/003,Sukamaju,Cengkareng,Jakarta Selatan,DKI Jakarta,HINDU,Belum Menikah,Wiraswasta,WNI,SEUMUR HIDUP
DKC000122,3174014811650122,Novi Simanjuntak,Jakarta Selatan,1965-11-08,Perempuan,AB,Jl. Hidayat No. 39,009/010,Cipete,Tebet,Jakarta Selatan,DKI Jakarta,KATOLIK,Belum Menikah,Wiraswasta,WNI,SEUMUR HIDUP
DKC000123,3173017008930123,Ani Wijaya,Jakarta Barat,1993-08-30,Perempuan,O,Jl. Kurniawan No. 29,008/010,Sukamaju,Serpong,Jakarta Barat,DKI Jakarta,BUDDHA,Belum Menikah,Wiraswasta,WNI,SEUMUR HIDUP
DKC000124,3172012910800124,Bambang Permana,Jakarta Utara,1980-10-29,Laki-Laki,B,Jl. Siregar No. 107,003/002,Rawa Bunga,Tebet,Jakarta Utara,DKI Jakarta,BUDDHA,Menikah,Wiraswasta,WNI,SEUMUR HIDUP
DKC000125,3173017009810125,Anggi Handoko,Jakarta Barat,1981-09-30,Perempuan,AB,Jl. Panjaitan No. 5,006/002,Rawa Bunga,Kramat Jati,Jakarta Barat,DKI Jakarta,KONGHUCU,Menikah,Wiraswasta,WNI,SEUMUR HIDUP
DKC000126,3271016906010126,Wulan Wijaya,Bogor,2001-06-29,Perempuan,B,Jl. Situmorang No. 119,012/008,Cempaka Putih,Kramat Jati,Bogor,Jawa Barat,ISLAM,Cerai Mati,Wiraswasta,WNI,SEUMUR HIDUP
DKC000127,3171011811660127,Bambang Hidayat,Jakarta Pusat,1966-11-18,Laki-Laki,AB,Jl. Susanto No. 132,007/009,Bintaro,Cengkareng,Jakarta Pusat,DKI Jakarta,ISLAM,Belum Menikah,Wiraswasta,WNI,SEUMUR HIDUP
DKC000128,3175014404770128,Maya Situmorang,Jakarta Timur,1977-04-04,Perempuan,A,Jl. Halim No. 112,007/008,Cipete,Cengkareng,Jakarta Timur,DKI Jakarta,KRISTEN,Cerai Mati,Wiraswasta,WNI,SEUMUR HIDUP
DKC000129,3275015308970129,Maya Kusuma,Bekasi,1997-08-13,Perempuan,O,Jl. Kurniawan No. 111,010/003,Duren Sawit,Cengkareng,Bekasi,Jawa Barat,ISLAM,Menikah,Wiraswasta,WNI,SEUMUR HIDUP
DKC000130,3674015301920130,Yanti Susanto,Tangerang Selatan,1992-01-13,Perempuan,O,Jl. Pratama No. 114,006/008,Sukamaju,Serpong,Tangerang Selatan,Jawa Barat,KATOLIK,Cerai Mati,Wiraswasta,WNI,SEUMUR HIDUP
DKC000131,3173015904810131,Sari Wijaya,Jakarta Barat,1981-04-19,Perempuan,B,Jl. Santoso No. 37,010/008,Sukamaju,Kramat Jati,Jakarta Barat,DKI Jakarta,ISLAM,Belum Menikah,Wiraswasta,WNI,SEUMUR HIDUP
DKC000132,3671016202920132,Maya Wibowo,Tangerang,1992-02-22,Perempuan,B,Jl. Lubis No. 116,006/006,Bintaro,Tebet,Tangerang,Banten,BUDDHA,Belum Menikah,Wiraswasta,WNI,SEUMUR HIDUP
DKC000133,3671015303760133,Putri Gunawan,Tangerang,1976-03-13,Perempuan,A,Jl. Santoso No. 48,008/009,Cipete,Sukmajaya,Tangerang,Banten,ISLAM,Cerai Hidup,Wiraswasta,WNI,SEUMUR HIDUP
DKC000134,3172016310770134,Lina Suryadi,Jakarta Utara,1977-10-23,Perempuan,O,Jl. Hidayat No. 32,003/002,Bintaro,Kramat Jati,Jakarta Utara,DKI Jakarta,KONGHUCU,Cerai Mati,Wiraswasta,WNI,SEUMUR HIDUP
DKC000135,3271013010960135,Yudi Lubis,Bogor,1996-10-30,Laki-Laki,A,Jl. Rahman No. 139,005/005,Cempaka Putih,Serpong,Bogor,Jawa Barat,KONGHUCU,Belum Menikah,Wiraswasta,WNI,SEUMUR HIDUP
DKC000136,3171015307000136,Ayu Nugroho,Jakarta Pusat,2000-07-13,Perempuan,B,Jl. Nugroho No. 127,001/006,Rawa Bunga,Bekasi Timur,Jakarta Pusat,DKI Jakarta,BUDDHA,Belum Menikah,Wiraswasta,WNI,SEUMUR HIDUP
DKC000137,3674013107880137,Andi Susanto,Tangerang Selatan,1988-07-31,Laki-Laki,O,Jl. Situmorang No. 105,010/002,Cempaka Putih,Cengkareng,Tangerang Selatan,Jawa Barat,KONGHUCU,Menikah,Wiraswasta,WNI,SEUMUR HIDUP
DKC000138,3671014410700138,Novi Lubis,Tangerang,1970-10-04,Perempuan,B,Jl. Situmorang No. 34,007/009,Sukamaju,Tebet,Tangerang,Banten,BUDDHA,Belum Menikah,Wiraswasta,WNI,SEUMUR HIDUP
DKC000139,3276015007800139,Sri Pratama,Depok,1980-07-10,Perempuan,AB,Jl. Kurniawan No. 65,004/009,Duren Sawit,Kramat Jati,Depok,Jawa Barat,KONGHUCU,Cerai Hidup,Wiraswasta,WNI,SEUMUR HIDUP
DKC000140,3172011801910140,Dimas Tanjung,Jakarta Utara,1991-01-18,Laki-Laki,B,Jl. Pratama No. 87,010/001,Sukamaju,Tebet,Jakarta Utara,DKI Jakarta,ISLAM,Cerai Hidup,Wiraswasta,WNI,SEUMUR HIDUP
DKC000141,3275010505870141,Doni Siregar,Bekasi,1987-05-05,Laki-Laki,AB,Jl. Tanjung No. 78,008/004,Cipete,Cengkareng,Bekasi,Jawa Barat,HINDU,Menikah,Wiraswasta,WNI,SEUMUR HIDUP
DKC000142,3674010111850142,Hendra Suryadi,Tangerang Selatan,1985-11-01,Laki-Laki,B,Jl. Gunawan No. 37,006/006,Rawa Bunga,Bekasi Timur,Tangerang Selatan,Jawa Barat,KRISTEN,Cerai Hidup,Wiraswasta,WNI,SEUMUR HIDUP
DKC000143,3275013112760143,Eko Nugroho,Bekasi,1976-12-31,Laki-Laki,O,Jl. Nugroho No. 37,002/001,Duren Sawit,Bekasi Timur,Bekasi,Jawa Barat,BUDDHA,Cerai Mati,Wiraswasta,WNI,SEUMUR HIDUP
DKC000144,3271010807730144,Irfan Pratama,Bogor,1973-07-08,Laki-Laki,B,Jl. Handoko No. 132,008/008,Duren Sawit,Bekasi Timur,Bogor,Jawa Barat,ISLAM,Menikah,Wiraswasta,WNI,SEUMUR HIDUP
DKC000145,3171014303910145,Ayu Suryadi,Jakarta Pusat,1991-03-03,Perempuan,AB,Jl. Wijaya No. 13,005/008,Bintaro,Cengkareng,Jakarta Pusat,DKI Jakarta,BUDDHA,Menikah,Wiraswasta,WNI,SEUMUR HIDUP
DKC000146,3271010804990146,Joko Setiawan,Bogor,1999-04-08,Laki-Laki,O,Jl. Halim No. 12,007/001,Kebon Baru,Cengkareng,Bogor,Jawa Barat,BUDDHA,Cerai Hidup,Wiraswasta,WNI,SEUMUR HIDUP
DKC000147,3271010801020147,Slamet Kusuma,Bogor,2002-01-08,Laki-Laki,A,Jl. Setiawan No. 25,007/006,Rawa Bunga,Sukmajaya,Bogor,Jawa Barat,KATOLIK,Belum Menikah,Wiraswasta,WNI,SEUMUR HIDUP
DKC000148,3275011301670148,Iwan Kusuma,Bekasi,1967-01-13,Laki-Laki,A,Jl. Setiawan No. 86,008/009,Bintaro,Kramat Jati,Bekasi,Jawa Barat,BUDDHA,Belum Menikah,Wiraswasta,WNI,SEUMUR HIDUP
DKC000149,3276015808820149,Suryani Simanjuntak,Depok,1982-08-18,Perempuan,AB,Jl. Siregar No. 87,009/009,Bintaro,Serpong,Depok,Jawa Barat,BUDDHA,Cerai Hidup,Wiraswasta,WNI,SEUMUR HIDUP
DKC000150,3271016403950150,Kartika Santoso,Bogor,1995-03-24,Perempuan,A,Jl. Permana No. 150,005/001,Bintaro,Cengkareng,Bogor,Jawa Barat,KONGHUCU,Belum Menikah,Wiraswasta,WNI,SEUMUR HIDUP
DKC000151,3172012003930151,Taufik Handoko,Jakarta Utara,1993-03-20,Laki-Laki,O,Jl. Setiawan No. 63,001/010,Sukajadi,Kramat Jati,Jakarta Utara,DKI Jakarta,ISLAM,Cerai Mati,Wiraswasta,WNI,SEUMUR HIDUP
DKC000152,3276017005830152,Ika Setiawan,Depok,1983-05-30,Perempuan,O,Jl. Panjaitan No. 16,012/003,Kebon Baru,Sukmajaya,Depok,Jawa Barat,KATOLIK,Cerai Mati,Wiraswasta,WNI,SEUMUR HIDUP
DKC000153,3271014407890153,Ratna Pratama,Bogor,1989-07-04,Perempuan,AB,Jl. Lubis No. 68,010/008,Kebon Baru,Kramat Jati,Bogor,Jawa Barat,KATOLIK,Cerai Hidup,Wiraswasta,WNI,SEUMUR HIDUP
DKC000154,3276011812950154,Bambang Situmorang,Depok,1995-12-18,Laki-Laki,O,Jl. Gunawan No. 123,006/009,Duren Sawit,Cengkareng,Depok,Jawa Barat,ISLAM,Cerai Mati,Wiraswasta,WNI,SEUMUR HIDUP
DKC000155,3175016111660155,Kartika Halim,Jakarta Timur,1966-11-21,Perempuan,AB,Jl. Hutapea No. 21,006/008,Duren Sawit,Serpong,Jakarta Timur,DKI Jakarta,HINDU,Belum Menikah,Wiraswasta,WNI,SEUMUR HIDUP
DKC000156,3271012802710156,Fauzi Rahman,Bogor,1971-02-28,Laki-Laki,A,Jl. Simanjuntak No. 62,004/001,Kebon Baru,Serpong,Bogor,Jawa Barat,KRISTEN,Menikah,Wiraswasta,WNI,SEUMUR HIDUP
DKC000157,3671010607690157,Joko Gunawan,Tangerang,1969-07-06,Laki-Laki,B,Jl. Santoso No. 141,003/007,Bintaro,Bekasi Timur,Tangerang,Banten,KONGHUCU,Belum Menikah,Wiraswasta,WNI,SEUMUR HIDUP
DKC000158,3671016606990158,Ratna Susanto,Tangerang,1999-06-26,Perempuan,A,Jl. Tanjung No. 147,004/009,Sukamaju,Kramat Jati,Tangerang,Banten,HINDU,Belum Menikah,Wiraswasta,WNI,SEUMUR HIDUP
DKC000159,3276010708980159,Fauzi Wibowo,Depok,1998-08-07,Laki-Laki,AB,Jl. Wijaya No. 3,005/010,Sukajadi,Cengkareng,Depok,Jawa Barat,KATOLIK,Cerai Mati,Wiraswasta,WNI,SEUMUR HIDUP
DKC000160,3671016903770160,Melati Setiawan,Tangerang,1977-03-29,Perempuan,B,Jl. Saputra No. 85,003/008,Duren Sawit,Serpong,Tangerang,Banten,KRISTEN,Menikah,Wiraswasta,WNI,SEUMUR HIDUP
DKC000161,3671015511720161,Retno Susanto,Tangerang,1972-11-15,Perempuan,O,Jl. Permana No. 132,006/002,Cipete,Serpong,Tangerang,Banten,ISLAM,Belum Menikah,Wiraswasta,WNI,SEUMUR HIDUP
DKC000162,3174011209760162,Ahmad Gunawan,Jakarta Selatan,1976-09-12,Laki-Laki,O,Jl. Nugroho No. 115,005/006,Duren Sawit,Sukmajaya,Jakarta Selatan,DKI Jakarta,KONGHUCU,Menikah,Wiraswasta,WNI,SEUMUR HIDUP
DKC000163,3671015510670163,Sari Halim,Tangerang,1967-10-15,Perempuan,A,Jl. Suryadi No. 79,003/007,Duren Sawit,Serpong,Tangerang,Banten,ISLAM,Cerai Hidup,Wiraswasta,WNI,SEUMUR HIDUP
DKC000164,3171015406860164,Nina Nugroho,Jakarta Pusat,1986-06-14,Perempuan,B,Jl. Suryadi No. 96,007/009,Bintaro,Sukmajaya,Jakarta Pusat,DKI Jakarta,KONGHUCU,Belum Menikah,Wiraswasta,WNI,SEUMUR HIDUP
DKC000165,3671012807880165,Sutrisno Situmorang,Tangerang,1988-07-28,Laki-Laki,O,Jl. Kusuma No. 93,002/010,Sukajadi,Tebet,Tangerang,Banten,BUDDHA,Belum Menikah,Wiraswasta,WNI,SEUMUR HIDUP
DKC000166,3671012003700166,Hendra Gunawan,Tangerang,1970-03-20,Laki-Laki,B,Jl. Hutapea No. 150,008/002,Bintaro,Tebet,Tangerang,Banten,HINDU,Belum Menikah,Wiraswasta,WNI,SEUMUR HIDUP
DKC000167,3172016809850167,Novi Siregar,Jakarta Utara,1985-09-28,Perempuan,AB,Jl. Panjaitan No. 6,007/005,Sukamaju,Serpong,Jakarta Utara,DKI Jakarta,KRISTEN,Menikah,Wiraswasta,WNI,SEUMUR HIDUP
DKC000168,3671011104890168,Joko Halim,Tangerang,1989-04-11,Laki-Laki,A,Jl. Kurniawan No. 121,001/005,Cipete,Kramat Jati,Tangerang,Banten,KRISTEN,Cerai Mati,Wiraswasta,WNI,SEUMUR HIDUP
DKC000169,3674014711810169,Melati Wibowo,Tangerang Selatan,1981-11-07,Perempuan,A,Jl. Lubis No. 139,003/006,Sukajadi,Kramat Jati,Tangerang Selatan,Jawa Barat,BUDDHA,Cerai Mati,Wiraswasta,WNI,SEUMUR HIDUP
DKC000170,3174012105780170,Rian Nugroho,Jakarta Selatan,1978-05-21,Laki-Laki,O,Jl. Lubis No. 140,007/009,Cipete,Kramat Jati,Jakarta Selatan,DKI Jakarta,KRISTEN,Cerai Mati,Wiraswasta,WNI,SEUMUR HIDUP
DKC000171,3174015206660171,Wulan Firmansyah,Jakarta Selatan,1966-06-12,Perempuan,O,Jl. Simanjuntak No. 5,004/004,Sukajadi,Tebet,Jakarta Selatan,DKI Jakarta,BUDDHA,Menikah,Wiraswasta,WNI,SEUMUR HIDUP
DKC000172,3671016412750172,Nina Lubis,Tangerang,1975-12-24,Perempuan,A,Jl. Wibowo No. 113,004/009,Kebon Baru,Tebet,Tangerang,Banten,KRISTEN,Cerai Hidup,Wiraswasta,WNI,SEUMUR HIDUP
DKC000173,3671012711900173,Fauzi Panjaitan,Tangerang,1990-11-27,Laki-Laki,AB,Jl. Nugroho No. 78,003/009,Kebon Baru,Bekasi Timur,Tangerang,Banten,KATOLIK,Cerai Hidup,Wiraswasta,WNI,SEUMUR HIDUP
DKC000174,3671013001930174,Arif Siregar,Tangerang,1993-01-30,Laki-Laki,O,Jl. Rahman No. 127,001/006,Cipete,Sukmajaya,Tangerang,Banten,KATOLIK,Cerai Mati,Wiraswasta,WNI,SEUMUR HIDUP
DKC000175,3276014411980175,Wulan Susanto,Depok,1998-11-04,Perempuan,O,Jl. Nugroho No. 58,005/003,Bintaro,Tebet,Depok,Jawa Barat,BUDDHA,Cerai Mati,Wiraswasta,WNI,SEUMUR HIDUP
DKC000176,3173016311750176,Dian Kusuma,Jakarta Barat,1975-11-23,Perempuan,AB,Jl. Hidayat No. 85,011/002,Bintaro,Cengkareng,Jakarta Barat,DKI Jakarta,ISLAM,Belum Menikah,Wiraswasta,WNI,SEUMUR HIDUP
DKC000177,3671010704680177,Wahyu Wibowo,Tangerang,1968-04-07,Laki-Laki,B,Jl. Situmorang No. 144,004/008,Kebon Baru,Cengkareng,Tangerang,Banten,KATOLIK,Menikah,Wiraswasta,WNI,SEUMUR HIDUP
DKC000178,3671010307980178,Krisna Hidayat,Tangerang,1998-07-03,Laki-Laki,O,Jl. Nugroho No. 53,007/004,Rawa Bunga,Cengkareng,Tangerang,Banten,HINDU,Cerai Mati,Wiraswasta,WNI,SEUMUR HIDUP
DKC000179,3674016711850179,Lestari Firmansyah,Tangerang Selatan,1985-11-27,Perempuan,A,Jl. Panjaitan No. 121,006/004,Rawa Bunga,Cengkareng,Tangerang Selatan,Jawa Barat,HINDU,Menikah,Wiraswasta,WNI,SEUMUR HIDUP
DKC000180,3175012710890180,Rian Setiawan,Jakarta Timur,1989-10-27,Laki-Laki,O,Jl. Susanto No. 40,004/006,Kebon Baru,Bekasi Timur,Jakarta Timur,DKI Jakarta,BUDDHA,Belum Menikah,Wiraswasta,WNI,SEUMUR HIDUP
DKC000181,3671015807760181,Dian Tanjung,Tangerang,1976-07-18,Perempuan,O,Jl. Panjaitan No. 126,008/003,Rawa Bunga,Kramat Jati,Tangerang,Banten,KRISTEN,Cerai Mati,Wiraswasta,WNI,SEUMUR HIDUP
DKC000182,3671010307880182,Krisna Rahman,Tangerang,1988-07-03,Laki-Laki,A,Jl. Kurniawan No. 13,001/007,Cempaka Putih,Serpong,Tangerang,Banten,KRISTEN,Menikah,Wiraswasta,WNI,SEUMUR HIDUP
DKC000183,3671012809810183,Budi Hidayat,Tangerang,1981-09-28,Laki-Laki,A,Jl. Simanjuntak No. 124,011/008,Sukamaju,Tebet,Tangerang,Banten,BUDDHA,Cerai Mati,Wiraswasta,WNI,SEUMUR HIDUP
DKC000184,3671011201890184,Budi Kusuma,Tangerang,1989-01-12,Laki-Laki,AB,Jl. Santoso No. 129,012/007,Cempaka Putih,Tebet,Tangerang,Banten,ISLAM,Belum Menikah,Wiraswasta,WNI,SEUMUR HIDUP
DKC000185,3671012707010185,Yusuf Simanjuntak,Tangerang,2001-07-27,Laki-Laki,AB,Jl. Firmansyah No. 102,002/006,Cipete,Bekasi Timur,Tangerang,Banten,BUDDHA,Belum Menikah,Wiraswasta,WNI,SEUMUR HIDUP
DKC000186,3174011203690186,Bambang Lubis,Jakarta Selatan,1969-03-12,Laki-Laki,O,Jl. Wibowo No. 97,009/008,Sukamaju,Serpong,Jakarta Selatan,DKI Jakarta,ISLAM,Belum Menikah,Wiraswasta,WNI,SEUMUR HIDUP
DKC000187,3671012005900187,Ahmad Permana,Tangerang,1990-05-20,Laki-Laki,A,Jl. Kusuma No. 11,004/004,Bintaro,Cengkareng,Tangerang,Banten,ISLAM,Menikah,Wiraswasta,WNI,SEUMUR HIDUP
DKC000188,3671015701730188,Melati Rahman,Tangerang,1973-01-17,Perempuan,AB,Jl. Santoso No. 54,010/003,Cipete,Tebet,Tangerang,Banten,KATOLIK,Belum Menikah,Wiraswasta,WNI,SEUMUR HIDUP
DKC000189,3671012103820189,Taufik Wibowo,Tangerang,1982-03-21,Laki-Laki,B,Jl. Hutapea No. 21,009/006,Sukamaju,Tebet,Tangerang,Banten,HINDU,Belum Menikah,Wiraswasta,WNI,SEUMUR HIDUP
DKC000190,3671011309990190,Eko Simanjuntak,Tangerang,1999-09-13,Laki-Laki,AB,Jl. Santoso No. 70,008/008,Kebon Baru,Cengkareng,Tangerang,Banten,BUDDHA,Cerai Mati,Wiraswasta,WNI,SEUMUR HIDUP
DKC000191,3671014511680191,Sri Lubis,Tangerang,1968-11-05,Perempuan,AB,Jl. Nugroho No. 19,002/005,Cempaka Putih,Bekasi Timur,Tangerang,Banten,KONGHUCU,Belum Menikah,Wiraswasta,WNI,SEUMUR HIDUP
DKC000192,3174016703650192,Ratna Halim,Jakarta Selatan,1965-03-27,Perempuan,AB,Jl. Suryadi No. 93,005/002,Cempaka Putih,Tebet,Jakarta Selatan,DKI Jakarta,KRISTEN,Cerai Mati,Wiraswasta,WNI,SEUMUR HIDUP
DKC000193,3671016008690193,Dian Rahman,Tangerang,1969-08-20,Perempuan,A,Jl. Kurniawan No. 91,009/002,Rawa Bunga,Bekasi Timur,Tangerang,Banten,ISLAM,Cerai Hidup,Wiraswasta,WNI,SEUMUR HIDUP
DKC000194,3172016211750194,Putri Situmorang,Jakarta Utara,1975-11-22,Perempuan,B,Jl. Lubis No. 98,003/003,Duren Sawit,Cengkareng,Jakarta Utara,DKI Jakarta,KATOLIK,Cerai Mati,Wiraswasta,WNI,SEUMUR HIDUP
DKC000195,3271012211830195,Andi Pratama,Bogor,1983-11-22,Laki-Laki,AB,Jl. Handoko No. 20,006/005,Kebon Baru,Serpong,Bogor,Jawa Barat,KONGHUCU,Cerai Mati,Wiraswasta,WNI,SEUMUR HIDUP
DKC000196,3175012104650196,Hadi Saputra,Jakarta Timur,1965-04-21,Laki-Laki,O,Jl. Gunawan No. 98,006/008,Rawa Bunga,Bekasi Timur,Jakarta Timur,DKI Jakarta,KONGHUCU,Belum Menikah,Wiraswasta,WNI,SEUMUR HIDUP
DKC000197,3671016806860197,Ratna Simanjuntak,Tangerang,1986-06-28,Perempuan,AB,Jl. Pratama No. 102,006/005,Bintaro,Sukmajaya,Tangerang,Banten,KRISTEN,Cerai Hidup,Wiraswasta,WNI,SEUMUR HIDUP
DKC000198,3275015804900198,Indah Wibowo,Bekasi,1990-04-18,Perempuan,B,Jl. Siregar No. 140,003/009,Sukamaju,Serpong,Bekasi,Jawa Barat,HINDU,Belum Menikah,Wiraswasta,WNI,SEUMUR HIDUP
DKC000199,3671016609010199,Retno Susanto,Tangerang,2001-09-26,Perempuan,O,Jl. Lubis No. 128,003/005,Kebon Baru,Cengkareng,Tangerang,Banten,KONGHUCU,Belum Menikah,Wiraswasta,WNI,SEUMUR HIDUP
DKC000200,3173016810910200,Retno Wibowo,Jakarta Barat,1991-10-28,Perempuan,O,Jl. Siregar No. 103,009/009,Cipete,Sukmajaya,Jakarta Barat,DKI Jakarta,ISLAM,Cerai Hidup,Wiraswasta,WNI,SEUMUR HIDUP
DKC000201,3175011806720201,Rizky Situmorang,Jakarta Timur,1972-06-18,Laki-Laki,A,Jl. Siregar No. 103,006/007,Sukajadi,Tebet,Jakarta Timur,DKI Jakarta,ISLAM,Cerai Hidup,Wiraswasta,WNI,SEUMUR HIDUP
DKC000202,3671013012840202,Dimas Panjaitan,Tangerang,1984-12-30,Laki-Laki,AB,Jl. Wibowo No. 119,011/010,Cempaka Putih,Cengkareng,Tangerang,Banten,ISLAM,Cerai Mati,Wiraswasta,WNI,SEUMUR HIDUP
DKC000203,3174011704020203,Bambang Permana,Jakarta Selatan,2002-04-17,Laki-Laki,B,Jl. Halim No. 80,006/008,Kebon Baru,Sukmajaya,Jakarta Selatan,DKI Jakarta,HINDU,Cerai Hidup,Wiraswasta,WNI,SEUMUR HIDUP
DKC000204,3671016304790204,Ani Suryadi,Tangerang,1979-04-23,Perempuan,A,Jl. Susanto No. 12,012/002,Sukamaju,Cengkareng,Tangerang,Banten,KONGHUCU,Menikah,Wiraswasta,WNI,SEUMUR HIDUP
DKC000205,3172012910720205,Krisna Panjaitan,Jakarta Utara,1972-10-29,Laki-Laki,B,Jl. Gunawan No. 144,007/008,Kebon Baru,Bekasi Timur,Jakarta Utara,DKI Jakarta,KONGHUCU,Belum Menikah,Wiraswasta,WNI,SEUMUR HIDUP
DKC000206,3674012404660206,Gunawan Lubis,Tangerang Selatan,1966-04-24,Laki-Laki,B,Jl. Suryadi No. 110,007/001,Kebon Baru,Kramat Jati,Tangerang Selatan,Jawa Barat,KATOLIK,Menikah,Wiraswasta,WNI,SEUMUR HIDUP
DKC000207,3175011608790207,Yudi Rahman,Jakarta Timur,1979-08-16,Laki-Laki,B,Jl. Suryadi No. 30,005/008,Rawa Bunga,Sukmajaya,Jakarta Timur,DKI Jakarta,HINDU,Cerai Mati,Wiraswasta,WNI,SEUMUR HIDUP
DKC000208,3276010307010208,Rudi Halim,Depok,2001-07-03,Laki-Laki,AB,Jl. Simanjuntak No. 22,011/003,Rawa Bunga,Tebet,Depok,Jawa Barat,KRISTEN,Cerai Hidup,Wiraswasta,WNI,SEUMUR HIDUP
DKC000209,3671010112870209,Hendra Halim,Tangerang,1987-12-01,Laki-Laki,O,Jl. Permana No. 36,010/007,Cipete,Kramat Jati,Tangerang,Banten,HINDU,Belum Menikah,Wiraswasta,WNI,SEUMUR HIDUP
DKC000210,3171011102790210,Ahmad Susanto,Jakarta Pusat,1979-02-11,Laki-Laki,O,Jl. Simanjuntak No. 14,006/001,Bintaro,Kramat Jati,Jakarta Pusat,DKI Jakarta,KRISTEN,Cerai Mati,Wiraswasta,WNI,SEUMUR HIDUP
DKC000211,3674014811960211,Ika Lubis,Tangerang Selatan,1996-11-08,Perempuan,O,Jl. Handoko No. 43,002/010,Sukamaju,Kramat Jati,Tangerang Selatan,Jawa Barat,KATOLIK,Menikah,Wiraswasta,WNI,SEUMUR HIDUP
DKC000212,3276014901000212,Fitri Rahman,Depok,2000-01-09,Perempuan,O,Jl. Siregar No. 127,009/009,Sukajadi,Sukmajaya,Depok,Jawa Barat,ISLAM,Cerai Hidup,Wiraswasta,WNI,SEUMUR HIDUP
DKC000213,3173014507890213,Dian Situmorang,Jakarta Barat,1989-07-05,Perempuan,B,Jl. Permana No. 27,012/004,Duren Sawit,Tebet,Jakarta Barat,DKI Jakarta,HINDU,Cerai Hidup,Wiraswasta,WNI,SEUMUR HIDUP
DKC000214,3275015710990214,Anggi Kurniawan,Bekasi,1999-10-17,Perempuan,B,Jl. Hidayat No. 90,012/010,Cipete,Kramat Jati,Bekasi,Jawa Barat,BUDDHA,Belum Menikah,Wiraswasta,WNI,SEUMUR HIDUP
DKC000215,3172012609800215,Fauzi Hidayat,Jakarta Utara,1980-09-26,Laki-Laki,AB,Jl. Simanjuntak No. 138,003/006,Duren Sawit,Cengkareng,Jakarta Utara,DKI Jakarta,BUDDHA,Cerai Hidup,Wiraswasta,WNI,SEUMUR HIDUP
DKC000216,3275011006770216,Dedi Situmorang,Bekasi,1977-06-10,Laki-Laki,B,Jl. Hutapea No. 34,004/003,Rawa Bunga,Kramat Jati,Bekasi,Jawa Barat,KONGHUCU,Cerai Mati,Wiraswasta,WNI,SEUMUR HIDUP
DKC000217,3671014103930217,Wulan Siregar,Tangerang,1993-03-01,Perempuan,O,Jl. Wibowo No. 116,002/002,Cipete,Sukmajaya,Tangerang,Banten,KONGHUCU,Cerai Hidup,Wiraswasta,WNI,SEUMUR HIDUP
DKC000218,3275016309990218,Novi Handoko,Bekasi,1999-09-23,Perempuan,A,Jl. Panjaitan No. 118,011/006,Sukajadi,Sukmajaya,Bekasi,Jawa Barat,HINDU,Belum Menikah,Wiraswasta,WNI,SEUMUR HIDUP
DKC000219,3271016606790219,Kartika Hidayat,Bogor,1979-06-26,Perempuan,AB,Jl. Gunawan No. 141,010/003,Bintaro,Cengkareng,Bogor,Jawa Barat,KONGHUCU,Menikah,Wiraswasta,WNI,SEUMUR HIDUP
DKC000220,3275012907700220,Rizky Tanjung,Bekasi,1970-07-29,Laki-Laki,B,Jl. Suryadi No. 117,001/007,Kebon Baru,Serpong,Bekasi,Jawa Barat,KRISTEN,Cerai Hidup,Wiraswasta,WNI,SEUMUR HIDUP
DKC000221,3175012603760221,Irfan Firmansyah,Jakarta Timur,1976-03-26,Laki-Laki,A,Jl. Halim No. 43,001/007,Duren Sawit,Serpong,Jakarta Timur,DKI Jakarta,KONGHUCU,Belum Menikah,Wiraswasta,WNI,SEUMUR HIDUP
DKC000222,3671015801650222,Sari Kurniawan,Tangerang,1965-01-18,Perempuan,B,Jl. Handoko No. 20,003/010,Kebon Baru,Sukmajaya,Tangerang,Banten,KONGHUCU,Cerai Mati,Wiraswasta,WNI,SEUMUR HIDUP
DKC000223,3275010508030223,Budi Hutapea,Bekasi,2003-08-05,Laki-Laki,O,Jl. Hutapea No. 34,008/002,Kebon Baru,Bekasi Timur,Bekasi,Jawa Barat,ISLAM,Menikah,Wiraswasta,WNI,SEUMUR HIDUP
DKC000224,3276010303820224,Eko Halim,Depok,1982-03-03,Laki-Laki,B,Jl. Tanjung No. 37,002/009,Sukamaju,Sukmajaya,Depok,Jawa Barat,KONGHUCU,Belum Menikah,Wiraswasta,WNI,SEUMUR HIDUP
DKC000225,3171016106830225,Maya Panjaitan,Jakarta Pusat,1983-06-21,Perempuan,O,Jl. Hidayat No. 23,002/003,Sukajadi,Sukmajaya,Jakarta Pusat,DKI Jakarta,KONGHUCU,Cerai Mati,Wiraswasta,WNI,SEUMUR HIDUP
DKC000226,3171014406770226,Ika Gunawan,Jakarta Pusat,1977-06-04,Perempuan,A,Jl. Nugroho No. 142,010/010,Duren Sawit,Serpong,Jakarta Pusat,DKI Jakarta,ISLAM,Cerai Hidup,Wiraswasta,WNI,SEUMUR HIDUP
DKC000227,3671011907980227,Dimas Simanjuntak,Tangerang,1998-07-19,Laki-Laki,O,Jl. Susanto No. 14,004/008,Cipete,Tebet,Tangerang,Banten,KRISTEN,Cerai Mati,Wiraswasta,WNI,SEUMUR HIDUP
DKC000228,3271010312700228,Dimas Santoso,Bogor,1970-12-03,Laki-Laki,O,Jl. Siregar No. 108,006/009,Cempaka Putih,Bekasi Timur,Bogor,Jawa Barat,ISLAM,Menikah,Wiraswasta,WNI,SEUMUR HIDUP
DKC000229,3174011809670229,Budi Firmansyah,Jakarta Selatan,1967-09-18,Laki-Laki,O,Jl. Kusuma No. 74,011/009,Cipete,Bekasi Timur,Jakarta Selatan,DKI Jakarta,KONGHUCU,Cerai Mati,Wiraswasta,WNI,SEUMUR HIDUP
DKC000230,3671011306770230,Gunawan Rahman,Tangerang,1977-06-13,Laki-Laki,A,Jl. Susanto No. 21,009/004,Cempaka Putih,Sukmajaya,Tangerang,Banten,KATOLIK,Cerai Mati,Wiraswasta,WNI,SEUMUR HIDUP
DKC000231,3276010708670231,Bambang Hutapea,Depok,1967-08-07,Laki-Laki,B,Jl. Kurniawan No. 112,002/008,Sukamaju,Cengkareng,Depok,Jawa Barat,KONGHUCU,Belum Menikah,Wiraswasta,WNI,SEUMUR HIDUP
DKC000232,3174010805720232,Budi Hutapea,Jakarta Selatan,1972-05-08,Laki-Laki,O,Jl. Halim No. 134,009/005,Cempaka Putih,Cengkareng,Jakarta Selatan,DKI Jakarta,KRISTEN,Cerai Hidup,Wiraswasta,WNI,SEUMUR HIDUP
DKC000233,3674011503770233,Doni Santoso,Tangerang Selatan,1977-03-15,Laki-Laki,A,Jl. Firmansyah No. 148,011/002,Bintaro,Bekasi Timur,Tangerang Selatan,Jawa Barat,BUDDHA,Cerai Hidup,Wiraswasta,WNI,SEUMUR HIDUP
DKC000234,3175012201720234,Ahmad Siregar,Jakarta Timur,1972-01-22,Laki-Laki,AB,Jl. Situmorang No. 27,010/002,Kebon Baru,Serpong,Jakarta Timur,DKI Jakarta,BUDDHA,Menikah,Wiraswasta,WNI,SEUMUR HIDUP
DKC000235,3174010103860235,Irfan Santoso,Jakarta Selatan,1986-03-01,Laki-Laki,AB,Jl. Wibowo No. 39,003/001,Cipete,Kramat Jati,Jakarta Selatan,DKI Jakarta,KATOLIK,Belum Menikah,Wiraswasta,WNI,SEUMUR HIDUP
DKC000236,3271016001020236,Suryani Panjaitan,Bogor,2002-01-20,Perempuan,A,Jl. Siregar No. 96,002/009,Sukamaju,Kramat Jati,Bogor,Jawa Barat,KRISTEN,Menikah,Wiraswasta,WNI,SEUMUR HIDUP
DKC000237,3271014709790237,Rina Suryadi,Bogor,1979-09-07,Perempuan,A,Jl. Rahman No. 117,001/006,Kebon Baru,Cengkareng,Bogor,Jawa Barat,BUDDHA,Cerai Hidup,Wiraswasta,WNI,SEUMUR HIDUP
DKC000238,3671012908990238,Hadi Halim,Tangerang,1999-08-29,Laki-Laki,B,Jl. Panjaitan No. 140,004/003,Sukamaju,Bekasi Timur,Tangerang,Banten,ISLAM,Belum Menikah,Wiraswasta,WNI,SEUMUR HIDUP
DKC000239,3175016401650239,Sari Hutapea,Jakarta Timur,1965-01-24,Perempuan,O,Jl. Panjaitan No. 79,002/004,Kebon Baru,Bekasi Timur,Jakarta Timur,DKI Jakarta,HINDU,Menikah,Wiraswasta,WNI,SEUMUR HIDUP
DKC000240,3174012105750240,Anton Firmansyah,Jakarta Selatan,1975-05-21,Laki-Laki,O,Jl. Hutapea No. 96,008/002,Sukajadi,Sukmajaya,Jakarta Selatan,DKI Jakarta,KRISTEN,Cerai Mati,Wiraswasta,WNI,SEUMUR HIDUP
DKC000241,3173011909940241,Taufik Siregar,Jakarta Barat,1994-09-19,Laki-Laki,B,Jl. Nugroho No. 75,005/006,Cipete,Serpong,Jakarta Barat,DKI Jakarta,KONGHUCU,Cerai Hidup,Wiraswasta,WNI,SEUMUR HIDUP
DKC000242,3174014402740242,Novi Firmansyah,Jakarta Selatan,1974-02-04,Perempuan,B,Jl. Situmorang No. 150,002/003,Sukajadi,Kramat Jati,Jakarta Selatan,DKI Jakarta,HINDU,Cerai Mati,Wiraswasta,WNI,SEUMUR HIDUP
DKC000243,3671016307990243,Ika Saputra,Tangerang,1999-07-23,Perempuan,B,Jl. Suryadi No. 79,008/005,Sukajadi,Tebet,Tangerang,Banten,KRISTEN,Cerai Hidup,Wiraswasta,WNI,SEUMUR HIDUP
DKC000244,3174012511960244,Yusuf Gunawan,Jakarta Selatan,1996-11-25,Laki-Laki,B,Jl. Halim No. 102,009/001,Duren Sawit,Cengkareng,Jakarta Selatan,DKI Jakarta,KRISTEN,Menikah,Wiraswasta,WNI,SEUMUR HIDUP
DKC000245,3671014104690245,Anggi Suryadi,Tangerang,1969-04-01,Perempuan,O,Jl. Saputra No. 36,002/001,Sukamaju,Kramat Jati,Tangerang,Banten,KRISTEN,Belum Menikah,Wiraswasta,WNI,SEUMUR HIDUP
DKC000246,3671015402910246,Maya Lubis,Tangerang,1991-02-14,Perempuan,AB,Jl. Kurniawan No. 6,002/004,Bintaro,Kramat Jati,Tangerang,Banten,ISLAM,Cerai Hidup,Wiraswasta,WNI,SEUMUR HIDUP
DKC000247,3171012909900247,Agus Suryadi,Jakarta Pusat,1990-09-29,Laki-Laki,O,Jl. Panjaitan No. 102,008/001,Cipete,Serpong,Jakarta Pusat,DKI Jakarta,HINDU,Belum Menikah,Wiraswasta,WNI,SEUMUR HIDUP
DKC000248,3271014301850248,Yuni Pratama,Bogor,1985-01-03,Perempuan,B,Jl. Wijaya No. 63,011/005,Bintaro,Bekasi Timur,Bogor,Jawa Barat,BUDDHA,Cerai Mati,Wiraswasta,WNI,SEUMUR HIDUP
DKC000249,3276012210830249,Andi Firmansyah,Depok,1983-10-22,Laki-Laki,B,Jl. Tanjung No. 135,004/009,Sukamaju,Bekasi Timur,Depok,Jawa Barat,KONGHUCU,Cerai Hidup,Wiraswasta,WNI,SEUMUR HIDUP
DKC000250,3271014406820250,Dian Handoko,Bogor,1982-06-04,Perempuan,AB,Jl. Pratama No. 7,006/010,Kebon Baru,Tebet,Bogor,Jawa Barat,KATOLIK,Menikah,Wiraswasta,WNI,SEUMUR HIDUP
DKC000251,3671016902720251,Ayu Halim,Tangerang,1972-02-29,Perempuan,A,Jl. Nugroho No. 62,005/009,Sukamaju,Kramat Jati,Tangerang,Banten,BUDDHA,Cerai Mati,Wiraswasta,WNI,SEUMUR HIDUP
DKC000252,3171017107910252,Suryani Pratama,Jakarta Pusat,1991-07-31,Perempuan,AB,Jl. Panjaitan No. 92,010/001,Rawa Bunga,Sukmajaya,Jakarta Pusat,DKI Jakarta,BUDDHA,Belum Menikah,Wiraswasta,WNI,SEUMUR HIDUP
DKC000253,3671011611720253,Fauzi Handoko,Tangerang,1972-11-16,Laki-Laki,O,Jl. Wijaya No. 24,001/004,Kebon Baru,Tebet,Tangerang,Banten,BUDDHA,Cerai Mati,Wiraswasta,WNI,SEUMUR HIDUP
DKC000254,3171011404800254,Eko Simanjuntak,Jakarta Pusat,1980-04-14,Laki-Laki,B,Jl. Gunawan No. 16,001/003,Cempaka Putih,Tebet,Jakarta Pusat,DKI Jakarta,BUDDHA,Cerai Hidup,Wiraswasta,WNI,SEUMUR HIDUP
DKC000255,3671011604910255,Rudi Hutapea,Tangerang,1991-04-16,Laki-Laki,A,Jl. Gunawan No. 78,006/003,Cempaka Putih,Serpong,Tangerang,Banten,HINDU,Cerai Mati,Wiraswasta,WNI,SEUMUR HIDUP
DKC000256,3671014601750256,Sri Hutapea,Tangerang,1975-01-06,Perempuan,B,Jl. Wibowo No. 79,012/005,Cempaka Putih,Kramat Jati,Tangerang,Banten,KONGHUCU,Menikah,Wiraswasta,WNI,SEUMUR HIDUP
DKC000257,3671014303730257,Anggi Situmorang,Tangerang,1973-03-03,Perempuan,AB,Jl. Simanjuntak No. 57,011/010,Sukajadi,Bekasi Timur,Tangerang,Banten,KRISTEN,Cerai Hidup,Wiraswasta,WNI,SEUMUR HIDUP
DKC000258,3276011607930258,Fajar Halim,Depok,1993-07-16,Laki-Laki,A,Jl. Hutapea No. 86,008/001,Duren Sawit,Kramat Jati,Depok,Jawa Barat,KRISTEN,Menikah,Wiraswasta,WNI,SEUMUR HIDUP
DKC000259,3671016802670259,Indah Saputra,Tangerang,1967-02-28,Perempuan,O,Jl. Suryadi No. 108,003/007,Bintaro,Bekasi Timur,Tangerang,Banten,KATOLIK,Cerai Mati,Wiraswasta,WNI,SEUMUR HIDUP
DKC000260,3671011804720260,Fauzi Handoko,Tangerang,1972-04-18,Laki-Laki,O,Jl. Kurniawan No. 9,005/001,Rawa Bunga,Cengkareng,Tangerang,Banten,ISLAM,Menikah,Wiraswasta,WNI,SEUMUR HIDUP
DKC000261,3174015607890261,Sri Wibowo,Jakarta Selatan,1989-07-16,Perempuan,A,Jl. Gunawan No. 124,012/001,Cipete,Serpong,Jakarta Selatan,DKI Jakarta,KRISTEN,Cerai Mati,Wiraswasta,WNI,SEUMUR HIDUP
DKC000262,3276011007730262,Agus Saputra,Depok,1973-07-10,Laki-Laki,O,Jl. Hutapea No. 142,012/009,Duren Sawit,Serpong,Depok,Jawa Barat,KATOLIK,Cerai Hidup,Wiraswasta,WNI,SEUMUR HIDUP
DKC000263,3674012211710263,Rizky Wijaya,Tangerang Selatan,1971-11-22,Laki-Laki,A,Jl. Halim No. 1,007/002,Duren Sawit,Serpong,Tangerang Selatan,Jawa Barat,KONGHUCU,Cerai Mati,Wiraswasta,WNI,SEUMUR HIDUP
DKC000264,3171011808930264,Rizky Santoso,Jakarta Pusat,1993-08-18,Laki-Laki,AB,Jl. Kurniawan No. 122,002/005,Cipete,Bekasi Timur,Jakarta Pusat,DKI Jakarta,HINDU,Cerai Hidup,Wiraswasta,WNI,SEUMUR HIDUP
DKC000265,3276012308810265,Gunawan Rahman,Depok,1981-08-23,Laki-Laki,O,Jl. Halim No. 48,008/001,Duren Sawit,Bekasi Timur,Depok,Jawa Barat,HINDU,Cerai Hidup,Wiraswasta,WNI,SEUMUR HIDUP
DKC000266,3671011310710266,Fauzi Firmansyah,Tangerang,1971-10-13,Laki-Laki,A,Jl. Kurniawan No. 89,009/007,Kebon Baru,Sukmajaya,Tangerang,Banten,ISLAM,Cerai Mati,Wiraswasta,WNI,SEUMUR HIDUP
DKC000267,3276015405860267,Dian Lubis,Depok,1986-05-14,Perempuan,AB,Jl. Kurniawan No. 102,012/001,Cempaka Putih,Tebet,Depok,Jawa Barat,HINDU,Belum Menikah,Wiraswasta,WNI,SEUMUR HIDUP
DKC000268,3174012912830268,Yusuf Hidayat,Jakarta Selatan,1983-12-29,Laki-Laki,A,Jl. Lubis No. 112,004/003,Duren Sawit,Cengkareng,Jakarta Selatan,DKI Jakarta,KONGHUCU,Menikah,Wiraswasta,WNI,SEUMUR HIDUP
DKC000269,3271010506030269,Slamet Rahman,Bogor,2003-06-05,Laki-Laki,AB,Jl. Kusuma No. 118,001/010,Cipete,Tebet,Bogor,Jawa Barat,HINDU,Belum Menikah,Wiraswasta,WNI,SEUMUR HIDUP
DKC000270,3671012709690270,Taufik Siregar,Tangerang,1969-09-27,Laki-Laki,A,Jl. Susanto No. 138,006/007,Duren Sawit,Bekasi Timur,Tangerang,Banten,KONGHUCU,Cerai Mati,Wiraswasta,WNI,SEUMUR HIDUP
DKC000271,3674015506710271,Dewi Pratama,Tangerang Selatan,1971-06-15,Perempuan,O,Jl. Wijaya No. 102,006/004,Sukamaju,Serpong,Tangerang Selatan,Jawa Barat,HINDU,Cerai Hidup,Wiraswasta,WNI,SEUMUR HIDUP
DKC000272,3271017007770272,Siti Gunawan,Bogor,1977-07-30,Perempuan,O,Jl. Hutapea No. 26,004/003,Duren Sawit,Serpong,Bogor,Jawa Barat,HINDU,Cerai Hidup,Wiraswasta,WNI,SEUMUR HIDUP
DKC000273,3671014706730273,Desi Permana,Tangerang,1973-06-07,Perempuan,O,Jl. Hidayat No. 105,012/008,Rawa Bunga,Tebet,Tangerang,Banten,BUDDHA,Belum Menikah,Wiraswasta,WNI,SEUMUR HIDUP
DKC000274,3671010102710274,Bambang Hutapea,Tangerang,1971-02-01,Laki-Laki,A,Jl. Pratama No. 50,004/001,Kebon Baru,Tebet,Tangerang,Banten,HINDU,Menikah,Wiraswasta,WNI,SEUMUR HIDUP
DKC000275,3271015012010275,Lina Hidayat,Bogor,2001-12-10,Perempuan,O,Jl. Kusuma No. 102,011/002,Sukamaju,Kramat Jati,Bogor,Jawa Barat,KATOLIK,Cerai Mati,Wiraswasta,WNI,SEUMUR HIDUP
DKC000276,3671015106800276,Sri Handoko,Tangerang,1980-06-11,Perempuan,B,Jl. Firmansyah No. 24,005/001,Cipete,Tebet,Tangerang,Banten,KRISTEN,Belum Menikah,Wiraswasta,WNI,SEUMUR HIDUP
DKC000277,3671012601770277,Gunawan Nugroho,Tangerang,1977-01-26,Laki-Laki,O,Jl. Kusuma No. 6,011/001,Bintaro,Kramat Jati,Tangerang,Banten,KONGHUCU,Belum Menikah,Wiraswasta,WNI,SEUMUR HIDUP
DKC000278,3671012112960278,Fajar Firmansyah,Tangerang,1996-12-21,Laki-Laki,AB,Jl. Permana No. 97,006/008,Duren Sawit,Kramat Jati,Tangerang,Banten,HINDU,Cerai Hidup,Wiraswasta,WNI,SEUMUR HIDUP
DKC000279,3172015809940279,Rita Saputra,Jakarta Utara,1994-09-18,Perempuan,AB,Jl. Rahman No. 73,005/002,Bintaro,Tebet,Jakarta Utara,DKI Jakarta,KATOLIK,Cerai Hidup,Wiraswasta,WNI,SEUMUR HIDUP
DKC000280,3271015406730280,Anggi Firmansyah,Bogor,1973-06-14,Perempuan,B,Jl. Kusuma No. 62,001/010,Cipete,Serpong,Bogor,Jawa Barat,KATOLIK,Belum Menikah,Wiraswasta,WNI,SEUMUR HIDUP
DKC000281,3271011110830281,Gunawan Handoko,Bogor,1983-10-11,Laki-Laki,O,Jl. Wibowo No. 10,010/010,Kebon Baru,Cengkareng,Bogor,Jawa Barat,KONGHUCU,Belum Menikah,Wiraswasta,WNI,SEUMUR HIDUP
DKC000282,3271014412020282,Suryani Lubis,Bogor,2002-12-04,Perempuan,B,Jl. Lubis No. 143,003/005,Sukajadi,Bekasi Timur,Bogor,Jawa Barat,KRISTEN,Cerai Hidup,Wiraswasta,WNI,SEUMUR HIDUP
DKC000283,3671012112740283,Sutrisno Gunawan,Tangerang,1974-12-21,Laki-Laki,AB,Jl. Nugroho No. 79,007/006,Rawa Bunga,Cengkareng,Tangerang,Banten,BUDDHA,Cerai Hidup,Wiraswasta,WNI,SEUMUR HIDUP
DKC000284,3275015606930284,Anggi Saputra,Bekasi,1993-06-16,Perempuan,A,Jl. Handoko No. 50,009/002,Cipete,Sukmajaya,Bekasi,Jawa Barat,KATOLIK,Cerai Mati,Wiraswasta,WNI,SEUMUR HIDUP
DKC000285,3171011605800285,Irfan Setiawan,Jakarta Pusat,1980-05-16,Laki-Laki,O,Jl. Siregar No. 118,003/006,Cempaka Putih,Tebet,Jakarta Pusat,DKI Jakarta,HINDU,Cerai Hidup,Wiraswasta,WNI,SEUMUR HIDUP
DKC000286,3174011204850286,Eko Tanjung,Jakarta Selatan,1985-04-12,Laki-Laki,AB,Jl. Hidayat No. 44,010/003,Bintaro,Tebet,Jakarta Selatan,DKI Jakarta,KRISTEN,Cerai Mati,Wiraswasta,WNI,SEUMUR HIDUP
DKC000287,3674015803650287,Putri Permana,Tangerang Selatan,1965-03-18,Perempuan,A,Jl. Rahman No. 52,012/006,Sukamaju,Cengkareng,Tangerang Selatan,Jawa Barat,BUDDHA,Belum Menikah,Wiraswasta,WNI,SEUMUR HIDUP
DKC000288,3671012502750288,Sutrisno Santoso,Tangerang,1975-02-25,Laki-Laki,AB,Jl. Susanto No. 34,002/007,Duren Sawit,Kramat Jati,Tangerang,Banten,ISLAM,Menikah,Wiraswasta,WNI,SEUMUR HIDUP
DKC000289,3671015506840289,Lestari Suryadi,Tangerang,1984-06-15,Perempuan,B,Jl. Gunawan No. 126,006/004,Cempaka Putih,Bekasi Timur,Tangerang,Banten,ISLAM,Belum Menikah,Wiraswasta,WNI,SEUMUR HIDUP
DKC000290,3174011506910290,Rian Setiawan,Jakarta Selatan,1991-06-15,Laki-Laki,B,Jl. Saputra No. 94,012/001,Cipete,Serpong,Jakarta Selatan,DKI Jakarta,KATOLIK,Menikah,Wiraswasta,WNI,SEUMUR HIDUP
DKC000291,3671010203670291,Sutrisno Saputra,Tangerang,1967-03-02,Laki-Laki,A,Jl. Permana No. 114,007/002,Duren Sawit,Bekasi Timur,Tangerang,Banten,KONGHUCU,Belum Menikah,Wiraswasta,WNI,SEUMUR HIDUP
DKC000292,3671010507780292,Anton Lubis,Tangerang,1978-07-05,Laki-Laki,O,Jl. Lubis No. 26,011/009,Duren Sawit,Sukmajaya,Tangerang,Banten,BUDDHA,Belum Menikah,Wiraswasta,WNI,SEUMUR HIDUP
DKC000293,3671014609770293,Kartika Saputra,Tangerang,1977-09-06,Perempuan,A,Jl. Saputra No. 128,004/010,Kebon Baru,Cengkareng,Tangerang,Banten,BUDDHA,Belum Menikah,Wiraswasta,WNI,SEUMUR HIDUP
DKC000294,3276014810660294,Lina Permana,Depok,1966-10-08,Perempuan,O,Jl. Hidayat No. 124,006/004,Sukamaju,Tebet,Depok,Jawa Barat,KONGHUCU,Menikah,Wiraswasta,WNI,SEUMUR HIDUP
DKC000295,3671011009710295,Fauzi Siregar,Tangerang,1971-09-10,Laki-Laki,A,Jl. Situmorang No. 131,002/002,Duren Sawit,Serpong,Tangerang,Banten,KRISTEN,Cerai Mati,Wiraswasta,WNI,SEUMUR HIDUP
DKC000296,3174016406010296,Indah Suryadi,Jakarta Selatan,2001-06-24,Perempuan,B,Jl. Wijaya No. 75,006/006,Cipete,Serpong,Jakarta Selatan,DKI Jakarta,ISLAM,Menikah,Wiraswasta,WNI,SEUMUR HIDUP
DKC000297,3671012909790297,Budi Setiawan,Tangerang,1979-09-29,Laki-Laki,AB,Jl. Suryadi No. 69,012/002,Rawa Bunga,Cengkareng,Tangerang,Banten,KRISTEN,Menikah,Wiraswasta,WNI,SEUMUR HIDUP
DKC000298,3674015312950298,Putri Suryadi,Tangerang Selatan,1995-12-13,Perempuan,O,Jl. Permana No. 43,002/003,Sukamaju,Kramat Jati,Tangerang Selatan,Jawa Barat,ISLAM,Cerai Mati,Wiraswasta,WNI,SEUMUR HIDUP
DKC000299,3671015702730299,Retno Siregar,Tangerang,1973-02-17,Perempuan,O,Jl. Situmorang No. 92,010/001,Cempaka Putih,Bekasi Timur,Tangerang,Banten,HINDU,Menikah,Wiraswasta,WNI,SEUMUR HIDUP
DKC000300,3175016005940300,Novi Wijaya,Jakarta Timur,1994-05-20,Perempuan,AB,Jl. Santoso No. 135,012/010,Kebon Baru,Serpong,Jakarta Timur,DKI Jakarta,KATOLIK,Menikah,Wiraswasta,WNI,SEUMUR HIDUP
DKC000301,3173014507800301,Yanti Panjaitan,Jakarta Barat,1980-07-05,Perempuan,O,Jl. Setiawan No. 143,010/001,Sukamaju,Serpong,Jakarta Barat,DKI Jakarta,KRISTEN,Cerai Mati,Wiraswasta,WNI,SEUMUR HIDUP
DKC000302,3173016105790302,Anggi Pratama,Jakarta Barat,1979-05-21,Perempuan,B,Jl. Gunawan No. 72,001/009,Kebon Baru,Sukmajaya,Jakarta Barat,DKI Jakarta,KONGHUCU,Cerai Mati,Wiraswasta,WNI,SEUMUR HIDUP
DKC000303,3173014412840303,Kartika Nugroho,Jakarta Barat,1984-12-04,Perempuan,O,Jl. Kurniawan No. 128,008/006,Sukajadi,Bekasi Timur,Jakarta Barat,DKI Jakarta,KONGHUCU,Menikah,Wiraswasta,WNI,SEUMUR HIDUP
DKC000304,3172011908890304,Slamet Permana,Jakarta Utara,1989-08-19,Laki-Laki,A,Jl. Kurniawan No. 78,009/009,Kebon Baru,Serpong,Jakarta Utara,DKI Jakarta,KONGHUCU,Cerai Mati,Wiraswasta,WNI,SEUMUR HIDUP
DKC000305,3173016311790305,Maya Wijaya,Jakarta Barat,1979-11-23,Perempuan,O,Jl. Hutapea No. 94,012/008,Sukajadi,Tebet,Jakarta Barat,DKI Jakarta,KONGHUCU,Belum Menikah,Wiraswasta,WNI,SEUMUR HIDUP
DKC000306,3671012707890306,Eko Halim,Tangerang,1989-07-27,Laki-Laki,AB,Jl. Hutapea No. 28,001/003,Bintaro,Kramat Jati,Tangerang,Banten,KONGHUCU,Cerai Mati,Wiraswasta,WNI,SEUMUR HIDUP
DKC000307,3171010206700307,Wahyu Simanjuntak,Jakarta Pusat,1970-06-02,Laki-Laki,O,Jl. Hidayat No. 118,004/006,Sukajadi,Bekasi Timur,Jakarta Pusat,DKI Jakarta,ISLAM,Menikah,Wiraswasta,WNI,SEUMUR HIDUP
DKC000308,3671015805870308,Novi Lubis,Tangerang,1987-05-18,Perempuan,A,Jl. Kusuma No. 13,009/007,Bintaro,Sukmajaya,Tangerang,Banten,KRISTEN,Belum Menikah,Wiraswasta,WNI,SEUMUR HIDUP
DKC000309,3671011308870309,Rizky Wibowo,Tangerang,1987-08-13,Laki-Laki,O,Jl. Permana No. 64,005/007,Rawa Bunga,Cengkareng,Tangerang,Banten,HINDU,Belum Menikah,Wiraswasta,WNI,SEUMUR HIDUP
DKC000310,3671012610020310,Joko Simanjuntak,Tangerang,2002-10-26,Laki-Laki,AB,Jl. Hutapea No. 142,011/004,Kebon Baru,Kramat Jati,Tangerang,Banten,BUDDHA,Cerai Hidup,Wiraswasta,WNI,SEUMUR HIDUP
DKC000311,3171014908870311,Suryani Lubis,Jakarta Pusat,1987-08-09,Perempuan,AB,Jl. Hutapea No. 30,006/009,Bintaro,Sukmajaya,Jakarta Pusat,DKI Jakarta,BUDDHA,Cerai Mati,Wiraswasta,WNI,SEUMUR HIDUP
DKC000312,3172015110690312,Melati Permana,Jakarta Utara,1969-10-11,Perempuan,A,Jl. Wibowo No. 38,001/001,Kebon Baru,Cengkareng,Jakarta Utara,DKI Jakarta,KRISTEN,Cerai Hidup,Wiraswasta,WNI,SEUMUR HIDUP
DKC000313,3671016502740313,Wulan Wijaya,Tangerang,1974-02-25,Perempuan,A,Jl. Halim No. 116,002/010,Kebon Baru,Serpong,Tangerang,Banten,KONGHUCU,Cerai Mati,Wiraswasta,WNI,SEUMUR HIDUP
DKC000314,3275011202820314,Dimas Hutapea,Bekasi,1982-02-12,Laki-Laki,O,Jl. Permana No. 81,009/001,Sukamaju,Serpong,Bekasi,Jawa Barat,KATOLIK,Belum Menikah,Wiraswasta,WNI,SEUMUR HIDUP
DKC000315,3671015511980315,Kartika Nugroho,Tangerang,1998-11-15,Perempuan,B,Jl. Situmorang No. 50,005/008,Cempaka Putih,Serpong,Tangerang,Banten,ISLAM,Belum Menikah,Wiraswasta,WNI,SEUMUR HIDUP
DKC000316,3173012810660316,Rian Kusuma,Jakarta Barat,1966-10-28,Laki-Laki,O,Jl. Firmansyah No. 143,005/003,Cempaka Putih,Sukmajaya,Jakarta Barat,DKI Jakarta,KATOLIK,Menikah,Wiraswasta,WNI,SEUMUR HIDUP
DKC000317,3174016411710317,Novi Hutapea,Jakarta Selatan,1971-11-24,Perempuan,AB,Jl. Simanjuntak No. 14,011/010,Duren Sawit,Bekasi Timur,Jakarta Selatan,DKI Jakarta,BUDDHA,Cerai Hidup,Wiraswasta,WNI,SEUMUR HIDUP
DKC000318,3276010104730318,Yudi Hutapea,Depok,1973-04-01,Laki-Laki,A,Jl. Kusuma No. 41,007/009,Cipete,Tebet,Depok,Jawa Barat,KATOLIK,Belum Menikah,Wiraswasta,WNI,SEUMUR HIDUP
DKC000319,3271010303780319,Sutrisno Gunawan,Bogor,1978-03-03,Laki-Laki,B,Jl. Situmorang No. 136,008/009,Sukamaju,Tebet,Bogor,Jawa Barat,KONGHUCU,Cerai Hidup,Wiraswasta,WNI,SEUMUR HIDUP
DKC000320,3671015610660320,Fitri Tanjung,Tangerang,1966-10-16,Perempuan,AB,Jl. Wibowo No. 30,007/005,Duren Sawit,Tebet,Tangerang,Banten,BUDDHA,Cerai Hidup,Wiraswasta,WNI,SEUMUR HIDUP
DKC000321,3276015605790321,Wati Wijaya,Depok,1979-05-16,Perempuan,A,Jl. Saputra No. 43,009/009,Sukamaju,Serpong,Depok,Jawa Barat,ISLAM,Belum Menikah,Wiraswasta,WNI,SEUMUR HIDUP
DKC000322,3275012303740322,Irfan Lubis,Bekasi,1974-03-23,Laki-Laki,O,Jl. Tanjung No. 19,012/003,Sukamaju,Bekasi Timur,Bekasi,Jawa Barat,KONGHUCU,Cerai Hidup,Wiraswasta,WNI,SEUMUR HIDUP
DKC000323,3171011708000323,Andi Kurniawan,Jakarta Pusat,2000-08-17,Laki-Laki,AB,Jl. Rahman No. 19,010/004,Duren Sawit,Bekasi Timur,Jakarta Pusat,DKI Jakarta,HINDU,Cerai Mati,Wiraswasta,WNI,SEUMUR HIDUP
DKC000324,3173015603950324,Ika Gunawan,Jakarta Barat,1995-03-16,Perempuan,A,Jl. Rahman No. 2,011/010,Sukajadi,Serpong,Jakarta Barat,DKI Jakarta,BUDDHA,Menikah,Wiraswasta,WNI,SEUMUR HIDUP
DKC000325,3175011904000325,Rudi Kusuma,Jakarta Timur,2000-04-19,Laki-Laki,AB,Jl. Simanjuntak No. 23,005/008,Cipete,Bekasi Timur,Jakarta Timur,DKI Jakarta,KONGHUCU,Menikah,Wiraswasta,WNI,SEUMUR HIDUP
DKC000326,3171014107980326,Sri Rahman,Jakarta Pusat,1998-07-01,Perempuan,O,Jl. Rahman No. 76,011/003,Duren Sawit,Serpong,Jakarta Pusat,DKI Jakarta,KONGHUCU,Cerai Hidup,Wiraswasta,WNI,SEUMUR HIDUP
DKC000327,3174011611660327,Arif Rahman,Jakarta Selatan,1966-11-16,Laki-Laki,A,Jl. Siregar No. 101,009/009,Sukajadi,Cengkareng,Jakarta Selatan,DKI Jakarta,KRISTEN,Cerai Hidup,Wiraswasta,WNI,SEUMUR HIDUP
DKC000328,3671012203720328,Joko Tanjung,Tangerang,1972-03-22,Laki-Laki,B,Jl. Nugroho No. 65,004/002,Cempaka Putih,Serpong,Tangerang,Banten,BUDDHA,Menikah,Wiraswasta,WNI,SEUMUR HIDUP
DKC000329,3175015702950329,Sari Rahman,Jakarta Timur,1995-02-17,Perempuan,A,Jl. Firmansyah No. 26,004/010,Bintaro,Cengkareng,Jakarta Timur,DKI Jakarta,KATOLIK,Belum Menikah,Wiraswasta,WNI,SEUMUR HIDUP
DKC000330,3671010609730330,Rizky Susanto,Tangerang,1973-09-06,Laki-Laki,AB,Jl. Handoko No. 116,006/010,Duren Sawit,Serpong,Tangerang,Banten,BUDDHA,Belum Menikah,Wiraswasta,WNI,SEUMUR HIDUP
DKC000331,3276016103650331,Retno Gunawan,Depok,1965-03-21,Perempuan,AB,Jl. Nugroho No. 57,012/007,Duren Sawit,Cengkareng,Depok,Jawa Barat,KRISTEN,Cerai Hidup,Wiraswasta,WNI,SEUMUR HIDUP
DKC000332,3271014511860332,Novi Suryadi,Bogor,1986-11-05,Perempuan,A,Jl. Pratama No. 21,005/003,Kebon Baru,Cengkareng,Bogor,Jawa Barat,KONGHUCU,Menikah,Wiraswasta,WNI,SEUMUR HIDUP
DKC000333,3671011506010333,Bayu Santoso,Tangerang,2001-06-15,Laki-Laki,O,Jl. Situmorang No. 55,001/009,Duren Sawit,Sukmajaya,Tangerang,Banten,BUDDHA,Cerai Mati,Wiraswasta,WNI,SEUMUR HIDUP
DKC000334,3172012211970334,Rudi Wibowo,Jakarta Utara,1997-11-22,Laki-Laki,AB,Jl. Setiawan No. 119,009/009,Sukajadi,Bekasi Timur,Jakarta Utara,DKI Jakarta,KATOLIK,Menikah,Wiraswasta,WNI,SEUMUR HIDUP
DKC000335,3671012012980335,Irfan Simanjuntak,Tangerang,1998-12-20,Laki-Laki,B,Jl. Suryadi No. 41,003/010,Cempaka Putih,Serpong,Tangerang,Banten,KONGHUCU,Cerai Mati,Wiraswasta,WNI,SEUMUR HIDUP
DKC000336,3276016710670336,Dewi Nugroho,Depok,1967-10-27,Perempuan,AB,Jl. Halim No. 60,001/004,Rawa Bunga,Bekasi Timur,Depok,Jawa Barat,HINDU,Cerai Mati,Wiraswasta,WNI,SEUMUR HIDUP
DKC000337,3275012707960337,Agus Tanjung,Bekasi,1996-07-27,Laki-Laki,AB,Jl. Panjaitan No. 68,010/009,Cempaka Putih,Bekasi Timur,Bekasi,Jawa Barat,KONGHUCU,Cerai Mati,Wiraswasta,WNI,SEUMUR HIDUP
DKC000338,3172015404760338,Rita Tanjung,Jakarta Utara,1976-04-14,Perempuan,O,Jl. Nugroho No. 133,007/006,Rawa Bunga,Bekasi Timur,Jakarta Utara,DKI Jakarta,HINDU,Menikah,Wiraswasta,WNI,SEUMUR HIDUP
DKC000339,3174013101880339,Hadi Pratama,Jakarta Selatan,1988-01-31,Laki-Laki,AB,Jl. Hidayat No. 39,003/003,Rawa Bunga,Sukmajaya,Jakarta Selatan,DKI Jakarta,KONGHUCU,Menikah,Wiraswasta,WNI,SEUMUR HIDUP
DKC000340,3671010808860340,Joko Gunawan,Tangerang,1986-08-08,Laki-Laki,O,Jl. Handoko No. 54,010/003,Cipete,Tebet,Tangerang,Banten,KRISTEN,Menikah,Wiraswasta,WNI,SEUMUR HIDUP
DKC000341,3171012903930341,Taufik Siregar,Jakarta Pusat,1993-03-29,Laki-Laki,A,Jl. Siregar No. 38,001/003,Duren Sawit,Kramat Jati,Jakarta Pusat,DKI Jakarta,BUDDHA,Cerai Mati,Wiraswasta,WNI,SEUMUR HIDUP
DKC000342,3671010511680342,Bayu Panjaitan,Tangerang,1968-11-05,Laki-Laki,B,Jl. Suryadi No. 121,008/003,Kebon Baru,Bekasi Timur,Tangerang,Banten,BUDDHA,Belum Menikah,Wiraswasta,WNI,SEUMUR HIDUP
DKC000343,3671011007720343,Iwan Lubis,Tangerang,1972-07-10,Laki-Laki,AB,Jl. Suryadi No. 18,004/007,Cipete,Kramat Jati,Tangerang,Banten,ISLAM,Menikah,Wiraswasta,WNI,SEUMUR HIDUP
DKC000344,3671012801020344,Dimas Kusuma,Tangerang,2002-01-28,Laki-Laki,B,Jl. Simanjuntak No. 25,003/008,Sukamaju,Sukmajaya,Tangerang,Banten,BUDDHA,Menikah,Wiraswasta,WNI,SEUMUR HIDUP
DKC000345,3172011103890345,Ahmad Lubis,Jakarta Utara,1989-03-11,Laki-Laki,A,Jl. Situmorang No. 111,009/007,Rawa Bunga,Tebet,Jakarta Utara,DKI Jakarta,KONGHUCU,Cerai Mati,Wiraswasta,WNI,SEUMUR HIDUP
DKC000346,3271010406910346,Yudi Handoko,Bogor,1991-06-04,Laki-Laki,A,Jl. Permana No. 35,005/008,Kebon Baru,Tebet,Bogor,Jawa Barat,KATOLIK,Cerai Mati,Wiraswasta,WNI,SEUMUR HIDUP
DKC000347,3671014512900347,Yuni Santoso,Tangerang,1990-12-05,Perempuan,A,Jl. Kusuma No. 2,007/004,Rawa Bunga,Bekasi Timur,Tangerang,Banten,KATOLIK,Menikah,Wiraswasta,WNI,SEUMUR HIDUP
DKC000348,3671012109760348,Joko Tanjung,Tangerang,1976-09-21,Laki-Laki,O,Jl. Siregar No. 94,010/005,Cipete,Kramat Jati,Tangerang,Banten,HINDU,Cerai Mati,Wiraswasta,WNI,SEUMUR HIDUP
DKC000349,3671012005760349,Rudi Rahman,Tangerang,1976-05-20,Laki-Laki,AB,Jl. Siregar No. 89,012/007,Cempaka Putih,Serpong,Tangerang,Banten,ISLAM,Belum Menikah,Wiraswasta,WNI,SEUMUR HIDUP
DKC000350,3174015508740350,Retno Hutapea,Jakarta Selatan,1974-08-15,Perempuan,O,Jl. Gunawan No. 141,010/001,Cempaka Putih,Bekasi Timur,Jakarta Selatan,DKI Jakarta,KONGHUCU,Menikah,Wiraswasta,WNI,SEUMUR HIDUP
DKC000351,3674011512680351,Fauzi Setiawan,Tangerang Selatan,1968-12-15,Laki-Laki,A,Jl. Firmansyah No. 57,006/002,Sukamaju,Serpong,Tangerang Selatan,Jawa Barat,HINDU,Cerai Mati,Wiraswasta,WNI,SEUMUR HIDUP
DKC000352,3171016109930352,Lina Simanjuntak,Jakarta Pusat,1993-09-21,Perempuan,O,Jl. Suryadi No. 3,004/009,Duren Sawit,Kramat Jati,Jakarta Pusat,DKI Jakarta,ISLAM,Belum Menikah,Wiraswasta,WNI,SEUMUR HIDUP
DKC000353,3276012005940353,Sutrisno Wijaya,Depok,1994-05-20,Laki-Laki,A,Jl. Pratama No. 23,005/007,Rawa Bunga,Serpong,Depok,Jawa Barat,HINDU,Cerai Mati,Wiraswasta,WNI,SEUMUR HIDUP
DKC000354,3671011701690354,Dimas Santoso,Tangerang,1969-01-17,Laki-Laki,AB,Jl. Panjaitan No. 144,010/006,Rawa Bunga,Cengkareng,Tangerang,Banten,KRISTEN,Belum Menikah,Wiraswasta,WNI,SEUMUR HIDUP
DKC000355,3671015709760355,Suryani Wibowo,Tangerang,1976-09-17,Perempuan,B,Jl. Permana No. 130,002/009,Sukajadi,Sukmajaya,Tangerang,Banten,KATOLIK,Cerai Hidup,Wiraswasta,WNI,SEUMUR HIDUP
DKC000356,3271012102960356,Yudi Kusuma,Bogor,1996-02-21,Laki-Laki,O,Jl. Wibowo No. 145,008/004,Rawa Bunga,Bekasi Timur,Bogor,Jawa Barat,KONGHUCU,Cerai Mati,Wiraswasta,WNI,SEUMUR HIDUP
DKC000357,3275010203820357,Ahmad Saputra,Bekasi,1982-03-02,Laki-Laki,B,Jl. Lubis No. 59,006/007,Rawa Bunga,Sukmajaya,Bekasi,Jawa Barat,BUDDHA,Menikah,Wiraswasta,WNI,SEUMUR HIDUP
DKC000358,3173016203950358,Fitri Susanto,Jakarta Barat,1995-03-22,Perempuan,AB,Jl. Kurniawan No. 142,003/008,Rawa Bunga,Cengkareng,Jakarta Barat,DKI Jakarta,KRISTEN,Cerai Hidup,Wiraswasta,WNI,SEUMUR HIDUP
DKC000359,3173012401980359,Rian Lubis,Jakarta Barat,1998-01-24,Laki-Laki,B,Jl. Nugroho No. 62,005/004,Kebon Baru,Kramat Jati,Jakarta Barat,DKI Jakarta,KRISTEN,Cerai Hidup,Wiraswasta,WNI,SEUMUR HIDUP
DKC000360,3174012604950360,Doni Saputra,Jakarta Selatan,1995-04-26,Laki-Laki,O,Jl. Simanjuntak No. 2,009/001,Bintaro,Cengkareng,Jakarta Selatan,DKI Jakarta,BUDDHA,Cerai Hidup,Wiraswasta,WNI,SEUMUR HIDUP
DKC000361,3674015603730361,Melati Siregar,Tangerang Selatan,1973-03-16,Perempuan,AB,Jl. Wibowo No. 57,010/003,Sukamaju,Sukmajaya,Tangerang Selatan,Jawa Barat,HINDU,Cerai Mati,Wiraswasta,WNI,SEUMUR HIDUP
DKC000362,3276010507850362,Dimas Halim,Depok,1985-07-05,Laki-Laki,A,Jl. Hutapea No. 133,008/006,Sukamaju,Tebet,Depok,Jawa Barat,KONGHUCU,Belum Menikah,Wiraswasta,WNI,SEUMUR HIDUP
DKC000363,3271016706920363,Rita Saputra,Bogor,1992-06-27,Perempuan,AB,Jl. Pratama No. 141,005/004,Duren Sawit,Bekasi Timur,Bogor,Jawa Barat,BUDDHA,Cerai Hidup,Wiraswasta,WNI,SEUMUR HIDUP
DKC000364,3276016010830364,Sri Handoko,Depok,1983-10-20,Perempuan,AB,Jl. Halim No. 103,005/008,Cempaka Putih,Sukmajaya,Depok,Jawa Barat,KRISTEN,Belum Menikah,Wiraswasta,WNI,SEUMUR HIDUP
DKC000365,3172012205840365,Rian Firmansyah,Jakarta Utara,1984-05-22,Laki-Laki,O,Jl. Hidayat No. 38,012/003,Bintaro,Tebet,Jakarta Utara,DKI Jakarta,KRISTEN,Cerai Mati,Wiraswasta,WNI,SEUMUR HIDUP
DKC000366,3671016403000366,Wulan Tanjung,Tangerang,2000-03-24,Perempuan,O,Jl. Susanto No. 65,009/010,Sukamaju,Bekasi Timur,Tangerang,Banten,ISLAM,Belum Menikah,Wiraswasta,WNI,SEUMUR HIDUP
DKC000367,3275010703850367,Yusuf Firmansyah,Bekasi,1985-03-07,Laki-Laki,AB,Jl. Firmansyah No. 93,006/009,Duren Sawit,Cengkareng,Bekasi,Jawa Barat,ISLAM,Cerai Mati,Wiraswasta,WNI,SEUMUR HIDUP
DKC000368,3671011711900368,Rudi Lubis,Tangerang,1990-11-17,Laki-Laki,B,Jl. Situmorang No. 73,006/006,Bintaro,Serpong,Tangerang,Banten,HINDU,Menikah,Wiraswasta,WNI,SEUMUR HIDUP
DKC000369,3276014807720369,Nina Susanto,Depok,1972-07-08,Perempuan,AB,Jl. Permana No. 147,007/002,Sukajadi,Kramat Jati,Depok,Jawa Barat,KATOLIK,Belum Menikah,Wiraswasta,WNI,SEUMUR HIDUP
DKC000370,3271016702920370,Ratna Tanjung,Bogor,1992-02-27,Perempuan,O,Jl. Firmansyah No. 114,006/010,Bintaro,Bekasi Timur,Bogor,Jawa Barat,KRISTEN,Belum Menikah,Wiraswasta,WNI,SEUMUR HIDUP
DKC000371,3175011505980371,Dedi Panjaitan,Jakarta Timur,1998-05-15,Laki-Laki,A,Jl. Hidayat No. 43,007/002,Sukajadi,Tebet,Jakarta Timur,DKI Jakarta,HINDU,Menikah,Wiraswasta,WNI,SEUMUR HIDUP
DKC000372,3671013008690372,Doni Wibowo,Tangerang,1969-08-30,Laki-Laki,AB,Jl. Simanjuntak No. 40,002/007,Duren Sawit,Kramat Jati,Tangerang,Banten,KRISTEN,Cerai Hidup,Wiraswasta,WNI,SEUMUR HIDUP
DKC000373,3172015308020373,Sari Setiawan,Jakarta Utara,2002-08-13,Perempuan,B,Jl. Santoso No. 9,011/006,Rawa Bunga,Bekasi Timur,Jakarta Utara,DKI Jakarta,HINDU,Cerai Hidup,Wiraswasta,WNI,SEUMUR HIDUP
DKC000374,3671014407910374,Wulan Hutapea,Tangerang,1991-07-04,Perempuan,O,Jl. Tanjung No. 145,007/009,Duren Sawit,Cengkareng,Tangerang,Banten,HINDU,Belum Menikah,Wiraswasta,WNI,SEUMUR HIDUP
DKC000375,3674012708760375,Hadi Susanto,Tangerang Selatan,1976-08-27,Laki-Laki,B,Jl. Susanto No. 3,001/009,Cempaka Putih,Cengkareng,Tangerang Selatan,Jawa Barat,KATOLIK,Cerai Mati,Wiraswasta,WNI,SEUMUR HIDUP
DKC000376,3271013005650376,Anton Handoko,Bogor,1965-05-30,Laki-Laki,O,Jl. Susanto No. 60,001/009,Rawa Bunga,Kramat Jati,Bogor,Jawa Barat,HINDU,Cerai Mati,Wiraswasta,WNI,SEUMUR HIDUP
DKC000377,3671016802020377,Fitri Pratama,Tangerang,2002-02-28,Perempuan,O,Jl. Nugroho No. 68,002/007,Kebon Baru,Sukmajaya,Tangerang,Banten,BUDDHA,Cerai Hidup,Wiraswasta,WNI,SEUMUR HIDUP
DKC000378,3671015107830378,Sari Panjaitan,Tangerang,1983-07-11,Perempuan,B,Jl. Kurniawan No. 47,003/005,Sukajadi,Serpong,Tangerang,Banten,HINDU,Cerai Mati,Wiraswasta,WNI,SEUMUR HIDUP
DKC000379,3276016105790379,Lina Simanjuntak,Depok,1979-05-21,Perempuan,A,Jl. Setiawan No. 13,009/001,Cempaka Putih,Tebet,Depok,Jawa Barat,KATOLIK,Cerai Hidup,Wiraswasta,WNI,SEUMUR HIDUP
DKC000380,3671011206750380,Anton Suryadi,Tangerang,1975-06-12,Laki-Laki,A,Jl. Setiawan No. 4,008/004,Rawa Bunga,Bekasi Timur,Tangerang,Banten,KATOLIK,Cerai Mati,Wiraswasta,WNI,SEUMUR HIDUP
DKC000381,3175014708680381,Novi Hutapea,Jakarta Timur,1968-08-07,Perempuan,B,Jl. Wijaya No. 69,007/002,Bintaro,Kramat Jati,Jakarta Timur,DKI Jakarta,KRISTEN,Cerai Hidup,Wiraswasta,WNI,SEUMUR HIDUP
DKC000382,3171014604820382,Kartika Santoso,Jakarta Pusat,1982-04-06,Perempuan,O,Jl. Nugroho No. 9,004/008,Sukajadi,Sukmajaya,Jakarta Pusat,DKI Jakarta,KONGHUCU,Belum Menikah,Wiraswasta,WNI,SEUMUR HIDUP
DKC000383,3271015202720383,Putri Lubis,Bogor,1972-02-12,Perempuan,A,Jl. Panjaitan No. 141,009/002,Duren Sawit,Bekasi Timur,Bogor,Jawa Barat,KONGHUCU,Cerai Hidup,Wiraswasta,WNI,SEUMUR HIDUP
DKC000384,3671012501700384,Rudi Wijaya,Tangerang,1970-01-25,Laki-Laki,B,Jl. Tanjung No. 112,006/001,Cempaka Putih,Cengkareng,Tangerang,Banten,BUDDHA,Menikah,Wiraswasta,WNI,SEUMUR HIDUP
DKC000385,3174016501910385,Retno Nugroho,Jakarta Selatan,1991-01-25,Perempuan,O,Jl. Hutapea No. 40,006/002,Kebon Baru,Kramat Jati,Jakarta Selatan,DKI Jakarta,HINDU,Menikah,Wiraswasta,WNI,SEUMUR HIDUP
DKC000386,3671014709670386,Suryani Situmorang,Tangerang,1967-09-07,Perempuan,AB,Jl. Tanjung No. 40,012/009,Sukajadi,Kramat Jati,Tangerang,Banten,HINDU,Belum Menikah,Wiraswasta,WNI,SEUMUR HIDUP
DKC000387,3674016111970387,Dian Tanjung,Tangerang Selatan,1997-11-21,Perempuan,B,Jl. Santoso No. 97,006/003,Duren Sawit,Tebet,Tangerang Selatan,Jawa Barat,HINDU,Cerai Mati,Wiraswasta,WNI,SEUMUR HIDUP
DKC000388,3276014306900388,Dian Hutapea,Depok,1990-06-03,Perempuan,B,Jl. Rahman No. 90,006/008,Duren Sawit,Sukmajaya,Depok,Jawa Barat,BUDDHA,Belum Menikah,Wiraswasta,WNI,SEUMUR HIDUP
DKC000389,3271010410010389,Dimas Setiawan,Bogor,2001-10-04,Laki-Laki,AB,Jl. Rahman No. 94,008/001,Cipete,Serpong,Bogor,Jawa Barat,KRISTEN,Menikah,Wiraswasta,WNI,SEUMUR HIDUP
DKC000390,3175014505970390,Tri Simanjuntak,Jakarta Timur,1997-05-05,Perempuan,A,Jl. Lubis No. 138,007/004,Bintaro,Sukmajaya,Jakarta Timur,DKI Jakarta,KRISTEN,Cerai Hidup,Wiraswasta,WNI,SEUMUR HIDUP
DKC000391,3275016704690391,Ika Tanjung,Bekasi,1969-04-27,Perempuan,A,Jl. Wijaya No. 34,003/001,Kebon Baru,Tebet,Bekasi,Jawa Barat,HINDU,Belum Menikah,Wiraswasta,WNI,SEUMUR HIDUP
DKC000392,3671010707940392,Agus Siregar,Tangerang,1994-07-07,Laki-Laki,O,Jl. Kusuma No. 66,001/006,Kebon Baru,Sukmajaya,Tangerang,Banten,KONGHUCU,Menikah,Wiraswasta,WNI,SEUMUR HIDUP
DKC000393,3671012904020393,Krisna Hidayat,Tangerang,2002-04-29,Laki-Laki,A,Jl. Suryadi No. 16,006/009,Cipete,Cengkareng,Tangerang,Banten,KONGHUCU,Menikah,Wiraswasta,WNI,SEUMUR HIDUP
DKC000394,3671014706020394,Ayu Wijaya,Tangerang,2002-06-07,Perempuan,AB,Jl. Kurniawan No. 56,009/002,Sukajadi,Serpong,Tangerang,Banten,KRISTEN,Cerai Mati,Wiraswasta,WNI,SEUMUR HIDUP
DKC000395,3671012807900395,Yusuf Kusuma,Tangerang,1990-07-28,Laki-Laki,B,Jl. Rahman No. 143,007/002,Rawa Bunga,Serpong,Tangerang,Banten,HINDU,Cerai Mati,Wiraswasta,WNI,SEUMUR HIDUP
DKC000396,3671012208870396,Hendra Pratama,Tangerang,1987-08-22,Laki-Laki,AB,Jl. Lubis No. 41,009/010,Bintaro,Cengkareng,Tangerang,Banten,KATOLIK,Cerai Hidup,Wiraswasta,WNI,SEUMUR HIDUP
DKC000397,3671016201020397,Ika Situmorang,Tangerang,2002-01-22,Perempuan,AB,Jl. Simanjuntak No. 62,010/009,Kebon Baru,Bekasi Timur,Tangerang,Banten,BUDDHA,Cerai Hidup,Wiraswasta,WNI,SEUMUR HIDUP
DKC000398,3275017107970398,Novi Suryadi,Bekasi,1997-07-31,Perempuan,A,Jl. Susanto No. 5,009/003,Duren Sawit,Tebet,Bekasi,Jawa Barat,KATOLIK,Belum Menikah,Wiraswasta,WNI,SEUMUR HIDUP
DKC000399,3175010211890399,Irfan Gunawan,Jakarta Timur,1989-11-02,Laki-Laki,B,Jl. Saputra No. 10,008/006,Cempaka Putih,Kramat Jati,Jakarta Timur,DKI Jakarta,KATOLIK,Cerai Hidup,Wiraswasta,WNI,SEUMUR HIDUP
DKC000400,3275010408900400,Fajar Firmansyah,Bekasi,1990-08-04,Laki-Laki,O,Jl. Siregar No. 56,012/002,Rawa Bunga,Bekasi Timur,Bekasi,Jawa Barat,KRISTEN,Cerai Mati,Wiraswasta,WNI,SEUMUR HIDUP
DKC000401,3275011310970401,Iwan Tanjung,Bekasi,1997-10-13,Laki-Laki,O,Jl. Kurniawan No. 15,006/006,Cipete,Bekasi Timur,Bekasi,Jawa Barat,ISLAM,Belum Menikah,Wiraswasta,WNI,SEUMUR HIDUP
DKC000402,3671010606670402,Gunawan Situmorang,Tangerang,1967-06-06,Laki-Laki,AB,Jl. Kusuma No. 11,006/009,Cempaka Putih,Cengkareng,Tangerang,Banten,BUDDHA,Belum Menikah,Wiraswasta,WNI,SEUMUR HIDUP
DKC000403,3671012712840403,Agus Lubis,Tangerang,1984-12-27,Laki-Laki,A,Jl. Nugroho No. 111,005/007,Cempaka Putih,Kramat Jati,Tangerang,Banten,KATOLIK,Menikah,Wiraswasta,WNI,SEUMUR HIDUP
DKC000404,3172016811820404,Rita Panjaitan,Jakarta Utara,1982-11-28,Perempuan,AB,Jl. Kurniawan No. 103,009/007,Cempaka Putih,Kramat Jati,Jakarta Utara,DKI Jakarta,HINDU,Belum Menikah,Wiraswasta,WNI,SEUMUR HIDUP
DKC000405,3671014503900405,Putri Tanjung,Tangerang,1990-03-05,Perempuan,B,Jl. Nugroho No. 19,005/007,Rawa Bunga,Serpong,Tangerang,Banten,BUDDHA,Menikah,Wiraswasta,WNI,SEUMUR HIDUP
DKC000406,3271011608800406,Sutrisno Permana,Bogor,1980-08-16,Laki-Laki,B,Jl. Gunawan No. 89,010/001,Duren Sawit,Kramat Jati,Bogor,Jawa Barat,KATOLIK,Cerai Mati,Wiraswasta,WNI,SEUMUR HIDUP
DKC000407,3171012909950407,Hadi Wijaya,Jakarta Pusat,1995-09-29,Laki-Laki,AB,Jl. Setiawan No. 22,002/001,Kebon Baru,Sukmajaya,Jakarta Pusat,DKI Jakarta,KRISTEN,Cerai Hidup,Wiraswasta,WNI,SEUMUR HIDUP
DKC000408,3175011003850408,Eko Hutapea,Jakarta Timur,1985-03-10,Laki-Laki,O,Jl. Santoso No. 85,004/009,Kebon Baru,Kramat Jati,Jakarta Timur,DKI Jakarta,BUDDHA,Cerai Hidup,Wiraswasta,WNI,SEUMUR HIDUP
DKC000409,3174016311810409,Nina Panjaitan,Jakarta Selatan,1981-11-23,Perempuan,A,Jl. Firmansyah No. 44,001/005,Kebon Baru,Serpong,Jakarta Selatan,DKI Jakarta,BUDDHA,Cerai Hidup,Wiraswasta,WNI,SEUMUR HIDUP
DKC000410,3174010806820410,Hadi Tanjung,Jakarta Selatan,1982-06-08,Laki-Laki,AB,Jl. Lubis No. 93,002/001,Duren Sawit,Serpong,Jakarta Selatan,DKI Jakarta,HINDU,Belum Menikah,Wiraswasta,WNI,SEUMUR HIDUP
DKC000411,3175016809860411,Ayu Hutapea,Jakarta Timur,1986-09-28,Perempuan,A,Jl. Pratama No. 51,009/008,Sukamaju,Tebet,Jakarta Timur,DKI Jakarta,KRISTEN,Cerai Hidup,Wiraswasta,WNI,SEUMUR HIDUP
DKC000412,3671016910650412,Wati Wibowo,Tangerang,1965-10-29,Perempuan,AB,Jl. Lubis No. 91,006/005,Kebon Baru,Sukmajaya,Tangerang,Banten,KATOLIK,Menikah,Wiraswasta,WNI,SEUMUR HIDUP
DKC000413,3172016707770413,Melati Wibowo,Jakarta Utara,1977-07-27,Perempuan,B,Jl. Setiawan No. 88,007/003,Sukajadi,Serpong,Jakarta Utara,DKI Jakarta,HINDU,Belum Menikah,Wiraswasta,WNI,SEUMUR HIDUP
DKC000414,3173014601790414,Fitri Siregar,Jakarta Barat,1979-01-06,Perempuan,AB,Jl. Suryadi No. 139,003/004,Cempaka Putih,Sukmajaya,Jakarta Barat,DKI Jakarta,BUDDHA,Belum Menikah,Wiraswasta,WNI,SEUMUR HIDUP
DKC000415,3671011704840415,Bambang Hutapea,Tangerang,1984-04-17,Laki-Laki,B,Jl. Tanjung No. 145,003/006,Sukajadi,Sukmajaya,Tangerang,Banten,BUDDHA,Menikah,Wiraswasta,WNI,SEUMUR HIDUP
DKC000416,3671010305990416,Eko Setiawan,Tangerang,1999-05-03,Laki-Laki,AB,Jl. Permana No. 106,005/008,Duren Sawit,Kramat Jati,Tangerang,Banten,KRISTEN,Menikah,Wiraswasta,WNI,SEUMUR HIDUP
DKC000417,3671010203920417,Hendra Santoso,Tangerang,1992-03-02,Laki-Laki,B,Jl. Simanjuntak No. 60,004/001,Rawa Bunga,Tebet,Tangerang,Banten,KONGHUCU,Cerai Mati,Wiraswasta,WNI,SEUMUR HIDUP
DKC000418,3271010304730418,Dimas Simanjuntak,Bogor,1973-04-03,Laki-Laki,O,Jl. Handoko No. 122,003/003,Kebon Baru,Kramat Jati,Bogor,Jawa Barat,ISLAM,Cerai Mati,Wiraswasta,WNI,SEUMUR HIDUP
DKC000419,3276012004980419,Krisna Firmansyah,Depok,1998-04-20,Laki-Laki,B,Jl. Situmorang No. 53,002/003,Bintaro,Sukmajaya,Depok,Jawa Barat,HINDU,Cerai Hidup,Wiraswasta,WNI,SEUMUR HIDUP
DKC000420,3674016710990420,Melati Nugroho,Tangerang Selatan,1999-10-27,Perempuan,A,Jl. Simanjuntak No. 98,012/006,Cipete,Sukmajaya,Tangerang Selatan,Jawa Barat,KONGHUCU,Menikah,Wiraswasta,WNI,SEUMUR HIDUP
DKC000421,3171010804880421,Hadi Suryadi,Jakarta Pusat,1988-04-08,Laki-Laki,O,Jl. Panjaitan No. 11,009/007,Sukamaju,Kramat Jati,Jakarta Pusat,DKI Jakarta,KATOLIK,Cerai Mati,Wiraswasta,WNI,SEUMUR HIDUP
DKC000422,3674016006720422,Melati Susanto,Tangerang Selatan,1972-06-20,Perempuan,O,Jl. Susanto No. 14,012/009,Cempaka Putih,Bekasi Timur,Tangerang Selatan,Jawa Barat,KONGHUCU,Cerai Mati,Wiraswasta,WNI,SEUMUR HIDUP
DKC000423,3171010712990423,Rian Kusuma,Jakarta Pusat,1999-12-07,Laki-Laki,B,Jl. Wibowo No. 106,006/008,Sukamaju,Kramat Jati,Jakarta Pusat,DKI Jakarta,HINDU,Belum Menikah,Wiraswasta,WNI,SEUMUR HIDUP
DKC000424,3276016303970424,Rina Firmansyah,Depok,1997-03-23,Perempuan,A,Jl. Kurniawan No. 30,012/008,Rawa Bunga,Tebet,Depok,Jawa Barat,BUDDHA,Cerai Mati,Wiraswasta,WNI,SEUMUR HIDUP
DKC000425,3275011906990425,Slamet Rahman,Bekasi,1999-06-19,Laki-Laki,B,Jl. Gunawan No. 145,011/003,Cempaka Putih,Kramat Jati,Bekasi,Jawa Barat,KRISTEN,Menikah,Wiraswasta,WNI,SEUMUR HIDUP
DKC000426,3671015512770426,Lestari Susanto,Tangerang,1977-12-15,Perempuan,B,Jl. Saputra No. 34,004/001,Duren Sawit,Tebet,Tangerang,Banten,HINDU,Cerai Mati,Wiraswasta,WNI,SEUMUR HIDUP
DKC000427,3671014309750427,Dian Santoso,Tangerang,1975-09-03,Perempuan,B,Jl. Siregar No. 122,008/007,Bintaro,Tebet,Tangerang,Banten,BUDDHA,Menikah,Wiraswasta,WNI,SEUMUR HIDUP
DKC000428,3276011303670428,Bayu Rahman,Depok,1967-03-13,Laki-Laki,B,Jl. Setiawan No. 15,011/006,Sukamaju,Kramat Jati,Depok,Jawa Barat,ISLAM,Cerai Hidup,Wiraswasta,WNI,SEUMUR HIDUP
DKC000429,3174015509830429,Suryani Kurniawan,Jakarta Selatan,1983-09-15,Perempuan,B,Jl. Pratama No. 73,010/010,Cempaka Putih,Bekasi Timur,Jakarta Selatan,DKI Jakarta,KONGHUCU,Cerai Hidup,Wiraswasta,WNI,SEUMUR HIDUP
DKC000430,3271011407810430,Andi Situmorang,Bogor,1981-07-14,Laki-Laki,O,Jl. Kurniawan No. 110,009/002,Duren Sawit,Bekasi Timur,Bogor,Jawa Barat,KRISTEN,Menikah,Wiraswasta,WNI,SEUMUR HIDUP
DKC000431,3276015903960431,Ratna Kusuma,Depok,1996-03-19,Perempuan,B,Jl. Simanjuntak No. 15,002/010,Sukajadi,Bekasi Timur,Depok,Jawa Barat,KONGHUCU,Cerai Hidup,Wiraswasta,WNI,SEUMUR HIDUP
DKC000432,3271016710700432,Nina Gunawan,Bogor,1970-10-27,Perempuan,O,Jl. Kusuma No. 128,008/003,Kebon Baru,Serpong,Bogor,Jawa Barat,KATOLIK,Belum Menikah,Wiraswasta,WNI,SEUMUR HIDUP
DKC000433,3275013001980433,Rizky Santoso,Bekasi,1998-01-30,Laki-Laki,B,Jl. Simanjuntak No. 107,007/001,Rawa Bunga,Cengkareng,Bekasi,Jawa Barat,BUDDHA,Belum Menikah,Wiraswasta,WNI,SEUMUR HIDUP
DKC000434,3671013105760434,Gunawan Hidayat,Tangerang,1976-05-31,Laki-Laki,A,Jl. Susanto No. 77,009/009,Rawa Bunga,Tebet,Tangerang,Banten,ISLAM,Cerai Hidup,Wiraswasta,WNI,SEUMUR HIDUP
DKC000435,3671016904020435,Putri Panjaitan,Tangerang,2002-04-29,Perempuan,B,Jl. Hidayat No. 85,006/008,Bintaro,Tebet,Tangerang,Banten,KONGHUCU,Belum Menikah,Wiraswasta,WNI,SEUMUR HIDUP
DKC000436,3271017009850436,Wulan Tanjung,Bogor,1985-09-30,Perempuan,O,Jl. Panjaitan No. 15,009/005,Rawa Bunga,Sukmajaya,Bogor,Jawa Barat,BUDDHA,Menikah,Wiraswasta,WNI,SEUMUR HIDUP
DKC000437,3271012112670437,Taufik Lubis,Bogor,1967-12-21,Laki-Laki,B,Jl. Firmansyah No. 8,006/007,Cempaka Putih,Sukmajaya,Bogor,Jawa Barat,BUDDHA,Cerai Mati,Wiraswasta,WNI,SEUMUR HIDUP
DKC000438,3271010411960438,Iwan Saputra,Bogor,1996-11-04,Laki-Laki,A,Jl. Firmansyah No. 106,002/008,Kebon Baru,Cengkareng,Bogor,Jawa Barat,HINDU,Cerai Hidup,Wiraswasta,WNI,SEUMUR HIDUP
DKC000439,3174011510810439,Dimas Susanto,Jakarta Selatan,1981-10-15,Laki-Laki,A,Jl. Situmorang No. 52,002/008,Sukamaju,Bekasi Timur,Jakarta Selatan,DKI Jakarta,BUDDHA,Belum Menikah,Wiraswasta,WNI,SEUMUR HIDUP
DKC000440,3671011610990440,Eko Handoko,Tangerang,1999-10-16,Laki-Laki,AB,Jl. Setiawan No. 26,009/003,Kebon Baru,Serpong,Tangerang,Banten,ISLAM,Cerai Mati,Wiraswasta,WNI,SEUMUR HIDUP
DKC000441,3174015412780441,Lina Kusuma,Jakarta Selatan,1978-12-14,Perempuan,A,Jl. Lubis No. 23,006/008,Sukamaju,Tebet,Jakarta Selatan,DKI Jakarta,BUDDHA,Cerai Hidup,Wiraswasta,WNI,SEUMUR HIDUP
DKC000442,3276012505790442,Taufik Situmorang,Depok,1979-05-25,Laki-Laki,B,Jl. Hidayat No. 74,005/009,Rawa Bunga,Bekasi Timur,Depok,Jawa Barat,KONGHUCU,Menikah,Wiraswasta,WNI,SEUMUR HIDUP
DKC000443,3275014709650443,Wulan Pratama,Bekasi,1965-09-07,Perempuan,A,Jl. Hidayat No. 139,006/009,Rawa Bunga,Cengkareng,Bekasi,Jawa Barat,KRISTEN,Cerai Hidup,Wiraswasta,WNI,SEUMUR HIDUP
DKC000444,3271010104890444,Hendra Kurniawan,Bogor,1989-04-01,Laki-Laki,O,Jl. Wijaya No. 34,001/008,Sukamaju,Tebet,Bogor,Jawa Barat,HINDU,Menikah,Wiraswasta,WNI,SEUMUR HIDUP
DKC000445,3172010408910445,Joko Wibowo,Jakarta Utara,1991-08-04,Laki-Laki,O,Jl. Simanjuntak No. 92,005/006,Kebon Baru,Serpong,Jakarta Utara,DKI Jakarta,KONGHUCU,Menikah,Wiraswasta,WNI,SEUMUR HIDUP
DKC000446,3173015305690446,Rita Setiawan,Jakarta Barat,1969-05-13,Perempuan,O,Jl. Susanto No. 120,008/004,Kebon Baru,Kramat Jati,Jakarta Barat,DKI Jakarta,BUDDHA,Cerai Hidup,Wiraswasta,WNI,SEUMUR HIDUP
DKC000447,3671016005000447,Putri Pratama,Tangerang,2000-05-20,Perempuan,AB,Jl. Suryadi No. 125,001/002,Bintaro,Tebet,Tangerang,Banten,KATOLIK,Cerai Mati,Wiraswasta,WNI,SEUMUR HIDUP
DKC000448,3271015202920448,Anggi Pratama,Bogor,1992-02-12,Perempuan,B,Jl. Kusuma No. 27,007/002,Rawa Bunga,Sukmajaya,Bogor,Jawa Barat,KONGHUCU,Menikah,Wiraswasta,WNI,SEUMUR HIDUP
DKC000449,3674015409750449,Dian Suryadi,Tangerang Selatan,1975-09-14,Perempuan,B,Jl. Rahman No. 41,008/007,Sukajadi,Cengkareng,Tangerang Selatan,Jawa Barat,KRISTEN,Cerai Mati,Wiraswasta,WNI,SEUMUR HIDUP
DKC000450,3671014610720450,Rita Gunawan,Tangerang,1972-10-06,Perempuan,A,Jl. Panjaitan No. 147,008/002,Bintaro,Cengkareng,Tangerang,Banten,BUDDHA,Menikah,Wiraswasta,WNI,SEUMUR HIDUP
DKC000451,3275014211910451,Sri Susanto,Bekasi,1991-11-02,Perempuan,A,Jl. Lubis No. 98,006/008,Sukamaju,Tebet,Bekasi,Jawa Barat,KRISTEN,Belum Menikah,Wiraswasta,WNI,SEUMUR HIDUP
DKC000452,3671012704850452,Doni Setiawan,Tangerang,1985-04-27,Laki-Laki,AB,Jl. Wibowo No. 148,008/004,Kebon Baru,Serpong,Tangerang,Banten,KATOLIK,Cerai Hidup,Wiraswasta,WNI,SEUMUR HIDUP
DKC000453,3671014201690453,Suryani Permana,Tangerang,1969-01-02,Perempuan,A,Jl. Simanjuntak No. 131,007/003,Duren Sawit,Tebet,Tangerang,Banten,KATOLIK,Menikah,Wiraswasta,WNI,SEUMUR HIDUP
DKC000454,3275012008030454,Anton Rahman,Bekasi,2003-08-20,Laki-Laki,AB,Jl. Santoso No. 61,007/010,Cipete,Serpong,Bekasi,Jawa Barat,KATOLIK,Cerai Mati,Wiraswasta,WNI,SEUMUR HIDUP
DKC000455,3671016009940455,Putri Permana,Tangerang,1994-09-20,Perempuan,B,Jl. Handoko No. 36,004/009,Cipete,Cengkareng,Tangerang,Banten,HINDU,Belum Menikah,Wiraswasta,WNI,SEUMUR HIDUP
DKC000456,3171015007650456,Anggi Lubis,Jakarta Pusat,1965-07-10,Perempuan,A,Jl. Tanjung No. 5,003/008,Cipete,Kramat Jati,Jakarta Pusat,DKI Jakarta,ISLAM,Belum Menikah,Wiraswasta,WNI,SEUMUR HIDUP
DKC000457,3671015612920457,Anggi Suryadi,Tangerang,1992-12-16,Perempuan,B,Jl. Suryadi No. 131,007/009,Bintaro,Bekasi Timur,Tangerang,Banten,KATOLIK,Belum Menikah,Wiraswasta,WNI,SEUMUR HIDUP
DKC000458,3172010705870458,Joko Simanjuntak,Jakarta Utara,1987-05-07,Laki-Laki,B,Jl. Hutapea No. 129,005/007,Rawa Bunga,Tebet,Jakarta Utara,DKI Jakarta,ISLAM,Cerai Mati,Wiraswasta,WNI,SEUMUR HIDUP
DKC000459,3275015705710459,Ani Siregar,Bekasi,1971-05-17,Perempuan,AB,Jl. Suryadi No. 133,002/009,Sukajadi,Kramat Jati,Bekasi,Jawa Barat,HINDU,Menikah,Wiraswasta,WNI,SEUMUR HIDUP
DKC000460,3275015201860460,Nina Wijaya,Bekasi,1986-01-12,Perempuan,O,Jl. Kusuma No. 121,010/006,Cipete,Cengkareng,Bekasi,Jawa Barat,KATOLIK,Cerai Hidup,Wiraswasta,WNI,SEUMUR HIDUP
DKC000461,3671011108970461,Agus Hutapea,Tangerang,1997-08-11,Laki-Laki,AB,Jl. Wijaya No. 122,010/003,Sukamaju,Serpong,Tangerang,Banten,KATOLIK,Menikah,Wiraswasta,WNI,SEUMUR HIDUP
DKC000462,3172015306680462,Wati Kurniawan,Jakarta Utara,1968-06-13,Perempuan,AB,Jl. Firmansyah No. 34,010/005,Duren Sawit,Cengkareng,Jakarta Utara,DKI Jakarta,ISLAM,Menikah,Wiraswasta,WNI,SEUMUR HIDUP
DKC000463,3671012707940463,Krisna Siregar,Tangerang,1994-07-27,Laki-Laki,O,Jl. Halim No. 45,005/004,Bintaro,Kramat Jati,Tangerang,Banten,BUDDHA,Menikah,Wiraswasta,WNI,SEUMUR HIDUP
DKC000464,3671016907020464,Rina Setiawan,Tangerang,2002-07-29,Perempuan,O,Jl. Situmorang No. 106,007/004,Bintaro,Serpong,Tangerang,Banten,KONGHUCU,Belum Menikah,Wiraswasta,WNI,SEUMUR HIDUP
DKC000465,3275012310930465,Taufik Panjaitan,Bekasi,1993-10-23,Laki-Laki,AB,Jl. Situmorang No. 30,001/003,Bintaro,Bekasi Timur,Bekasi,Jawa Barat,HINDU,Cerai Hidup,Wiraswasta,WNI,SEUMUR HIDUP
DKC000466,3671015401820466,Desi Situmorang,Tangerang,1982-01-14,Perempuan,O,Jl. Handoko No. 68,003/009,Cipete,Tebet,Tangerang,Banten,KATOLIK,Cerai Mati,Wiraswasta,WNI,SEUMUR HIDUP
DKC000467,3671015505690467,Yanti Gunawan,Tangerang,1969-05-15,Perempuan,AB,Jl. Permana No. 70,006/005,Duren Sawit,Tebet,Tangerang,Banten,KATOLIK,Cerai Mati,Wiraswasta,WNI,SEUMUR HIDUP
DKC000468,3671014912970468,Tri Lubis,Tangerang,1997-12-09,Perempuan,B,Jl. Kusuma No. 87,011/003,Rawa Bunga,Sukmajaya,Tangerang,Banten,ISLAM,Menikah,Wiraswasta,WNI,SEUMUR HIDUP
DKC000469,3172013008690469,Budi Permana,Jakarta Utara,1969-08-30,Laki-Laki,O,Jl. Halim No. 57,012/005,Duren Sawit,Kramat Jati,Jakarta Utara,DKI Jakarta,ISLAM,Menikah,Wiraswasta,WNI,SEUMUR HIDUP
DKC000470,3671012111910470,Agus Simanjuntak,Tangerang,1991-11-21,Laki-Laki,A,Jl. Hutapea No. 31,002/010,Cempaka Putih,Bekasi Timur,Tangerang,Banten,KONGHUCU,Belum Menikah,Wiraswasta,WNI,SEUMUR HIDUP
DKC000471,3271011212850471,Anton Pratama,Bogor,1985-12-12,Laki-Laki,A,Jl. Tanjung No. 117,005/007,Rawa Bunga,Cengkareng,Bogor,Jawa Barat,KRISTEN,Menikah,Wiraswasta,WNI,SEUMUR HIDUP
DKC000472,3674014412790472,Tri Wijaya,Tangerang Selatan,1979-12-04,Perempuan,A,Jl. Firmansyah No. 68,003/008,Sukajadi,Bekasi Timur,Tangerang Selatan,Jawa Barat,KRISTEN,Cerai Mati,Wiraswasta,WNI,SEUMUR HIDUP
DKC000473,3171010204890473,Gunawan Handoko,Jakarta Pusat,1989-04-02,Laki-Laki,O,Jl. Hidayat No. 28,008/005,Sukajadi,Tebet,Jakarta Pusat,DKI Jakarta,ISLAM,Menikah,Wiraswasta,WNI,SEUMUR HIDUP
DKC000474,3173014509710474,Tri Suryadi,Jakarta Barat,1971-09-05,Perempuan,A,Jl. Wijaya No. 100,005/003,Rawa Bunga,Bekasi Timur,Jakarta Barat,DKI Jakarta,BUDDHA,Menikah,Wiraswasta,WNI,SEUMUR HIDUP
DKC000475,3275016503890475,Wati Permana,Bekasi,1989-03-25,Perempuan,B,Jl. Santoso No. 99,012/008,Sukajadi,Sukmajaya,Bekasi,Jawa Barat,BUDDHA,Cerai Hidup,Wiraswasta,WNI,SEUMUR HIDUP
DKC000476,3275015305930476,Yanti Susanto,Bekasi,1993-05-13,Perempuan,A,Jl. Halim No. 137,006/002,Bintaro,Cengkareng,Bekasi,Jawa Barat,KONGHUCU,Belum Menikah,Wiraswasta,WNI,SEUMUR HIDUP
DKC000477,3276012905780477,Arif Wijaya,Depok,1978-05-29,Laki-Laki,O,Jl. Saputra No. 92,008/002,Bintaro,Serpong,Depok,Jawa Barat,KRISTEN,Belum Menikah,Wiraswasta,WNI,SEUMUR HIDUP
DKC000478,3671011212860478,Yusuf Santoso,Tangerang,1986-12-12,Laki-Laki,O,Jl. Kurniawan No. 139,011/005,Bintaro,Sukmajaya,Tangerang,Banten,HINDU,Menikah,Wiraswasta,WNI,SEUMUR HIDUP
DKC000479,3275011103830479,Eko Wijaya,Bekasi,1983-03-11,Laki-Laki,A,Jl. Hidayat No. 134,008/009,Cempaka Putih,Serpong,Bekasi,Jawa Barat,BUDDHA,Belum Menikah,Wiraswasta,WNI,SEUMUR HIDUP
DKC000480,3173010105940480,Agus Panjaitan,Jakarta Barat,1994-05-01,Laki-Laki,A,Jl. Handoko No. 12,004/003,Sukamaju,Kramat Jati,Jakarta Barat,DKI Jakarta,KONGHUCU,Menikah,Wiraswasta,WNI,SEUMUR HIDUP
DKC000481,3276016206020481,Kartika Saputra,Depok,2002-06-22,Perempuan,A,Jl. Saputra No. 30,008/010,Kebon Baru,Tebet,Depok,Jawa Barat,KRISTEN,Cerai Mati,Wiraswasta,WNI,SEUMUR HIDUP
DKC000482,3671015907790482,Retno Panjaitan,Tangerang,1979-07-19,Perempuan,A,Jl. Lubis No. 148,009/003,Rawa Bunga,Kramat Jati,Tangerang,Banten,ISLAM,Belum Menikah,Wiraswasta,WNI,SEUMUR HIDUP
DKC000483,3276016512980483,Rina Saputra,Depok,1998-12-25,Perempuan,O,Jl. Pratama No. 95,009/003,Bintaro,Kramat Jati,Depok,Jawa Barat,BUDDHA,Menikah,Wiraswasta,WNI,SEUMUR HIDUP
DKC000484,3671012011990484,Rizky Tanjung,Tangerang,1999-11-20,Laki-Laki,B,Jl. Santoso No. 125,002/001,Sukamaju,Kramat Jati,Tangerang,Banten,ISLAM,Cerai Hidup,Wiraswasta,WNI,SEUMUR HIDUP
DKC000485,3276014104740485,Lina Situmorang,Depok,1974-04-01,Perempuan,B,Jl. Tanjung No. 70,009/008,Cipete,Kramat Jati,Depok,Jawa Barat,KRISTEN,Menikah,Wiraswasta,WNI,SEUMUR HIDUP
DKC000486,3671011802930486,Anton Handoko,Tangerang,1993-02-18,Laki-Laki,AB,Jl. Halim No. 108,001/009,Kebon Baru,Kramat Jati,Tangerang,Banten,ISLAM,Menikah,Wiraswasta,WNI,SEUMUR HIDUP
DKC000487,3671016810850487,Anggi Situmorang,Tangerang,1985-10-28,Perempuan,B,Jl. Firmansyah No. 14,004/002,Cempaka Putih,Serpong,Tangerang,Banten,HINDU,Cerai Mati,Wiraswasta,WNI,SEUMUR HIDUP
DKC000488,3174010512930488,Hendra Lubis,Jakarta Selatan,1993-12-05,Laki-Laki,AB,Jl. Susanto No. 54,007/005,Rawa Bunga,Sukmajaya,Jakarta Selatan,DKI Jakarta,HINDU,Menikah,Wiraswasta,WNI,SEUMUR HIDUP
DKC000489,3671010302720489,Rian Wijaya,Tangerang,1972-02-03,Laki-Laki,A,Jl. Handoko No. 132,002/002,Kebon Baru,Serpong,Tangerang,Banten,HINDU,Cerai Hidup,Wiraswasta,WNI,SEUMUR HIDUP
DKC000490,3671016804750490,Yuni Panjaitan,Tangerang,1975-04-28,Perempuan,A,Jl. Gunawan No. 59,002/004,Cipete,Kramat Jati,Tangerang,Banten,HINDU,Belum Menikah,Wiraswasta,WNI,SEUMUR HIDUP
DKC000491,3275012107840491,Ahmad Siregar,Bekasi,1984-07-21,Laki-Laki,B,Jl. Hidayat No. 117,003/007,Rawa Bunga,Kramat Jati,Bekasi,Jawa Barat,HINDU,Belum Menikah,Wiraswasta,WNI,SEUMUR HIDUP
DKC000492,3276015006660492,Indah Hidayat,Depok,1966-06-10,Perempuan,A,Jl. Firmansyah No. 35,002/008,Bintaro,Bekasi Timur,Depok,Jawa Barat,KRISTEN,Cerai Hidup,Wiraswasta,WNI,SEUMUR HIDUP
DKC000493,3671010106000493,Bayu Susanto,Tangerang,2000-06-01,Laki-Laki,B,Jl. Siregar No. 142,004/002,Cipete,Sukmajaya,Tangerang,Banten,HINDU,Belum Menikah,Wiraswasta,WNI,SEUMUR HIDUP
DKC000494,3275017009970494,Kartika Suryadi,Bekasi,1997-09-30,Perempuan,O,Jl. Panjaitan No. 64,004/006,Cipete,Sukmajaya,Bekasi,Jawa Barat,KRISTEN,Belum Menikah,Wiraswasta,WNI,SEUMUR HIDUP
DKC000495,3173012611970495,Joko Wijaya,Jakarta Barat,1997-11-26,Laki-Laki,A,Jl. Permana No. 136,007/008,Sukajadi,Bekasi Timur,Jakarta Barat,DKI Jakarta,HINDU,Belum Menikah,Wiraswasta,WNI,SEUMUR HIDUP
DKC000496,3173011210740496,Arif Situmorang,Jakarta Barat,1974-10-12,Laki-Laki,B,Jl. Halim No. 76,004/002,Sukamaju,Bekasi Timur,Jakarta Barat,DKI Jakarta,KONGHUCU,Cerai Hidup,Wiraswasta,WNI,SEUMUR HIDUP
DKC000497,3671012805850497,Anton Suryadi,Tangerang,1985-05-28,Laki-Laki,O,Jl. Situmorang No. 36,012/007,Cempaka Putih,Cengkareng,Tangerang,Banten,KONGHUCU,Cerai Mati,Wiraswasta,WNI,SEUMUR HIDUP
DKC000498,3173012712950498,Irfan Tanjung,Jakarta Barat,1995-12-27,Laki-Laki,AB,Jl. Kusuma No. 9,005/007,Duren Sawit,Serpong,Jakarta Barat,DKI Jakarta,BUDDHA,Belum Menikah,Wiraswasta,WNI,SEUMUR HIDUP
DKC000499,3671010302880499,Iwan Gunawan,Tangerang,1988-02-03,Laki-Laki,AB,Jl. Wijaya No. 29,007/006,Bintaro,Sukmajaya,Tangerang,Banten,ISLAM,Cerai Hidup,Wiraswasta,WNI,SEUMUR HIDUP
DKC000500,3671016602900500,Sri Tanjung,Tangerang,1990-02-26,Perempuan,B,Jl. Setiawan No. 86,004/009,Sukajadi,Serpong,Tangerang,Banten,HINDU,Belum Menikah,Wiraswasta,WNI,SEUMUR HIDUP
DKC000501,3674010706770501,Eko Halim,Tangerang Selatan,1977-06-07,Laki-Laki,A,Jl. Kurniawan No. 96,006/008,Bintaro,Sukmajaya,Tangerang Selatan,Jawa Barat,BUDDHA,Menikah,Wiraswasta,WNI,SEUMUR HIDUP
DKC000502,3671015104850502,Lina Rahman,Tangerang,1985-04-11,Perempuan,AB,Jl. Lubis No. 17,004/008,Sukajadi,Tebet,Tangerang,Banten,HINDU,Belum Menikah,Wiraswasta,WNI,SEUMUR HIDUP
DKC000503,3175015001700503,Rina Saputra,Jakarta Timur,1970-01-10,Perempuan,B,Jl. Handoko No. 39,004/009,Sukamaju,Cengkareng,Jakarta Timur,DKI Jakarta,HINDU,Belum Menikah,Wiraswasta,WNI,SEUMUR HIDUP
DKC000504,3275016901780504,Maya Permana,Bekasi,1978-01-29,Perempuan,B,Jl. Kurniawan No. 6,004/009,Rawa Bunga,Bekasi Timur,Bekasi,Jawa Barat,BUDDHA,Cerai Hidup,Wiraswasta,WNI,SEUMUR HIDUP
DKC000505,3671015807850505,Wati Siregar,Tangerang,1985-07-18,Perempuan,AB,Jl. Siregar No. 34,005/003,Duren Sawit,Kramat Jati,Tangerang,Banten,HINDU,Cerai Hidup,Wiraswasta,WNI,SEUMUR HIDUP
DKC000506,3175014410770506,Tri Wijaya,Jakarta Timur,1977-10-04,Perempuan,O,Jl. Pratama No. 42,012/009,Duren Sawit,Kramat Jati,Jakarta Timur,DKI Jakarta,KRISTEN,Belum Menikah,Wiraswasta,WNI,SEUMUR HIDUP
DKC000507,3175011010900507,Fajar Saputra,Jakarta Timur,1990-10-10,Laki-Laki,B,Jl. Suryadi No. 67,006/003,Kebon Baru,Sukmajaya,Jakarta Timur,DKI Jakarta,KONGHUCU,Menikah,Wiraswasta,WNI,SEUMUR HIDUP
DKC000508,3674016103890508,Maya Setiawan,Tangerang Selatan,1989-03-21,Perempuan,B,Jl. Rahman No. 78,002/001,Cipete,Bekasi Timur,Tangerang Selatan,Jawa Barat,KRISTEN,Cerai Mati,Wiraswasta,WNI,SEUMUR HIDUP
DKC000509,3671015301940509,Wulan Santoso,Tangerang,1994-01-13,Perempuan,AB,Jl. Handoko No. 75,010/003,Bintaro,Cengkareng,Tangerang,Banten,KONGHUCU,Menikah,Wiraswasta,WNI,SEUMUR HIDUP
DKC000510,3172017003700510,Melati Wijaya,Jakarta Utara,1970-03-30,Perempuan,AB,Jl. Santoso No. 103,010/004,Bintaro,Cengkareng,Jakarta Utara,DKI Jakarta,ISLAM,Cerai Hidup,Wiraswasta,WNI,SEUMUR HIDUP
DKC000511,3172011308880511,Iwan Tanjung,Jakarta Utara,1988-08-13,Laki-Laki,B,Jl. Situmorang No. 72,004/001,Sukajadi,Sukmajaya,Jakarta Utara,DKI Jakarta,HINDU,Menikah,Wiraswasta,WNI,SEUMUR HIDUP
DKC000512,3275016911940512,Yuni Handoko,Bekasi,1994-11-29,Perempuan,AB,Jl. Wibowo No. 38,012/007,Rawa Bunga,Bekasi Timur,Bekasi,Jawa Barat,KATOLIK,Menikah,Wiraswasta,WNI,SEUMUR HIDUP
DKC000513,3674014203900513,Maya Halim,Tangerang Selatan,1990-03-02,Perempuan,A,Jl. Hidayat No. 114,012/007,Bintaro,Cengkareng,Tangerang Selatan,Jawa Barat,KRISTEN,Cerai Mati,Wiraswasta,WNI,SEUMUR HIDUP
DKC000514,3671015206710514,Wulan Siregar,Tangerang,1971-06-12,Perempuan,B,Jl. Susanto No. 122,009/006,Sukajadi,Sukmajaya,Tangerang,Banten,HINDU,Menikah,Wiraswasta,WNI,SEUMUR HIDUP
DKC000515,3674010511720515,Joko Tanjung,Tangerang Selatan,1972-11-05,Laki-Laki,O,Jl. Hutapea No. 146,003/004,Cempaka Putih,Bekasi Timur,Tangerang Selatan,Jawa Barat,KATOLIK,Cerai Mati,Wiraswasta,WNI,SEUMUR HIDUP
DKC000516,3671010203870516,Fauzi Susanto,Tangerang,1987-03-02,Laki-Laki,O,Jl. Nugroho No. 7,001/003,Duren Sawit,Cengkareng,Tangerang,Banten,KONGHUCU,Cerai Mati,Wiraswasta,WNI,SEUMUR HIDUP
DKC000517,3674011701730517,Gunawan Lubis,Tangerang Selatan,1973-01-17,Laki-Laki,O,Jl. Hutapea No. 63,001/002,Duren Sawit,Bekasi Timur,Tangerang Selatan,Jawa Barat,ISLAM,Cerai Hidup,Wiraswasta,WNI,SEUMUR HIDUP
DKC000518,3674016202960518,Rita Permana,Tangerang Selatan,1996-02-22,Perempuan,A,Jl. Halim No. 132,012/010,Sukamaju,Cengkareng,Tangerang Selatan,Jawa Barat,KRISTEN,Menikah,Wiraswasta,WNI,SEUMUR HIDUP
DKC000519,3671011201810519,Eko Suryadi,Tangerang,1981-01-12,Laki-Laki,B,Jl. Wijaya No. 70,006/007,Rawa Bunga,Tebet,Tangerang,Banten,KATOLIK,Cerai Hidup,Wiraswasta,WNI,SEUMUR HIDUP
DKC000520,3671012104990520,Dimas Hidayat,Tangerang,1999-04-21,Laki-Laki,A,Jl. Simanjuntak No. 43,009/006,Rawa Bunga,Serpong,Tangerang,Banten,KATOLIK,Cerai Hidup,Wiraswasta,WNI,SEUMUR HIDUP
DKC000521,3671014712010521,Ani Rahman,Tangerang,2001-12-07,Perempuan,B,Jl. Santoso No. 36,009/005,Rawa Bunga,Bekasi Timur,Tangerang,Banten,HINDU,Cerai Hidup,Wiraswasta,WNI,SEUMUR HIDUP
DKC000522,3172010212740522,Rizky Hidayat,Jakarta Utara,1974-12-02,Laki-Laki,B,Jl. Rahman No. 135,009/009,Sukajadi,Bekasi Timur,Jakarta Utara,DKI Jakarta,HINDU,Menikah,Wiraswasta,WNI,SEUMUR HIDUP
DKC000523,3173011508800523,Fauzi Setiawan,Jakarta Barat,1980-08-15,Laki-Laki,AB,Jl. Hutapea No. 93,003/008,Rawa Bunga,Kramat Jati,Jakarta Barat,DKI Jakarta,KONGHUCU,Cerai Hidup,Wiraswasta,WNI,SEUMUR HIDUP
DKC000524,3171010906030524,Rian Saputra,Jakarta Pusat,2003-06-09,Laki-Laki,B,Jl. Hutapea No. 59,005/003,Kebon Baru,Kramat Jati,Jakarta Pusat,DKI Jakarta,ISLAM,Cerai Mati,Wiraswasta,WNI,SEUMUR HIDUP
DKC000525,3674012811660525,Andi Santoso,Tangerang Selatan,1966-11-28,Laki-Laki,B,Jl. Saputra No. 9,011/009,Sukamaju,Bekasi Timur,Tangerang Selatan,Jawa Barat,ISLAM,Cerai Hidup,Wiraswasta,WNI,SEUMUR HIDUP
DKC000526,3671010611980526,Andi Susanto,Tangerang,1998-11-06,Laki-Laki,A,Jl. Saputra No. 53,010/004,Cempaka Putih,Serpong,Tangerang,Banten,KATOLIK,Menikah,Wiraswasta,WNI,SEUMUR HIDUP
DKC000527,3271011910800527,Dedi Panjaitan,Bogor,1980-10-19,Laki-Laki,B,Jl. Kusuma No. 62,009/010,Sukajadi,Tebet,Bogor,Jawa Barat,BUDDHA,Menikah,Wiraswasta,WNI,SEUMUR HIDUP
DKC000528,3276012810980528,Anton Hidayat,Depok,1998-10-28,Laki-Laki,A,Jl. Panjaitan No. 26,004/009,Bintaro,Cengkareng,Depok,Jawa Barat,KONGHUCU,Belum Menikah,Wiraswasta,WNI,SEUMUR HIDUP
DKC000529,3175015101820529,Yanti Saputra,Jakarta Timur,1982-01-11,Perempuan,O,Jl. Hidayat No. 132,004/007,Sukajadi,Cengkareng,Jakarta Timur,DKI Jakarta,ISLAM,Cerai Mati,Wiraswasta,WNI,SEUMUR HIDUP
DKC000530,3271011208960530,Dimas Setiawan,Bogor,1996-08-12,Laki-Laki,AB,Jl. Rahman No. 11,002/006,Bintaro,Tebet,Bogor,Jawa Barat,HINDU,Cerai Hidup,Wiraswasta,WNI,SEUMUR HIDUP
DKC000531,3674015802750531,Nina Panjaitan,Tangerang Selatan,1975-02-18,Perempuan,O,Jl. Susanto No. 110,004/002,Bintaro,Serpong,Tangerang Selatan,Jawa Barat,KATOLIK,Belum Menikah,Wiraswasta,WNI,SEUMUR HIDUP
DKC000532,3671011310820532,Sutrisno Handoko,Tangerang,1982-10-13,Laki-Laki,O,Jl. Kusuma No. 22,002/003,Cipete,Bekasi Timur,Tangerang,Banten,KONGHUCU,Menikah,Wiraswasta,WNI,SEUMUR HIDUP
DKC000533,3175012612730533,Andi Halim,Jakarta Timur,1973-12-26,Laki-Laki,O,Jl. Saputra No. 60,007/008,Duren Sawit,Serpong,Jakarta Timur,DKI Jakarta,BUDDHA,Cerai Hidup,Wiraswasta,WNI,SEUMUR HIDUP
DKC000534,3671016609860534,Maya Handoko,Tangerang,1986-09-26,Perempuan,AB,Jl. Setiawan No. 117,002/002,Duren Sawit,Bekasi Timur,Tangerang,Banten,HINDU,Belum Menikah,Wiraswasta,WNI,SEUMUR HIDUP
DKC000535,3671013103020535,Budi Saputra,Tangerang,2002-03-31,Laki-Laki,A,Jl. Handoko No. 7,003/007,Rawa Bunga,Kramat Jati,Tangerang,Banten,KATOLIK,Menikah,Wiraswasta,WNI,SEUMUR HIDUP
DKC000536,3671012407000536,Sutrisno Situmorang,Tangerang,2000-07-24,Laki-Laki,O,Jl. Hidayat No. 76,011/008,Bintaro,Sukmajaya,Tangerang,Banten,KATOLIK,Cerai Hidup,Wiraswasta,WNI,SEUMUR HIDUP
DKC000537,3275011803820537,Doni Wijaya,Bekasi,1982-03-18,Laki-Laki,O,Jl. Gunawan No. 97,008/008,Sukamaju,Tebet,Bekasi,Jawa Barat,KRISTEN,Cerai Hidup,Wiraswasta,WNI,SEUMUR HIDUP
DKC000538,3175010802970538,Ahmad Permana,Jakarta Timur,1997-02-08,Laki-Laki,O,Jl. Handoko No. 29,010/008,Bintaro,Bekasi Timur,Jakarta Timur,DKI Jakarta,BUDDHA,Belum Menikah,Wiraswasta,WNI,SEUMUR HIDUP
DKC000539,3674010309920539,Slamet Firmansyah,Tangerang Selatan,1992-09-03,Laki-Laki,AB,Jl. Situmorang No. 73,006/001,Sukamaju,Sukmajaya,Tangerang Selatan,Jawa Barat,ISLAM,Belum Menikah,Wiraswasta,WNI,SEUMUR HIDUP
DKC000540,3671016904990540,Maya Panjaitan,Tangerang,1999-04-29,Perempuan,AB,Jl. Wibowo No. 25,007/006,Rawa Bunga,Bekasi Timur,Tangerang,Banten,KATOLIK,Menikah,Wiraswasta,WNI,SEUMUR HIDUP
DKC000541,3671010108910541,Fajar Nugroho,Tangerang,1991-08-01,Laki-Laki,A,Jl. Hutapea No. 17,005/002,Rawa Bunga,Kramat Jati,Tangerang,Banten,ISLAM,Cerai Hidup,Wiraswasta,WNI,SEUMUR HIDUP
DKC000542,3674011712760542,Hadi Lubis,Tangerang Selatan,1976-12-17,Laki-Laki,A,Jl. Hutapea No. 121,010/001,Rawa Bunga,Bekasi Timur,Tangerang Selatan,Jawa Barat,BUDDHA,Cerai Mati,Wiraswasta,WNI,SEUMUR HIDUP
DKC000543,3275016912950543,Rita Saputra,Bekasi,1995-12-29,Perempuan,B,Jl. Gunawan No. 128,009/006,Cempaka Putih,Sukmajaya,Bekasi,Jawa Barat,KATOLIK,Cerai Hidup,Wiraswasta,WNI,SEUMUR HIDUP
DKC000544,3671015209020544,Yuni Handoko,Tangerang,2002-09-12,Perempuan,B,Jl. Susanto No. 68,001/005,Cipete,Kramat Jati,Tangerang,Banten,BUDDHA,Menikah,Wiraswasta,WNI,SEUMUR HIDUP
DKC000545,3275013005900545,Taufik Gunawan,Bekasi,1990-05-30,Laki-Laki,O,Jl. Permana No. 54,006/002,Duren Sawit,Sukmajaya,Bekasi,Jawa Barat,KATOLIK,Cerai Mati,Wiraswasta,WNI,SEUMUR HIDUP
DKC000546,3271015301930546,Yuni Permana,Bogor,1993-01-13,Perempuan,O,Jl. Lubis No. 141,003/001,Cempaka Putih,Sukmajaya,Bogor,Jawa Barat,HINDU,Belum Menikah,Wiraswasta,WNI,SEUMUR HIDUP
DKC000547,3671016505900547,Indah Tanjung,Tangerang,1990-05-25,Perempuan,A,Jl. Kusuma No. 52,006/008,Cempaka Putih,Kramat Jati,Tangerang,Banten,KRISTEN,Cerai Hidup,Wiraswasta,WNI,SEUMUR HIDUP
DKC000548,3171015312020548,Ika Gunawan,Jakarta Pusat,2002-12-13,Perempuan,O,Jl. Firmansyah No. 74,011/003,Duren Sawit,Serpong,Jakarta Pusat,DKI Jakarta,BUDDHA,Belum Menikah,Wiraswasta,WNI,SEUMUR HIDUP
DKC000549,3171017003660549,Fitri Saputra,Jakarta Pusat,1966-03-30,Perempuan,B,Jl. Susanto No. 119,008/009,Cipete,Bekasi Timur,Jakarta Pusat,DKI Jakarta,KONGHUCU,Menikah,Wiraswasta,WNI,SEUMUR HIDUP
DKC000550,3174010408760550,Hendra Firmansyah,Jakarta Selatan,1976-08-04,Laki-Laki,AB,Jl. Lubis No. 141,003/001,Bintaro,Tebet,Jakarta Selatan,DKI Jakarta,ISLAM,Menikah,Wiraswasta,WNI,SEUMUR HIDUP
DKC000551,3173016104810551,Nina Susanto,Jakarta Barat,1981-04-21,Perempuan,A,Jl. Wibowo No. 36,004/002,Sukajadi,Sukmajaya,Jakarta Barat,DKI Jakarta,KONGHUCU,Cerai Hidup,Wiraswasta,WNI,SEUMUR HIDUP
DKC000552,3172016706700552,Melati Kurniawan,Jakarta Utara,1970-06-27,Perempuan,AB,Jl. Gunawan No. 150,012/007,Kebon Baru,Bekasi Timur,Jakarta Utara,DKI Jakarta,KRISTEN,Belum Menikah,Wiraswasta,WNI,SEUMUR HIDUP
DKC000553,3674012704830553,Hendra Hidayat,Tangerang Selatan,1983-04-27,Laki-Laki,AB,Jl. Siregar No. 15,008/009,Rawa Bunga,Serpong,Tangerang Selatan,Jawa Barat,ISLAM,Cerai Hidup,Wiraswasta,WNI,SEUMUR HIDUP
DKC000554,3175014703000554,Wati Lubis,Jakarta Timur,2000-03-07,Perempuan,B,Jl. Halim No. 122,012/006,Duren Sawit,Tebet,Jakarta Timur,DKI Jakarta,KONGHUCU,Menikah,Wiraswasta,WNI,SEUMUR HIDUP
DKC000555,3175011710890555,Anton Lubis,Jakarta Timur,1989-10-17,Laki-Laki,O,Jl. Susanto No. 93,011/002,Kebon Baru,Bekasi Timur,Jakarta Timur,DKI Jakarta,HINDU,Menikah,Wiraswasta,WNI,SEUMUR HIDUP
DKC000556,3275016711010556,Suryani Firmansyah,Bekasi,2001-11-27,Perempuan,B,Jl. Susanto No. 54,003/008,Rawa Bunga,Serpong,Bekasi,Jawa Barat,HINDU,Menikah,Wiraswasta,WNI,SEUMUR HIDUP
DKC000557,3674016201980557,Anggi Kurniawan,Tangerang Selatan,1998-01-22,Perempuan,O,Jl. Gunawan No. 109,002/003,Duren Sawit,Sukmajaya,Tangerang Selatan,Jawa Barat,ISLAM,Cerai Hidup,Wiraswasta,WNI,SEUMUR HIDUP
DKC000558,3671014205850558,Nina Panjaitan,Tangerang,1985-05-02,Perempuan,A,Jl. Situmorang No. 14,011/003,Bintaro,Serpong,Tangerang,Banten,KRISTEN,Menikah,Wiraswasta,WNI,SEUMUR HIDUP
DKC000559,3271017110900559,Yuni Tanjung,Bogor,1990-10-31,Perempuan,A,Jl. Saputra No. 41,004/009,Cempaka Putih,Sukmajaya,Bogor,Jawa Barat,KONGHUCU,Cerai Mati,Wiraswasta,WNI,SEUMUR HIDUP
DKC000560,3671015009760560,Novi Handoko,Tangerang,1976-09-10,Perempuan,B,Jl. Lubis No. 84,005/004,Sukajadi,Bekasi Timur,Tangerang,Banten,KATOLIK,Belum Menikah,Wiraswasta,WNI,SEUMUR HIDUP
DKC000561,3671014612650561,Melati Wibowo,Tangerang,1965-12-06,Perempuan,A,Jl. Rahman No. 59,002/008,Kebon Baru,Cengkareng,Tangerang,Banten,KONGHUCU,Belum Menikah,Wiraswasta,WNI,SEUMUR HIDUP
DKC000562,3271011209710562,Slamet Simanjuntak,Bogor,1971-09-12,Laki-Laki,A,Jl. Halim No. 44,010/002,Sukamaju,Serpong,Bogor,Jawa Barat,BUDDHA,Cerai Mati,Wiraswasta,WNI,SEUMUR HIDUP
DKC000563,3275016601750563,Kartika Lubis,Bekasi,1975-01-26,Perempuan,B,Jl. Hidayat No. 69,005/008,Cipete,Kramat Jati,Bekasi,Jawa Barat,HINDU,Belum Menikah,Wiraswasta,WNI,SEUMUR HIDUP
DKC000564,3671010710830564,Fauzi Susanto,Tangerang,1983-10-07,Laki-Laki,B,Jl. Permana No. 38,001/005,Duren Sawit,Kramat Jati,Tangerang,Banten,BUDDHA,Cerai Mati,Wiraswasta,WNI,SEUMUR HIDUP
DKC000565,3671010511680565,Rudi Siregar,Tangerang,1968-11-05,Laki-Laki,A,Jl. Handoko No. 35,006/007,Kebon Baru,Serpong,Tangerang,Banten,HINDU,Cerai Mati,Wiraswasta,WNI,SEUMUR HIDUP
DKC000566,3671014405670566,Rina Saputra,Tangerang,1967-05-04,Perempuan,AB,Jl. Nugroho No. 121,006/010,Sukamaju,Tebet,Tangerang,Banten,KATOLIK,Cerai Mati,Wiraswasta,WNI,SEUMUR HIDUP
DKC000567,3276014602900567,Putri Lubis,Depok,1990-02-06,Perempuan,A,Jl. Siregar No. 46,005/003,Bintaro,Cengkareng,Depok,Jawa Barat,HINDU,Belum Menikah,Wiraswasta,WNI,SEUMUR HIDUP
DKC000568,3671011305710568,Eko Hutapea,Tangerang,1971-05-13,Laki-Laki,AB,Jl. Saputra No. 81,001/003,Bintaro,Cengkareng,Tangerang,Banten,KONGHUCU,Cerai Hidup,Wiraswasta,WNI,SEUMUR HIDUP
DKC000569,3671015103880569,Lestari Firmansyah,Tangerang,1988-03-11,Perempuan,AB,Jl. Permana No. 43,006/008,Cempaka Putih,Sukmajaya,Tangerang,Banten,KONGHUCU,Cerai Mati,Wiraswasta,WNI,SEUMUR HIDUP
DKC000570,3171012003730570,Yusuf Setiawan,Jakarta Pusat,1973-03-20,Laki-Laki,A,Jl. Handoko No. 67,003/008,Cipete,Tebet,Jakarta Pusat,DKI Jakarta,HINDU,Menikah,Wiraswasta,WNI,SEUMUR HIDUP
DKC000571,3671015407850571,Maya Hutapea,Tangerang,1985-07-14,Perempuan,O,Jl. Saputra No. 38,002/006,Sukajadi,Kramat Jati,Tangerang,Banten,KATOLIK,Belum Menikah,Wiraswasta,WNI,SEUMUR HIDUP
DKC000572,3276010603910572,Rian Kusuma,Depok,1991-03-06,Laki-Laki,A,Jl. Kusuma No. 147,003/007,Sukajadi,Kramat Jati,Depok,Jawa Barat,HINDU,Menikah,Wiraswasta,WNI,SEUMUR HIDUP
DKC000573,3671014709820573,Siti Susanto,Tangerang,1982-09-07,Perempuan,AB,Jl. Siregar No. 28,006/003,Sukamaju,Tebet,Tangerang,Banten,HINDU,Cerai Mati,Wiraswasta,WNI,SEUMUR HIDUP
DKC000574,3671015210790574,Sari Firmansyah,Tangerang,1979-10-12,Perempuan,A,Jl. Tanjung No. 116,006/010,Cempaka Putih,Kramat Jati,Tangerang,Banten,ISLAM,Cerai Hidup,Wiraswasta,WNI,SEUMUR HIDUP
DKC000575,3671015807890575,Retno Wijaya,Tangerang,1989-07-18,Perempuan,O,Jl. Kurniawan No. 103,005/003,Kebon Baru,Bekasi Timur,Tangerang,Banten,ISLAM,Menikah,Wiraswasta,WNI,SEUMUR HIDUP
DKC000576,3271011201940576,Hendra Wibowo,Bogor,1994-01-12,Laki-Laki,B,Jl. Saputra No. 77,008/007,Duren Sawit,Serpong,Bogor,Jawa Barat,BUDDHA,Belum Menikah,Wiraswasta,WNI,SEUMUR HIDUP
DKC000577,3276015812860577,Yanti Saputra,Depok,1986-12-18,Perempuan,O,Jl. Wibowo No. 122,005/010,Cipete,Tebet,Depok,Jawa Barat,HINDU,Cerai Hidup,Wiraswasta,WNI,SEUMUR HIDUP
DKC000578,3275012510660578,Joko Tanjung,Bekasi,1966-10-25,Laki-Laki,AB,Jl. Suryadi No. 58,011/003,Bintaro,Sukmajaya,Bekasi,Jawa Barat,KONGHUCU,Menikah,Wiraswasta,WNI,SEUMUR HIDUP
DKC000579,3173016306780579,Novi Permana,Jakarta Barat,1978-06-23,Perempuan,B,Jl. Setiawan No. 77,004/009,Cipete,Cengkareng,Jakarta Barat,DKI Jakarta,BUDDHA,Menikah,Wiraswasta,WNI,SEUMUR HIDUP
DKC000580,3671012811870580,Krisna Wijaya,Tangerang,1987-11-28,Laki-Laki,O,Jl. Permana No. 25,008/010,Duren Sawit,Cengkareng,Tangerang,Banten,KATOLIK,Menikah,Wiraswasta,WNI,SEUMUR HIDUP
DKC000581,3671012001730581,Rizky Panjaitan,Tangerang,1973-01-20,Laki-Laki,B,Jl. Wibowo No. 12,002/007,Duren Sawit,Cengkareng,Tangerang,Banten,BUDDHA,Cerai Mati,Wiraswasta,WNI,SEUMUR HIDUP
DKC000582,3276016106740582,Nina Firmansyah,Depok,1974-06-21,Perempuan,B,Jl. Kurniawan No. 67,011/002,Cipete,Sukmajaya,Depok,Jawa Barat,ISLAM,Menikah,Wiraswasta,WNI,SEUMUR HIDUP
DKC000583,3173016308850583,Ani Santoso,Jakarta Barat,1985-08-23,Perempuan,O,Jl. Lubis No. 125,005/010,Rawa Bunga,Serpong,Jakarta Barat,DKI Jakarta,KONGHUCU,Cerai Mati,Wiraswasta,WNI,SEUMUR HIDUP
DKC000584,3174016407730584,Rina Setiawan,Jakarta Selatan,1973-07-24,Perempuan,A,Jl. Santoso No. 49,001/004,Bintaro,Serpong,Jakarta Selatan,DKI Jakarta,KRISTEN,Belum Menikah,Wiraswasta,WNI,SEUMUR HIDUP
DKC000585,3671015111680585,Kartika Tanjung,Tangerang,1968-11-11,Perempuan,AB,Jl. Situmorang No. 119,003/008,Cipete,Tebet,Tangerang,Banten,ISLAM,Belum Menikah,Wiraswasta,WNI,SEUMUR HIDUP
DKC000586,3674012402860586,Rian Hutapea,Tangerang Selatan,1986-02-24,Laki-Laki,A,Jl. Suryadi No. 150,004/004,Duren Sawit,Sukmajaya,Tangerang Selatan,Jawa Barat,HINDU,Menikah,Wiraswasta,WNI,SEUMUR HIDUP
DKC000587,3671016508830587,Siti Saputra,Tangerang,1983-08-25,Perempuan,O,Jl. Panjaitan No. 149,010/009,Duren Sawit,Tebet,Tangerang,Banten,HINDU,Cerai Mati,Wiraswasta,WNI,SEUMUR HIDUP
DKC000588,3671016805750588,Ayu Siregar,Tangerang,1975-05-28,Perempuan,A,Jl. Kusuma No. 5,007/010,Rawa Bunga,Sukmajaya,Tangerang,Banten,ISLAM,Cerai Hidup,Wiraswasta,WNI,SEUMUR HIDUP
DKC000589,3173014712920589,Melati Handoko,Jakarta Barat,1992-12-07,Perempuan,AB,Jl. Suryadi No. 112,001/003,Duren Sawit,Serpong,Jakarta Barat,DKI Jakarta,KRISTEN,Cerai Mati,Wiraswasta,WNI,SEUMUR HIDUP
DKC000590,3671015305910590,Novi Nugroho,Tangerang,1991-05-13,Perempuan,AB,Jl. Simanjuntak No. 120,003/005,Cipete,Bekasi Timur,Tangerang,Banten,KONGHUCU,Cerai Hidup,Wiraswasta,WNI,SEUMUR HIDUP
DKC000591,3671014209770591,Retno Pratama,Tangerang,1977-09-02,Perempuan,A,Jl. Lubis No. 124,003/003,Kebon Baru,Kramat Jati,Tangerang,Banten,BUDDHA,Cerai Mati,Wiraswasta,WNI,SEUMUR HIDUP
DKC000592,3271011307750592,Yudi Permana,Bogor,1975-07-13,Laki-Laki,B,Jl. Rahman No. 13,001/006,Duren Sawit,Cengkareng,Bogor,Jawa Barat,KONGHUCU,Belum Menikah,Wiraswasta,WNI,SEUMUR HIDUP
DKC000593,3174012502800593,Fauzi Kusuma,Jakarta Selatan,1980-02-25,Laki-Laki,O,Jl. Saputra No. 59,002/009,Kebon Baru,Bekasi Timur,Jakarta Selatan,DKI Jakarta,KATOLIK,Cerai Hidup,Wiraswasta,WNI,SEUMUR HIDUP
DKC000594,3671015310710594,Tri Wijaya,Tangerang,1971-10-13,Perempuan,A,Jl. Hutapea No. 13,008/008,Sukajadi,Tebet,Tangerang,Banten,BUDDHA,Menikah,Wiraswasta,WNI,SEUMUR HIDUP
DKC000595,3174012003740595,Dimas Saputra,Jakarta Selatan,1974-03-20,Laki-Laki,AB,Jl. Pratama No. 75,012/008,Bintaro,Serpong,Jakarta Selatan,DKI Jakarta,ISLAM,Belum Menikah,Wiraswasta,WNI,SEUMUR HIDUP
DKC000596,3171015209840596,Ratna Setiawan,Jakarta Pusat,1984-09-12,Perempuan,O,Jl. Situmorang No. 2,004/008,Rawa Bunga,Cengkareng,Jakarta Pusat,DKI Jakarta,BUDDHA,Belum Menikah,Wiraswasta,WNI,SEUMUR HIDUP
DKC000597,3671010603810597,Wahyu Halim,Tangerang,1981-03-06,Laki-Laki,B,Jl. Setiawan No. 136,007/004,Cempaka Putih,Bekasi Timur,Tangerang,Banten,HINDU,Cerai Mati,Wiraswasta,WNI,SEUMUR HIDUP
DKC000598,3671014305660598,Anggi Kusuma,Tangerang,1966-05-03,Perempuan,O,Jl. Setiawan No. 3,012/009,Sukajadi,Tebet,Tangerang,Banten,KATOLIK,Cerai Hidup,Wiraswasta,WNI,SEUMUR HIDUP
DKC000599,3275016308820599,Tri Pratama,Bekasi,1982-08-23,Perempuan,A,Jl. Lubis No. 39,010/001,Duren Sawit,Bekasi Timur,Bekasi,Jawa Barat,HINDU,Cerai Hidup,Wiraswasta,WNI,SEUMUR HIDUP
DKC000600,3175014409880600,Suryani Halim,Jakarta Timur,1988-09-04,Perempuan,B,Jl. Hutapea No. 104,008/004,Bintaro,Serpong,Jakarta Timur,DKI Jakarta,KATOLIK,Cerai Mati,Wiraswasta,WNI,SEUMUR HIDUP
DKC000601,3174010902890601,Bayu Susanto,Jakarta Selatan,1989-02-09,Laki-Laki,AB,Jl. Wibowo No. 33,009/009,Duren Sawit,Kramat Jati,Jakarta Selatan,DKI Jakarta,ISLAM,Cerai Hidup,Wiraswasta,WNI,SEUMUR HIDUP
DKC000602,3174014204660602,Tri Tanjung,Jakarta Selatan,1966-04-02,Perempuan,AB,Jl. Nugroho No. 78,012/007,Sukajadi,Serpong,Jakarta Selatan,DKI Jakarta,ISLAM,Cerai Hidup,Wiraswasta,WNI,SEUMUR HIDUP
DKC000603,3275016202670603,Sari Kusuma,Bekasi,1967-02-22,Perempuan,A,Jl. Suryadi No. 77,010/001,Bintaro,Cengkareng,Bekasi,Jawa Barat,KRISTEN,Belum Menikah,Wiraswasta,WNI,SEUMUR HIDUP
DKC000604,3671015601970604,Lestari Susanto,Tangerang,1997-01-16,Perempuan,O,Jl. Kusuma No. 64,002/006,Kebon Baru,Cengkareng,Tangerang,Banten,HINDU,Menikah,Wiraswasta,WNI,SEUMUR HIDUP
DKC000605,3275012002690605,Anton Permana,Bekasi,1969-02-20,Laki-Laki,A,Jl. Permana No. 34,008/004,Bintaro,Tebet,Bekasi,Jawa Barat,KATOLIK,Cerai Mati,Wiraswasta,WNI,SEUMUR HIDUP
DKC000606,3671016007930606,Anggi Firmansyah,Tangerang,1993-07-20,Perempuan,O,Jl. Suryadi No. 126,012/007,Cempaka Putih,Kramat Jati,Tangerang,Banten,BUDDHA,Belum Menikah,Wiraswasta,WNI,SEUMUR HIDUP
DKC000607,3172016609880607,Lina Suryadi,Jakarta Utara,1988-09-26,Perempuan,A,Jl. Hutapea No. 55,008/008,Sukamaju,Serpong,Jakarta Utara,DKI Jakarta,KRISTEN,Cerai Hidup,Wiraswasta,WNI,SEUMUR HIDUP
DKC000608,3174013107810608,Iwan Permana,Jakarta Selatan,1981-07-31,Laki-Laki,AB,Jl. Wijaya No. 134,003/002,Rawa Bunga,Cengkareng,Jakarta Selatan,DKI Jakarta,KATOLIK,Cerai Hidup,Wiraswasta,WNI,SEUMUR HIDUP
DKC000609,3171016802000609,Wati Santoso,Jakarta Pusat,2000-02-28,Perempuan,O,Jl. Wijaya No. 79,005/004,Cempaka Putih,Serpong,Jakarta Pusat,DKI Jakarta,HINDU,Menikah,Wiraswasta,WNI,SEUMUR HIDUP
DKC000610,3174012509830610,Arif Halim,Jakarta Selatan,1983-09-25,Laki-Laki,O,Jl. Siregar No. 80,010/008,Rawa Bunga,Bekasi Timur,Jakarta Selatan,DKI Jakarta,HINDU,Belum Menikah,Wiraswasta,WNI,SEUMUR HIDUP
DKC000611,3674010612940611,Dimas Tanjung,Tangerang Selatan,1994-12-06,Laki-Laki,O,Jl. Setiawan No. 84,002/010,Cipete,Bekasi Timur,Tangerang Selatan,Jawa Barat,KRISTEN,Cerai Mati,Wiraswasta,WNI,SEUMUR HIDUP
DKC000612,3671014501980612,Dian Wijaya,Tangerang,1998-01-05,Perempuan,AB,Jl. Tanjung No. 23,003/001,Duren Sawit,Sukmajaya,Tangerang,Banten,KONGHUCU,Menikah,Wiraswasta,WNI,SEUMUR HIDUP
DKC000613,3671013107900613,Yusuf Simanjuntak,Tangerang,1990-07-31,Laki-Laki,B,Jl. Situmorang No. 122,009/001,Sukajadi,Serpong,Tangerang,Banten,BUDDHA,Belum Menikah,Wiraswasta,WNI,SEUMUR HIDUP
DKC000614,3172010512840614,Wahyu Hidayat,Jakarta Utara,1984-12-05,Laki-Laki,A,Jl. Rahman No. 83,007/010,Sukamaju,Bekasi Timur,Jakarta Utara,DKI Jakarta,ISLAM,Cerai Hidup,Wiraswasta,WNI,SEUMUR HIDUP
DKC000615,3172016803790615,Sri Permana,Jakarta Utara,1979-03-28,Perempuan,O,Jl. Firmansyah No. 24,002/002,Cempaka Putih,Cengkareng,Jakarta Utara,DKI Jakarta,KRISTEN,Belum Menikah,Wiraswasta,WNI,SEUMUR HIDUP
DKC000616,3175014904830616,Tri Kurniawan,Jakarta Timur,1983-04-09,Perempuan,B,Jl. Wijaya No. 84,003/001,Sukamaju,Cengkareng,Jakarta Timur,DKI Jakarta,HINDU,Menikah,Wiraswasta,WNI,SEUMUR HIDUP
DKC000617,3271014511810617,Wulan Permana,Bogor,1981-11-05,Perempuan,A,Jl. Wijaya No. 52,004/010,Kebon Baru,Bekasi Timur,Bogor,Jawa Barat,BUDDHA,Cerai Mati,Wiraswasta,WNI,SEUMUR HIDUP
DKC000618,3674012410890618,Wahyu Wijaya,Tangerang Selatan,1989-10-24,Laki-Laki,O,Jl. Kurniawan No. 124,001/007,Kebon Baru,Tebet,Tangerang Selatan,Jawa Barat,KATOLIK,Menikah,Wiraswasta,WNI,SEUMUR HIDUP
DKC000619,3671013108780619,Doni Rahman,Tangerang,1978-08-31,Laki-Laki,O,Jl. Suryadi No. 22,011/009,Kebon Baru,Kramat Jati,Tangerang,Banten,KATOLIK,Belum Menikah,Wiraswasta,WNI,SEUMUR HIDUP
DKC000620,3671011611660620,Arif Permana,Tangerang,1966-11-16,Laki-Laki,A,Jl. Suryadi No. 75,011/003,Sukamaju,Tebet,Tangerang,Banten,HINDU,Cerai Hidup,Wiraswasta,WNI,SEUMUR HIDUP
DKC000621,3271015610020621,Kartika Lubis,Bogor,2002-10-16,Perempuan,B,Jl. Siregar No. 131,005/001,Cempaka Putih,Serpong,Bogor,Jawa Barat,BUDDHA,Menikah,Wiraswasta,WNI,SEUMUR HIDUP
DKC000622,3671014304020622,Rina Wibowo,Tangerang,2002-04-03,Perempuan,B,Jl. Panjaitan No. 143,005/007,Kebon Baru,Sukmajaya,Tangerang,Banten,BUDDHA,Cerai Hidup,Wiraswasta,WNI,SEUMUR HIDUP
DKC000623,3671014104770623,Sari Firmansyah,Tangerang,1977-04-01,Perempuan,B,Jl. Lubis No. 83,006/004,Bintaro,Sukmajaya,Tangerang,Banten,KATOLIK,Menikah,Wiraswasta,WNI,SEUMUR HIDUP
DKC000624,3671011203650624,Gunawan Santoso,Tangerang,1965-03-12,Laki-Laki,A,Jl. Lubis No. 45,007/009,Bintaro,Bekasi Timur,Tangerang,Banten,BUDDHA,Menikah,Wiraswasta,WNI,SEUMUR HIDUP
DKC000625,3671012702950625,Arif Santoso,Tangerang,1995-02-27,Laki-Laki,A,Jl. Halim No. 97,010/006,Cipete,Kramat Jati,Tangerang,Banten,KONGHUCU,Menikah,Wiraswasta,WNI,SEUMUR HIDUP
DKC000626,3173010306650626,Hadi Halim,Jakarta Barat,1965-06-03,Laki-Laki,B,Jl. Panjaitan No. 6,005/006,Kebon Baru,Tebet,Jakarta Barat,DKI Jakarta,BUDDHA,Cerai Hidup,Wiraswasta,WNI,SEUMUR HIDUP
DKC000627,3275010508770627,Fajar Handoko,Bekasi,1977-08-05,Laki-Laki,O,Jl. Hutapea No. 54,001/004,Cipete,Tebet,Bekasi,Jawa Barat,KATOLIK,Cerai Mati,Wiraswasta,WNI,SEUMUR HIDUP
DKC000628,3671010712670628,Arif Hidayat,Tangerang,1967-12-07,Laki-Laki,B,Jl. Panjaitan No. 17,003/005,Kebon Baru,Sukmajaya,Tangerang,Banten,KONGHUCU,Cerai Hidup,Wiraswasta,WNI,SEUMUR HIDUP
DKC000629,3172012507920629,Irfan Lubis,Jakarta Utara,1992-07-25,Laki-Laki,AB,Jl. Lubis No. 144,008/001,Cipete,Serpong,Jakarta Utara,DKI Jakarta,KONGHUCU,Menikah,Wiraswasta,WNI,SEUMUR HIDUP
DKC000630,3275014607950630,Ika Permana,Bekasi,1995-07-06,Perempuan,O,Jl. Handoko No. 93,009/001,Kebon Baru,Tebet,Bekasi,Jawa Barat,KATOLIK,Cerai Mati,Wiraswasta,WNI,SEUMUR HIDUP
DKC000631,3276014601800631,Ratna Santoso,Depok,1980-01-06,Perempuan,A,Jl. Siregar No. 7,012/004,Cipete,Tebet,Depok,Jawa Barat,KRISTEN,Belum Menikah,Wiraswasta,WNI,SEUMUR HIDUP
DKC000632,3174010204660632,Eko Susanto,Jakarta Selatan,1966-04-02,Laki-Laki,O,Jl. Permana No. 7,010/006,Duren Sawit,Kramat Jati,Jakarta Selatan,DKI Jakarta,ISLAM,Cerai Mati,Wiraswasta,WNI,SEUMUR HIDUP
DKC000633,3276010904680633,Eko Wijaya,Depok,1968-04-09,Laki-Laki,O,Jl. Situmorang No. 25,011/008,Sukajadi,Tebet,Depok,Jawa Barat,ISLAM,Menikah,Wiraswasta,WNI,SEUMUR HIDUP
DKC000634,3171015310670634,Ratna Hutapea,Jakarta Pusat,1967-10-13,Perempuan,O,Jl. Wijaya No. 78,010/007,Sukajadi,Tebet,Jakarta Pusat,DKI Jakarta,KONGHUCU,Menikah,Wiraswasta,WNI,SEUMUR HIDUP
DKC000635,3275010909920635,Bambang Wibowo,Bekasi,1992-09-09,Laki-Laki,O,Jl. Nugroho No. 3,008/007,Bintaro,Bekasi Timur,Bekasi,Jawa Barat,BUDDHA,Menikah,Wiraswasta,WNI,SEUMUR HIDUP
DKC000636,3173015503880636,Sari Lubis,Jakarta Barat,1988-03-15,Perempuan,AB,Jl. Siregar No. 50,002/002,Sukamaju,Sukmajaya,Jakarta Barat,DKI Jakarta,KONGHUCU,Menikah,Wiraswasta,WNI,SEUMUR HIDUP
DKC000637,3172013006760637,Bayu Siregar,Jakarta Utara,1976-06-30,Laki-Laki,AB,Jl. Permana No. 124,012/010,Bintaro,Kramat Jati,Jakarta Utara,DKI Jakarta,KRISTEN,Belum Menikah,Wiraswasta,WNI,SEUMUR HIDUP
DKC000638,3674010801880638,Agus Setiawan,Tangerang Selatan,1988-01-08,Laki-Laki,AB,Jl. Susanto No. 150,009/003,Cempaka Putih,Bekasi Timur,Tangerang Selatan,Jawa Barat,KATOLIK,Cerai Hidup,Wiraswasta,WNI,SEUMUR HIDUP
DKC000639,3671016907670639,Maya Santoso,Tangerang,1967-07-29,Perempuan,B,Jl. Kusuma No. 144,001/007,Rawa Bunga,Kramat Jati,Tangerang,Banten,KRISTEN,Belum Menikah,Wiraswasta,WNI,SEUMUR HIDUP
DKC000640,3671010203960640,Eko Hidayat,Tangerang,1996-03-02,Laki-Laki,O,Jl. Simanjuntak No. 85,010/010,Rawa Bunga,Sukmajaya,Tangerang,Banten,KATOLIK,Cerai Mati,Wiraswasta,WNI,SEUMUR HIDUP
DKC000641,3275014104870641,Sri Saputra,Bekasi,1987-04-01,Perempuan,B,Jl. Santoso No. 58,012/004,Bintaro,Sukmajaya,Bekasi,Jawa Barat,KRISTEN,Belum Menikah,Wiraswasta,WNI,SEUMUR HIDUP
DKC000642,3674015803740642,Desi Situmorang,Tangerang Selatan,1974-03-18,Perempuan,O,Jl. Pratama No. 2,006/001,Sukajadi,Cengkareng,Tangerang Selatan,Jawa Barat,ISLAM,Menikah,Wiraswasta,WNI,SEUMUR HIDUP
DKC000643,3172010505990643,Bambang Suryadi,Jakarta Utara,1999-05-05,Laki-Laki,AB,Jl. Wijaya No. 8,004/004,Duren Sawit,Kramat Jati,Jakarta Utara,DKI Jakarta,KRISTEN,Cerai Hidup,Wiraswasta,WNI,SEUMUR HIDUP
DKC000644,3171011710730644,Eko Rahman,Jakarta Pusat,1973-10-17,Laki-Laki,A,Jl. Pratama No. 68,002/001,Cempaka Putih,Bekasi Timur,Jakarta Pusat,DKI Jakarta,KONGHUCU,Menikah,Wiraswasta,WNI,SEUMUR HIDUP
DKC000645,3674015010750645,Suryani Hidayat,Tangerang Selatan,1975-10-10,Perempuan,AB,Jl. Halim No. 44,009/010,Cipete,Serpong,Tangerang Selatan,Jawa Barat,ISLAM,Menikah,Wiraswasta,WNI,SEUMUR HIDUP
DKC000646,3171012111880646,Bayu Setiawan,Jakarta Pusat,1988-11-21,Laki-Laki,O,Jl. Hutapea No. 96,006/010,Cipete,Serpong,Jakarta Pusat,DKI Jakarta,KRISTEN,Menikah,Wiraswasta,WNI,SEUMUR HIDUP
DKC000647,3276011309790647,Irfan Rahman,Depok,1979-09-13,Laki-Laki,B,Jl. Wijaya No. 72,003/009,Bintaro,Kramat Jati,Depok,Jawa Barat,KONGHUCU,Menikah,Wiraswasta,WNI,SEUMUR HIDUP
DKC000648,3671014607720648,Retno Lubis,Tangerang,1972-07-06,Perempuan,O,Jl. Situmorang No. 131,006/008,Bintaro,Kramat Jati,Tangerang,Banten,KATOLIK,Cerai Hidup,Wiraswasta,WNI,SEUMUR HIDUP
DKC000649,3271016701910649,Lina Handoko,Bogor,1991-01-27,Perempuan,O,Jl. Tanjung No. 150,011/001,Kebon Baru,Kramat Jati,Bogor,Jawa Barat,KRISTEN,Cerai Mati,Wiraswasta,WNI,SEUMUR HIDUP
DKC000650,3674010112810650,Slamet Hidayat,Tangerang Selatan,1981-12-01,Laki-Laki,B,Jl. Halim No. 66,009/002,Cempaka Putih,Tebet,Tangerang Selatan,Jawa Barat,KATOLIK,Cerai Mati,Wiraswasta,WNI,SEUMUR HIDUP
DKC000651,3173016412870651,Fitri Siregar,Jakarta Barat,1987-12-24,Perempuan,AB,Jl. Permana No. 116,008/007,Cipete,Cengkareng,Jakarta Barat,DKI Jakarta,HINDU,Cerai Hidup,Wiraswasta,WNI,SEUMUR HIDUP
DKC000652,3173016806750652,Putri Santoso,Jakarta Barat,1975-06-28,Perempuan,AB,Jl. Tanjung No. 20,006/002,Duren Sawit,Sukmajaya,Jakarta Barat,DKI Jakarta,BUDDHA,Menikah,Wiraswasta,WNI,SEUMUR HIDUP
DKC000653,3174015403680653,Suryani Nugroho,Jakarta Selatan,1968-03-14,Perempuan,AB,Jl. Wijaya No. 140,004/006,Kebon Baru,Serpong,Jakarta Selatan,DKI Jakarta,KATOLIK,Cerai Hidup,Wiraswasta,WNI,SEUMUR HIDUP
DKC000654,3671016107730654,Desi Situmorang,Tangerang,1973-07-21,Perempuan,B,Jl. Situmorang No. 140,005/001,Duren Sawit,Cengkareng,Tangerang,Banten,KATOLIK,Cerai Mati,Wiraswasta,WNI,SEUMUR HIDUP
DKC000655,3671014503860655,Kartika Siregar,Tangerang,1986-03-05,Perempuan,B,Jl. Wibowo No. 59,004/004,Bintaro,Kramat Jati,Tangerang,Banten,BUDDHA,Cerai Mati,Wiraswasta,WNI,SEUMUR HIDUP
DKC000656,3276016703840656,Ratna Kurniawan,Depok,1984-03-27,Perempuan,O,Jl. Hidayat No. 113,008/009,Sukamaju,Cengkareng,Depok,Jawa Barat,KRISTEN,Belum Menikah,Wiraswasta,WNI,SEUMUR HIDUP
DKC000657,3271017003800657,Desi Santoso,Bogor,1980-03-30,Perempuan,B,Jl. Permana No. 109,011/007,Duren Sawit,Cengkareng,Bogor,Jawa Barat,BUDDHA,Menikah,Wiraswasta,WNI,SEUMUR HIDUP
DKC000658,3175012806900658,Krisna Setiawan,Jakarta Timur,1990-06-28,Laki-Laki,O,Jl. Wibowo No. 53,007/002,Cipete,Kramat Jati,Jakarta Timur,DKI Jakarta,HINDU,Menikah,Wiraswasta,WNI,SEUMUR HIDUP
DKC000659,3671014803690659,Rita Suryadi,Tangerang,1969-03-08,Perempuan,B,Jl. Saputra No. 142,003/001,Bintaro,Tebet,Tangerang,Banten,KRISTEN,Belum Menikah,Wiraswasta,WNI,SEUMUR HIDUP
DKC000660,3276011606750660,Krisna Wibowo,Depok,1975-06-16,Laki-Laki,AB,Jl. Lubis No. 135,002/008,Sukamaju,Cengkareng,Depok,Jawa Barat,BUDDHA,Menikah,Wiraswasta,WNI,SEUMUR HIDUP
DKC000661,3276012012690661,Eko Permana,Depok,1969-12-20,Laki-Laki,B,Jl. Rahman No. 108,008/002,Cipete,Kramat Jati,Depok,Jawa Barat,KRISTEN,Belum Menikah,Wiraswasta,WNI,SEUMUR HIDUP
DKC000662,3671015502720662,Ika Hutapea,Tangerang,1972-02-15,Perempuan,AB,Jl. Siregar No. 52,009/008,Duren Sawit,Kramat Jati,Tangerang,Banten,ISLAM,Belum Menikah,Wiraswasta,WNI,SEUMUR HIDUP
DKC000663,3671014308880663,Rina Wibowo,Tangerang,1988-08-03,Perempuan,AB,Jl. Siregar No. 126,008/008,Sukamaju,Serpong,Tangerang,Banten,ISLAM,Cerai Hidup,Wiraswasta,WNI,SEUMUR HIDUP
DKC000664,3671015807820664,Maya Hutapea,Tangerang,1982-07-18,Perempuan,B,Jl. Permana No. 64,003/010,Cipete,Bekasi Timur,Tangerang,Banten,HINDU,Belum Menikah,Wiraswasta,WNI,SEUMUR HIDUP
DKC000665,3171010102720665,Slamet Hutapea,Jakarta Pusat,1972-02-01,Laki-Laki,AB,Jl. Tanjung No. 138,005/002,Kebon Baru,Bekasi Timur,Jakarta Pusat,DKI Jakarta,HINDU,Menikah,Wiraswasta,WNI,SEUMUR HIDUP
DKC000666,3172016105990666,Rina Situmorang,Jakarta Utara,1999-05-21,Perempuan,AB,Jl. Permana No. 116,003/005,Kebon Baru,Sukmajaya,Jakarta Utara,DKI Jakarta,ISLAM,Cerai Mati,Wiraswasta,WNI,SEUMUR HIDUP
DKC000667,3671010502820667,Andi Tanjung,Tangerang,1982-02-05,Laki-Laki,AB,Jl. Panjaitan No. 103,004/007,Sukamaju,Tebet,Tangerang,Banten,KATOLIK,Menikah,Wiraswasta,WNI,SEUMUR HIDUP
DKC000668,3671013009860668,Eko Lubis,Tangerang,1986-09-30,Laki-Laki,O,Jl. Kurniawan No. 22,009/004,Bintaro,Kramat Jati,Tangerang,Banten,HINDU,Cerai Hidup,Wiraswasta,WNI,SEUMUR HIDUP
DKC000669,3671011312720669,Hendra Santoso,Tangerang,1972-12-13,Laki-Laki,AB,Jl. Saputra No. 137,012/007,Cempaka Putih,Tebet,Tangerang,Banten,KONGHUCU,Menikah,Wiraswasta,WNI,SEUMUR HIDUP
DKC000670,3276016009740670,Wulan Suryadi,Depok,1974-09-20,Perempuan,A,Jl. Lubis No. 137,004/008,Sukamaju,Serpong,Depok,Jawa Barat,BUDDHA,Menikah,Wiraswasta,WNI,SEUMUR HIDUP
DKC000671,3275014111910671,Lina Susanto,Bekasi,1991-11-01,Perempuan,A,Jl. Wijaya No. 97,004/004,Rawa Bunga,Kramat Jati,Bekasi,Jawa Barat,KRISTEN,Menikah,Wiraswasta,WNI,SEUMUR HIDUP
DKC000672,3175012210010672,Joko Santoso,Jakarta Timur,2001-10-22,Laki-Laki,B,Jl. Lubis No. 17,004/002,Cempaka Putih,Serpong,Jakarta Timur,DKI Jakarta,KRISTEN,Menikah,Wiraswasta,WNI,SEUMUR HIDUP
DKC000673,3271015903900673,Ayu Saputra,Bogor,1990-03-19,Perempuan,B,Jl. Simanjuntak No. 54,009/007,Cipete,Tebet,Bogor,Jawa Barat,KRISTEN,Belum Menikah,Wiraswasta,WNI,SEUMUR HIDUP
DKC000674,3174011501830674,Rudi Gunawan,Jakarta Selatan,1983-01-15,Laki-Laki,AB,Jl. Santoso No. 100,004/008,Kebon Baru,Tebet,Jakarta Selatan,DKI Jakarta,KONGHUCU,Cerai Hidup,Wiraswasta,WNI,SEUMUR HIDUP
DKC000675,3173015207780675,Dewi Kurniawan,Jakarta Barat,1978-07-12,Perempuan,O,Jl. Saputra No. 138,010/003,Duren Sawit,Tebet,Jakarta Barat,DKI Jakarta,BUDDHA,Cerai Hidup,Wiraswasta,WNI,SEUMUR HIDUP
DKC000676,3671016411790676,Yanti Situmorang,Tangerang,1979-11-24,Perempuan,B,Jl. Tanjung No. 82,011/008,Sukajadi,Cengkareng,Tangerang,Banten,ISLAM,Cerai Mati,Wiraswasta,WNI,SEUMUR HIDUP
DKC000677,3671014208870677,Ayu Tanjung,Tangerang,1987-08-02,Perempuan,A,Jl. Nugroho No. 6,010/002,Duren Sawit,Kramat Jati,Tangerang,Banten,KONGHUCU,Cerai Mati,Wiraswasta,WNI,SEUMUR HIDUP
DKC000678,3171012010810678,Iwan Kurniawan,Jakarta Pusat,1981-10-20,Laki-Laki,O,Jl. Susanto No. 52,003/007,Kebon Baru,Serpong,Jakarta Pusat,DKI Jakarta,ISLAM,Belum Menikah,Wiraswasta,WNI,SEUMUR HIDUP
DKC000679,3175017103790679,Desi Gunawan,Jakarta Timur,1979-03-31,Perempuan,A,Jl. Kusuma No. 107,011/005,Sukamaju,Kramat Jati,Jakarta Timur,DKI Jakarta,KONGHUCU,Cerai Hidup,Wiraswasta,WNI,SEUMUR HIDUP
DKC000680,3671017110940680,Fitri Hidayat,Tangerang,1994-10-31,Perempuan,B,Jl. Lubis No. 57,010/007,Rawa Bunga,Kramat Jati,Tangerang,Banten,HINDU,Menikah,Wiraswasta,WNI,SEUMUR HIDUP
DKC000681,3171010405670681,Irfan Handoko,Jakarta Pusat,1967-05-04,Laki-Laki,B,Jl. Hidayat No. 33,002/003,Kebon Baru,Kramat Jati,Jakarta Pusat,DKI Jakarta,BUDDHA,Menikah,Wiraswasta,WNI,SEUMUR HIDUP
DKC000682,3276015605970682,Desi Suryadi,Depok,1997-05-16,Perempuan,B,Jl. Nugroho No. 109,003/010,Kebon Baru,Cengkareng,Depok,Jawa Barat,KATOLIK,Cerai Mati,Wiraswasta,WNI,SEUMUR HIDUP
DKC000683,3175011211820683,Wahyu Handoko,Jakarta Timur,1982-11-12,Laki-Laki,O,Jl. Pratama No. 121,008/007,Cipete,Kramat Jati,Jakarta Timur,DKI Jakarta,HINDU,Menikah,Wiraswasta,WNI,SEUMUR HIDUP
DKC000684,3276015910890684,Ika Kurniawan,Depok,1989-10-19,Perempuan,B,Jl. Firmansyah No. 98,008/005,Bintaro,Cengkareng,Depok,Jawa Barat,HINDU,Cerai Mati,Wiraswasta,WNI,SEUMUR HIDUP
DKC000685,3671011210730685,Eko Setiawan,Tangerang,1973-10-12,Laki-Laki,B,Jl. Hidayat No. 2,001/009,Rawa Bunga,Bekasi Timur,Tangerang,Banten,HINDU,Cerai Mati,Wiraswasta,WNI,SEUMUR HIDUP
DKC000686,3674016310780686,Desi Halim,Tangerang Selatan,1978-10-23,Perempuan,A,Jl. Permana No. 10,002/007,Cempaka Putih,Kramat Jati,Tangerang Selatan,Jawa Barat,HINDU,Cerai Hidup,Wiraswasta,WNI,SEUMUR HIDUP
DKC000687,3271016903960687,Ayu Hutapea,Bogor,1996-03-29,Perempuan,A,Jl. Tanjung No. 99,007/004,Kebon Baru,Bekasi Timur,Bogor,Jawa Barat,ISLAM,Cerai Hidup,Wiraswasta,WNI,SEUMUR HIDUP
DKC000688,3671012109760688,Anton Lubis,Tangerang,1976-09-21,Laki-Laki,O,Jl. Lubis No. 38,005/004,Cempaka Putih,Tebet,Tangerang,Banten,ISLAM,Menikah,Wiraswasta,WNI,SEUMUR HIDUP
DKC000689,3671014504880689,Putri Hutapea,Tangerang,1988-04-05,Perempuan,B,Jl. Permana No. 43,007/005,Duren Sawit,Sukmajaya,Tangerang,Banten,BUDDHA,Cerai Mati,Wiraswasta,WNI,SEUMUR HIDUP
DKC000690,3671016611690690,Desi Permana,Tangerang,1969-11-26,Perempuan,AB,Jl. Setiawan No. 69,012/004,Cipete,Serpong,Tangerang,Banten,KATOLIK,Menikah,Wiraswasta,WNI,SEUMUR HIDUP
DKC000691,3174011902680691,Fauzi Handoko,Jakarta Selatan,1968-02-19,Laki-Laki,O,Jl. Kusuma No. 107,011/005,Cipete,Kramat Jati,Jakarta Selatan,DKI Jakarta,KRISTEN,Cerai Hidup,Wiraswasta,WNI,SEUMUR HIDUP
DKC000692,3173010103730692,Anton Setiawan,Jakarta Barat,1973-03-01,Laki-Laki,A,Jl. Suryadi No. 146,004/003,Kebon Baru,Tebet,Jakarta Barat,DKI Jakarta,KONGHUCU,Belum Menikah,Wiraswasta,WNI,SEUMUR HIDUP
DKC000693,3275012007930693,Wahyu Permana,Bekasi,1993-07-20,Laki-Laki,B,Jl. Kurniawan No. 76,002/007,Sukajadi,Cengkareng,Bekasi,Jawa Barat,ISLAM,Cerai Hidup,Wiraswasta,WNI,SEUMUR HIDUP
DKC000694,3674010803950694,Taufik Nugroho,Tangerang Selatan,1995-03-08,Laki-Laki,A,Jl. Santoso No. 16,005/001,Sukamaju,Tebet,Tangerang Selatan,Jawa Barat,KRISTEN,Menikah,Wiraswasta,WNI,SEUMUR HIDUP
DKC000695,3674016503860695,Nina Kusuma,Tangerang Selatan,1986-03-25,Perempuan,AB,Jl. Simanjuntak No. 110,006/006,Rawa Bunga,Cengkareng,Tangerang Selatan,Jawa Barat,KRISTEN,Cerai Hidup,Wiraswasta,WNI,SEUMUR HIDUP
DKC000696,3175016510790696,Putri Simanjuntak,Jakarta Timur,1979-10-25,Perempuan,A,Jl. Santoso No. 117,012/007,Cempaka Putih,Tebet,Jakarta Timur,DKI Jakarta,BUDDHA,Menikah,Wiraswasta,WNI,SEUMUR HIDUP
DKC000697,3175015004850697,Lina Situmorang,Jakarta Timur,1985-04-10,Perempuan,O,Jl. Kusuma No. 106,011/004,Sukamaju,Serpong,Jakarta Timur,DKI Jakarta,KATOLIK,Menikah,Wiraswasta,WNI,SEUMUR HIDUP
DKC000698,3671017105950698,Anggi Wijaya,Tangerang,1995-05-31,Perempuan,O,Jl. Nugroho No. 125,007/010,Sukajadi,Cengkareng,Tangerang,Banten,HINDU,Cerai Mati,Wiraswasta,WNI,SEUMUR HIDUP
DKC000699,3276010812960699,Rian Wibowo,Depok,1996-12-08,Laki-Laki,B,Jl. Kusuma No. 147,012/009,Sukamaju,Kramat Jati,Depok,Jawa Barat,HINDU,Menikah,Wiraswasta,WNI,SEUMUR HIDUP
DKC000700,3671015607720700,Kartika Lubis,Tangerang,1972-07-16,Perempuan,O,Jl. Saputra No. 124,011/009,Kebon Baru,Kramat Jati,Tangerang,Banten,KRISTEN,Belum Menikah,Wiraswasta,WNI,SEUMUR HIDUP
DKC000701,3671011003720701,Rizky Permana,Tangerang,1972-03-10,Laki-Laki,AB,Jl. Wibowo No. 72,004/005,Bintaro,Serpong,Tangerang,Banten,ISLAM,Belum Menikah,Wiraswasta,WNI,SEUMUR HIDUP
DKC000702,3276014211900702,Rina Hutapea,Depok,1990-11-02,Perempuan,A,Jl. Tanjung No. 88,007/007,Cipete,Kramat Jati,Depok,Jawa Barat,KRISTEN,Cerai Hidup,Wiraswasta,WNI,SEUMUR HIDUP
DKC000703,3174010604800703,Bambang Kurniawan,Jakarta Selatan,1980-04-06,Laki-Laki,B,Jl. Panjaitan No. 30,010/006,Cempaka Putih,Cengkareng,Jakarta Selatan,DKI Jakarta,HINDU,Menikah,Wiraswasta,WNI,SEUMUR HIDUP
DKC000704,3671014101030704,Dewi Siregar,Tangerang,2003-01-01,Perempuan,O,Jl. Permana No. 82,006/003,Kebon Baru,Tebet,Tangerang,Banten,HINDU,Menikah,Wiraswasta,WNI,SEUMUR HIDUP
DKC000705,3276014406870705,Ratna Setiawan,Depok,1987-06-04,Perempuan,O,Jl. Setiawan No. 73,003/001,Rawa Bunga,Cengkareng,Depok,Jawa Barat,BUDDHA,Menikah,Wiraswasta,WNI,SEUMUR HIDUP
DKC000706,3671016304930706,Anggi Hutapea,Tangerang,1993-04-23,Perempuan,B,Jl. Handoko No. 75,012/007,Sukamaju,Cengkareng,Tangerang,Banten,KRISTEN,Belum Menikah,Wiraswasta,WNI,SEUMUR HIDUP
DKC000707,3171010806030707,Anton Panjaitan,Jakarta Pusat,2003-06-08,Laki-Laki,O,Jl. Panjaitan No. 101,005/003,Sukamaju,Sukmajaya,Jakarta Pusat,DKI Jakarta,HINDU,Cerai Hidup,Wiraswasta,WNI,SEUMUR HIDUP
DKC000708,3674015807820708,Yanti Handoko,Tangerang Selatan,1982-07-18,Perempuan,A,Jl. Kusuma No. 73,005/004,Cipete,Tebet,Tangerang Selatan,Jawa Barat,KRISTEN,Cerai Hidup,Wiraswasta,WNI,SEUMUR HIDUP
DKC000709,3674011405940709,Irfan Hutapea,Tangerang Selatan,1994-05-14,Laki-Laki,B,Jl. Siregar No. 36,008/008,Duren Sawit,Kramat Jati,Tangerang Selatan,Jawa Barat,KRISTEN,Belum Menikah,Wiraswasta,WNI,SEUMUR HIDUP
DKC000710,3175012607970710,Rian Tanjung,Jakarta Timur,1997-07-26,Laki-Laki,A,Jl. Lubis No. 38,007/007,Cempaka Putih,Tebet,Jakarta Timur,DKI Jakarta,ISLAM,Cerai Hidup,Wiraswasta,WNI,SEUMUR HIDUP
DKC000711,3172014103940711,Sri Wijaya,Jakarta Utara,1994-03-01,Perempuan,AB,Jl. Siregar No. 112,003/007,Kebon Baru,Tebet,Jakarta Utara,DKI Jakarta,ISLAM,Belum Menikah,Wiraswasta,WNI,SEUMUR HIDUP
DKC000712,3671015404940712,Wati Susanto,Tangerang,1994-04-14,Perempuan,O,Jl. Situmorang No. 23,008/007,Duren Sawit,Serpong,Tangerang,Banten,KONGHUCU,Cerai Mati,Wiraswasta,WNI,SEUMUR HIDUP
DKC000713,3174016306700713,Siti Saputra,Jakarta Selatan,1970-06-23,Perempuan,O,Jl. Tanjung No. 131,004/001,Bintaro,Cengkareng,Jakarta Selatan,DKI Jakarta,KONGHUCU,Menikah,Wiraswasta,WNI,SEUMUR HIDUP
DKC000714,3671012105780714,Slamet Handoko,Tangerang,1978-05-21,Laki-Laki,B,Jl. Saputra No. 84,002/009,Cempaka Putih,Bekasi Timur,Tangerang,Banten,KONGHUCU,Menikah,Wiraswasta,WNI,SEUMUR HIDUP
DKC000715,3671015411670715,Dian Rahman,Tangerang,1967-11-14,Perempuan,A,Jl. Situmorang No. 54,011/002,Cempaka Putih,Sukmajaya,Tangerang,Banten,KONGHUCU,Belum Menikah,Wiraswasta,WNI,SEUMUR HIDUP
DKC000716,3275010410660716,Arif Suryadi,Bekasi,1966-10-04,Laki-Laki,B,Jl. Siregar No. 53,011/003,Sukajadi,Sukmajaya,Bekasi,Jawa Barat,KATOLIK,Menikah,Wiraswasta,WNI,SEUMUR HIDUP
DKC000717,3271010306890717,Rizky Kusuma,Bogor,1989-06-03,Laki-Laki,B,Jl. Permana No. 1,004/005,Sukamaju,Sukmajaya,Bogor,Jawa Barat,KATOLIK,Cerai Mati,Wiraswasta,WNI,SEUMUR HIDUP
DKC000718,3671011206880718,Taufik Handoko,Tangerang,1988-06-12,Laki-Laki,AB,Jl. Simanjuntak No. 138,009/004,Sukajadi,Serpong,Tangerang,Banten,ISLAM,Belum Menikah,Wiraswasta,WNI,SEUMUR HIDUP
DKC000719,3276010801710719,Yusuf Setiawan,Depok,1971-01-08,Laki-Laki,B,Jl. Siregar No. 92,005/003,Cipete,Tebet,Depok,Jawa Barat,BUDDHA,Cerai Hidup,Wiraswasta,WNI,SEUMUR HIDUP
DKC000720,3173015706850720,Putri Tanjung,Jakarta Barat,1985-06-17,Perempuan,A,Jl. Firmansyah No. 109,012/003,Kebon Baru,Tebet,Jakarta Barat,DKI Jakarta,KONGHUCU,Cerai Hidup,Wiraswasta,WNI,SEUMUR HIDUP
DKC000721,3671013010830721,Anton Halim,Tangerang,1983-10-30,Laki-Laki,B,Jl. Gunawan No. 112,007/001,Kebon Baru,Tebet,Tangerang,Banten,KATOLIK,Menikah,Wiraswasta,WNI,SEUMUR HIDUP
DKC000722,3275011110790722,Sutrisno Rahman,Bekasi,1979-10-11,Laki-Laki,A,Jl. Halim No. 86,005/003,Kebon Baru,Cengkareng,Bekasi,Jawa Barat,ISLAM,Menikah,Wiraswasta,WNI,SEUMUR HIDUP
DKC000723,3174015911720723,Fitri Wibowo,Jakarta Selatan,1972-11-19,Perempuan,AB,Jl. Siregar No. 126,002/009,Rawa Bunga,Serpong,Jakarta Selatan,DKI Jakarta,BUDDHA,Cerai Hidup,Wiraswasta,WNI,SEUMUR HIDUP
DKC000724,3171014804790724,Nina Saputra,Jakarta Pusat,1979-04-08,Perempuan,O,Jl. Pratama No. 89,012/009,Cipete,Bekasi Timur,Jakarta Pusat,DKI Jakarta,BUDDHA,Belum Menikah,Wiraswasta,WNI,SEUMUR HIDUP
DKC000725,3671014107940725,Siti Lubis,Tangerang,1994-07-01,Perempuan,B,Jl. Setiawan No. 97,010/005,Sukamaju,Serpong,Tangerang,Banten,KONGHUCU,Cerai Hidup,Wiraswasta,WNI,SEUMUR HIDUP
DKC000726,3674011903730726,Sutrisno Simanjuntak,Tangerang Selatan,1973-03-19,Laki-Laki,O,Jl. Halim No. 120,009/005,Duren Sawit,Bekasi Timur,Tangerang Selatan,Jawa Barat,BUDDHA,Belum Menikah,Wiraswasta,WNI,SEUMUR HIDUP
DKC000727,3674016707990727,Sari Kurniawan,Tangerang Selatan,1999-07-27,Perempuan,AB,Jl. Kurniawan No. 21,002/004,Sukajadi,Kramat Jati,Tangerang Selatan,Jawa Barat,BUDDHA,Menikah,Wiraswasta,WNI,SEUMUR HIDUP
DKC000728,3671010504010728,Rian Susanto,Tangerang,2001-04-05,Laki-Laki,A,Jl. Permana No. 131,012/003,Bintaro,Bekasi Timur,Tangerang,Banten,BUDDHA,Menikah,Wiraswasta,WNI,SEUMUR HIDUP
DKC000729,3174015301970729,Siti Simanjuntak,Jakarta Selatan,1997-01-13,Perempuan,O,Jl. Hutapea No. 137,012/006,Kebon Baru,Serpong,Jakarta Selatan,DKI Jakarta,KONGHUCU,Menikah,Wiraswasta,WNI,SEUMUR HIDUP
DKC000730,3671014411720730,Sri Lubis,Tangerang,1972-11-04,Perempuan,A,Jl. Halim No. 35,009/006,Sukamaju,Bekasi Timur,Tangerang,Banten,HINDU,Cerai Mati,Wiraswasta,WNI,SEUMUR HIDUP
DKC000731,3276012404020731,Rudi Saputra,Depok,2002-04-24,Laki-Laki,A,Jl. Susanto No. 77,008/005,Duren Sawit,Kramat Jati,Depok,Jawa Barat,ISLAM,Cerai Mati,Wiraswasta,WNI,SEUMUR HIDUP
DKC000732,3671010910850732,Krisna Susanto,Tangerang,1985-10-09,Laki-Laki,O,Jl. Wijaya No. 92,001/010,Bintaro,Cengkareng,Tangerang,Banten,KATOLIK,Cerai Hidup,Wiraswasta,WNI,SEUMUR HIDUP
DKC000733,3671011401830733,Budi Halim,Tangerang,1983-01-14,Laki-Laki,AB,Jl. Santoso No. 26,007/008,Kebon Baru,Tebet,Tangerang,Banten,BUDDHA,Belum Menikah,Wiraswasta,WNI,SEUMUR HIDUP
DKC000734,3171014807990734,Ani Handoko,Jakarta Pusat,1999-07-08,Perempuan,AB,Jl. Nugroho No. 121,007/006,Duren Sawit,Cengkareng,Jakarta Pusat,DKI Jakarta,HINDU,Belum Menikah,Wiraswasta,WNI,SEUMUR HIDUP
DKC000735,3671014504720735,Ani Suryadi,Tangerang,1972-04-05,Perempuan,B,Jl. Halim No. 112,001/006,Kebon Baru,Tebet,Tangerang,Banten,KRISTEN,Cerai Hidup,Wiraswasta,WNI,SEUMUR HIDUP
DKC000736,3271010206660736,Dedi Wibowo,Bogor,1966-06-02,Laki-Laki,B,Jl. Lubis No. 51,008/005,Sukajadi,Bekasi Timur,Bogor,Jawa Barat,HINDU,Cerai Mati,Wiraswasta,WNI,SEUMUR HIDUP
DKC000737,3674012411700737,Eko Situmorang,Tangerang Selatan,1970-11-24,Laki-Laki,A,Jl. Saputra No. 6,003/003,Rawa Bunga,Sukmajaya,Tangerang Selatan,Jawa Barat,ISLAM,Belum Menikah,Wiraswasta,WNI,SEUMUR HIDUP
DKC000738,3275012606840738,Sutrisno Gunawan,Bekasi,1984-06-26,Laki-Laki,O,Jl. Susanto No. 73,008/002,Cipete,Kramat Jati,Bekasi,Jawa Barat,BUDDHA,Belum Menikah,Wiraswasta,WNI,SEUMUR HIDUP
DKC000739,3175011106960739,Fajar Firmansyah,Jakarta Timur,1996-06-11,Laki-Laki,B,Jl. Lubis No. 110,004/008,Sukajadi,Serpong,Jakarta Timur,DKI Jakarta,KONGHUCU,Belum Menikah,Wiraswasta,WNI,SEUMUR HIDUP
DKC000740,3671011704750740,Irfan Siregar,Tangerang,1975-04-17,Laki-Laki,A,Jl. Setiawan No. 103,001/005,Kebon Baru,Kramat Jati,Tangerang,Banten,HINDU,Menikah,Wiraswasta,WNI,SEUMUR HIDUP
DKC000741,3674012007880741,Andi Wijaya,Tangerang Selatan,1988-07-20,Laki-Laki,AB,Jl. Hutapea No. 60,004/006,Cipete,Bekasi Timur,Tangerang Selatan,Jawa Barat,ISLAM,Cerai Mati,Wiraswasta,WNI,SEUMUR HIDUP
DKC000742,3271010208770742,Bambang Saputra,Bogor,1977-08-02,Laki-Laki,AB,Jl. Hutapea No. 108,004/006,Sukamaju,Kramat Jati,Bogor,Jawa Barat,ISLAM,Menikah,Wiraswasta,WNI,SEUMUR HIDUP
DKC000743,3276011910770743,Sutrisno Panjaitan,Depok,1977-10-19,Laki-Laki,O,Jl. Firmansyah No. 26,007/003,Duren Sawit,Bekasi Timur,Depok,Jawa Barat,KATOLIK,Cerai Hidup,Wiraswasta,WNI,SEUMUR HIDUP
DKC000744,3671016108950744,Ani Saputra,Tangerang,1995-08-21,Perempuan,B,Jl. Gunawan No. 93,012/006,Rawa Bunga,Kramat Jati,Tangerang,Banten,KONGHUCU,Cerai Hidup,Wiraswasta,WNI,SEUMUR HIDUP
DKC000745,3174010811700745,Taufik Wibowo,Jakarta Selatan,1970-11-08,Laki-Laki,A,Jl. Wijaya No. 49,004/008,Sukajadi,Tebet,Jakarta Selatan,DKI Jakarta,BUDDHA,Cerai Hidup,Wiraswasta,WNI,SEUMUR HIDUP
DKC000746,3172014205970746,Desi Handoko,Jakarta Utara,1997-05-02,Perempuan,B,Jl. Wijaya No. 33,004/007,Duren Sawit,Sukmajaya,Jakarta Utara,DKI Jakarta,KATOLIK,Cerai Hidup,Wiraswasta,WNI,SEUMUR HIDUP
DKC000747,3173015501680747,Sari Hutapea,Jakarta Barat,1968-01-15,Perempuan,O,Jl. Permana No. 135,009/001,Cempaka Putih,Sukmajaya,Jakarta Barat,DKI Jakarta,KATOLIK,Belum Menikah,Wiraswasta,WNI,SEUMUR HIDUP
DKC000748,3171016403980748,Dewi Siregar,Jakarta Pusat,1998-03-24,Perempuan,O,Jl. Handoko No. 137,009/002,Cempaka Putih,Bekasi Timur,Jakarta Pusat,DKI Jakarta,BUDDHA,Cerai Mati,Wiraswasta,WNI,SEUMUR HIDUP
DKC000749,3276014404730749,Putri Simanjuntak,Depok,1973-04-04,Perempuan,A,Jl. Pratama No. 147,004/010,Sukamaju,Sukmajaya,Depok,Jawa Barat,HINDU,Cerai Hidup,Wiraswasta,WNI,SEUMUR HIDUP
DKC000750,3271014810890750,Anggi Nugroho,Bogor,1989-10-08,Perempuan,A,Jl. Pratama No. 58,001/009,Kebon Baru,Cengkareng,Bogor,Jawa Barat,ISLAM,Belum Menikah,Wiraswasta,WNI,SEUMUR HIDUP
DKC000751,3275016610930751,Suryani Setiawan,Bekasi,1993-10-26,Perempuan,B,Jl. Hidayat No. 137,002/001,Rawa Bunga,Serpong,Bekasi,Jawa Barat,BUDDHA,Cerai Hidup,Wiraswasta,WNI,SEUMUR HIDUP
DKC000752,3671016305970752,Rina Hutapea,Tangerang,1997-05-23,Perempuan,B,Jl. Permana No. 76,006/001,Sukamaju,Cengkareng,Tangerang,Banten,KRISTEN,Cerai Hidup,Wiraswasta,WNI,SEUMUR HIDUP
DKC000753,3671010106970753,Wahyu Santoso,Tangerang,1997-06-01,Laki-Laki,O,Jl. Tanjung No. 66,011/010,Kebon Baru,Bekasi Timur,Tangerang,Banten,KRISTEN,Cerai Hidup,Wiraswasta,WNI,SEUMUR HIDUP
DKC000754,3671016612710754,Yuni Siregar,Tangerang,1971-12-26,Perempuan,O,Jl. Nugroho No. 112,006/003,Bintaro,Tebet,Tangerang,Banten,HINDU,Belum Menikah,Wiraswasta,WNI,SEUMUR HIDUP
DKC000755,3172014201870755,Sri Pratama,Jakarta Utara,1987-01-02,Perempuan,B,Jl. Tanjung No. 73,001/005,Cempaka Putih,Kramat Jati,Jakarta Utara,DKI Jakarta,HINDU,Belum Menikah,Wiraswasta,WNI,SEUMUR HIDUP
DKC000756,3276013105850756,Dedi Kurniawan,Depok,1985-05-31,Laki-Laki,O,Jl. Saputra No. 135,003/001,Sukajadi,Bekasi Timur,Depok,Jawa Barat,HINDU,Menikah,Wiraswasta,WNI,SEUMUR HIDUP
DKC000757,3671010612700757,Fauzi Santoso,Tangerang,1970-12-06,Laki-Laki,B,Jl. Situmorang No. 22,005/003,Sukamaju,Tebet,Tangerang,Banten,ISLAM,Cerai Hidup,Wiraswasta,WNI,SEUMUR HIDUP
DKC000758,3674013107010758,Yusuf Setiawan,Tangerang Selatan,2001-07-31,Laki-Laki,B,Jl. Susanto No. 85,008/003,Kebon Baru,Tebet,Tangerang Selatan,Jawa Barat,BUDDHA,Cerai Hidup,Wiraswasta,WNI,SEUMUR HIDUP
DKC000759,3172012404780759,Budi Wijaya,Jakarta Utara,1978-04-24,Laki-Laki,A,Jl. Kusuma No. 107,003/001,Kebon Baru,Tebet,Jakarta Utara,DKI Jakarta,KRISTEN,Cerai Mati,Wiraswasta,WNI,SEUMUR HIDUP
DKC000760,3671015802750760,Wulan Halim,Tangerang,1975-02-18,Perempuan,O,Jl. Lubis No. 29,008/003,Sukajadi,Kramat Jati,Tangerang,Banten,ISLAM,Cerai Hidup,Wiraswasta,WNI,SEUMUR HIDUP
DKC000761,3275014403810761,Rina Simanjuntak,Bekasi,1981-03-04,Perempuan,A,Jl. Wijaya No. 39,003/007,Rawa Bunga,Sukmajaya,Bekasi,Jawa Barat,KRISTEN,Cerai Mati,Wiraswasta,WNI,SEUMUR HIDUP
DKC000762,3671011001930762,Bayu Lubis,Tangerang,1993-01-10,Laki-Laki,AB,Jl. Halim No. 27,005/008,Rawa Bunga,Cengkareng,Tangerang,Banten,KONGHUCU,Menikah,Wiraswasta,WNI,SEUMUR HIDUP
DKC000763,3671011505790763,Irfan Setiawan,Tangerang,1979-05-15,Laki-Laki,B,Jl. Wibowo No. 115,012/008,Sukajadi,Tebet,Tangerang,Banten,BUDDHA,Cerai Mati,Wiraswasta,WNI,SEUMUR HIDUP
DKC000764,3276016702730764,Wulan Kurniawan,Depok,1973-02-27,Perempuan,O,Jl. Halim No. 82,008/007,Bintaro,Serpong,Depok,Jawa Barat,HINDU,Cerai Hidup,Wiraswasta,WNI,SEUMUR HIDUP
DKC000765,3173011310830765,Yudi Tanjung,Jakarta Barat,1983-10-13,Laki-Laki,O,Jl. Rahman No. 137,008/009,Kebon Baru,Bekasi Timur,Jakarta Barat,DKI Jakarta,ISLAM,Cerai Mati,Wiraswasta,WNI,SEUMUR HIDUP
DKC000766,3175011602650766,Anton Kurniawan,Jakarta Timur,1965-02-16,Laki-Laki,B,Jl. Santoso No. 93,009/008,Cempaka Putih,Tebet,Jakarta Timur,DKI Jakarta,ISLAM,Cerai Hidup,Wiraswasta,WNI,SEUMUR HIDUP
DKC000767,3175016708850767,Anggi Situmorang,Jakarta Timur,1985-08-27,Perempuan,B,Jl. Rahman No. 108,004/004,Kebon Baru,Tebet,Jakarta Timur,DKI Jakarta,KONGHUCU,Belum Menikah,Wiraswasta,WNI,SEUMUR HIDUP
DKC000768,3173011911970768,Anton Hutapea,Jakarta Barat,1997-11-19,Laki-Laki,A,Jl. Hutapea No. 109,006/001,Sukajadi,Serpong,Jakarta Barat,DKI Jakarta,BUDDHA,Menikah,Wiraswasta,WNI,SEUMUR HIDUP
DKC000769,3174014408710769,Kartika Simanjuntak,Jakarta Selatan,1971-08-04,Perempuan,AB,Jl. Setiawan No. 21,004/002,Sukamaju,Sukmajaya,Jakarta Selatan,DKI Jakarta,HINDU,Belum Menikah,Wiraswasta,WNI,SEUMUR HIDUP
DKC000770,3172010305960770,Ahmad Panjaitan,Jakarta Utara,1996-05-03,Laki-Laki,AB,Jl. Handoko No. 106,012/006,Bintaro,Serpong,Jakarta Utara,DKI Jakarta,KONGHUCU,Menikah,Wiraswasta,WNI,SEUMUR HIDUP
DKC000771,3174014702920771,Ani Setiawan,Jakarta Selatan,1992-02-07,Perempuan,B,Jl. Kusuma No. 42,001/007,Cipete,Serpong,Jakarta Selatan,DKI Jakarta,HINDU,Cerai Hidup,Wiraswasta,WNI,SEUMUR HIDUP
DKC000772,3276015203770772,Lina Nugroho,Depok,1977-03-12,Perempuan,A,Jl. Kusuma No. 97,003/004,Cipete,Sukmajaya,Depok,Jawa Barat,ISLAM,Belum Menikah,Wiraswasta,WNI,SEUMUR HIDUP
DKC000773,3671015808010773,Sri Panjaitan,Tangerang,2001-08-18,Perempuan,O,Jl. Handoko No. 81,011/007,Cipete,Kramat Jati,Tangerang,Banten,ISLAM,Cerai Hidup,Wiraswasta,WNI,SEUMUR HIDUP
DKC000774,3174016806680774,Yuni Firmansyah,Jakarta Selatan,1968-06-28,Perempuan,AB,Jl. Simanjuntak No. 86,001/004,Duren Sawit,Kramat Jati,Jakarta Selatan,DKI Jakarta,BUDDHA,Menikah,Wiraswasta,WNI,SEUMUR HIDUP
DKC000775,3175010306730775,Yusuf Simanjuntak,Jakarta Timur,1973-06-03,Laki-Laki,B,Jl. Tanjung No. 9,004/005,Sukajadi,Sukmajaya,Jakarta Timur,DKI Jakarta,BUDDHA,Menikah,Wiraswasta,WNI,SEUMUR HIDUP
DKC000776,3275014511780776,Dewi Wijaya,Bekasi,1978-11-05,Perempuan,A,Jl. Halim No. 73,007/009,Kebon Baru,Cengkareng,Bekasi,Jawa Barat,HINDU,Cerai Hidup,Wiraswasta,WNI,SEUMUR HIDUP
DKC000777,3175010904830777,Anton Lubis,Jakarta Timur,1983-04-09,Laki-Laki,A,Jl. Kusuma No. 39,001/010,Cipete,Bekasi Timur,Jakarta Timur,DKI Jakarta,BUDDHA,Menikah,Wiraswasta,WNI,SEUMUR HIDUP
DKC000778,3671015407680778,Sri Setiawan,Tangerang,1968-07-14,Perempuan,A,Jl. Hutapea No. 60,004/003,Cempaka Putih,Sukmajaya,Tangerang,Banten,BUDDHA,Cerai Hidup,Wiraswasta,WNI,SEUMUR HIDUP
DKC000779,3271014103810779,Retno Setiawan,Bogor,1981-03-01,Perempuan,O,Jl. Wijaya No. 100,004/004,Sukajadi,Kramat Jati,Bogor,Jawa Barat,BUDDHA,Cerai Mati,Wiraswasta,WNI,SEUMUR HIDUP
DKC000780,3175011807890780,Yudi Santoso,Jakarta Timur,1989-07-18,Laki-Laki,A,Jl. Handoko No. 25,008/006,Cempaka Putih,Cengkareng,Jakarta Timur,DKI Jakarta,KRISTEN,Menikah,Wiraswasta,WNI,SEUMUR HIDUP
DKC000781,3275015103680781,Rita Halim,Bekasi,1968-03-11,Perempuan,B,Jl. Hutapea No. 118,005/008,Duren Sawit,Bekasi Timur,Bekasi,Jawa Barat,KONGHUCU,Belum Menikah,Wiraswasta,WNI,SEUMUR HIDUP
DKC000782,3175011407030782,Taufik Handoko,Jakarta Timur,2003-07-14,Laki-Laki,AB,Jl. Wibowo No. 105,010/003,Bintaro,Cengkareng,Jakarta Timur,DKI Jakarta,BUDDHA,Cerai Hidup,Wiraswasta,WNI,SEUMUR HIDUP
DKC000783,3674015610760783,Rina Lubis,Tangerang Selatan,1976-10-16,Perempuan,A,Jl. Simanjuntak No. 15,012/004,Sukamaju,Kramat Jati,Tangerang Selatan,Jawa Barat,ISLAM,Cerai Hidup,Wiraswasta,WNI,SEUMUR HIDUP
DKC000784,3275014301750784,Sri Siregar,Bekasi,1975-01-03,Perempuan,O,Jl. Suryadi No. 24,006/008,Bintaro,Serpong,Bekasi,Jawa Barat,BUDDHA,Cerai Mati,Wiraswasta,WNI,SEUMUR HIDUP
DKC000785,3671012210820785,Andi Pratama,Tangerang,1982-10-22,Laki-Laki,O,Jl. Hidayat No. 103,006/002,Rawa Bunga,Cengkareng,Tangerang,Banten,BUDDHA,Cerai Mati,Wiraswasta,WNI,SEUMUR HIDUP
DKC000786,3275012706770786,Anton Panjaitan,Bekasi,1977-06-27,Laki-Laki,O,Jl. Wijaya No. 140,003/008,Cempaka Putih,Serpong,Bekasi,Jawa Barat,KRISTEN,Cerai Hidup,Wiraswasta,WNI,SEUMUR HIDUP
DKC000787,3275010904010787,Iwan Situmorang,Bekasi,2001-04-09,Laki-Laki,AB,Jl. Permana No. 122,004/001,Kebon Baru,Tebet,Bekasi,Jawa Barat,KONGHUCU,Cerai Mati,Wiraswasta,WNI,SEUMUR HIDUP
DKC000788,3174015205710788,Indah Tanjung,Jakarta Selatan,1971-05-12,Perempuan,A,Jl. Firmansyah No. 104,002/005,Bintaro,Bekasi Timur,Jakarta Selatan,DKI Jakarta,BUDDHA,Belum Menikah,Wiraswasta,WNI,SEUMUR HIDUP
DKC000789,3173014505800789,Sri Wijaya,Jakarta Barat,1980-05-05,Perempuan,AB,Jl. Pratama No. 51,006/007,Bintaro,Bekasi Timur,Jakarta Barat,DKI Jakarta,BUDDHA,Belum Menikah,Wiraswasta,WNI,SEUMUR HIDUP
DKC000790,3671014212010790,Maya Hutapea,Tangerang,2001-12-02,Perempuan,A,Jl. Rahman No. 51,002/010,Cempaka Putih,Cengkareng,Tangerang,Banten,KONGHUCU,Cerai Hidup,Wiraswasta,WNI,SEUMUR HIDUP
DKC000791,3173011303790791,Dedi Suryadi,Jakarta Barat,1979-03-13,Laki-Laki,A,Jl. Lubis No. 105,005/009,Sukamaju,Bekasi Timur,Jakarta Barat,DKI Jakarta,KRISTEN,Cerai Mati,Wiraswasta,WNI,SEUMUR HIDUP
DKC000792,3671010711830792,Agus Hidayat,Tangerang,1983-11-07,Laki-Laki,B,Jl. Simanjuntak No. 97,004/006,Kebon Baru,Kramat Jati,Tangerang,Banten,KONGHUCU,Menikah,Wiraswasta,WNI,SEUMUR HIDUP
DKC000793,3175014910780793,Kartika Halim,Jakarta Timur,1978-10-09,Perempuan,A,Jl. Hutapea No. 128,011/008,Cipete,Bekasi Timur,Jakarta Timur,DKI Jakarta,KATOLIK,Cerai Hidup,Wiraswasta,WNI,SEUMUR HIDUP
DKC000794,3275016011720794,Ayu Situmorang,Bekasi,1972-11-20,Perempuan,O,Jl. Permana No. 96,003/009,Cempaka Putih,Sukmajaya,Bekasi,Jawa Barat,HINDU,Cerai Mati,Wiraswasta,WNI,SEUMUR HIDUP
DKC000795,3671015206930795,Anggi Lubis,Tangerang,1993-06-12,Perempuan,AB,Jl. Hutapea No. 26,002/002,Sukajadi,Serpong,Tangerang,Banten,ISLAM,Cerai Mati,Wiraswasta,WNI,SEUMUR HIDUP
DKC000796,3671010206930796,Ahmad Panjaitan,Tangerang,1993-06-02,Laki-Laki,O,Jl. Kusuma No. 149,001/005,Cipete,Kramat Jati,Tangerang,Banten,KRISTEN,Cerai Mati,Wiraswasta,WNI,SEUMUR HIDUP
DKC000797,3275016309800797,Ani Hidayat,Bekasi,1980-09-23,Perempuan,O,Jl. Permana No. 102,001/006,Kebon Baru,Sukmajaya,Bekasi,Jawa Barat,KATOLIK,Cerai Hidup,Wiraswasta,WNI,SEUMUR HIDUP
DKC000798,3671015003650798,Lestari Permana,Tangerang,1965-03-10,Perempuan,O,Jl. Wijaya No. 4,001/003,Rawa Bunga,Sukmajaya,Tangerang,Banten,KONGHUCU,Cerai Hidup,Wiraswasta,WNI,SEUMUR HIDUP
DKC000799,3276014612890799,Sri Siregar,Depok,1989-12-06,Perempuan,O,Jl. Hidayat No. 101,001/010,Cipete,Kramat Jati,Depok,Jawa Barat,KONGHUCU,Cerai Mati,Wiraswasta,WNI,SEUMUR HIDUP
DKC000800,3671011508840800,Slamet Gunawan,Tangerang,1984-08-15,Laki-Laki,B,Jl. Saputra No. 33,009/002,Cipete,Serpong,Tangerang,Banten,KATOLIK,Belum Menikah,Wiraswasta,WNI,SEUMUR HIDUP
DKC000801,3174015508840801,Yuni Kurniawan,Jakarta Selatan,1984-08-15,Perempuan,A,Jl. Tanjung No. 40,001/010,Sukajadi,Sukmajaya,Jakarta Selatan,DKI Jakarta,HINDU,Menikah,Wiraswasta,WNI,SEUMUR HIDUP
DKC000802,3671011505730802,Hadi Tanjung,Tangerang,1973-05-15,Laki-Laki,B,Jl. Tanjung No. 57,005/004,Kebon Baru,Serpong,Tangerang,Banten,HINDU,Cerai Hidup,Wiraswasta,WNI,SEUMUR HIDUP
DKC000803,3174012108930803,Wahyu Kurniawan,Jakarta Selatan,1993-08-21,Laki-Laki,A,Jl. Saputra No. 118,010/002,Sukajadi,Kramat Jati,Jakarta Selatan,DKI Jakarta,KATOLIK,Cerai Hidup,Wiraswasta,WNI,SEUMUR HIDUP
DKC000804,3271010908020804,Andi Kurniawan,Bogor,2002-08-09,Laki-Laki,B,Jl. Wibowo No. 26,008/001,Cipete,Tebet,Bogor,Jawa Barat,HINDU,Menikah,Wiraswasta,WNI,SEUMUR HIDUP
DKC000805,3271010306930805,Sutrisno Permana,Bogor,1993-06-03,Laki-Laki,O,Jl. Pratama No. 47,005/001,Cempaka Putih,Serpong,Bogor,Jawa Barat,BUDDHA,Menikah,Wiraswasta,WNI,SEUMUR HIDUP
DKC000806,3275010902720806,Eko Halim,Bekasi,1972-02-09,Laki-Laki,AB,Jl. Saputra No. 50,010/001,Sukamaju,Sukmajaya,Bekasi,Jawa Barat,BUDDHA,Belum Menikah,Wiraswasta,WNI,SEUMUR HIDUP
DKC000807,3171012904660807,Irfan Halim,Jakarta Pusat,1966-04-29,Laki-Laki,AB,Jl. Setiawan No. 57,002/003,Duren Sawit,Cengkareng,Jakarta Pusat,DKI Jakarta,HINDU,Belum Menikah,Wiraswasta,WNI,SEUMUR HIDUP
DKC000808,3671011412850808,Rudi Hutapea,Tangerang,1985-12-14,Laki-Laki,O,Jl. Permana No. 132,007/004,Duren Sawit,Kramat Jati,Tangerang,Banten,KRISTEN,Cerai Hidup,Wiraswasta,WNI,SEUMUR HIDUP
DKC000809,3671014706720809,Ani Siregar,Tangerang,1972-06-07,Perempuan,B,Jl. Panjaitan No. 125,007/008,Cipete,Sukmajaya,Tangerang,Banten,KONGHUCU,Cerai Hidup,Wiraswasta,WNI,SEUMUR HIDUP
DKC000810,3671014404840810,Nina Saputra,Tangerang,1984-04-04,Perempuan,B,Jl. Siregar No. 91,006/002,Bintaro,Kramat Jati,Tangerang,Banten,ISLAM,Cerai Hidup,Wiraswasta,WNI,SEUMUR HIDUP
DKC000811,3671015311820811,Lestari Simanjuntak,Tangerang,1982-11-13,Perempuan,A,Jl. Saputra No. 47,006/007,Cempaka Putih,Cengkareng,Tangerang,Banten,KRISTEN,Menikah,Wiraswasta,WNI,SEUMUR HIDUP
DKC000812,3276012012990812,Sutrisno Halim,Depok,1999-12-20,Laki-Laki,AB,Jl. Saputra No. 3,006/001,Rawa Bunga,Kramat Jati,Depok,Jawa Barat,HINDU,Cerai Hidup,Wiraswasta,WNI,SEUMUR HIDUP
DKC000813,3271013012910813,Arif Kurniawan,Bogor,1991-12-30,Laki-Laki,B,Jl. Kusuma No. 56,002/009,Duren Sawit,Serpong,Bogor,Jawa Barat,BUDDHA,Menikah,Wiraswasta,WNI,SEUMUR HIDUP
DKC000814,3271016706010814,Yanti Situmorang,Bogor,2001-06-27,Perempuan,AB,Jl. Hidayat No. 51,001/008,Bintaro,Tebet,Bogor,Jawa Barat,KATOLIK,Cerai Mati,Wiraswasta,WNI,SEUMUR HIDUP
DKC000815,3172013108790815,Rizky Suryadi,Jakarta Utara,1979-08-31,Laki-Laki,O,Jl. Nugroho No. 148,001/005,Sukamaju,Serpong,Jakarta Utara,DKI Jakarta,BUDDHA,Menikah,Wiraswasta,WNI,SEUMUR HIDUP
DKC000816,3275014612880816,Lestari Setiawan,Bekasi,1988-12-06,Perempuan,A,Jl. Gunawan No. 5,002/008,Sukajadi,Bekasi Timur,Bekasi,Jawa Barat,KONGHUCU,Cerai Hidup,Wiraswasta,WNI,SEUMUR HIDUP
DKC000817,3674017007680817,Ratna Situmorang,Tangerang Selatan,1968-07-30,Perempuan,AB,Jl. Handoko No. 13,007/005,Bintaro,Bekasi Timur,Tangerang Selatan,Jawa Barat,KONGHUCU,Menikah,Wiraswasta,WNI,SEUMUR HIDUP
DKC000818,3171016302670818,Nina Saputra,Jakarta Pusat,1967-02-23,Perempuan,A,Jl. Setiawan No. 27,006/007,Kebon Baru,Kramat Jati,Jakarta Pusat,DKI Jakarta,ISLAM,Belum Menikah,Wiraswasta,WNI,SEUMUR HIDUP
DKC000819,3174016508760819,Kartika Rahman,Jakarta Selatan,1976-08-25,Perempuan,A,Jl. Saputra No. 13,005/002,Duren Sawit,Cengkareng,Jakarta Selatan,DKI Jakarta,KONGHUCU,Cerai Mati,Wiraswasta,WNI,SEUMUR HIDUP
DKC000820,3172014109850820,Lina Pratama,Jakarta Utara,1985-09-01,Perempuan,A,Jl. Setiawan No. 82,003/010,Cipete,Serpong,Jakarta Utara,DKI Jakarta,HINDU,Menikah,Wiraswasta,WNI,SEUMUR HIDUP
DKC000821,3671010208770821,Taufik Handoko,Tangerang,1977-08-02,Laki-Laki,AB,Jl. Situmorang No. 124,004/002,Duren Sawit,Cengkareng,Tangerang,Banten,KONGHUCU,Menikah,Wiraswasta,WNI,SEUMUR HIDUP
DKC000822,3671014503960822,Dian Nugroho,Tangerang,1996-03-05,Perempuan,A,Jl. Kurniawan No. 127,001/004,Sukamaju,Serpong,Tangerang,Banten,KRISTEN,Cerai Mati,Wiraswasta,WNI,SEUMUR HIDUP
DKC000823,3175015205740823,Yuni Handoko,Jakarta Timur,1974-05-12,Perempuan,AB,Jl. Situmorang No. 80,012/008,Cempaka Putih,Sukmajaya,Jakarta Timur,DKI Jakarta,ISLAM,Belum Menikah,Wiraswasta,WNI,SEUMUR HIDUP
DKC000824,3674013110920824,Krisna Halim,Tangerang Selatan,1992-10-31,Laki-Laki,B,Jl. Situmorang No. 103,004/002,Duren Sawit,Bekasi Timur,Tangerang Selatan,Jawa Barat,KRISTEN,Cerai Hidup,Wiraswasta,WNI,SEUMUR HIDUP
DKC000825,3174011710750825,Dedi Suryadi,Jakarta Selatan,1975-10-17,Laki-Laki,A,Jl. Suryadi No. 48,005/001,Bintaro,Serpong,Jakarta Selatan,DKI Jakarta,BUDDHA,Cerai Mati,Wiraswasta,WNI,SEUMUR HIDUP
DKC000826,3671016411800826,Indah Saputra,Tangerang,1980-11-24,Perempuan,O,Jl. Hidayat No. 39,007/009,Cipete,Sukmajaya,Tangerang,Banten,KATOLIK,Menikah,Wiraswasta,WNI,SEUMUR HIDUP
DKC000827,3174014502940827,Indah Halim,Jakarta Selatan,1994-02-05,Perempuan,O,Jl. Panjaitan No. 109,004/005,Kebon Baru,Bekasi Timur,Jakarta Selatan,DKI Jakarta,KRISTEN,Cerai Hidup,Wiraswasta,WNI,SEUMUR HIDUP
DKC000828,3174016912930828,Ayu Permana,Jakarta Selatan,1993-12-29,Perempuan,B,Jl. Saputra No. 57,002/001,Sukamaju,Sukmajaya,Jakarta Selatan,DKI Jakarta,KATOLIK,Belum Menikah,Wiraswasta,WNI,SEUMUR HIDUP
DKC000829,3276012710920829,Arif Saputra,Depok,1992-10-27,Laki-Laki,O,Jl. Wibowo No. 101,002/004,Duren Sawit,Bekasi Timur,Depok,Jawa Barat,KRISTEN,Belum Menikah,Wiraswasta,WNI,SEUMUR HIDUP
DKC000830,3271010212970830,Rudi Tanjung,Bogor,1997-12-02,Laki-Laki,A,Jl. Saputra No. 48,009/010,Bintaro,Serpong,Bogor,Jawa Barat,KATOLIK,Belum Menikah,Wiraswasta,WNI,SEUMUR HIDUP
DKC000831,3171012805730831,Eko Lubis,Jakarta Pusat,1973-05-28,Laki-Laki,AB,Jl. Suryadi No. 37,001/008,Cipete,Cengkareng,Jakarta Pusat,DKI Jakarta,ISLAM,Belum Menikah,Wiraswasta,WNI,SEUMUR HIDUP
DKC000832,3174016508910832,Melati Kurniawan,Jakarta Selatan,1991-08-25,Perempuan,AB,Jl. Handoko No. 150,001/008,Kebon Baru,Bekasi Timur,Jakarta Selatan,DKI Jakarta,ISLAM,Menikah,Wiraswasta,WNI,SEUMUR HIDUP
DKC000833,3276012507880833,Taufik Lubis,Depok,1988-07-25,Laki-Laki,B,Jl. Situmorang No. 38,002/002,Duren Sawit,Serpong,Depok,Jawa Barat,KATOLIK,Cerai Mati,Wiraswasta,WNI,SEUMUR HIDUP
DKC000834,3671014510940834,Desi Halim,Tangerang,1994-10-05,Perempuan,O,Jl. Firmansyah No. 94,008/001,Rawa Bunga,Cengkareng,Tangerang,Banten,KONGHUCU,Cerai Hidup,Wiraswasta,WNI,SEUMUR HIDUP
DKC000835,3671016108710835,Ani Firmansyah,Tangerang,1971-08-21,Perempuan,O,Jl. Nugroho No. 37,006/008,Sukamaju,Kramat Jati,Tangerang,Banten,BUDDHA,Cerai Mati,Wiraswasta,WNI,SEUMUR HIDUP
DKC000836,3171015212810836,Yuni Panjaitan,Jakarta Pusat,1981-12-12,Perempuan,A,Jl. Firmansyah No. 140,008/009,Cempaka Putih,Cengkareng,Jakarta Pusat,DKI Jakarta,KONGHUCU,Cerai Hidup,Wiraswasta,WNI,SEUMUR HIDUP
DKC000837,3271015611780837,Putri Siregar,Bogor,1978-11-16,Perempuan,B,Jl. Wijaya No. 149,009/006,Sukajadi,Bekasi Timur,Bogor,Jawa Barat,HINDU,Cerai Hidup,Wiraswasta,WNI,SEUMUR HIDUP
DKC000838,3276014212850838,Ani Santoso,Depok,1985-12-02,Perempuan,B,Jl. Kusuma No. 75,010/009,Cempaka Putih,Cengkareng,Depok,Jawa Barat,HINDU,Cerai Hidup,Wiraswasta,WNI,SEUMUR HIDUP
DKC000839,3173010211660839,Yudi Susanto,Jakarta Barat,1966-11-02,Laki-Laki,B,Jl. Susanto No. 32,001/008,Duren Sawit,Tebet,Jakarta Barat,DKI Jakarta,HINDU,Cerai Hidup,Wiraswasta,WNI,SEUMUR HIDUP
DKC000840,3175011609770840,Agus Firmansyah,Jakarta Timur,1977-09-16,Laki-Laki,B,Jl. Kurniawan No. 70,003/004,Cipete,Sukmajaya,Jakarta Timur,DKI Jakarta,ISLAM,Cerai Hidup,Wiraswasta,WNI,SEUMUR HIDUP
DKC000841,3276013105010841,Agus Handoko,Depok,2001-05-31,Laki-Laki,O,Jl. Permana No. 103,002/005,Duren Sawit,Sukmajaya,Depok,Jawa Barat,KATOLIK,Belum Menikah,Wiraswasta,WNI,SEUMUR HIDUP
DKC000842,3671016708950842,Yanti Gunawan,Tangerang,1995-08-27,Perempuan,B,Jl. Firmansyah No. 35,007/009,Kebon Baru,Cengkareng,Tangerang,Banten,KATOLIK,Menikah,Wiraswasta,WNI,SEUMUR HIDUP
DKC000843,3276015211810843,Rita Tanjung,Depok,1981-11-12,Perempuan,O,Jl. Saputra No. 36,009/008,Rawa Bunga,Sukmajaya,Depok,Jawa Barat,KONGHUCU,Cerai Hidup,Wiraswasta,WNI,SEUMUR HIDUP
DKC000844,3674016805830844,Maya Permana,Tangerang Selatan,1983-05-28,Perempuan,O,Jl. Santoso No. 144,001/007,Sukajadi,Kramat Jati,Tangerang Selatan,Jawa Barat,BUDDHA,Cerai Hidup,Wiraswasta,WNI,SEUMUR HIDUP
DKC000845,3276010711920845,Taufik Kusuma,Depok,1992-11-07,Laki-Laki,AB,Jl. Wijaya No. 101,003/007,Sukamaju,Bekasi Timur,Depok,Jawa Barat,BUDDHA,Cerai Mati,Wiraswasta,WNI,SEUMUR HIDUP
DKC000846,3275011712790846,Andi Wijaya,Bekasi,1979-12-17,Laki-Laki,A,Jl. Susanto No. 145,008/006,Sukamaju,Tebet,Bekasi,Jawa Barat,KONGHUCU,Menikah,Wiraswasta,WNI,SEUMUR HIDUP
DKC000847,3671011302710847,Dimas Setiawan,Tangerang,1971-02-13,Laki-Laki,B,Jl. Lubis No. 40,005/005,Sukamaju,Bekasi Timur,Tangerang,Banten,BUDDHA,Belum Menikah,Wiraswasta,WNI,SEUMUR HIDUP
DKC000848,3172010706700848,Andi Santoso,Jakarta Utara,1970-06-07,Laki-Laki,A,Jl. Nugroho No. 53,002/008,Sukamaju,Sukmajaya,Jakarta Utara,DKI Jakarta,HINDU,Cerai Mati,Wiraswasta,WNI,SEUMUR HIDUP
DKC000849,3674011309860849,Krisna Saputra,Tangerang Selatan,1986-09-13,Laki-Laki,B,Jl. Nugroho No. 140,005/010,Bintaro,Serpong,Tangerang Selatan,Jawa Barat,BUDDHA,Menikah,Wiraswasta,WNI,SEUMUR HIDUP
DKC000850,3171015105710850,Wulan Tanjung,Jakarta Pusat,1971-05-11,Perempuan,B,Jl. Pratama No. 131,012/009,Kebon Baru,Bekasi Timur,Jakarta Pusat,DKI Jakarta,HINDU,Cerai Hidup,Wiraswasta,WNI,SEUMUR HIDUP
DKC000851,3671016406810851,Yanti Saputra,Tangerang,1981-06-24,Perempuan,AB,Jl. Wibowo No. 99,012/002,Bintaro,Bekasi Timur,Tangerang,Banten,HINDU,Belum Menikah,Wiraswasta,WNI,SEUMUR HIDUP
DKC000852,3172012106820852,Bambang Suryadi,Jakarta Utara,1982-06-21,Laki-Laki,A,Jl. Siregar No. 78,001/010,Bintaro,Tebet,Jakarta Utara,DKI Jakarta,KATOLIK,Belum Menikah,Wiraswasta,WNI,SEUMUR HIDUP
DKC000853,3271017005650853,Melati Panjaitan,Bogor,1965-05-30,Perempuan,B,Jl. Halim No. 129,009/004,Rawa Bunga,Serpong,Bogor,Jawa Barat,BUDDHA,Cerai Mati,Wiraswasta,WNI,SEUMUR HIDUP
DKC000854,3175010406940854,Hendra Tanjung,Jakarta Timur,1994-06-04,Laki-Laki,AB,Jl. Suryadi No. 36,005/005,Cipete,Tebet,Jakarta Timur,DKI Jakarta,KONGHUCU,Cerai Mati,Wiraswasta,WNI,SEUMUR HIDUP
DKC000855,3671014311900855,Wati Simanjuntak,Tangerang,1990-11-03,Perempuan,AB,Jl. Setiawan No. 83,010/010,Rawa Bunga,Sukmajaya,Tangerang,Banten,BUDDHA,Cerai Mati,Wiraswasta,WNI,SEUMUR HIDUP
DKC000856,3671012505750856,Agus Santoso,Tangerang,1975-05-25,Laki-Laki,A,Jl. Lubis No. 28,008/008,Rawa Bunga,Kramat Jati,Tangerang,Banten,KONGHUCU,Belum Menikah,Wiraswasta,WNI,SEUMUR HIDUP
DKC000857,3671012711980857,Bayu Pratama,Tangerang,1998-11-27,Laki-Laki,O,Jl. Kurniawan No. 16,010/005,Sukajadi,Tebet,Tangerang,Banten,KONGHUCU,Menikah,Wiraswasta,WNI,SEUMUR HIDUP
DKC000858,3671016210720858,Tri Halim,Tangerang,1972-10-22,Perempuan,AB,Jl. Saputra No. 116,007/003,Kebon Baru,Kramat Jati,Tangerang,Banten,KATOLIK,Cerai Mati,Wiraswasta,WNI,SEUMUR HIDUP
DKC000859,3171015704980859,Yanti Susanto,Jakarta Pusat,1998-04-17,Perempuan,B,Jl. Permana No. 136,004/002,Sukamaju,Serpong,Jakarta Pusat,DKI Jakarta,KONGHUCU,Menikah,Wiraswasta,WNI,SEUMUR HIDUP
DKC000860,3175012709990860,Agus Setiawan,Jakarta Timur,1999-09-27,Laki-Laki,O,Jl. Siregar No. 140,002/006,Cempaka Putih,Serpong,Jakarta Timur,DKI Jakarta,KONGHUCU,Cerai Mati,Wiraswasta,WNI,SEUMUR HIDUP
DKC000861,3671012006870861,Fauzi Hidayat,Tangerang,1987-06-20,Laki-Laki,AB,Jl. Halim No. 144,003/002,Bintaro,Bekasi Timur,Tangerang,Banten,KONGHUCU,Cerai Mati,Wiraswasta,WNI,SEUMUR HIDUP
DKC000862,3172011905780862,Taufik Kurniawan,Jakarta Utara,1978-05-19,Laki-Laki,A,Jl. Saputra No. 128,004/001,Rawa Bunga,Tebet,Jakarta Utara,DKI Jakarta,KRISTEN,Cerai Hidup,Wiraswasta,WNI,SEUMUR HIDUP
DKC000863,3275017101720863,Putri Hutapea,Bekasi,1972-01-31,Perempuan,AB,Jl. Kurniawan No. 137,010/004,Duren Sawit,Bekasi Timur,Bekasi,Jawa Barat,BUDDHA,Menikah,Wiraswasta,WNI,SEUMUR HIDUP
DKC000864,3275011306660864,Taufik Handoko,Bekasi,1966-06-13,Laki-Laki,AB,Jl. Permana No. 67,004/006,Sukamaju,Kramat Jati,Bekasi,Jawa Barat,KRISTEN,Cerai Hidup,Wiraswasta,WNI,SEUMUR HIDUP
DKC000865,3172011305920865,Fajar Handoko,Jakarta Utara,1992-05-13,Laki-Laki,A,Jl. Halim No. 19,007/010,Sukajadi,Sukmajaya,Jakarta Utara,DKI Jakarta,HINDU,Belum Menikah,Wiraswasta,WNI,SEUMUR HIDUP
DKC000866,3174015204870866,Desi Wijaya,Jakarta Selatan,1987-04-12,Perempuan,B,Jl. Tanjung No. 90,007/008,Duren Sawit,Kramat Jati,Jakarta Selatan,DKI Jakarta,ISLAM,Menikah,Wiraswasta,WNI,SEUMUR HIDUP
DKC000867,3671010408950867,Doni Hidayat,Tangerang,1995-08-04,Laki-Laki,A,Jl. Rahman No. 124,001/007,Cipete,Serpong,Tangerang,Banten,KRISTEN,Cerai Mati,Wiraswasta,WNI,SEUMUR HIDUP
DKC000868,3173015804700868,Dian Setiawan,Jakarta Barat,1970-04-18,Perempuan,AB,Jl. Halim No. 50,006/007,Sukamaju,Kramat Jati,Jakarta Barat,DKI Jakarta,KRISTEN,Menikah,Wiraswasta,WNI,SEUMUR HIDUP
DKC000869,3671011912000869,Fajar Permana,Tangerang,2000-12-19,Laki-Laki,A,Jl. Panjaitan No. 64,001/002,Sukamaju,Kramat Jati,Tangerang,Banten,HINDU,Belum Menikah,Wiraswasta,WNI,SEUMUR HIDUP
DKC000870,3276015202780870,Dewi Gunawan,Depok,1978-02-12,Perempuan,B,Jl. Simanjuntak No. 102,008/002,Sukajadi,Tebet,Depok,Jawa Barat,KATOLIK,Belum Menikah,Wiraswasta,WNI,SEUMUR HIDUP
DKC000871,3276016311840871,Lina Panjaitan,Depok,1984-11-23,Perempuan,AB,Jl. Halim No. 142,005/004,Duren Sawit,Cengkareng,Depok,Jawa Barat,KONGHUCU,Menikah,Wiraswasta,WNI,SEUMUR HIDUP
DKC000872,3671012007770872,Rudi Permana,Tangerang,1977-07-20,Laki-Laki,A,Jl. Hidayat No. 36,009/004,Duren Sawit,Serpong,Tangerang,Banten,BUDDHA,Belum Menikah,Wiraswasta,WNI,SEUMUR HIDUP
DKC000873,3174011907750873,Rudi Panjaitan,Jakarta Selatan,1975-07-19,Laki-Laki,O,Jl. Tanjung No. 117,002/001,Bintaro,Tebet,Jakarta Selatan,DKI Jakarta,KATOLIK,Cerai Hidup,Wiraswasta,WNI,SEUMUR HIDUP
DKC000874,3175014305030874,Lestari Kurniawan,Jakarta Timur,2003-05-03,Perempuan,O,Jl. Handoko No. 5,007/007,Bintaro,Tebet,Jakarta Timur,DKI Jakarta,KRISTEN,Belum Menikah,Wiraswasta,WNI,SEUMUR HIDUP
DKC000875,3275015708940875,Sri Lubis,Bekasi,1994-08-17,Perempuan,AB,Jl. Wijaya No. 139,006/001,Rawa Bunga,Cengkareng,Bekasi,Jawa Barat,BUDDHA,Belum Menikah,Wiraswasta,WNI,SEUMUR HIDUP
DKC000876,3671010603840876,Eko Panjaitan,Tangerang,1984-03-06,Laki-Laki,A,Jl. Saputra No. 142,007/005,Bintaro,Bekasi Timur,Tangerang,Banten,BUDDHA,Cerai Hidup,Wiraswasta,WNI,SEUMUR HIDUP
DKC000877,3671010112700877,Slamet Suryadi,Tangerang,1970-12-01,Laki-Laki,A,Jl. Firmansyah No. 71,002/004,Duren Sawit,Cengkareng,Tangerang,Banten,BUDDHA,Cerai Mati,Wiraswasta,WNI,SEUMUR HIDUP
DKC000878,3271012807940878,Iwan Firmansyah,Bogor,1994-07-28,Laki-Laki,AB,Jl. Tanjung No. 4,002/005,Rawa Bunga,Cengkareng,Bogor,Jawa Barat,KRISTEN,Cerai Mati,Wiraswasta,WNI,SEUMUR HIDUP
DKC000879,3173017008660879,Siti Suryadi,Jakarta Barat,1966-08-30,Perempuan,AB,Jl. Handoko No. 143,004/007,Sukamaju,Sukmajaya,Jakarta Barat,DKI Jakarta,ISLAM,Cerai Hidup,Wiraswasta,WNI,SEUMUR HIDUP
DKC000880,3175015205990880,Rina Suryadi,Jakarta Timur,1999-05-12,Perempuan,AB,Jl. Firmansyah No. 127,003/004,Cempaka Putih,Kramat Jati,Jakarta Timur,DKI Jakarta,BUDDHA,Menikah,Wiraswasta,WNI,SEUMUR HIDUP
DKC000881,3171011409950881,Rizky Tanjung,Jakarta Pusat,1995-09-14,Laki-Laki,O,Jl. Siregar No. 82,001/009,Kebon Baru,Tebet,Jakarta Pusat,DKI Jakarta,KONGHUCU,Cerai Hidup,Wiraswasta,WNI,SEUMUR HIDUP
DKC000882,3275015012910882,Siti Lubis,Bekasi,1991-12-10,Perempuan,B,Jl. Halim No. 28,002/009,Bintaro,Tebet,Bekasi,Jawa Barat,BUDDHA,Menikah,Wiraswasta,WNI,SEUMUR HIDUP
DKC000883,3671011203020883,Yusuf Gunawan,Tangerang,2002-03-12,Laki-Laki,O,Jl. Kurniawan No. 110,005/003,Sukamaju,Cengkareng,Tangerang,Banten,BUDDHA,Cerai Hidup,Wiraswasta,WNI,SEUMUR HIDUP
DKC000884,3674015103780884,Ika Tanjung,Tangerang Selatan,1978-03-11,Perempuan,A,Jl. Pratama No. 95,001/005,Cempaka Putih,Sukmajaya,Tangerang Selatan,Jawa Barat,ISLAM,Menikah,Wiraswasta,WNI,SEUMUR HIDUP
DKC000885,3671012208740885,Yudi Gunawan,Tangerang,1974-08-22,Laki-Laki,O,Jl. Siregar No. 9,011/003,Cipete,Serpong,Tangerang,Banten,ISLAM,Menikah,Wiraswasta,WNI,SEUMUR HIDUP
DKC000886,3671010603890886,Taufik Kusuma,Tangerang,1989-03-06,Laki-Laki,A,Jl. Kusuma No. 14,010/008,Bintaro,Cengkareng,Tangerang,Banten,KATOLIK,Belum Menikah,Wiraswasta,WNI,SEUMUR HIDUP
DKC000887,3276014311000887,Suryani Nugroho,Depok,2000-11-03,Perempuan,AB,Jl. Nugroho No. 117,006/002,Kebon Baru,Bekasi Timur,Depok,Jawa Barat,KONGHUCU,Cerai Mati,Wiraswasta,WNI,SEUMUR HIDUP
DKC000888,3671014204810888,Rina Halim,Tangerang,1981-04-02,Perempuan,O,Jl. Simanjuntak No. 59,008/007,Kebon Baru,Sukmajaya,Tangerang,Banten,KRISTEN,Belum Menikah,Wiraswasta,WNI,SEUMUR HIDUP
DKC000889,3671014103920889,Yanti Siregar,Tangerang,1992-03-01,Perempuan,AB,Jl. Susanto No. 88,006/002,Sukajadi,Bekasi Timur,Tangerang,Banten,HINDU,Belum Menikah,Wiraswasta,WNI,SEUMUR HIDUP
DKC000890,3171015505850890,Sari Situmorang,Jakarta Pusat,1985-05-15,Perempuan,A,Jl. Pratama No. 31,007/005,Bintaro,Serpong,Jakarta Pusat,DKI Jakarta,ISLAM,Belum Menikah,Wiraswasta,WNI,SEUMUR HIDUP
DKC000891,3171011104680891,Fauzi Permana,Jakarta Pusat,1968-04-11,Laki-Laki,B,Jl. Kusuma No. 136,007/007,Rawa Bunga,Kramat Jati,Jakarta Pusat,DKI Jakarta,HINDU,Belum Menikah,Wiraswasta,WNI,SEUMUR HIDUP
DKC000892,3275016505970892,Ani Gunawan,Bekasi,1997-05-25,Perempuan,A,Jl. Kurniawan No. 91,008/007,Bintaro,Serpong,Bekasi,Jawa Barat,HINDU,Cerai Hidup,Wiraswasta,WNI,SEUMUR HIDUP
DKC000893,3671015906970893,Lina Setiawan,Tangerang,1997-06-19,Perempuan,A,Jl. Setiawan No. 2,010/010,Rawa Bunga,Serpong,Tangerang,Banten,KONGHUCU,Cerai Mati,Wiraswasta,WNI,SEUMUR HIDUP
DKC000894,3172017005970894,Ratna Suryadi,Jakarta Utara,1997-05-30,Perempuan,AB,Jl. Situmorang No. 25,004/005,Bintaro,Cengkareng,Jakarta Utara,DKI Jakarta,ISLAM,Cerai Mati,Wiraswasta,WNI,SEUMUR HIDUP
DKC000895,3276014506710895,Ratna Wibowo,Depok,1971-06-05,Perempuan,A,Jl. Panjaitan No. 54,007/009,Duren Sawit,Sukmajaya,Depok,Jawa Barat,BUDDHA,Cerai Hidup,Wiraswasta,WNI,SEUMUR HIDUP
DKC000896,3174013011770896,Rudi Susanto,Jakarta Selatan,1977-11-30,Laki-Laki,AB,Jl. Handoko No. 113,004/003,Duren Sawit,Cengkareng,Jakarta Selatan,DKI Jakarta,BUDDHA,Menikah,Wiraswasta,WNI,SEUMUR HIDUP
DKC000897,3174011204740897,Sutrisno Firmansyah,Jakarta Selatan,1974-04-12,Laki-Laki,B,Jl. Santoso No. 11,009/009,Kebon Baru,Tebet,Jakarta Selatan,DKI Jakarta,HINDU,Menikah,Wiraswasta,WNI,SEUMUR HIDUP
DKC000898,3671014311970898,Yuni Susanto,Tangerang,1997-11-03,Perempuan,O,Jl. Kusuma No. 33,008/005,Sukajadi,Serpong,Tangerang,Banten,KONGHUCU,Menikah,Wiraswasta,WNI,SEUMUR HIDUP
DKC000899,3271016411680899,Melati Permana,Bogor,1968-11-24,Perempuan,B,Jl. Firmansyah No. 30,006/002,Kebon Baru,Serpong,Bogor,Jawa Barat,ISLAM,Cerai Hidup,Wiraswasta,WNI,SEUMUR HIDUP
DKC000900,3674011604930900,Dimas Gunawan,Tangerang Selatan,1993-04-16,Laki-Laki,A,Jl. Hutapea No. 81,001/007,Sukajadi,Serpong,Tangerang Selatan,Jawa Barat,BUDDHA,Cerai Hidup,Wiraswasta,WNI,SEUMUR HIDUP
DKC000901,3671011806930901,Fauzi Rahman,Tangerang,1993-06-18,Laki-Laki,A,Jl. Nugroho No. 36,010/007,Kebon Baru,Serpong,Tangerang,Banten,KRISTEN,Cerai Hidup,Wiraswasta,WNI,SEUMUR HIDUP
DKC000902,3173014509770902,Wulan Handoko,Jakarta Barat,1977-09-05,Perempuan,B,Jl. Hidayat No. 23,009/004,Sukamaju,Bekasi Timur,Jakarta Barat,DKI Jakarta,ISLAM,Cerai Mati,Wiraswasta,WNI,SEUMUR HIDUP
DKC000903,3173011111950903,Anton Pratama,Jakarta Barat,1995-11-11,Laki-Laki,AB,Jl. Simanjuntak No. 98,011/010,Kebon Baru,Serpong,Jakarta Barat,DKI Jakarta,KATOLIK,Cerai Mati,Wiraswasta,WNI,SEUMUR HIDUP
DKC000904,3175011912940904,Bayu Susanto,Jakarta Timur,1994-12-19,Laki-Laki,O,Jl. Handoko No. 101,010/006,Bintaro,Cengkareng,Jakarta Timur,DKI Jakarta,ISLAM,Belum Menikah,Wiraswasta,WNI,SEUMUR HIDUP
DKC000905,3674012201850905,Bayu Situmorang,Tangerang Selatan,1985-01-22,Laki-Laki,AB,Jl. Nugroho No. 109,002/003,Bintaro,Cengkareng,Tangerang Selatan,Jawa Barat,KONGHUCU,Menikah,Wiraswasta,WNI,SEUMUR HIDUP
DKC000906,3671015609990906,Lina Wibowo,Tangerang,1999-09-16,Perempuan,O,Jl. Handoko No. 106,011/004,Sukamaju,Cengkareng,Tangerang,Banten,KATOLIK,Belum Menikah,Wiraswasta,WNI,SEUMUR HIDUP
DKC000907,3271015304950907,Dewi Rahman,Bogor,1995-04-13,Perempuan,AB,Jl. Permana No. 101,008/007,Cipete,Cengkareng,Bogor,Jawa Barat,ISLAM,Cerai Hidup,Wiraswasta,WNI,SEUMUR HIDUP
DKC000908,3275014311780908,Desi Nugroho,Bekasi,1978-11-03,Perempuan,O,Jl. Permana No. 57,010/003,Kebon Baru,Serpong,Bekasi,Jawa Barat,ISLAM,Cerai Hidup,Wiraswasta,WNI,SEUMUR HIDUP
DKC000909,3174012912000909,Iwan Rahman,Jakarta Selatan,2000-12-29,Laki-Laki,O,Jl. Kurniawan No. 86,006/009,Sukajadi,Serpong,Jakarta Selatan,DKI Jakarta,ISLAM,Belum Menikah,Wiraswasta,WNI,SEUMUR HIDUP
DKC000910,3172016909820910,Dian Hidayat,Jakarta Utara,1982-09-29,Perempuan,B,Jl. Susanto No. 42,006/006,Cipete,Kramat Jati,Jakarta Utara,DKI Jakarta,BUDDHA,Belum Menikah,Wiraswasta,WNI,SEUMUR HIDUP
DKC000911,3671010107870911,Agus Santoso,Tangerang,1987-07-01,Laki-Laki,O,Jl. Handoko No. 11,003/005,Duren Sawit,Tebet,Tangerang,Banten,KRISTEN,Belum Menikah,Wiraswasta,WNI,SEUMUR HIDUP
DKC000912,3173012505940912,Wahyu Panjaitan,Jakarta Barat,1994-05-25,Laki-Laki,O,Jl. Setiawan No. 70,002/002,Sukajadi,Sukmajaya,Jakarta Barat,DKI Jakarta,KONGHUCU,Cerai Mati,Wiraswasta,WNI,SEUMUR HIDUP
DKC000913,3671011504690913,Budi Panjaitan,Tangerang,1969-04-15,Laki-Laki,O,Jl. Hidayat No. 80,006/007,Sukamaju,Cengkareng,Tangerang,Banten,KATOLIK,Cerai Mati,Wiraswasta,WNI,SEUMUR HIDUP
DKC000914,3671012211810914,Rizky Firmansyah,Tangerang,1981-11-22,Laki-Laki,AB,Jl. Permana No. 24,004/007,Duren Sawit,Bekasi Timur,Tangerang,Banten,KATOLIK,Belum Menikah,Wiraswasta,WNI,SEUMUR HIDUP
DKC000915,3671016009810915,Siti Handoko,Tangerang,1981-09-20,Perempuan,A,Jl. Suryadi No. 58,010/001,Cipete,Kramat Jati,Tangerang,Banten,HINDU,Cerai Hidup,Wiraswasta,WNI,SEUMUR HIDUP
DKC000916,3671017011790916,Rita Saputra,Tangerang,1979-11-30,Perempuan,B,Jl. Tanjung No. 22,002/009,Cempaka Putih,Kramat Jati,Tangerang,Banten,HINDU,Belum Menikah,Wiraswasta,WNI,SEUMUR HIDUP
DKC000917,3671012406880917,Dedi Wibowo,Tangerang,1988-06-24,Laki-Laki,B,Jl. Wijaya No. 127,005/007,Duren Sawit,Serpong,Tangerang,Banten,KATOLIK,Belum Menikah,Wiraswasta,WNI,SEUMUR HIDUP
DKC000918,3671010204650918,Eko Hutapea,Tangerang,1965-04-02,Laki-Laki,AB,Jl. Hutapea No. 54,009/008,Bintaro,Cengkareng,Tangerang,Banten,KONGHUCU,Belum Menikah,Wiraswasta,WNI,SEUMUR HIDUP
DKC000919,3275015809690919,Novi Hutapea,Bekasi,1969-09-18,Perempuan,O,Jl. Hutapea No. 20,007/003,Sukamaju,Kramat Jati,Bekasi,Jawa Barat,BUDDHA,Menikah,Wiraswasta,WNI,SEUMUR HIDUP
DKC000920,3174011101840920,Yusuf Suryadi,Jakarta Selatan,1984-01-11,Laki-Laki,O,Jl. Pratama No. 135,008/003,Cipete,Bekasi Timur,Jakarta Selatan,DKI Jakarta,ISLAM,Cerai Hidup,Wiraswasta,WNI,SEUMUR HIDUP
DKC000921,3671010906880921,Joko Susanto,Tangerang,1988-06-09,Laki-Laki,AB,Jl. Simanjuntak No. 96,010/003,Cempaka Putih,Cengkareng,Tangerang,Banten,BUDDHA,Belum Menikah,Wiraswasta,WNI,SEUMUR HIDUP
DKC000922,3674014610850922,Ayu Simanjuntak,Tangerang Selatan,1985-10-06,Perempuan,B,Jl. Gunawan No. 35,003/009,Bintaro,Tebet,Tangerang Selatan,Jawa Barat,KATOLIK,Cerai Mati,Wiraswasta,WNI,SEUMUR HIDUP
DKC000923,3174012812780923,Dedi Handoko,Jakarta Selatan,1978-12-28,Laki-Laki,B,Jl. Hidayat No. 25,009/008,Rawa Bunga,Tebet,Jakarta Selatan,DKI Jakarta,ISLAM,Cerai Mati,Wiraswasta,WNI,SEUMUR HIDUP
DKC000924,3671012206800924,Andi Halim,Tangerang,1980-06-22,Laki-Laki,A,Jl. Hidayat No. 71,005/007,Duren Sawit,Cengkareng,Tangerang,Banten,BUDDHA,Cerai Mati,Wiraswasta,WNI,SEUMUR HIDUP
DKC000925,3671016306680925,Dian Rahman,Tangerang,1968-06-23,Perempuan,B,Jl. Saputra No. 56,005/003,Duren Sawit,Sukmajaya,Tangerang,Banten,ISLAM,Belum Menikah,Wiraswasta,WNI,SEUMUR HIDUP
DKC000926,3671015903010926,Ratna Siregar,Tangerang,2001-03-19,Perempuan,O,Jl. Hidayat No. 44,001/004,Kebon Baru,Tebet,Tangerang,Banten,BUDDHA,Belum Menikah,Wiraswasta,WNI,SEUMUR HIDUP
DKC000927,3175012806680927,Hendra Handoko,Jakarta Timur,1968-06-28,Laki-Laki,A,Jl. Setiawan No. 131,008/007,Bintaro,Cengkareng,Jakarta Timur,DKI Jakarta,KATOLIK,Menikah,Wiraswasta,WNI,SEUMUR HIDUP
DKC000928,3674010609960928,Arif Wibowo,Tangerang Selatan,1996-09-06,Laki-Laki,O,Jl. Halim No. 80,009/006,Sukajadi,Sukmajaya,Tangerang Selatan,Jawa Barat,KRISTEN,Belum Menikah,Wiraswasta,WNI,SEUMUR HIDUP
DKC000929,3674016612860929,Lina Setiawan,Tangerang Selatan,1986-12-26,Perempuan,AB,Jl. Lubis No. 31,009/007,Rawa Bunga,Kramat Jati,Tangerang Selatan,Jawa Barat,ISLAM,Cerai Hidup,Wiraswasta,WNI,SEUMUR HIDUP
DKC000930,3674014408740930,Tri Lubis,Tangerang Selatan,1974-08-04,Perempuan,B,Jl. Wibowo No. 96,003/001,Kebon Baru,Bekasi Timur,Tangerang Selatan,Jawa Barat,KATOLIK,Belum Menikah,Wiraswasta,WNI,SEUMUR HIDUP
DKC000931,3275011907810931,Taufik Susanto,Bekasi,1981-07-19,Laki-Laki,AB,Jl. Kusuma No. 4,010/005,Sukamaju,Serpong,Bekasi,Jawa Barat,KATOLIK,Cerai Mati,Wiraswasta,WNI,SEUMUR HIDUP
DKC000932,3671016004770932,Dewi Hutapea,Tangerang,1977-04-20,Perempuan,A,Jl. Siregar No. 8,012/008,Bintaro,Bekasi Timur,Tangerang,Banten,KRISTEN,Cerai Mati,Wiraswasta,WNI,SEUMUR HIDUP
DKC000933,3172013012960933,Agus Halim,Jakarta Utara,1996-12-30,Laki-Laki,B,Jl. Hutapea No. 46,003/002,Cipete,Tebet,Jakarta Utara,DKI Jakarta,ISLAM,Cerai Mati,Wiraswasta,WNI,SEUMUR HIDUP
DKC000934,3671013103030934,Eko Saputra,Tangerang,2003-03-31,Laki-Laki,B,Jl. Tanjung No. 5,006/006,Cempaka Putih,Sukmajaya,Tangerang,Banten,KONGHUCU,Cerai Hidup,Wiraswasta,WNI,SEUMUR HIDUP
DKC000935,3275010112670935,Sutrisno Wibowo,Bekasi,1967-12-01,Laki-Laki,B,Jl. Situmorang No. 129,003/005,Sukajadi,Kramat Jati,Bekasi,Jawa Barat,HINDU,Menikah,Wiraswasta,WNI,SEUMUR HIDUP
DKC000936,3671014410720936,Nina Hidayat,Tangerang,1972-10-04,Perempuan,A,Jl. Susanto No. 71,009/006,Sukajadi,Cengkareng,Tangerang,Banten,HINDU,Menikah,Wiraswasta,WNI,SEUMUR HIDUP
DKC000937,3171016209970937,Rina Saputra,Jakarta Pusat,1997-09-22,Perempuan,A,Jl. Pratama No. 82,010/001,Cempaka Putih,Tebet,Jakarta Pusat,DKI Jakarta,KRISTEN,Cerai Hidup,Wiraswasta,WNI,SEUMUR HIDUP
DKC000938,3175016407020938,Rina Panjaitan,Jakarta Timur,2002-07-24,Perempuan,B,Jl. Panjaitan No. 34,005/001,Cipete,Serpong,Jakarta Timur,DKI Jakarta,KATOLIK,Belum Menikah,Wiraswasta,WNI,SEUMUR HIDUP
DKC000939,3674016002750939,Wulan Siregar,Tangerang Selatan,1975-02-20,Perempuan,B,Jl. Firmansyah No. 52,003/005,Duren Sawit,Serpong,Tangerang Selatan,Jawa Barat,HINDU,Cerai Hidup,Wiraswasta,WNI,SEUMUR HIDUP
DKC000940,3671012508800940,Ahmad Halim,Tangerang,1980-08-25,Laki-Laki,O,Jl. Tanjung No. 44,001/010,Cipete,Kramat Jati,Tangerang,Banten,BUDDHA,Belum Menikah,Wiraswasta,WNI,SEUMUR HIDUP
DKC000941,3671016204740941,Maya Tanjung,Tangerang,1974-04-22,Perempuan,AB,Jl. Hutapea No. 129,009/005,Sukajadi,Sukmajaya,Tangerang,Banten,KRISTEN,Cerai Hidup,Wiraswasta,WNI,SEUMUR HIDUP
DKC000942,3174011203880942,Hadi Firmansyah,Jakarta Selatan,1988-03-12,Laki-Laki,B,Jl. Handoko No. 36,008/010,Rawa Bunga,Cengkareng,Jakarta Selatan,DKI Jakarta,BUDDHA,Cerai Mati,Wiraswasta,WNI,SEUMUR HIDUP
DKC000943,3175011005650943,Eko Hutapea,Jakarta Timur,1965-05-10,Laki-Laki,B,Jl. Permana No. 122,006/006,Sukajadi,Kramat Jati,Jakarta Timur,DKI Jakarta,KATOLIK,Cerai Hidup,Wiraswasta,WNI,SEUMUR HIDUP
DKC000944,3174011009840944,Hadi Rahman,Jakarta Selatan,1984-09-10,Laki-Laki,O,Jl. Siregar No. 148,012/007,Cipete,Bekasi Timur,Jakarta Selatan,DKI Jakarta,KRISTEN,Cerai Hidup,Wiraswasta,WNI,SEUMUR HIDUP
DKC000945,3674016006780945,Nina Gunawan,Tangerang Selatan,1978-06-20,Perempuan,A,Jl. Nugroho No. 130,002/007,Cipete,Cengkareng,Tangerang Selatan,Jawa Barat,BUDDHA,Cerai Mati,Wiraswasta,WNI,SEUMUR HIDUP
DKC000946,3175011010910946,Hendra Kusuma,Jakarta Timur,1991-10-10,Laki-Laki,B,Jl. Siregar No. 36,003/006,Sukamaju,Tebet,Jakarta Timur,DKI Jakarta,KATOLIK,Belum Menikah,Wiraswasta,WNI,SEUMUR HIDUP
DKC000947,3173015401650947,Novi Wibowo,Jakarta Barat,1965-01-14,Perempuan,B,Jl. Hidayat No. 45,005/005,Sukajadi,Kramat Jati,Jakarta Barat,DKI Jakarta,KRISTEN,Belum Menikah,Wiraswasta,WNI,SEUMUR HIDUP
DKC000948,3171015909950948,Rina Panjaitan,Jakarta Pusat,1995-09-19,Perempuan,AB,Jl. Santoso No. 123,003/006,Sukajadi,Bekasi Timur,Jakarta Pusat,DKI Jakarta,BUDDHA,Cerai Mati,Wiraswasta,WNI,SEUMUR HIDUP
DKC000949,3671011704020949,Krisna Handoko,Tangerang,2002-04-17,Laki-Laki,O,Jl. Hutapea No. 63,002/007,Cempaka Putih,Cengkareng,Tangerang,Banten,KRISTEN,Cerai Mati,Wiraswasta,WNI,SEUMUR HIDUP
DKC000950,3671015210910950,Melati Susanto,Tangerang,1991-10-12,Perempuan,O,Jl. Rahman No. 19,006/008,Sukamaju,Kramat Jati,Tangerang,Banten,BUDDHA,Belum Menikah,Wiraswasta,WNI,SEUMUR HIDUP
DKC000951,3275012205920951,Rudi Halim,Bekasi,1992-05-22,Laki-Laki,O,Jl. Kurniawan No. 59,003/008,Kebon Baru,Tebet,Bekasi,Jawa Barat,KRISTEN,Cerai Hidup,Wiraswasta,WNI,SEUMUR HIDUP
DKC000952,3276014502840952,Rina Gunawan,Depok,1984-02-05,Perempuan,B,Jl. Susanto No. 80,007/008,Sukamaju,Cengkareng,Depok,Jawa Barat,HINDU,Belum Menikah,Wiraswasta,WNI,SEUMUR HIDUP
DKC000953,3671010911850953,Slamet Lubis,Tangerang,1985-11-09,Laki-Laki,A,Jl. Halim No. 26,011/007,Sukamaju,Kramat Jati,Tangerang,Banten,KATOLIK,Belum Menikah,Wiraswasta,WNI,SEUMUR HIDUP
DKC000954,3173014105940954,Yanti Suryadi,Jakarta Barat,1994-05-01,Perempuan,O,Jl. Permana No. 14,005/007,Duren Sawit,Serpong,Jakarta Barat,DKI Jakarta,KONGHUCU,Menikah,Wiraswasta,WNI,SEUMUR HIDUP
DKC000955,3271015311020955,Ayu Halim,Bogor,2002-11-13,Perempuan,AB,Jl. Saputra No. 46,007/009,Cipete,Serpong,Bogor,Jawa Barat,ISLAM,Belum Menikah,Wiraswasta,WNI,SEUMUR HIDUP
DKC000956,3671011211730956,Eko Hutapea,Tangerang,1973-11-12,Laki-Laki,O,Jl. Permana No. 13,008/005,Sukamaju,Tebet,Tangerang,Banten,HINDU,Cerai Mati,Wiraswasta,WNI,SEUMUR HIDUP
DKC000957,3671016704760957,Dewi Simanjuntak,Tangerang,1976-04-27,Perempuan,O,Jl. Gunawan No. 76,001/009,Duren Sawit,Kramat Jati,Tangerang,Banten,KATOLIK,Cerai Hidup,Wiraswasta,WNI,SEUMUR HIDUP
DKC000958,3271015207930958,Siti Suryadi,Bogor,1993-07-12,Perempuan,A,Jl. Simanjuntak No. 29,006/001,Cipete,Kramat Jati,Bogor,Jawa Barat,KRISTEN,Menikah,Wiraswasta,WNI,SEUMUR HIDUP
DKC000959,3173010405840959,Dedi Panjaitan,Jakarta Barat,1984-05-04,Laki-Laki,AB,Jl. Halim No. 118,012/010,Kebon Baru,Serpong,Jakarta Barat,DKI Jakarta,BUDDHA,Cerai Mati,Wiraswasta,WNI,SEUMUR HIDUP
DKC000960,3275010208710960,Andi Gunawan,Bekasi,1971-08-02,Laki-Laki,A,Jl. Wibowo No. 132,012/002,Rawa Bunga,Serpong,Bekasi,Jawa Barat,KONGHUCU,Cerai Hidup,Wiraswasta,WNI,SEUMUR HIDUP
DKC000961,3175015505970961,Putri Santoso,Jakarta Timur,1997-05-15,Perempuan,A,Jl. Permana No. 30,004/010,Duren Sawit,Cengkareng,Jakarta Timur,DKI Jakarta,BUDDHA,Belum Menikah,Wiraswasta,WNI,SEUMUR HIDUP
DKC000962,3276011502990962,Rudi Siregar,Depok,1999-02-15,Laki-Laki,O,Jl. Firmansyah No. 48,005/009,Sukamaju,Sukmajaya,Depok,Jawa Barat,HINDU,Belum Menikah,Wiraswasta,WNI,SEUMUR HIDUP
DKC000963,3276014311650963,Indah Santoso,Depok,1965-11-03,Perempuan,O,Jl. Lubis No. 34,005/005,Bintaro,Sukmajaya,Depok,Jawa Barat,KONGHUCU,Cerai Hidup,Wiraswasta,WNI,SEUMUR HIDUP
DKC000964,3175010112740964,Fajar Nugroho,Jakarta Timur,1974-12-01,Laki-Laki,A,Jl. Simanjuntak No. 74,012/010,Bintaro,Sukmajaya,Jakarta Timur,DKI Jakarta,HINDU,Cerai Hidup,Wiraswasta,WNI,SEUMUR HIDUP
DKC000965,3175015204800965,Wati Rahman,Jakarta Timur,1980-04-12,Perempuan,AB,Jl. Halim No. 114,003/008,Bintaro,Kramat Jati,Jakarta Timur,DKI Jakarta,BUDDHA,Belum Menikah,Wiraswasta,WNI,SEUMUR HIDUP
DKC000966,3172015107680966,Indah Wibowo,Jakarta Utara,1968-07-11,Perempuan,O,Jl. Rahman No. 89,002/004,Rawa Bunga,Cengkareng,Jakarta Utara,DKI Jakarta,KATOLIK,Cerai Hidup,Wiraswasta,WNI,SEUMUR HIDUP
DKC000967,3171015101930967,Yanti Suryadi,Jakarta Pusat,1993-01-11,Perempuan,B,Jl. Simanjuntak No. 91,010/007,Cipete,Tebet,Jakarta Pusat,DKI Jakarta,KATOLIK,Cerai Mati,Wiraswasta,WNI,SEUMUR HIDUP
DKC000968,3173012703920968,Slamet Rahman,Jakarta Barat,1992-03-27,Laki-Laki,A,Jl. Saputra No. 102,004/004,Sukajadi,Sukmajaya,Jakarta Barat,DKI Jakarta,KATOLIK,Belum Menikah,Wiraswasta,WNI,SEUMUR HIDUP
DKC000969,3671010409890969,Doni Situmorang,Tangerang,1989-09-04,Laki-Laki,O,Jl. Halim No. 56,007/010,Duren Sawit,Cengkareng,Tangerang,Banten,KATOLIK,Menikah,Wiraswasta,WNI,SEUMUR HIDUP
DKC000970,3671014602750970,Ayu Rahman,Tangerang,1975-02-06,Perempuan,O,Jl. Handoko No. 119,005/008,Cempaka Putih,Kramat Jati,Tangerang,Banten,HINDU,Cerai Hidup,Wiraswasta,WNI,SEUMUR HIDUP
DKC000971,3276012808950971,Arif Gunawan,Depok,1995-08-28,Laki-Laki,A,Jl. Wibowo No. 149,011/007,Cipete,Bekasi Timur,Depok,Jawa Barat,KRISTEN,Menikah,Wiraswasta,WNI,SEUMUR HIDUP
DKC000972,3671012411910972,Dedi Simanjuntak,Tangerang,1991-11-24,Laki-Laki,O,Jl. Santoso No. 84,010/004,Cempaka Putih,Sukmajaya,Tangerang,Banten,KONGHUCU,Cerai Mati,Wiraswasta,WNI,SEUMUR HIDUP
DKC000973,3671010610890973,Rudi Santoso,Tangerang,1989-10-06,Laki-Laki,B,Jl. Pratama No. 118,006/004,Cempaka Putih,Bekasi Timur,Tangerang,Banten,KONGHUCU,Belum Menikah,Wiraswasta,WNI,SEUMUR HIDUP
DKC000974,3174015504740974,Wulan Susanto,Jakarta Selatan,1974-04-15,Perempuan,O,Jl. Suryadi No. 63,011/010,Bintaro,Kramat Jati,Jakarta Selatan,DKI Jakarta,KRISTEN,Cerai Mati,Wiraswasta,WNI,SEUMUR HIDUP
DKC000975,3276012612750975,Yudi Simanjuntak,Depok,1975-12-26,Laki-Laki,O,Jl. Panjaitan No. 18,001/001,Cipete,Sukmajaya,Depok,Jawa Barat,HINDU,Cerai Mati,Wiraswasta,WNI,SEUMUR HIDUP
DKC000976,3275010902970976,Yudi Permana,Bekasi,1997-02-09,Laki-Laki,A,Jl. Suryadi No. 124,012/001,Duren Sawit,Bekasi Timur,Bekasi,Jawa Barat,KONGHUCU,Menikah,Wiraswasta,WNI,SEUMUR HIDUP
DKC000977,3671016303840977,Putri Hutapea,Tangerang,1984-03-23,Perempuan,A,Jl. Saputra No. 38,005/010,Sukajadi,Serpong,Tangerang,Banten,KRISTEN,Cerai Hidup,Wiraswasta,WNI,SEUMUR HIDUP
DKC000978,3171014809000978,Yanti Gunawan,Jakarta Pusat,2000-09-08,Perempuan,O,Jl. Hidayat No. 68,002/006,Sukajadi,Bekasi Timur,Jakarta Pusat,DKI Jakarta,KONGHUCU,Cerai Mati,Wiraswasta,WNI,SEUMUR HIDUP
DKC000979,3271010112950979,Doni Firmansyah,Bogor,1995-12-01,Laki-Laki,O,Jl. Gunawan No. 116,012/005,Duren Sawit,Sukmajaya,Bogor,Jawa Barat,ISLAM,Belum Menikah,Wiraswasta,WNI,SEUMUR HIDUP
DKC000980,3171012108810980,Dimas Susanto,Jakarta Pusat,1981-08-21,Laki-Laki,AB,Jl. Hutapea No. 75,005/003,Duren Sawit,Bekasi Timur,Jakarta Pusat,DKI Jakarta,KONGHUCU,Cerai Mati,Wiraswasta,WNI,SEUMUR HIDUP
DKC000981,3671016907710981,Wulan Panjaitan,Tangerang,1971-07-29,Perempuan,AB,Jl. Wibowo No. 66,011/004,Sukamaju,Kramat Jati,Tangerang,Banten,BUDDHA,Cerai Hidup,Wiraswasta,WNI,SEUMUR HIDUP
DKC000982,3271010805970982,Taufik Santoso,Bogor,1997-05-08,Laki-Laki,O,Jl. Handoko No. 44,006/003,Rawa Bunga,Sukmajaya,Bogor,Jawa Barat,KATOLIK,Cerai Mati,Wiraswasta,WNI,SEUMUR HIDUP
DKC000983,3671015311720983,Sari Pratama,Tangerang,1972-11-13,Perempuan,O,Jl. Wibowo No. 4,011/002,Rawa Bunga,Kramat Jati,Tangerang,Banten,KATOLIK,Belum Menikah,Wiraswasta,WNI,SEUMUR HIDUP
DKC000984,3671012702940984,Dedi Firmansyah,Tangerang,1994-02-27,Laki-Laki,B,Jl. Halim No. 128,008/010,Sukamaju,Serpong,Tangerang,Banten,BUDDHA,Belum Menikah,Wiraswasta,WNI,SEUMUR HIDUP
DKC000985,3173010502930985,Rudi Lubis,Jakarta Barat,1993-02-05,Laki-Laki,A,Jl. Gunawan No. 130,002/005,Sukajadi,Tebet,Jakarta Barat,DKI Jakarta,HINDU,Belum Menikah,Wiraswasta,WNI,SEUMUR HIDUP
DKC000986,3171013103750986,Wahyu Panjaitan,Jakarta Pusat,1975-03-31,Laki-Laki,O,Jl. Pratama No. 11,010/005,Duren Sawit,Tebet,Jakarta Pusat,DKI Jakarta,KONGHUCU,Belum Menikah,Wiraswasta,WNI,SEUMUR HIDUP
DKC000987,3671012509670987,Bayu Setiawan,Tangerang,1967-09-25,Laki-Laki,B,Jl. Nugroho No. 63,010/010,Bintaro,Bekasi Timur,Tangerang,Banten,ISLAM,Menikah,Wiraswasta,WNI,SEUMUR HIDUP
DKC000988,3171015606860988,Retno Tanjung,Jakarta Pusat,1986-06-16,Perempuan,A,Jl. Suryadi No. 22,008/004,Sukajadi,Sukmajaya,Jakarta Pusat,DKI Jakarta,BUDDHA,Belum Menikah,Wiraswasta,WNI,SEUMUR HIDUP
DKC000989,3172015204840989,Lestari Siregar,Jakarta Utara,1984-04-12,Perempuan,A,Jl. Panjaitan No. 114,011/004,Bintaro,Tebet,Jakarta Utara,DKI Jakarta,KATOLIK,Cerai Mati,Wiraswasta,WNI,SEUMUR HIDUP
DKC000990,3175014410870990,Wati Tanjung,Jakarta Timur,1987-10-04,Perempuan,O,Jl. Kusuma No. 73,011/005,Duren Sawit,Sukmajaya,Jakarta Timur,DKI Jakarta,KRISTEN,Cerai Hidup,Wiraswasta,WNI,SEUMUR HIDUP
DKC000991,3671016901930991,Yanti Rahman,Tangerang,1993-01-29,Perempuan,O,Jl. Saputra No. 47,008/001,Rawa Bunga,Sukmajaya,Tangerang,Banten,HINDU,Cerai Mati,Wiraswasta,WNI,SEUMUR HIDUP
DKC000992,3271013003690992,Hendra Kurniawan,Bogor,1969-03-30,Laki-Laki,O,Jl. Gunawan No. 138,003/004,Sukajadi,Kramat Jati,Bogor,Jawa Barat,KRISTEN,Cerai Hidup,Wiraswasta,WNI,SEUMUR HIDUP
DKC000993,3671015408690993,Ratna Situmorang,Tangerang,1969-08-14,Perempuan,AB,Jl. Simanjuntak No. 54,010/003,Rawa Bunga,Kramat Jati,Tangerang,Banten,KRISTEN,Cerai Mati,Wiraswasta,WNI,SEUMUR HIDUP
DKC000994,3671011108790994,Irfan Pratama,Tangerang,1979-08-11,Laki-Laki,O,Jl. Tanjung No. 107,012/005,Kebon Baru,Cengkareng,Tangerang,Banten,HINDU,Cerai Hidup,Wiraswasta,WNI,SEUMUR HIDUP
DKC000995,3271015403020995,Wulan Susanto,Bogor,2002-03-14,Perempuan,AB,Jl. Suryadi No. 79,007/010,Cipete,Bekasi Timur,Bogor,Jawa Barat,ISLAM,Cerai Mati,Wiraswasta,WNI,SEUMUR HIDUP
DKC000996,3671013006850996,Joko Halim,Tangerang,1985-06-30,Laki-Laki,AB,Jl. Santoso No. 52,004/005,Duren Sawit,Cengkareng,Tangerang,Banten,ISLAM,Cerai Hidup,Wiraswasta,WNI,SEUMUR HIDUP
DKC000997,3276014910000997,Retno Wibowo,Depok,2000-10-09,Perempuan,B,Jl. Simanjuntak No. 129,008/005,Sukajadi,Tebet,Depok,Jawa Barat,KRISTEN,Belum Menikah,Wiraswasta,WNI,SEUMUR HIDUP
DKC000998,3671016401670998,Desi Handoko,Tangerang,1967-01-24,Perempuan,O,Jl. Hutapea No. 125,004/005,Cipete,Tebet,Tangerang,Banten,ISLAM,Menikah,Wiraswasta,WNI,SEUMUR HIDUP
DKC000999,3674014110770999,Indah Rahman,Tangerang Selatan,1977-10-01,Perempuan,A,Jl. Handoko No. 35,012/002,Rawa Bunga,Serpong,Tangerang Selatan,Jawa Barat,HINDU,Belum Menikah,Wiraswasta,WNI,SEUMUR HIDUP
DKC001000,3671011603901000,Taufik Susanto,Tangerang,1990-03-16,Laki-Laki,A,Jl. Suryadi No. 63,006/010,Duren Sawit,Sukmajaya,Tangerang,Banten,BUDDHA,Cerai Hidup,Wiraswasta,WNI,SEUMUR HIDUP
DKC001001,3175011404031001,Dedi Situmorang,Jakarta Timur,2003-04-14,Laki-Laki,AB,Jl. Situmorang No. 115,012/004,Cempaka Putih,Cengkareng,Jakarta Timur,DKI Jakarta,HINDU,Belum Menikah,Wiraswasta,WNI,SEUMUR HIDUP
DKC001002,3175015506761002,Maya Gunawan,Jakarta Timur,1976-06-15,Perempuan,A,Jl. Setiawan No. 31,011/007,Cipete,Bekasi Timur,Jakarta Timur,DKI Jakarta,HINDU,Menikah,Wiraswasta,WNI,SEUMUR HIDUP
DKC001003,3275011805901003,Krisna Kusuma,Bekasi,1990-05-18,Laki-Laki,O,Jl. Wijaya No. 130,006/009,Bintaro,Cengkareng,Bekasi,Jawa Barat,BUDDHA,Cerai Hidup,Wiraswasta,WNI,SEUMUR HIDUP
DKC001004,3671011701901004,Rian Kurniawan,Tangerang,1990-01-17,Laki-Laki,A,Jl. Rahman No. 41,009/002,Bintaro,Sukmajaya,Tangerang,Banten,KONGHUCU,Belum Menikah,Wiraswasta,WNI,SEUMUR HIDUP
DKC001005,3271012211851005,Doni Lubis,Bogor,1985-11-22,Laki-Laki,O,Jl. Panjaitan No. 39,011/006,Sukajadi,Kramat Jati,Bogor,Jawa Barat,KONGHUCU,Cerai Hidup,Wiraswasta,WNI,SEUMUR HIDUP
DKC001006,3671015812651006,Ayu Situmorang,Tangerang,1965-12-18,Perempuan,O,Jl. Siregar No. 76,001/010,Cipete,Tebet,Tangerang,Banten,ISLAM,Belum Menikah,Wiraswasta,WNI,SEUMUR HIDUP
DKC001007,3276016003911007,Ika Setiawan,Depok,1991-03-20,Perempuan,AB,Jl. Rahman No. 118,011/004,Rawa Bunga,Serpong,Depok,Jawa Barat,BUDDHA,Belum Menikah,Wiraswasta,WNI,SEUMUR HIDUP
DKC001008,3175012302731008,Doni Setiawan,Jakarta Timur,1973-02-23,Laki-Laki,A,Jl. Santoso No. 137,010/001,Cempaka Putih,Sukmajaya,Jakarta Timur,DKI Jakarta,KATOLIK,Menikah,Wiraswasta,WNI,SEUMUR HIDUP
DKC001009,3171015801741009,Anggi Gunawan,Jakarta Pusat,1974-01-18,Perempuan,AB,Jl. Pratama No. 109,005/004,Kebon Baru,Cengkareng,Jakarta Pusat,DKI Jakarta,ISLAM,Belum Menikah,Wiraswasta,WNI,SEUMUR HIDUP
DKC001010,3173015605981010,Ani Wibowo,Jakarta Barat,1998-05-16,Perempuan,B,Jl. Wibowo No. 13,008/008,Cipete,Kramat Jati,Jakarta Barat,DKI Jakarta,KRISTEN,Cerai Mati,Wiraswasta,WNI,SEUMUR HIDUP
DKC001011,3671012204721011,Andi Pratama,Tangerang,1972-04-22,Laki-Laki,B,Jl. Saputra No. 126,012/010,Rawa Bunga,Serpong,Tangerang,Banten,KATOLIK,Cerai Mati,Wiraswasta,WNI,SEUMUR HIDUP
DKC001012,3671011106861012,Yusuf Kurniawan,Tangerang,1986-06-11,Laki-Laki,AB,Jl. Kusuma No. 29,008/001,Sukamaju,Bekasi Timur,Tangerang,Banten,HINDU,Cerai Mati,Wiraswasta,WNI,SEUMUR HIDUP
DKC001013,3275012306841013,Rudi Halim,Bekasi,1984-06-23,Laki-Laki,AB,Jl. Nugroho No. 22,011/007,Bintaro,Tebet,Bekasi,Jawa Barat,KATOLIK,Cerai Hidup,Wiraswasta,WNI,SEUMUR HIDUP
DKC001014,3172010106651014,Dedi Nugroho,Jakarta Utara,1965-06-01,Laki-Laki,B,Jl. Kusuma No. 40,003/008,Sukamaju,Tebet,Jakarta Utara,DKI Jakarta,BUDDHA,Belum Menikah,Wiraswasta,WNI,SEUMUR HIDUP
DKC001015,3276016210831015,Maya Simanjuntak,Depok,1983-10-22,Perempuan,B,Jl. Pratama No. 133,003/003,Rawa Bunga,Tebet,Depok,Jawa Barat,KRISTEN,Menikah,Wiraswasta,WNI,SEUMUR HIDUP
DKC001016,3271016909021016,Yuni Susanto,Bogor,2002-09-29,Perempuan,AB,Jl. Simanjuntak No. 83,001/001,Rawa Bunga,Tebet,Bogor,Jawa Barat,HINDU,Menikah,Wiraswasta,WNI,SEUMUR HIDUP
DKC001017,3172013011811017,Krisna Permana,Jakarta Utara,1981-11-30,Laki-Laki,B,Jl. Pratama No. 26,001/006,Kebon Baru,Tebet,Jakarta Utara,DKI Jakarta,HINDU,Menikah,Wiraswasta,WNI,SEUMUR HIDUP
DKC001018,3674011201711018,Ahmad Suryadi,Tangerang Selatan,1971-01-12,Laki-Laki,A,Jl. Susanto No. 122,008/005,Cempaka Putih,Cengkareng,Tangerang Selatan,Jawa Barat,KONGHUCU,Cerai Hidup,Wiraswasta,WNI,SEUMUR HIDUP
DKC001019,3671012408701019,Ahmad Handoko,Tangerang,1970-08-24,Laki-Laki,B,Jl. Kusuma No. 34,003/004,Sukajadi,Serpong,Tangerang,Banten,ISLAM,Cerai Mati,Wiraswasta,WNI,SEUMUR HIDUP
DKC001020,3171016402751020,Melati Simanjuntak,Jakarta Pusat,1975-02-24,Perempuan,AB,Jl. Pratama No. 78,006/008,Duren Sawit,Kramat Jati,Jakarta Pusat,DKI Jakarta,KATOLIK,Cerai Mati,Wiraswasta,WNI,SEUMUR HIDUP
DKC001021,3671016107981021,Yanti Setiawan,Tangerang,1998-07-21,Perempuan,O,Jl. Tanjung No. 13,004/003,Sukamaju,Kramat Jati,Tangerang,Banten,KONGHUCU,Menikah,Wiraswasta,WNI,SEUMUR HIDUP
DKC001022,3275013108901022,Hendra Wibowo,Bekasi,1990-08-31,Laki-Laki,O,Jl. Handoko No. 89,004/010,Cipete,Bekasi Timur,Bekasi,Jawa Barat,KRISTEN,Cerai Mati,Wiraswasta,WNI,SEUMUR HIDUP
DKC001023,3175016805941023,Dian Suryadi,Jakarta Timur,1994-05-28,Perempuan,AB,Jl. Gunawan No. 48,005/006,Bintaro,Sukmajaya,Jakarta Timur,DKI Jakarta,HINDU,Menikah,Wiraswasta,WNI,SEUMUR HIDUP
DKC001024,3275016901001024,Tri Kusuma,Bekasi,2000-01-29,Perempuan,AB,Jl. Permana No. 7,009/003,Sukajadi,Kramat Jati,Bekasi,Jawa Barat,HINDU,Menikah,Wiraswasta,WNI,SEUMUR HIDUP
DKC001025,3276010508801025,Arif Hutapea,Depok,1980-08-05,Laki-Laki,AB,Jl. Suryadi No. 112,009/002,Cempaka Putih,Bekasi Timur,Depok,Jawa Barat,BUDDHA,Belum Menikah,Wiraswasta,WNI,SEUMUR HIDUP
DKC001026,3174013011731026,Fauzi Lubis,Jakarta Selatan,1973-11-30,Laki-Laki,AB,Jl. Kusuma No. 39,010/009,Sukamaju,Sukmajaya,Jakarta Selatan,DKI Jakarta,KATOLIK,Belum Menikah,Wiraswasta,WNI,SEUMUR HIDUP
DKC001027,3171012506931027,Rudi Pratama,Jakarta Pusat,1993-06-25,Laki-Laki,B,Jl. Situmorang No. 39,009/010,Cipete,Kramat Jati,Jakarta Pusat,DKI Jakarta,KATOLIK,Menikah,Wiraswasta,WNI,SEUMUR HIDUP
DKC001028,3671015805861028,Lestari Wibowo,Tangerang,1986-05-18,Perempuan,O,Jl. Gunawan No. 35,012/005,Sukamaju,Tebet,Tangerang,Banten,KATOLIK,Cerai Hidup,Wiraswasta,WNI,SEUMUR HIDUP
DKC001029,3671012908671029,Krisna Panjaitan,Tangerang,1967-08-29,Laki-Laki,O,Jl. Setiawan No. 37,008/003,Kebon Baru,Bekasi Timur,Tangerang,Banten,KRISTEN,Cerai Mati,Wiraswasta,WNI,SEUMUR HIDUP
DKC001030,3175014103681030,Rita Hidayat,Jakarta Timur,1968-03-01,Perempuan,B,Jl. Firmansyah No. 36,007/002,Cempaka Putih,Kramat Jati,Jakarta Timur,DKI Jakarta,HINDU,Belum Menikah,Wiraswasta,WNI,SEUMUR HIDUP
DKC001031,3174014905881031,Tri Gunawan,Jakarta Selatan,1988-05-09,Perempuan,AB,Jl. Kusuma No. 27,011/010,Bintaro,Kramat Jati,Jakarta Selatan,DKI Jakarta,KONGHUCU,Cerai Mati,Wiraswasta,WNI,SEUMUR HIDUP
DKC001032,3671016311711032,Kartika Saputra,Tangerang,1971-11-23,Perempuan,A,Jl. Situmorang No. 88,005/001,Cipete,Cengkareng,Tangerang,Banten,ISLAM,Cerai Mati,Wiraswasta,WNI,SEUMUR HIDUP
DKC001033,3671014901991033,Rita Pratama,Tangerang,1999-01-09,Perempuan,AB,Jl. Nugroho No. 134,002/002,Rawa Bunga,Kramat Jati,Tangerang,Banten,KONGHUCU,Cerai Mati,Wiraswasta,WNI,SEUMUR HIDUP
DKC001034,3671015607991034,Ika Wijaya,Tangerang,1999-07-16,Perempuan,AB,Jl. Panjaitan No. 71,005/009,Rawa Bunga,Bekasi Timur,Tangerang,Banten,KONGHUCU,Cerai Hidup,Wiraswasta,WNI,SEUMUR HIDUP
DKC001035,3173016211751035,Rina Santoso,Jakarta Barat,1975-11-22,Perempuan,O,Jl. Nugroho No. 112,011/005,Sukajadi,Serpong,Jakarta Barat,DKI Jakarta,HINDU,Cerai Mati,Wiraswasta,WNI,SEUMUR HIDUP
DKC001036,3172014808021036,Dewi Simanjuntak,Jakarta Utara,2002-08-08,Perempuan,A,Jl. Siregar No. 25,002/004,Rawa Bunga,Sukmajaya,Jakarta Utara,DKI Jakarta,KONGHUCU,Cerai Mati,Wiraswasta,WNI,SEUMUR HIDUP
DKC001037,3175015001941037,Lina Panjaitan,Jakarta Timur,1994-01-10,Perempuan,O,Jl. Suryadi No. 147,009/001,Cipete,Serpong,Jakarta Timur,DKI Jakarta,KONGHUCU,Cerai Mati,Wiraswasta,WNI,SEUMUR HIDUP
DKC001038,3174011404931038,Yusuf Siregar,Jakarta Selatan,1993-04-14,Laki-Laki,AB,Jl. Saputra No. 75,007/001,Bintaro,Cengkareng,Jakarta Selatan,DKI Jakarta,KATOLIK,Cerai Hidup,Wiraswasta,WNI,SEUMUR HIDUP
DKC001039,3275016307791039,Fitri Firmansyah,Bekasi,1979-07-23,Perempuan,O,Jl. Hutapea No. 68,003/004,Rawa Bunga,Serpong,Bekasi,Jawa Barat,HINDU,Cerai Hidup,Wiraswasta,WNI,SEUMUR HIDUP
DKC001040,3175011210801040,Irfan Handoko,Jakarta Timur,1980-10-12,Laki-Laki,B,Jl. Gunawan No. 79,002/002,Cipete,Cengkareng,Jakarta Timur,DKI Jakarta,BUDDHA,Cerai Mati,Wiraswasta,WNI,SEUMUR HIDUP
DKC001041,3175012605031041,Doni Wibowo,Jakarta Timur,2003-05-26,Laki-Laki,O,Jl. Halim No. 87,008/006,Cempaka Putih,Kramat Jati,Jakarta Timur,DKI Jakarta,KATOLIK,Menikah,Wiraswasta,WNI,SEUMUR HIDUP
DKC001042,3271011212981042,Yusuf Siregar,Bogor,1998-12-12,Laki-Laki,B,Jl. Wibowo No. 20,004/002,Sukajadi,Serpong,Bogor,Jawa Barat,BUDDHA,Cerai Mati,Wiraswasta,WNI,SEUMUR HIDUP
DKC001043,3271015910821043,Wulan Hutapea,Bogor,1982-10-19,Perempuan,B,Jl. Wibowo No. 27,012/005,Sukajadi,Cengkareng,Bogor,Jawa Barat,KRISTEN,Cerai Mati,Wiraswasta,WNI,SEUMUR HIDUP
DKC001044,3175010803661044,Fajar Rahman,Jakarta Timur,1966-03-08,Laki-Laki,O,Jl. Nugroho No. 57,004/004,Bintaro,Serpong,Jakarta Timur,DKI Jakarta,KRISTEN,Belum Menikah,Wiraswasta,WNI,SEUMUR HIDUP
DKC001045,3172010509861045,Bambang Nugroho,Jakarta Utara,1986-09-05,Laki-Laki,O,Jl. Permana No. 143,009/010,Kebon Baru,Bekasi Timur,Jakarta Utara,DKI Jakarta,KRISTEN,Cerai Mati,Wiraswasta,WNI,SEUMUR HIDUP
DKC001046,3671015501011046,Desi Firmansyah,Tangerang,2001-01-15,Perempuan,AB,Jl. Permana No. 95,006/004,Rawa Bunga,Sukmajaya,Tangerang,Banten,KATOLIK,Menikah,Wiraswasta,WNI,SEUMUR HIDUP
DKC001047,3172012112901047,Eko Hutapea,Jakarta Utara,1990-12-21,Laki-Laki,B,Jl. Saputra No. 130,012/008,Rawa Bunga,Tebet,Jakarta Utara,DKI Jakarta,BUDDHA,Belum Menikah,Wiraswasta,WNI,SEUMUR HIDUP
DKC001048,3671015511851048,Lina Hutapea,Tangerang,1985-11-15,Perempuan,AB,Jl. Siregar No. 14,008/010,Bintaro,Bekasi Timur,Tangerang,Banten,BUDDHA,Cerai Mati,Wiraswasta,WNI,SEUMUR HIDUP
DKC001049,3671012801901049,Hendra Santoso,Tangerang,1990-01-28,Laki-Laki,A,Jl. Halim No. 123,012/003,Sukajadi,Serpong,Tangerang,Banten,KATOLIK,Menikah,Wiraswasta,WNI,SEUMUR HIDUP
DKC001050,3671014401971050,Rita Firmansyah,Tangerang,1997-01-04,Perempuan,O,Jl. Permana No. 35,007/004,Bintaro,Cengkareng,Tangerang,Banten,BUDDHA,Cerai Hidup,Wiraswasta,WNI,SEUMUR HIDUP
DKC001051,3671016206711051,Fitri Siregar,Tangerang,1971-06-22,Perempuan,AB,Jl. Santoso No. 14,012/006,Sukajadi,Tebet,Tangerang,Banten,BUDDHA,Menikah,Wiraswasta,WNI,SEUMUR HIDUP
DKC001052,3671016902761052,Desi Pratama,Tangerang,1976-02-29,Perempuan,B,Jl. Pratama No. 8,011/008,Sukajadi,Cengkareng,Tangerang,Banten,ISLAM,Menikah,Wiraswasta,WNI,SEUMUR HIDUP
DKC001053,3671014802011053,Rita Hutapea,Tangerang,2001-02-08,Perempuan,O,Jl. Wibowo No. 122,003/006,Cempaka Putih,Tebet,Tangerang,Banten,KATOLIK,Cerai Hidup,Wiraswasta,WNI,SEUMUR HIDUP
DKC001054,3674012601691054,Anton Permana,Tangerang Selatan,1969-01-26,Laki-Laki,B,Jl. Firmansyah No. 103,004/004,Rawa Bunga,Serpong,Tangerang Selatan,Jawa Barat,KONGHUCU,Menikah,Wiraswasta,WNI,SEUMUR HIDUP
DKC001055,3172016507761055,Novi Situmorang,Jakarta Utara,1976-07-25,Perempuan,A,Jl. Simanjuntak No. 16,009/001,Rawa Bunga,Tebet,Jakarta Utara,DKI Jakarta,KRISTEN,Menikah,Wiraswasta,WNI,SEUMUR HIDUP
DKC001056,3271013003661056,Budi Gunawan,Bogor,1966-03-30,Laki-Laki,AB,Jl. Kurniawan No. 45,004/010,Bintaro,Kramat Jati,Bogor,Jawa Barat,BUDDHA,Belum Menikah,Wiraswasta,WNI,SEUMUR HIDUP
DKC001057,3172015410811057,Ani Lubis,Jakarta Utara,1981-10-14,Perempuan,B,Jl. Suryadi No. 46,009/003,Bintaro,Tebet,Jakarta Utara,DKI Jakarta,BUDDHA,Menikah,Wiraswasta,WNI,SEUMUR HIDUP
DKC001058,3275012808801058,Yudi Susanto,Bekasi,1980-08-28,Laki-Laki,B,Jl. Siregar No. 133,003/002,Bintaro,Kramat Jati,Bekasi,Jawa Barat,BUDDHA,Belum Menikah,Wiraswasta,WNI,SEUMUR HIDUP
DKC001059,3671014403001059,Novi Lubis,Tangerang,2000-03-04,Perempuan,O,Jl. Saputra No. 142,002/006,Kebon Baru,Cengkareng,Tangerang,Banten,KRISTEN,Belum Menikah,Wiraswasta,WNI,SEUMUR HIDUP
DKC001060,3175015908671060,Yuni Wibowo,Jakarta Timur,1967-08-19,Perempuan,O,Jl. Lubis No. 26,009/002,Rawa Bunga,Sukmajaya,Jakarta Timur,DKI Jakarta,BUDDHA,Cerai Mati,Wiraswasta,WNI,SEUMUR HIDUP
DKC001061,3173010204991061,Bambang Gunawan,Jakarta Barat,1999-04-02,Laki-Laki,B,Jl. Susanto No. 110,007/007,Cipete,Tebet,Jakarta Barat,DKI Jakarta,HINDU,Menikah,Wiraswasta,WNI,SEUMUR HIDUP
DKC001062,3671014705921062,Ani Gunawan,Tangerang,1992-05-07,Perempuan,O,Jl. Susanto No. 128,005/001,Sukamaju,Kramat Jati,Tangerang,Banten,ISLAM,Cerai Hidup,Wiraswasta,WNI,SEUMUR HIDUP
DKC001063,3671011912881063,Gunawan Gunawan,Tangerang,1988-12-19,Laki-Laki,A,Jl. Wijaya No. 78,007/004,Rawa Bunga,Sukmajaya,Tangerang,Banten,ISLAM,Cerai Mati,Wiraswasta,WNI,SEUMUR HIDUP
DKC001064,3671011608741064,Dimas Halim,Tangerang,1974-08-16,Laki-Laki,A,Jl. Suryadi No. 48,004/006,Sukajadi,Serpong,Tangerang,Banten,KRISTEN,Cerai Mati,Wiraswasta,WNI,SEUMUR HIDUP
DKC001065,3671011201671065,Taufik Tanjung,Tangerang,1967-01-12,Laki-Laki,O,Jl. Hidayat No. 30,005/001,Kebon Baru,Serpong,Tangerang,Banten,KATOLIK,Belum Menikah,Wiraswasta,WNI,SEUMUR HIDUP
DKC001066,3674014401671066,Kartika Nugroho,Tangerang Selatan,1967-01-04,Perempuan,B,Jl. Setiawan No. 64,010/005,Cipete,Serpong,Tangerang Selatan,Jawa Barat,BUDDHA,Cerai Hidup,Wiraswasta,WNI,SEUMUR HIDUP
DKC001067,3671011105831067,Bayu Tanjung,Tangerang,1983-05-11,Laki-Laki,A,Jl. Permana No. 106,007/005,Kebon Baru,Bekasi Timur,Tangerang,Banten,KATOLIK,Menikah,Wiraswasta,WNI,SEUMUR HIDUP
DKC001068,3276016709941068,Dewi Hutapea,Depok,1994-09-27,Perempuan,B,Jl. Kurniawan No. 30,002/003,Bintaro,Tebet,Depok,Jawa Barat,KRISTEN,Cerai Hidup,Wiraswasta,WNI,SEUMUR HIDUP
DKC001069,3671011110771069,Rian Firmansyah,Tangerang,1977-10-11,Laki-Laki,AB,Jl. Susanto No. 146,005/002,Sukajadi,Bekasi Timur,Tangerang,Banten,KRISTEN,Menikah,Wiraswasta,WNI,SEUMUR HIDUP
DKC001070,3671015401861070,Yuni Setiawan,Tangerang,1986-01-14,Perempuan,O,Jl. Saputra No. 29,004/001,Cipete,Kramat Jati,Tangerang,Banten,ISLAM,Menikah,Wiraswasta,WNI,SEUMUR HIDUP
DKC001071,3674011402981071,Joko Simanjuntak,Tangerang Selatan,1998-02-14,Laki-Laki,B,Jl. Suryadi No. 11,011/009,Kebon Baru,Kramat Jati,Tangerang Selatan,Jawa Barat,KONGHUCU,Cerai Hidup,Wiraswasta,WNI,SEUMUR HIDUP
DKC001072,3175012207031072,Taufik Santoso,Jakarta Timur,2003-07-22,Laki-Laki,AB,Jl. Pratama No. 90,008/004,Sukamaju,Bekasi Timur,Jakarta Timur,DKI Jakarta,HINDU,Belum Menikah,Wiraswasta,WNI,SEUMUR HIDUP
DKC001073,3171015902931073,Ayu Kurniawan,Jakarta Pusat,1993-02-19,Perempuan,B,Jl. Gunawan No. 113,001/008,Sukajadi,Kramat Jati,Jakarta Pusat,DKI Jakarta,BUDDHA,Cerai Hidup,Wiraswasta,WNI,SEUMUR HIDUP
DKC001074,3275013012691074,Dedi Rahman,Bekasi,1969-12-30,Laki-Laki,A,Jl. Permana No. 133,009/001,Cempaka Putih,Serpong,Bekasi,Jawa Barat,KATOLIK,Cerai Hidup,Wiraswasta,WNI,SEUMUR HIDUP
DKC001075,3671010704651075,Dedi Saputra,Tangerang,1965-04-07,Laki-Laki,O,Jl. Santoso No. 145,001/007,Sukajadi,Kramat Jati,Tangerang,Banten,KONGHUCU,Menikah,Wiraswasta,WNI,SEUMUR HIDUP
DKC001076,3674010209771076,Budi Tanjung,Tangerang Selatan,1977-09-02,Laki-Laki,O,Jl. Suryadi No. 61,011/008,Duren Sawit,Cengkareng,Tangerang Selatan,Jawa Barat,KONGHUCU,Cerai Mati,Wiraswasta,WNI,SEUMUR HIDUP
DKC001077,3271015601751077,Suryani Setiawan,Bogor,1975-01-16,Perempuan,B,Jl. Susanto No. 45,007/005,Cempaka Putih,Cengkareng,Bogor,Jawa Barat,KONGHUCU,Menikah,Wiraswasta,WNI,SEUMUR HIDUP
DKC001078,3174015908851078,Retno Susanto,Jakarta Selatan,1985-08-19,Perempuan,O,Jl. Hutapea No. 139,004/007,Cempaka Putih,Serpong,Jakarta Selatan,DKI Jakarta,KATOLIK,Belum Menikah,Wiraswasta,WNI,SEUMUR HIDUP
DKC001079,3674016911841079,Ika Permana,Tangerang Selatan,1984-11-29,Perempuan,O,Jl. Suryadi No. 94,006/006,Cipete,Kramat Jati,Tangerang Selatan,Jawa Barat,KONGHUCU,Belum Menikah,Wiraswasta,WNI,SEUMUR HIDUP
DKC001080,3172012409731080,Yusuf Hutapea,Jakarta Utara,1973-09-24,Laki-Laki,AB,Jl. Suryadi No. 141,007/006,Duren Sawit,Kramat Jati,Jakarta Utara,DKI Jakarta,HINDU,Belum Menikah,Wiraswasta,WNI,SEUMUR HIDUP
DKC001081,3671016206781081,Ani Rahman,Tangerang,1978-06-22,Perempuan,O,Jl. Wijaya No. 52,004/006,Cempaka Putih,Serpong,Tangerang,Banten,HINDU,Cerai Mati,Wiraswasta,WNI,SEUMUR HIDUP
DKC001082,3671012504821082,Hadi Santoso,Tangerang,1982-04-25,Laki-Laki,B,Jl. Firmansyah No. 145,003/007,Kebon Baru,Kramat Jati,Tangerang,Banten,HINDU,Cerai Hidup,Wiraswasta,WNI,SEUMUR HIDUP
DKC001083,3173014903791083,Fitri Panjaitan,Jakarta Barat,1979-03-09,Perempuan,A,Jl. Lubis No. 25,002/002,Sukamaju,Tebet,Jakarta Barat,DKI Jakarta,ISLAM,Cerai Hidup,Wiraswasta,WNI,SEUMUR HIDUP
DKC001084,3171012207741084,Eko Halim,Jakarta Pusat,1974-07-22,Laki-Laki,AB,Jl. Kurniawan No. 93,010/006,Bintaro,Bekasi Timur,Jakarta Pusat,DKI Jakarta,KATOLIK,Belum Menikah,Wiraswasta,WNI,SEUMUR HIDUP
DKC001085,3671016710711085,Lestari Saputra,Tangerang,1971-10-27,Perempuan,B,Jl. Permana No. 31,009/010,Cipete,Kramat Jati,Tangerang,Banten,BUDDHA,Cerai Mati,Wiraswasta,WNI,SEUMUR HIDUP
DKC001086,3171015612841086,Lina Nugroho,Jakarta Pusat,1984-12-16,Perempuan,A,Jl. Situmorang No. 11,003/007,Bintaro,Bekasi Timur,Jakarta Pusat,DKI Jakarta,HINDU,Belum Menikah,Wiraswasta,WNI,SEUMUR HIDUP
DKC001087,3674012803911087,Taufik Hutapea,Tangerang Selatan,1991-03-28,Laki-Laki,B,Jl. Suryadi No. 6,008/010,Rawa Bunga,Cengkareng,Tangerang Selatan,Jawa Barat,ISLAM,Cerai Hidup,Wiraswasta,WNI,SEUMUR HIDUP
DKC001088,3671012205951088,Hendra Setiawan,Tangerang,1995-05-22,Laki-Laki,O,Jl. Setiawan No. 29,011/004,Rawa Bunga,Cengkareng,Tangerang,Banten,KONGHUCU,Menikah,Wiraswasta,WNI,SEUMUR HIDUP
DKC001089,3172016506911089,Nina Handoko,Jakarta Utara,1991-06-25,Perempuan,O,Jl. Pratama No. 94,005/004,Duren Sawit,Sukmajaya,Jakarta Utara,DKI Jakarta,ISLAM,Cerai Mati,Wiraswasta,WNI,SEUMUR HIDUP
DKC001090,3171014406961090,Melati Pratama,Jakarta Pusat,1996-06-04,Perempuan,AB,Jl. Firmansyah No. 115,007/006,Sukamaju,Cengkareng,Jakarta Pusat,DKI Jakarta,KONGHUCU,Cerai Mati,Wiraswasta,WNI,SEUMUR HIDUP
DKC001091,3171013112921091,Eko Rahman,Jakarta Pusat,1992-12-31,Laki-Laki,A,Jl. Panjaitan No. 147,001/005,Cipete,Kramat Jati,Jakarta Pusat,DKI Jakarta,HINDU,Cerai Mati,Wiraswasta,WNI,SEUMUR HIDUP
DKC001092,3671014504961092,Dewi Hutapea,Tangerang,1996-04-05,Perempuan,O,Jl. Gunawan No. 94,009/007,Cipete,Serpong,Tangerang,Banten,KATOLIK,Belum Menikah,Wiraswasta,WNI,SEUMUR HIDUP
DKC001093,3671014512861093,Desi Firmansyah,Tangerang,1986-12-05,Perempuan,AB,Jl. Firmansyah No. 22,008/002,Rawa Bunga,Sukmajaya,Tangerang,Banten,ISLAM,Menikah,Wiraswasta,WNI,SEUMUR HIDUP
DKC001094,3171010405681094,Yudi Situmorang,Jakarta Pusat,1968-05-04,Laki-Laki,B,Jl. Halim No. 17,003/010,Kebon Baru,Tebet,Jakarta Pusat,DKI Jakarta,ISLAM,Menikah,Wiraswasta,WNI,SEUMUR HIDUP
DKC001095,3671010401721095,Rian Gunawan,Tangerang,1972-01-04,Laki-Laki,O,Jl. Tanjung No. 85,011/002,Sukajadi,Tebet,Tangerang,Banten,KONGHUCU,Belum Menikah,Wiraswasta,WNI,SEUMUR HIDUP
DKC001096,3171011102691096,Krisna Panjaitan,Jakarta Pusat,1969-02-11,Laki-Laki,A,Jl. Santoso No. 111,011/004,Kebon Baru,Tebet,Jakarta Pusat,DKI Jakarta,KONGHUCU,Menikah,Wiraswasta,WNI,SEUMUR HIDUP
DKC001097,3671015005861097,Ratna Tanjung,Tangerang,1986-05-10,Perempuan,B,Jl. Hutapea No. 127,010/003,Bintaro,Cengkareng,Tangerang,Banten,KONGHUCU,Menikah,Wiraswasta,WNI,SEUMUR HIDUP
DKC001098,3174016111721098,Sri Kusuma,Jakarta Selatan,1972-11-21,Perempuan,B,Jl. Firmansyah No. 37,009/010,Kebon Baru,Serpong,Jakarta Selatan,DKI Jakarta,ISLAM,Menikah,Wiraswasta,WNI,SEUMUR HIDUP
DKC001099,3171011509821099,Hendra Gunawan,Jakarta Pusat,1982-09-15,Laki-Laki,AB,Jl. Simanjuntak No. 106,009/005,Kebon Baru,Bekasi Timur,Jakarta Pusat,DKI Jakarta,KATOLIK,Cerai Hidup,Wiraswasta,WNI,SEUMUR HIDUP
DKC001100,3671011708771100,Dimas Santoso,Tangerang,1977-08-17,Laki-Laki,B,Jl. Kurniawan No. 16,002/008,Rawa Bunga,Serpong,Tangerang,Banten,ISLAM,Cerai Mati,Wiraswasta,WNI,SEUMUR HIDUP
DKC001101,3671011607651101,Sutrisno Situmorang,Tangerang,1965-07-16,Laki-Laki,A,Jl. Gunawan No. 93,012/010,Sukajadi,Sukmajaya,Tangerang,Banten,KATOLIK,Cerai Hidup,Wiraswasta,WNI,SEUMUR HIDUP
DKC001102,3271014206871102,Maya Panjaitan,Bogor,1987-06-02,Perempuan,AB,Jl. Situmorang No. 126,006/009,Kebon Baru,Kramat Jati,Bogor,Jawa Barat,BUDDHA,Belum Menikah,Wiraswasta,WNI,SEUMUR HIDUP
DKC001103,3674011609851103,Anton Halim,Tangerang Selatan,1985-09-16,Laki-Laki,AB,Jl. Wibowo No. 119,008/008,Cempaka Putih,Kramat Jati,Tangerang Selatan,Jawa Barat,KONGHUCU,Cerai Mati,Wiraswasta,WNI,SEUMUR HIDUP
DKC001104,3674015105931104,Siti Setiawan,Tangerang Selatan,1993-05-11,Perempuan,B,Jl. Wibowo No. 94,001/007,Cempaka Putih,Kramat Jati,Tangerang Selatan,Jawa Barat,BUDDHA,Belum Menikah,Wiraswasta,WNI,SEUMUR HIDUP
DKC001105,3674012209711105,Rizky Santoso,Tangerang Selatan,1971-09-22,Laki-Laki,AB,Jl. Gunawan No. 51,001/008,Cipete,Kramat Jati,Tangerang Selatan,Jawa Barat,KATOLIK,Cerai Hidup,Wiraswasta,WNI,SEUMUR HIDUP
DKC001106,3671010106841106,Yusuf Handoko,Tangerang,1984-06-01,Laki-Laki,O,Jl. Pratama No. 125,011/001,Rawa Bunga,Tebet,Tangerang,Banten,ISLAM,Cerai Hidup,Wiraswasta,WNI,SEUMUR HIDUP
DKC001107,3171014904881107,Nina Susanto,Jakarta Pusat,1988-04-09,Perempuan,O,Jl. Hidayat No. 107,008/001,Duren Sawit,Serpong,Jakarta Pusat,DKI Jakarta,KRISTEN,Cerai Hidup,Wiraswasta,WNI,SEUMUR HIDUP
DKC001108,3275015611911108,Yanti Simanjuntak,Bekasi,1991-11-16,Perempuan,B,Jl. Kusuma No. 73,006/006,Cempaka Putih,Cengkareng,Bekasi,Jawa Barat,BUDDHA,Cerai Mati,Wiraswasta,WNI,SEUMUR HIDUP
DKC001109,3674011601761109,Budi Suryadi,Tangerang Selatan,1976-01-16,Laki-Laki,B,Jl. Gunawan No. 60,006/008,Duren Sawit,Sukmajaya,Tangerang Selatan,Jawa Barat,KATOLIK,Cerai Hidup,Wiraswasta,WNI,SEUMUR HIDUP
DKC001110,3276010610961110,Bayu Setiawan,Depok,1996-10-06,Laki-Laki,B,Jl. Nugroho No. 126,010/008,Sukamaju,Cengkareng,Depok,Jawa Barat,BUDDHA,Menikah,Wiraswasta,WNI,SEUMUR HIDUP
DKC001111,3671016508681111,Tri Setiawan,Tangerang,1968-08-25,Perempuan,O,Jl. Suryadi No. 69,002/008,Cipete,Kramat Jati,Tangerang,Banten,KATOLIK,Belum Menikah,Wiraswasta,WNI,SEUMUR HIDUP
DKC001112,3173016401761112,Anggi Situmorang,Jakarta Barat,1976-01-24,Perempuan,B,Jl. Tanjung No. 1,006/006,Bintaro,Sukmajaya,Jakarta Barat,DKI Jakarta,KRISTEN,Cerai Hidup,Wiraswasta,WNI,SEUMUR HIDUP
DKC001113,3671016012011113,Wati Gunawan,Tangerang,2001-12-20,Perempuan,B,Jl. Simanjuntak No. 31,005/001,Kebon Baru,Sukmajaya,Tangerang,Banten,BUDDHA,Cerai Hidup,Wiraswasta,WNI,SEUMUR HIDUP
DKC001114,3275011805781114,Yudi Wibowo,Bekasi,1978-05-18,Laki-Laki,AB,Jl. Hidayat No. 37,005/001,Sukamaju,Serpong,Bekasi,Jawa Barat,KONGHUCU,Cerai Mati,Wiraswasta,WNI,SEUMUR HIDUP
DKC001115,3173012801931115,Rudi Suryadi,Jakarta Barat,1993-01-28,Laki-Laki,O,Jl. Rahman No. 41,010/008,Rawa Bunga,Tebet,Jakarta Barat,DKI Jakarta,KATOLIK,Cerai Mati,Wiraswasta,WNI,SEUMUR HIDUP
DKC001116,3671015010771116,Yuni Hutapea,Tangerang,1977-10-10,Perempuan,B,Jl. Siregar No. 33,006/001,Sukajadi,Tebet,Tangerang,Banten,KATOLIK,Cerai Mati,Wiraswasta,WNI,SEUMUR HIDUP
DKC001117,3671014509891117,Wulan Gunawan,Tangerang,1989-09-05,Perempuan,A,Jl. Tanjung No. 112,011/006,Cipete,Kramat Jati,Tangerang,Banten,KATOLIK,Menikah,Wiraswasta,WNI,SEUMUR HIDUP
DKC001118,3671015512871118,Ratna Siregar,Tangerang,1987-12-15,Perempuan,A,Jl. Panjaitan No. 34,008/002,Sukajadi,Kramat Jati,Tangerang,Banten,KRISTEN,Menikah,Wiraswasta,WNI,SEUMUR HIDUP
DKC001119,3175010701811119,Anton Nugroho,Jakarta Timur,1981-01-07,Laki-Laki,AB,Jl. Kurniawan No. 106,006/002,Bintaro,Bekasi Timur,Jakarta Timur,DKI Jakarta,BUDDHA,Menikah,Wiraswasta,WNI,SEUMUR HIDUP
DKC001120,3671014308891120,Sari Wibowo,Tangerang,1989-08-03,Perempuan,A,Jl. Hidayat No. 115,003/002,Duren Sawit,Kramat Jati,Tangerang,Banten,KRISTEN,Menikah,Wiraswasta,WNI,SEUMUR HIDUP
DKC001121,3671012206861121,Agus Tanjung,Tangerang,1986-06-22,Laki-Laki,A,Jl. Wijaya No. 57,004/003,Cempaka Putih,Sukmajaya,Tangerang,Banten,KATOLIK,Cerai Hidup,Wiraswasta,WNI,SEUMUR HIDUP
DKC001122,3671015211651122,Tri Tanjung,Tangerang,1965-11-12,Perempuan,AB,Jl. Handoko No. 7,011/007,Sukajadi,Tebet,Tangerang,Banten,KRISTEN,Menikah,Wiraswasta,WNI,SEUMUR HIDUP
DKC001123,3275010309801123,Fajar Siregar,Bekasi,1980-09-03,Laki-Laki,A,Jl. Siregar No. 95,009/003,Cipete,Kramat Jati,Bekasi,Jawa Barat,KRISTEN,Menikah,Wiraswasta,WNI,SEUMUR HIDUP
DKC001124,3674014403721124,Indah Rahman,Tangerang Selatan,1972-03-04,Perempuan,B,Jl. Situmorang No. 66,006/004,Rawa Bunga,Cengkareng,Tangerang Selatan,Jawa Barat,HINDU,Menikah,Wiraswasta,WNI,SEUMUR HIDUP
DKC001125,3674014703741125,Novi Santoso,Tangerang Selatan,1974-03-07,Perempuan,B,Jl. Saputra No. 11,007/002,Kebon Baru,Kramat Jati,Tangerang Selatan,Jawa Barat,BUDDHA,Cerai Hidup,Wiraswasta,WNI,SEUMUR HIDUP
DKC001126,3271012110851126,Bayu Siregar,Bogor,1985-10-21,Laki-Laki,A,Jl. Tanjung No. 59,010/005,Kebon Baru,Sukmajaya,Bogor,Jawa Barat,ISLAM,Cerai Hidup,Wiraswasta,WNI,SEUMUR HIDUP
DKC001127,3276013105871127,Yusuf Pratama,Depok,1987-05-31,Laki-Laki,O,Jl. Panjaitan No. 84,008/007,Cempaka Putih,Bekasi Timur,Depok,Jawa Barat,HINDU,Cerai Hidup,Wiraswasta,WNI,SEUMUR HIDUP
DKC001128,3174010204031128,Andi Simanjuntak,Jakarta Selatan,2003-04-02,Laki-Laki,A,Jl. Simanjuntak No. 13,001/005,Sukamaju,Cengkareng,Jakarta Selatan,DKI Jakarta,HINDU,Cerai Mati,Wiraswasta,WNI,SEUMUR HIDUP
DKC001129,3276012012931129,Rizky Wijaya,Depok,1993-12-20,Laki-Laki,B,Jl. Permana No. 96,002/005,Cipete,Serpong,Depok,Jawa Barat,ISLAM,Cerai Hidup,Wiraswasta,WNI,SEUMUR HIDUP
DKC001130,3276011410761130,Bayu Saputra,Depok,1976-10-14,Laki-Laki,O,Jl. Hidayat No. 31,011/001,Bintaro,Kramat Jati,Depok,Jawa Barat,ISLAM,Menikah,Wiraswasta,WNI,SEUMUR HIDUP
DKC001131,3271011102771131,Rian Nugroho,Bogor,1977-02-11,Laki-Laki,A,Jl. Hutapea No. 145,008/002,Cempaka Putih,Kramat Jati,Bogor,Jawa Barat,ISLAM,Cerai Mati,Wiraswasta,WNI,SEUMUR HIDUP
DKC001132,3674014304021132,Siti Wijaya,Tangerang Selatan,2002-04-03,Perempuan,O,Jl. Permana No. 45,001/010,Sukamaju,Serpong,Tangerang Selatan,Jawa Barat,ISLAM,Cerai Hidup,Wiraswasta,WNI,SEUMUR HIDUP
DKC001133,3175014402661133,Desi Handoko,Jakarta Timur,1966-02-04,Perempuan,AB,Jl. Hidayat No. 61,012/008,Sukamaju,Serpong,Jakarta Timur,DKI Jakarta,ISLAM,Cerai Mati,Wiraswasta,WNI,SEUMUR HIDUP
DKC001134,3671014811771134,Retno Nugroho,Tangerang,1977-11-08,Perempuan,AB,Jl. Kurniawan No. 95,008/008,Cempaka Putih,Cengkareng,Tangerang,Banten,KONGHUCU,Cerai Hidup,Wiraswasta,WNI,SEUMUR HIDUP
DKC001135,3671010504831135,Eko Panjaitan,Tangerang,1983-04-05,Laki-Laki,B,Jl. Siregar No. 103,006/008,Rawa Bunga,Cengkareng,Tangerang,Banten,KRISTEN,Cerai Mati,Wiraswasta,WNI,SEUMUR HIDUP
DKC001136,3172015105761136,Maya Permana,Jakarta Utara,1976-05-11,Perempuan,B,Jl. Gunawan No. 92,011/008,Bintaro,Sukmajaya,Jakarta Utara,DKI Jakarta,KONGHUCU,Belum Menikah,Wiraswasta,WNI,SEUMUR HIDUP
DKC001137,3671011111911137,Eko Kusuma,Tangerang,1991-11-11,Laki-Laki,AB,Jl. Rahman No. 41,010/003,Kebon Baru,Serpong,Tangerang,Banten,HINDU,Menikah,Wiraswasta,WNI,SEUMUR HIDUP
DKC001138,3671016204881138,Melati Saputra,Tangerang,1988-04-22,Perempuan,A,Jl. Siregar No. 2,005/009,Cempaka Putih,Serpong,Tangerang,Banten,KRISTEN,Cerai Hidup,Wiraswasta,WNI,SEUMUR HIDUP
DKC001139,3671014808891139,Ani Gunawan,Tangerang,1989-08-08,Perempuan,O,Jl. Kusuma No. 101,004/010,Rawa Bunga,Serpong,Tangerang,Banten,HINDU,Menikah,Wiraswasta,WNI,SEUMUR HIDUP
DKC001140,3276010506021140,Gunawan Tanjung,Depok,2002-06-05,Laki-Laki,B,Jl. Hutapea No. 1,009/002,Bintaro,Kramat Jati,Depok,Jawa Barat,ISLAM,Cerai Hidup,Wiraswasta,WNI,SEUMUR HIDUP
DKC001141,3276012404891141,Doni Wibowo,Depok,1989-04-24,Laki-Laki,A,Jl. Hidayat No. 7,001/001,Duren Sawit,Tebet,Depok,Jawa Barat,KRISTEN,Belum Menikah,Wiraswasta,WNI,SEUMUR HIDUP
DKC001142,3275010512831142,Andi Firmansyah,Bekasi,1983-12-05,Laki-Laki,AB,Jl. Lubis No. 104,001/010,Duren Sawit,Cengkareng,Bekasi,Jawa Barat,HINDU,Cerai Hidup,Wiraswasta,WNI,SEUMUR HIDUP
DKC001143,3671013006931143,Bambang Permana,Tangerang,1993-06-30,Laki-Laki,A,Jl. Lubis No. 126,001/008,Rawa Bunga,Cengkareng,Tangerang,Banten,ISLAM,Cerai Hidup,Wiraswasta,WNI,SEUMUR HIDUP
DKC001144,3671015812831144,Anggi Wibowo,Tangerang,1983-12-18,Perempuan,AB,Jl. Lubis No. 126,001/007,Sukamaju,Bekasi Timur,Tangerang,Banten,ISLAM,Cerai Mati,Wiraswasta,WNI,SEUMUR HIDUP
DKC001145,3171016806971145,Dian Kurniawan,Jakarta Pusat,1997-06-28,Perempuan,A,Jl. Suryadi No. 98,012/006,Kebon Baru,Sukmajaya,Jakarta Pusat,DKI Jakarta,HINDU,Menikah,Wiraswasta,WNI,SEUMUR HIDUP
DKC001146,3671015909741146,Lestari Rahman,Tangerang,1974-09-19,Perempuan,O,Jl. Saputra No. 3,011/003,Sukamaju,Sukmajaya,Tangerang,Banten,HINDU,Menikah,Wiraswasta,WNI,SEUMUR HIDUP
DKC001147,3671011112001147,Hadi Firmansyah,Tangerang,2000-12-11,Laki-Laki,A,Jl. Firmansyah No. 150,002/009,Bintaro,Kramat Jati,Tangerang,Banten,HINDU,Cerai Hidup,Wiraswasta,WNI,SEUMUR HIDUP
DKC001148,3671012202841148,Agus Susanto,Tangerang,1984-02-22,Laki-Laki,A,Jl. Lubis No. 40,002/004,Bintaro,Bekasi Timur,Tangerang,Banten,KRISTEN,Menikah,Wiraswasta,WNI,SEUMUR HIDUP
DKC001149,3671016708991149,Tri Panjaitan,Tangerang,1999-08-27,Perempuan,O,Jl. Wijaya No. 78,003/004,Rawa Bunga,Serpong,Tangerang,Banten,BUDDHA,Cerai Mati,Wiraswasta,WNI,SEUMUR HIDUP
DKC001150,3671012207691150,Anton Suryadi,Tangerang,1969-07-22,Laki-Laki,B,Jl. Setiawan No. 34,012/010,Sukamaju,Bekasi Timur,Tangerang,Banten,HINDU,Cerai Hidup,Wiraswasta,WNI,SEUMUR HIDUP
DKC001151,3671016406931151,Siti Hutapea,Tangerang,1993-06-24,Perempuan,A,Jl. Permana No. 122,001/005,Cipete,Sukmajaya,Tangerang,Banten,KONGHUCU,Cerai Mati,Wiraswasta,WNI,SEUMUR HIDUP
DKC001152,3271011704861152,Andi Kurniawan,Bogor,1986-04-17,Laki-Laki,O,Jl. Kusuma No. 63,003/002,Sukamaju,Kramat Jati,Bogor,Jawa Barat,ISLAM,Belum Menikah,Wiraswasta,WNI,SEUMUR HIDUP
DKC001153,3671010101901153,Hadi Lubis,Tangerang,1990-01-01,Laki-Laki,AB,Jl. Handoko No. 18,011/003,Cipete,Tebet,Tangerang,Banten,BUDDHA,Menikah,Wiraswasta,WNI,SEUMUR HIDUP
DKC001154,3276012906981154,Yusuf Setiawan,Depok,1998-06-29,Laki-Laki,O,Jl. Santoso No. 96,001/009,Sukamaju,Tebet,Depok,Jawa Barat,BUDDHA,Cerai Hidup,Wiraswasta,WNI,SEUMUR HIDUP
DKC001155,3276010908031155,Bambang Setiawan,Depok,2003-08-09,Laki-Laki,O,Jl. Hidayat No. 49,011/008,Bintaro,Bekasi Timur,Depok,Jawa Barat,KRISTEN,Menikah,Wiraswasta,WNI,SEUMUR HIDUP
DKC001156,3671012207711156,Slamet Rahman,Tangerang,1971-07-22,Laki-Laki,B,Jl. Kusuma No. 38,002/008,Sukajadi,Sukmajaya,Tangerang,Banten,KRISTEN,Belum Menikah,Wiraswasta,WNI,SEUMUR HIDUP
DKC001157,3276016102021157,Kartika Tanjung,Depok,2002-02-21,Perempuan,AB,Jl. Permana No. 16,007/001,Rawa Bunga,Bekasi Timur,Depok,Jawa Barat,ISLAM,Belum Menikah,Wiraswasta,WNI,SEUMUR HIDUP
DKC001158,3671014108981158,Putri Suryadi,Tangerang,1998-08-01,Perempuan,B,Jl. Handoko No. 131,007/003,Kebon Baru,Sukmajaya,Tangerang,Banten,BUDDHA,Cerai Hidup,Wiraswasta,WNI,SEUMUR HIDUP
DKC001159,3275016109831159,Tri Kurniawan,Bekasi,1983-09-21,Perempuan,A,Jl. Rahman No. 22,012/003,Sukamaju,Cengkareng,Bekasi,Jawa Barat,KATOLIK,Cerai Mati,Wiraswasta,WNI,SEUMUR HIDUP
DKC001160,3271014807021160,Novi Tanjung,Bogor,2002-07-08,Perempuan,AB,Jl. Susanto No. 121,009/008,Cipete,Serpong,Bogor,Jawa Barat,BUDDHA,Belum Menikah,Wiraswasta,WNI,SEUMUR HIDUP
DKC001161,3671015205801161,Ratna Kurniawan,Tangerang,1980-05-12,Perempuan,A,Jl. Firmansyah No. 69,005/005,Kebon Baru,Cengkareng,Tangerang,Banten,KATOLIK,Belum Menikah,Wiraswasta,WNI,SEUMUR HIDUP
DKC001162,3175012203881162,Rudi Susanto,Jakarta Timur,1988-03-22,Laki-Laki,O,Jl. Firmansyah No. 68,010/007,Kebon Baru,Sukmajaya,Jakarta Timur,DKI Jakarta,KRISTEN,Cerai Hidup,Wiraswasta,WNI,SEUMUR HIDUP
DKC001163,3271010403741163,Sutrisno Lubis,Bogor,1974-03-04,Laki-Laki,O,Jl. Siregar No. 134,003/002,Duren Sawit,Serpong,Bogor,Jawa Barat,KRISTEN,Belum Menikah,Wiraswasta,WNI,SEUMUR HIDUP
DKC001164,3271014801761164,Sri Tanjung,Bogor,1976-01-08,Perempuan,O,Jl. Handoko No. 70,010/008,Rawa Bunga,Kramat Jati,Bogor,Jawa Barat,KATOLIK,Menikah,Wiraswasta,WNI,SEUMUR HIDUP
DKC001165,3671016302651165,Ani Wibowo,Tangerang,1965-02-23,Perempuan,A,Jl. Hidayat No. 66,008/008,Duren Sawit,Sukmajaya,Tangerang,Banten,BUDDHA,Cerai Mati,Wiraswasta,WNI,SEUMUR HIDUP
DKC001166,3674011409911166,Wahyu Wijaya,Tangerang Selatan,1991-09-14,Laki-Laki,A,Jl. Handoko No. 112,007/006,Sukajadi,Kramat Jati,Tangerang Selatan,Jawa Barat,KRISTEN,Menikah,Wiraswasta,WNI,SEUMUR HIDUP
DKC001167,3174015106771167,Tri Wijaya,Jakarta Selatan,1977-06-11,Perempuan,A,Jl. Rahman No. 138,005/003,Sukajadi,Serpong,Jakarta Selatan,DKI Jakarta,KONGHUCU,Cerai Mati,Wiraswasta,WNI,SEUMUR HIDUP
DKC001168,3671011106651168,Agus Lubis,Tangerang,1965-06-11,Laki-Laki,A,Jl. Gunawan No. 71,005/007,Kebon Baru,Kramat Jati,Tangerang,Banten,KRISTEN,Cerai Hidup,Wiraswasta,WNI,SEUMUR HIDUP
DKC001169,3174014211891169,Kartika Nugroho,Jakarta Selatan,1989-11-02,Perempuan,AB,Jl. Situmorang No. 57,003/007,Kebon Baru,Sukmajaya,Jakarta Selatan,DKI Jakarta,BUDDHA,Menikah,Wiraswasta,WNI,SEUMUR HIDUP
DKC001170,3671012504011170,Andi Siregar,Tangerang,2001-04-25,Laki-Laki,O,Jl. Saputra No. 25,004/007,Kebon Baru,Kramat Jati,Tangerang,Banten,HINDU,Belum Menikah,Wiraswasta,WNI,SEUMUR HIDUP
DKC001171,3275012102651171,Krisna Nugroho,Bekasi,1965-02-21,Laki-Laki,B,Jl. Lubis No. 79,007/010,Cipete,Bekasi Timur,Bekasi,Jawa Barat,KRISTEN,Belum Menikah,Wiraswasta,WNI,SEUMUR HIDUP
DKC001172,3674010711841172,Irfan Kurniawan,Tangerang Selatan,1984-11-07,Laki-Laki,B,Jl. Panjaitan No. 99,010/007,Sukamaju,Sukmajaya,Tangerang Selatan,Jawa Barat,KATOLIK,Belum Menikah,Wiraswasta,WNI,SEUMUR HIDUP
DKC001173,3271014612651173,Ika Kusuma,Bogor,1965-12-06,Perempuan,O,Jl. Kusuma No. 100,008/010,Kebon Baru,Cengkareng,Bogor,Jawa Barat,KRISTEN,Menikah,Wiraswasta,WNI,SEUMUR HIDUP
DKC001174,3171014502791174,Sri Wibowo,Jakarta Pusat,1979-02-05,Perempuan,AB,Jl. Wibowo No. 71,004/005,Kebon Baru,Bekasi Timur,Jakarta Pusat,DKI Jakarta,BUDDHA,Cerai Mati,Wiraswasta,WNI,SEUMUR HIDUP
DKC001175,3174011504851175,Sutrisno Siregar,Jakarta Selatan,1985-04-15,Laki-Laki,A,Jl. Wibowo No. 147,006/006,Cipete,Tebet,Jakarta Selatan,DKI Jakarta,HINDU,Cerai Mati,Wiraswasta,WNI,SEUMUR HIDUP
DKC001176,3173014806761176,Suryani Permana,Jakarta Barat,1976-06-08,Perempuan,AB,Jl. Nugroho No. 69,006/005,Bintaro,Kramat Jati,Jakarta Barat,DKI Jakarta,KRISTEN,Belum Menikah,Wiraswasta,WNI,SEUMUR HIDUP
DKC001177,3271012602671177,Irfan Wijaya,Bogor,1967-02-26,Laki-Laki,B,Jl. Kurniawan No. 41,002/010,Sukamaju,Cengkareng,Bogor,Jawa Barat,ISLAM,Cerai Hidup,Wiraswasta,WNI,SEUMUR HIDUP
DKC001178,3173017006771178,Wulan Susanto,Jakarta Barat,1977-06-30,Perempuan,B,Jl. Nugroho No. 105,005/003,Sukajadi,Kramat Jati,Jakarta Barat,DKI Jakarta,ISLAM,Menikah,Wiraswasta,WNI,SEUMUR HIDUP
DKC001179,3674011407721179,Bambang Rahman,Tangerang Selatan,1972-07-14,Laki-Laki,B,Jl. Santoso No. 51,010/002,Sukajadi,Tebet,Tangerang Selatan,Jawa Barat,KATOLIK,Belum Menikah,Wiraswasta,WNI,SEUMUR HIDUP
DKC001180,3671011106971180,Doni Suryadi,Tangerang,1997-06-11,Laki-Laki,B,Jl. Setiawan No. 137,003/004,Sukamaju,Cengkareng,Tangerang,Banten,KRISTEN,Cerai Hidup,Wiraswasta,WNI,SEUMUR HIDUP
DKC001181,3173012101711181,Dimas Kusuma,Jakarta Barat,1971-01-21,Laki-Laki,B,Jl. Wijaya No. 121,003/003,Kebon Baru,Sukmajaya,Jakarta Barat,DKI Jakarta,KATOLIK,Cerai Hidup,Wiraswasta,WNI,SEUMUR HIDUP
DKC001182,3174014101971182,Fitri Suryadi,Jakarta Selatan,1997-01-01,Perempuan,B,Jl. Pratama No. 11,002/007,Cempaka Putih,Tebet,Jakarta Selatan,DKI Jakarta,KATOLIK,Cerai Mati,Wiraswasta,WNI,SEUMUR HIDUP
DKC001183,3674016107881183,Yanti Situmorang,Tangerang Selatan,1988-07-21,Perempuan,O,Jl. Tanjung No. 134,006/010,Cipete,Cengkareng,Tangerang Selatan,Jawa Barat,BUDDHA,Cerai Mati,Wiraswasta,WNI,SEUMUR HIDUP
DKC001184,3174011304741184,Dimas Handoko,Jakarta Selatan,1974-04-13,Laki-Laki,A,Jl. Simanjuntak No. 95,005/002,Cipete,Bekasi Timur,Jakarta Selatan,DKI Jakarta,HINDU,Cerai Hidup,Wiraswasta,WNI,SEUMUR HIDUP
DKC001185,3276016908981185,Siti Gunawan,Depok,1998-08-29,Perempuan,A,Jl. Hidayat No. 112,011/003,Bintaro,Sukmajaya,Depok,Jawa Barat,KONGHUCU,Belum Menikah,Wiraswasta,WNI,SEUMUR HIDUP
DKC001186,3174015003751186,Putri Nugroho,Jakarta Selatan,1975-03-10,Perempuan,O,Jl. Firmansyah No. 125,007/008,Bintaro,Cengkareng,Jakarta Selatan,DKI Jakarta,KRISTEN,Cerai Mati,Wiraswasta,WNI,SEUMUR HIDUP
DKC001187,3171011709931187,Joko Wijaya,Jakarta Pusat,1993-09-17,Laki-Laki,A,Jl. Susanto No. 96,001/006,Bintaro,Bekasi Timur,Jakarta Pusat,DKI Jakarta,KONGHUCU,Cerai Mati,Wiraswasta,WNI,SEUMUR HIDUP
DKC001188,3674012610661188,Iwan Susanto,Tangerang Selatan,1966-10-26,Laki-Laki,O,Jl. Kurniawan No. 91,006/004,Duren Sawit,Sukmajaya,Tangerang Selatan,Jawa Barat,KRISTEN,Menikah,Wiraswasta,WNI,SEUMUR HIDUP
DKC001189,3671010909671189,Dedi Panjaitan,Tangerang,1967-09-09,Laki-Laki,A,Jl. Kusuma No. 56,011/009,Rawa Bunga,Tebet,Tangerang,Banten,HINDU,Cerai Mati,Wiraswasta,WNI,SEUMUR HIDUP
DKC001190,3271016211921190,Retno Simanjuntak,Bogor,1992-11-22,Perempuan,AB,Jl. Susanto No. 95,001/009,Sukajadi,Bekasi Timur,Bogor,Jawa Barat,HINDU,Cerai Mati,Wiraswasta,WNI,SEUMUR HIDUP
DKC001191,3671011811711191,Sutrisno Situmorang,Tangerang,1971-11-18,Laki-Laki,O,Jl. Gunawan No. 113,012/005,Cempaka Putih,Kramat Jati,Tangerang,Banten,KRISTEN,Menikah,Wiraswasta,WNI,SEUMUR HIDUP
DKC001192,3174016312661192,Indah Wibowo,Jakarta Selatan,1966-12-23,Perempuan,AB,Jl. Santoso No. 35,004/007,Kebon Baru,Bekasi Timur,Jakarta Selatan,DKI Jakarta,KRISTEN,Cerai Mati,Wiraswasta,WNI,SEUMUR HIDUP
DKC001193,3174014105721193,Suryani Hidayat,Jakarta Selatan,1972-05-01,Perempuan,A,Jl. Firmansyah No. 124,002/004,Bintaro,Kramat Jati,Jakarta Selatan,DKI Jakarta,KONGHUCU,Cerai Mati,Wiraswasta,WNI,SEUMUR HIDUP
DKC001194,3271010109921194,Andi Lubis,Bogor,1992-09-01,Laki-Laki,AB,Jl. Handoko No. 67,010/009,Rawa Bunga,Serpong,Bogor,Jawa Barat,KONGHUCU,Cerai Hidup,Wiraswasta,WNI,SEUMUR HIDUP
DKC001195,3671010103011195,Sutrisno Lubis,Tangerang,2001-03-01,Laki-Laki,B,Jl. Nugroho No. 6,007/008,Duren Sawit,Cengkareng,Tangerang,Banten,BUDDHA,Cerai Hidup,Wiraswasta,WNI,SEUMUR HIDUP
DKC001196,3172016206781196,Desi Wibowo,Jakarta Utara,1978-06-22,Perempuan,AB,Jl. Saputra No. 38,009/004,Kebon Baru,Kramat Jati,Jakarta Utara,DKI Jakarta,HINDU,Belum Menikah,Wiraswasta,WNI,SEUMUR HIDUP
DKC001197,3671010607831197,Anton Rahman,Tangerang,1983-07-06,Laki-Laki,O,Jl. Permana No. 146,006/005,Sukajadi,Kramat Jati,Tangerang,Banten,KRISTEN,Cerai Mati,Wiraswasta,WNI,SEUMUR HIDUP
DKC001198,3173011803831198,Doni Gunawan,Jakarta Barat,1983-03-18,Laki-Laki,O,Jl. Setiawan No. 107,008/001,Rawa Bunga,Cengkareng,Jakarta Barat,DKI Jakarta,ISLAM,Cerai Hidup,Wiraswasta,WNI,SEUMUR HIDUP
DKC001199,3276010803831199,Ahmad Handoko,Depok,1983-03-08,Laki-Laki,O,Jl. Nugroho No. 74,004/010,Cempaka Putih,Cengkareng,Depok,Jawa Barat,KRISTEN,Cerai Hidup,Wiraswasta,WNI,SEUMUR HIDUP
DKC001200,3174015009681200,Anggi Kurniawan,Jakarta Selatan,1968-09-10,Perempuan,A,Jl. Setiawan No. 139,007/008,Sukajadi,Serpong,Jakarta Selatan,DKI Jakarta,KONGHUCU,Belum Menikah,Wiraswasta,WNI,SEUMUR HIDUP
DKC001201,3174012712701201,Budi Handoko,Jakarta Selatan,1970-12-27,Laki-Laki,AB,Jl. Halim No. 92,011/010,Sukajadi,Tebet,Jakarta Selatan,DKI Jakarta,KRISTEN,Cerai Hidup,Wiraswasta,WNI,SEUMUR HIDUP
DKC001202,3671015010661202,Ani Wijaya,Tangerang,1966-10-10,Perempuan,A,Jl. Hidayat No. 44,007/008,Sukajadi,Cengkareng,Tangerang,Banten,BUDDHA,Cerai Hidup,Wiraswasta,WNI,SEUMUR HIDUP
DKC001203,3276010112671203,Fauzi Simanjuntak,Depok,1967-12-01,Laki-Laki,O,Jl. Simanjuntak No. 67,003/009,Sukajadi,Bekasi Timur,Depok,Jawa Barat,BUDDHA,Belum Menikah,Wiraswasta,WNI,SEUMUR HIDUP
DKC001204,3276014403961204,Dewi Wibowo,Depok,1996-03-04,Perempuan,O,Jl. Suryadi No. 92,009/005,Duren Sawit,Serpong,Depok,Jawa Barat,KONGHUCU,Cerai Mati,Wiraswasta,WNI,SEUMUR HIDUP
DKC001205,3271015206741205,Retno Nugroho,Bogor,1974-06-12,Perempuan,B,Jl. Suryadi No. 39,012/003,Sukamaju,Tebet,Bogor,Jawa Barat,ISLAM,Menikah,Wiraswasta,WNI,SEUMUR HIDUP
DKC001206,3171010306971206,Rizky Suryadi,Jakarta Pusat,1997-06-03,Laki-Laki,A,Jl. Susanto No. 86,012/006,Kebon Baru,Serpong,Jakarta Pusat,DKI Jakarta,HINDU,Cerai Mati,Wiraswasta,WNI,SEUMUR HIDUP
DKC001207,3671016310961207,Ani Tanjung,Tangerang,1996-10-23,Perempuan,B,Jl. Handoko No. 9,006/003,Cipete,Kramat Jati,Tangerang,Banten,KATOLIK,Menikah,Wiraswasta,WNI,SEUMUR HIDUP
DKC001208,3276011306011208,Agus Firmansyah,Depok,2001-06-13,Laki-Laki,O,Jl. Suryadi No. 102,012/006,Bintaro,Kramat Jati,Depok,Jawa Barat,KATOLIK,Cerai Mati,Wiraswasta,WNI,SEUMUR HIDUP
DKC001209,3671014205651209,Suryani Situmorang,Tangerang,1965-05-02,Perempuan,B,Jl. Firmansyah No. 107,002/008,Rawa Bunga,Kramat Jati,Tangerang,Banten,ISLAM,Belum Menikah,Wiraswasta,WNI,SEUMUR HIDUP
DKC001210,3271012701741210,Dimas Simanjuntak,Bogor,1974-01-27,Laki-Laki,B,Jl. Permana No. 10,001/006,Rawa Bunga,Sukmajaya,Bogor,Jawa Barat,KATOLIK,Cerai Hidup,Wiraswasta,WNI,SEUMUR HIDUP
DKC001211,3671012106741211,Rizky Handoko,Tangerang,1974-06-21,Laki-Laki,B,Jl. Gunawan No. 130,005/009,Cipete,Sukmajaya,Tangerang,Banten,BUDDHA,Belum Menikah,Wiraswasta,WNI,SEUMUR HIDUP
DKC001212,3173014404971212,Tri Panjaitan,Jakarta Barat,1997-04-04,Perempuan,AB,Jl. Rahman No. 117,001/005,Rawa Bunga,Tebet,Jakarta Barat,DKI Jakarta,HINDU,Menikah,Wiraswasta,WNI,SEUMUR HIDUP
DKC001213,3276016002791213,Kartika Permana,Depok,1979-02-20,Perempuan,B,Jl. Suryadi No. 68,005/001,Kebon Baru,Serpong,Depok,Jawa Barat,BUDDHA,Cerai Hidup,Wiraswasta,WNI,SEUMUR HIDUP
DKC001214,3671016710661214,Indah Santoso,Tangerang,1966-10-27,Perempuan,B,Jl. Suryadi No. 62,007/001,Cipete,Tebet,Tangerang,Banten,ISLAM,Cerai Hidup,Wiraswasta,WNI,SEUMUR HIDUP
DKC001215,3671016906991215,Siti Kusuma,Tangerang,1999-06-29,Perempuan,A,Jl. Handoko No. 149,004/009,Duren Sawit,Tebet,Tangerang,Banten,KRISTEN,Cerai Mati,Wiraswasta,WNI,SEUMUR HIDUP
DKC001216,3671016108651216,Sri Rahman,Tangerang,1965-08-21,Perempuan,O,Jl. Kurniawan No. 85,011/004,Bintaro,Tebet,Tangerang,Banten,ISLAM,Belum Menikah,Wiraswasta,WNI,SEUMUR HIDUP
DKC001217,3271016308831217,Sri Lubis,Bogor,1983-08-23,Perempuan,B,Jl. Permana No. 53,012/003,Rawa Bunga,Tebet,Bogor,Jawa Barat,KATOLIK,Cerai Hidup,Wiraswasta,WNI,SEUMUR HIDUP
DKC001218,3174013009751218,Andi Setiawan,Jakarta Selatan,1975-09-30,Laki-Laki,A,Jl. Situmorang No. 70,003/002,Bintaro,Cengkareng,Jakarta Selatan,DKI Jakarta,ISLAM,Cerai Mati,Wiraswasta,WNI,SEUMUR HIDUP
DKC001219,3671012703001219,Ahmad Lubis,Tangerang,2000-03-27,Laki-Laki,A,Jl. Halim No. 24,006/003,Cipete,Kramat Jati,Tangerang,Banten,BUDDHA,Cerai Hidup,Wiraswasta,WNI,SEUMUR HIDUP
DKC001220,3174011204721220,Krisna Simanjuntak,Jakarta Selatan,1972-04-12,Laki-Laki,B,Jl. Gunawan No. 42,009/009,Kebon Baru,Bekasi Timur,Jakarta Selatan,DKI Jakarta,KONGHUCU,Cerai Hidup,Wiraswasta,WNI,SEUMUR HIDUP
DKC001221,3275011903011221,Eko Wibowo,Bekasi,2001-03-19,Laki-Laki,O,Jl. Hidayat No. 43,004/010,Bintaro,Sukmajaya,Bekasi,Jawa Barat,KONGHUCU,Menikah,Wiraswasta,WNI,SEUMUR HIDUP
DKC001222,3674011705821222,Fauzi Lubis,Tangerang Selatan,1982-05-17,Laki-Laki,AB,Jl. Tanjung No. 95,004/001,Sukamaju,Bekasi Timur,Tangerang Selatan,Jawa Barat,KRISTEN,Menikah,Wiraswasta,WNI,SEUMUR HIDUP
DKC001223,3271016308831223,Siti Lubis,Bogor,1983-08-23,Perempuan,A,Jl. Gunawan No. 119,002/003,Sukajadi,Sukmajaya,Bogor,Jawa Barat,BUDDHA,Menikah,Wiraswasta,WNI,SEUMUR HIDUP
DKC001224,3671011705701224,Ahmad Handoko,Tangerang,1970-05-17,Laki-Laki,A,Jl. Tanjung No. 82,004/005,Cipete,Cengkareng,Tangerang,Banten,ISLAM,Menikah,Wiraswasta,WNI,SEUMUR HIDUP
DKC001225,3175010408011225,Bambang Lubis,Jakarta Timur,2001-08-04,Laki-Laki,O,Jl. Setiawan No. 72,006/007,Sukajadi,Sukmajaya,Jakarta Timur,DKI Jakarta,KATOLIK,Menikah,Wiraswasta,WNI,SEUMUR HIDUP
DKC001226,3674014801661226,Lestari Panjaitan,Tangerang Selatan,1966-01-08,Perempuan,A,Jl. Susanto No. 84,003/002,Cempaka Putih,Sukmajaya,Tangerang Selatan,Jawa Barat,BUDDHA,Menikah,Wiraswasta,WNI,SEUMUR HIDUP
DKC001227,3271015304791227,Ani Saputra,Bogor,1979-04-13,Perempuan,A,Jl. Pratama No. 148,004/010,Sukajadi,Kramat Jati,Bogor,Jawa Barat,ISLAM,Cerai Hidup,Wiraswasta,WNI,SEUMUR HIDUP
DKC001228,3671016805011228,Kartika Situmorang,Tangerang,2001-05-28,Perempuan,AB,Jl. Rahman No. 77,002/007,Sukamaju,Cengkareng,Tangerang,Banten,HINDU,Menikah,Wiraswasta,WNI,SEUMUR HIDUP
DKC001229,3171014102681229,Indah Panjaitan,Jakarta Pusat,1968-02-01,Perempuan,A,Jl. Siregar No. 2,002/008,Sukamaju,Bekasi Timur,Jakarta Pusat,DKI Jakarta,KATOLIK,Cerai Mati,Wiraswasta,WNI,SEUMUR HIDUP
DKC001230,3671010509681230,Wahyu Pratama,Tangerang,1968-09-05,Laki-Laki,AB,Jl. Pratama No. 48,011/010,Sukajadi,Serpong,Tangerang,Banten,ISLAM,Cerai Mati,Wiraswasta,WNI,SEUMUR HIDUP
DKC001231,3171010602981231,Rian Hutapea,Jakarta Pusat,1998-02-06,Laki-Laki,B,Jl. Permana No. 2,011/009,Duren Sawit,Sukmajaya,Jakarta Pusat,DKI Jakarta,KONGHUCU,Belum Menikah,Wiraswasta,WNI,SEUMUR HIDUP
DKC001232,3173016006741232,Dian Nugroho,Jakarta Barat,1974-06-20,Perempuan,O,Jl. Hidayat No. 136,005/006,Cempaka Putih,Bekasi Timur,Jakarta Barat,DKI Jakarta,BUDDHA,Cerai Mati,Wiraswasta,WNI,SEUMUR HIDUP
DKC001233,3671015609961233,Indah Nugroho,Tangerang,1996-09-16,Perempuan,O,Jl. Firmansyah No. 128,001/002,Cipete,Sukmajaya,Tangerang,Banten,KRISTEN,Cerai Hidup,Wiraswasta,WNI,SEUMUR HIDUP
DKC001234,3671010702951234,Taufik Pratama,Tangerang,1995-02-07,Laki-Laki,B,Jl. Setiawan No. 11,004/004,Sukamaju,Serpong,Tangerang,Banten,ISLAM,Cerai Mati,Wiraswasta,WNI,SEUMUR HIDUP
DKC001235,3172011602651235,Yusuf Firmansyah,Jakarta Utara,1965-02-16,Laki-Laki,B,Jl. Hutapea No. 29,012/001,Cipete,Tebet,Jakarta Utara,DKI Jakarta,KATOLIK,Belum Menikah,Wiraswasta,WNI,SEUMUR HIDUP
DKC001236,3671015707811236,Wulan Setiawan,Tangerang,1981-07-17,Perempuan,AB,Jl. Permana No. 97,011/009,Duren Sawit,Bekasi Timur,Tangerang,Banten,KONGHUCU,Belum Menikah,Wiraswasta,WNI,SEUMUR HIDUP
DKC001237,3276011411941237,Yusuf Wibowo,Depok,1994-11-14,Laki-Laki,B,Jl. Handoko No. 126,005/007,Sukamaju,Cengkareng,Depok,Jawa Barat,ISLAM,Cerai Mati,Wiraswasta,WNI,SEUMUR HIDUP
DKC001238,3173014807881238,Sri Wijaya,Jakarta Barat,1988-07-08,Perempuan,AB,Jl. Hidayat No. 106,002/005,Cempaka Putih,Cengkareng,Jakarta Barat,DKI Jakarta,KATOLIK,Belum Menikah,Wiraswasta,WNI,SEUMUR HIDUP
DKC001239,3275016304911239,Tri Santoso,Bekasi,1991-04-23,Perempuan,O,Jl. Halim No. 78,011/004,Bintaro,Kramat Jati,Bekasi,Jawa Barat,KONGHUCU,Cerai Hidup,Wiraswasta,WNI,SEUMUR HIDUP
DKC001240,3173016311741240,Putri Firmansyah,Jakarta Barat,1974-11-23,Perempuan,O,Jl. Setiawan No. 5,004/008,Cipete,Kramat Jati,Jakarta Barat,DKI Jakarta,BUDDHA,Belum Menikah,Wiraswasta,WNI,SEUMUR HIDUP
DKC001241,3271011312951241,Wahyu Panjaitan,Bogor,1995-12-13,Laki-Laki,A,Jl. Firmansyah No. 133,005/007,Sukamaju,Tebet,Bogor,Jawa Barat,BUDDHA,Menikah,Wiraswasta,WNI,SEUMUR HIDUP
DKC001242,3276012812981242,Bayu Susanto,Depok,1998-12-28,Laki-Laki,B,Jl. Tanjung No. 128,009/001,Cempaka Putih,Tebet,Depok,Jawa Barat,KATOLIK,Cerai Mati,Wiraswasta,WNI,SEUMUR HIDUP
DKC001243,3171015311691243,Siti Handoko,Jakarta Pusat,1969-11-13,Perempuan,AB,Jl. Panjaitan No. 109,005/005,Kebon Baru,Serpong,Jakarta Pusat,DKI Jakarta,HINDU,Cerai Hidup,Wiraswasta,WNI,SEUMUR HIDUP
DKC001244,3671012712751244,Slamet Handoko,Tangerang,1975-12-27,Laki-Laki,AB,Jl. Wijaya No. 87,006/008,Kebon Baru,Sukmajaya,Tangerang,Banten,KATOLIK,Cerai Mati,Wiraswasta,WNI,SEUMUR HIDUP
DKC001245,3174011808691245,Joko Rahman,Jakarta Selatan,1969-08-18,Laki-Laki,B,Jl. Nugroho No. 106,001/004,Bintaro,Bekasi Timur,Jakarta Selatan,DKI Jakarta,BUDDHA,Menikah,Wiraswasta,WNI,SEUMUR HIDUP
DKC001246,3276012611741246,Sutrisno Rahman,Depok,1974-11-26,Laki-Laki,B,Jl. Hidayat No. 95,002/001,Duren Sawit,Tebet,Depok,Jawa Barat,BUDDHA,Cerai Mati,Wiraswasta,WNI,SEUMUR HIDUP
DKC001247,3671011905741247,Wahyu Tanjung,Tangerang,1974-05-19,Laki-Laki,A,Jl. Gunawan No. 61,010/002,Sukajadi,Cengkareng,Tangerang,Banten,BUDDHA,Belum Menikah,Wiraswasta,WNI,SEUMUR HIDUP
DKC001248,3276012706941248,Ahmad Hutapea,Depok,1994-06-27,Laki-Laki,A,Jl. Handoko No. 56,007/006,Sukajadi,Tebet,Depok,Jawa Barat,BUDDHA,Belum Menikah,Wiraswasta,WNI,SEUMUR HIDUP
DKC001249,3671014401811249,Siti Permana,Tangerang,1981-01-04,Perempuan,O,Jl. Rahman No. 43,001/002,Sukamaju,Serpong,Tangerang,Banten,KATOLIK,Belum Menikah,Wiraswasta,WNI,SEUMUR HIDUP
DKC001250,3174010911971250,Fauzi Pratama,Jakarta Selatan,1997-11-09,Laki-Laki,B,Jl. Hidayat No. 54,004/003,Duren Sawit,Bekasi Timur,Jakarta Selatan,DKI Jakarta,ISLAM,Cerai Mati,Wiraswasta,WNI,SEUMUR HIDUP
DKC001251,3174012207971251,Iwan Setiawan,Jakarta Selatan,1997-07-22,Laki-Laki,B,Jl. Halim No. 77,011/007,Cempaka Putih,Serpong,Jakarta Selatan,DKI Jakarta,ISLAM,Belum Menikah,Wiraswasta,WNI,SEUMUR HIDUP
DKC001252,3175017007661252,Putri Santoso,Jakarta Timur,1966-07-30,Perempuan,B,Jl. Lubis No. 108,002/002,Cempaka Putih,Kramat Jati,Jakarta Timur,DKI Jakarta,ISLAM,Belum Menikah,Wiraswasta,WNI,SEUMUR HIDUP
DKC001253,3171014912761253,Ani Permana,Jakarta Pusat,1976-12-09,Perempuan,AB,Jl. Suryadi No. 41,010/009,Kebon Baru,Bekasi Timur,Jakarta Pusat,DKI Jakarta,HINDU,Belum Menikah,Wiraswasta,WNI,SEUMUR HIDUP
DKC001254,3276016511971254,Indah Gunawan,Depok,1997-11-25,Perempuan,A,Jl. Hidayat No. 104,005/007,Bintaro,Tebet,Depok,Jawa Barat,BUDDHA,Menikah,Wiraswasta,WNI,SEUMUR HIDUP
DKC001255,3172011406031255,Bayu Wijaya,Jakarta Utara,2003-06-14,Laki-Laki,A,Jl. Rahman No. 123,007/010,Cempaka Putih,Tebet,Jakarta Utara,DKI Jakarta,BUDDHA,Belum Menikah,Wiraswasta,WNI,SEUMUR HIDUP
DKC001256,3174012210871256,Yudi Setiawan,Jakarta Selatan,1987-10-22,Laki-Laki,A,Jl. Nugroho No. 138,009/002,Rawa Bunga,Sukmajaya,Jakarta Selatan,DKI Jakarta,BUDDHA,Menikah,Wiraswasta,WNI,SEUMUR HIDUP
DKC001257,3671016302021257,Indah Gunawan,Tangerang,2002-02-23,Perempuan,B,Jl. Wijaya No. 110,008/004,Cempaka Putih,Kramat Jati,Tangerang,Banten,KONGHUCU,Menikah,Wiraswasta,WNI,SEUMUR HIDUP
DKC001258,3173010405971258,Iwan Suryadi,Jakarta Barat,1997-05-04,Laki-Laki,A,Jl. Panjaitan No. 83,008/003,Duren Sawit,Cengkareng,Jakarta Barat,DKI Jakarta,ISLAM,Menikah,Wiraswasta,WNI,SEUMUR HIDUP
DKC001259,3671012604011259,Doni Santoso,Tangerang,2001-04-26,Laki-Laki,A,Jl. Kurniawan No. 83,003/010,Sukajadi,Tebet,Tangerang,Banten,KONGHUCU,Belum Menikah,Wiraswasta,WNI,SEUMUR HIDUP
DKC001260,3271016707671260,Retno Saputra,Bogor,1967-07-27,Perempuan,A,Jl. Panjaitan No. 39,006/006,Cipete,Serpong,Bogor,Jawa Barat,ISLAM,Cerai Hidup,Wiraswasta,WNI,SEUMUR HIDUP
DKC001261,3172015706011261,Indah Pratama,Jakarta Utara,2001-06-17,Perempuan,B,Jl. Simanjuntak No. 148,009/008,Duren Sawit,Bekasi Timur,Jakarta Utara,DKI Jakarta,BUDDHA,Menikah,Wiraswasta,WNI,SEUMUR HIDUP
DKC001262,3275010302791262,Hendra Situmorang,Bekasi,1979-02-03,Laki-Laki,O,Jl. Handoko No. 11,009/007,Bintaro,Tebet,Bekasi,Jawa Barat,ISLAM,Menikah,Wiraswasta,WNI,SEUMUR HIDUP
DKC001263,3173012906801263,Sutrisno Firmansyah,Jakarta Barat,1980-06-29,Laki-Laki,AB,Jl. Kurniawan No. 93,012/009,Duren Sawit,Sukmajaya,Jakarta Barat,DKI Jakarta,KRISTEN,Cerai Mati,Wiraswasta,WNI,SEUMUR HIDUP
DKC001264,3173015209711264,Rita Saputra,Jakarta Barat,1971-09-12,Perempuan,AB,Jl. Kusuma No. 59,006/006,Sukamaju,Cengkareng,Jakarta Barat,DKI Jakarta,KATOLIK,Belum Menikah,Wiraswasta,WNI,SEUMUR HIDUP
DKC001265,3671015401931265,Desi Wijaya,Tangerang,1993-01-14,Perempuan,O,Jl. Wijaya No. 105,004/004,Cipete,Sukmajaya,Tangerang,Banten,BUDDHA,Cerai Mati,Wiraswasta,WNI,SEUMUR HIDUP
DKC001266,3671016308701266,Retno Santoso,Tangerang,1970-08-23,Perempuan,A,Jl. Wijaya No. 69,001/002,Cipete,Cengkareng,Tangerang,Banten,BUDDHA,Menikah,Wiraswasta,WNI,SEUMUR HIDUP
DKC001267,3671011106031267,Wahyu Tanjung,Tangerang,2003-06-11,Laki-Laki,B,Jl. Rahman No. 122,008/004,Kebon Baru,Bekasi Timur,Tangerang,Banten,KONGHUCU,Belum Menikah,Wiraswasta,WNI,SEUMUR HIDUP
DKC001268,3171011103951268,Slamet Firmansyah,Jakarta Pusat,1995-03-11,Laki-Laki,A,Jl. Setiawan No. 103,010/005,Cempaka Putih,Sukmajaya,Jakarta Pusat,DKI Jakarta,BUDDHA,Cerai Hidup,Wiraswasta,WNI,SEUMUR HIDUP
DKC001269,3171017110831269,Lestari Pratama,Jakarta Pusat,1983-10-31,Perempuan,B,Jl. Halim No. 136,007/004,Sukajadi,Cengkareng,Jakarta Pusat,DKI Jakarta,KATOLIK,Menikah,Wiraswasta,WNI,SEUMUR HIDUP
DKC001270,3271014205931270,Anggi Wijaya,Bogor,1993-05-02,Perempuan,O,Jl. Pratama No. 91,006/005,Sukamaju,Kramat Jati,Bogor,Jawa Barat,HINDU,Belum Menikah,Wiraswasta,WNI,SEUMUR HIDUP
DKC001271,3671014803781271,Ratna Rahman,Tangerang,1978-03-08,Perempuan,B,Jl. Panjaitan No. 6,011/002,Bintaro,Bekasi Timur,Tangerang,Banten,KATOLIK,Cerai Mati,Wiraswasta,WNI,SEUMUR HIDUP
DKC001272,3671016008991272,Anggi Susanto,Tangerang,1999-08-20,Perempuan,B,Jl. Panjaitan No. 28,006/004,Cempaka Putih,Cengkareng,Tangerang,Banten,KATOLIK,Belum Menikah,Wiraswasta,WNI,SEUMUR HIDUP
DKC001273,3175014809661273,Nina Hutapea,Jakarta Timur,1966-09-08,Perempuan,AB,Jl. Lubis No. 15,005/004,Kebon Baru,Kramat Jati,Jakarta Timur,DKI Jakarta,KRISTEN,Cerai Hidup,Wiraswasta,WNI,SEUMUR HIDUP
DKC001274,3271011910961274,Fauzi Kusuma,Bogor,1996-10-19,Laki-Laki,A,Jl. Wibowo No. 57,003/002,Sukajadi,Tebet,Bogor,Jawa Barat,KONGHUCU,Cerai Mati,Wiraswasta,WNI,SEUMUR HIDUP
DKC001275,3671015603921275,Desi Saputra,Tangerang,1992-03-16,Perempuan,B,Jl. Nugroho No. 24,011/004,Bintaro,Kramat Jati,Tangerang,Banten,KRISTEN,Cerai Mati,Wiraswasta,WNI,SEUMUR HIDUP
DKC001276,3275015306971276,Fitri Wijaya,Bekasi,1997-06-13,Perempuan,A,Jl. Kurniawan No. 130,008/006,Cipete,Tebet,Bekasi,Jawa Barat,HINDU,Cerai Mati,Wiraswasta,WNI,SEUMUR HIDUP
DKC001277,3174011405011277,Budi Pratama,Jakarta Selatan,2001-05-14,Laki-Laki,A,Jl. Siregar No. 28,006/007,Sukajadi,Sukmajaya,Jakarta Selatan,DKI Jakarta,KRISTEN,Menikah,Wiraswasta,WNI,SEUMUR HIDUP
DKC001278,3674012607931278,Anton Wibowo,Tangerang Selatan,1993-07-26,Laki-Laki,O,Jl. Firmansyah No. 73,010/002,Cipete,Tebet,Tangerang Selatan,Jawa Barat,BUDDHA,Belum Menikah,Wiraswasta,WNI,SEUMUR HIDUP
DKC001279,3276014808671279,Maya Simanjuntak,Depok,1967-08-08,Perempuan,A,Jl. Susanto No. 19,002/009,Duren Sawit,Tebet,Depok,Jawa Barat,BUDDHA,Cerai Hidup,Wiraswasta,WNI,SEUMUR HIDUP
DKC001280,3671012005801280,Fajar Wibowo,Tangerang,1980-05-20,Laki-Laki,A,Jl. Siregar No. 36,007/004,Cempaka Putih,Serpong,Tangerang,Banten,KRISTEN,Belum Menikah,Wiraswasta,WNI,SEUMUR HIDUP
DKC001281,3271011401801281,Andi Nugroho,Bogor,1980-01-14,Laki-Laki,AB,Jl. Permana No. 20,002/005,Sukamaju,Serpong,Bogor,Jawa Barat,KONGHUCU,Cerai Hidup,Wiraswasta,WNI,SEUMUR HIDUP
DKC001282,3275011903021282,Dimas Rahman,Bekasi,2002-03-19,Laki-Laki,AB,Jl. Tanjung No. 6,006/004,Bintaro,Bekasi Timur,Bekasi,Jawa Barat,HINDU,Cerai Mati,Wiraswasta,WNI,SEUMUR HIDUP
DKC001283,3174012506981283,Dimas Hutapea,Jakarta Selatan,1998-06-25,Laki-Laki,B,Jl. Permana No. 5,001/004,Sukamaju,Sukmajaya,Jakarta Selatan,DKI Jakarta,KRISTEN,Cerai Hidup,Wiraswasta,WNI,SEUMUR HIDUP
DKC001284,3174017004821284,Putri Simanjuntak,Jakarta Selatan,1982-04-30,Perempuan,B,Jl. Lubis No. 117,002/006,Kebon Baru,Tebet,Jakarta Selatan,DKI Jakarta,KRISTEN,Belum Menikah,Wiraswasta,WNI,SEUMUR HIDUP
DKC001285,3275014109011285,Melati Gunawan,Bekasi,2001-09-01,Perempuan,O,Jl. Kusuma No. 141,003/007,Sukajadi,Bekasi Timur,Bekasi,Jawa Barat,KONGHUCU,Cerai Mati,Wiraswasta,WNI,SEUMUR HIDUP
DKC001286,3671015211921286,Tri Rahman,Tangerang,1992-11-12,Perempuan,B,Jl. Kusuma No. 68,005/001,Sukajadi,Kramat Jati,Tangerang,Banten,KATOLIK,Menikah,Wiraswasta,WNI,SEUMUR HIDUP
DKC001287,3271016608751287,Tri Hidayat,Bogor,1975-08-26,Perempuan,O,Jl. Lubis No. 141,012/009,Cempaka Putih,Bekasi Timur,Bogor,Jawa Barat,ISLAM,Belum Menikah,Wiraswasta,WNI,SEUMUR HIDUP
DKC001288,3671012505671288,Gunawan Halim,Tangerang,1967-05-25,Laki-Laki,A,Jl. Lubis No. 95,008/001,Sukamaju,Sukmajaya,Tangerang,Banten,KATOLIK,Menikah,Wiraswasta,WNI,SEUMUR HIDUP
DKC001289,3174016101971289,Lestari Siregar,Jakarta Selatan,1997-01-21,Perempuan,O,Jl. Firmansyah No. 150,003/007,Cipete,Sukmajaya,Jakarta Selatan,DKI Jakarta,BUDDHA,Cerai Mati,Wiraswasta,WNI,SEUMUR HIDUP
DKC001290,3671014801691290,Kartika Rahman,Tangerang,1969-01-08,Perempuan,AB,Jl. Setiawan No. 138,006/010,Cipete,Serpong,Tangerang,Banten,BUDDHA,Belum Menikah,Wiraswasta,WNI,SEUMUR HIDUP
DKC001291,3175011512651291,Eko Siregar,Jakarta Timur,1965-12-15,Laki-Laki,AB,Jl. Siregar No. 50,003/004,Sukajadi,Kramat Jati,Jakarta Timur,DKI Jakarta,KRISTEN,Cerai Hidup,Wiraswasta,WNI,SEUMUR HIDUP
DKC001292,3275011804831292,Doni Permana,Bekasi,1983-04-18,Laki-Laki,A,Jl. Rahman No. 122,003/007,Sukajadi,Bekasi Timur,Bekasi,Jawa Barat,HINDU,Menikah,Wiraswasta,WNI,SEUMUR HIDUP
DKC001293,3175015303901293,Sri Panjaitan,Jakarta Timur,1990-03-13,Perempuan,B,Jl. Kusuma No. 57,006/010,Rawa Bunga,Serpong,Jakarta Timur,DKI Jakarta,KRISTEN,Belum Menikah,Wiraswasta,WNI,SEUMUR HIDUP
DKC001294,3175011304831294,Fauzi Susanto,Jakarta Timur,1983-04-13,Laki-Laki,A,Jl. Setiawan No. 145,010/007,Rawa Bunga,Tebet,Jakarta Timur,DKI Jakarta,BUDDHA,Belum Menikah,Wiraswasta,WNI,SEUMUR HIDUP
DKC001295,3276016306841295,Rita Situmorang,Depok,1984-06-23,Perempuan,AB,Jl. Kurniawan No. 141,007/010,Cipete,Cengkareng,Depok,Jawa Barat,HINDU,Menikah,Wiraswasta,WNI,SEUMUR HIDUP
DKC001296,3674012905691296,Budi Rahman,Tangerang Selatan,1969-05-29,Laki-Laki,B,Jl. Situmorang No. 49,009/006,Rawa Bunga,Tebet,Tangerang Selatan,Jawa Barat,KATOLIK,Belum Menikah,Wiraswasta,WNI,SEUMUR HIDUP
DKC001297,3171015205911297,Putri Rahman,Jakarta Pusat,1991-05-12,Perempuan,AB,Jl. Kusuma No. 70,011/001,Sukamaju,Kramat Jati,Jakarta Pusat,DKI Jakarta,HINDU,Belum Menikah,Wiraswasta,WNI,SEUMUR HIDUP
DKC001298,3671010712911298,Budi Lubis,Tangerang,1991-12-07,Laki-Laki,O,Jl. Wibowo No. 17,001/002,Cipete,Sukmajaya,Tangerang,Banten,KRISTEN,Menikah,Wiraswasta,WNI,SEUMUR HIDUP
DKC001299,3671011112011299,Sutrisno Hidayat,Tangerang,2001-12-11,Laki-Laki,A,Jl. Wijaya No. 17,007/009,Sukamaju,Sukmajaya,Tangerang,Banten,KONGHUCU,Cerai Hidup,Wiraswasta,WNI,SEUMUR HIDUP
DKC001300,3671012506031300,Bambang Tanjung,Tangerang,2003-06-25,Laki-Laki,AB,Jl. Wijaya No. 117,007/003,Kebon Baru,Sukmajaya,Tangerang,Banten,HINDU,Cerai Mati,Wiraswasta,WNI,SEUMUR HIDUP
DKC001301,3276010608931301,Agus Panjaitan,Depok,1993-08-06,Laki-Laki,AB,Jl. Firmansyah No. 5,008/008,Bintaro,Sukmajaya,Depok,Jawa Barat,KATOLIK,Cerai Mati,Wiraswasta,WNI,SEUMUR HIDUP
DKC001302,3276012707971302,Agus Hutapea,Depok,1997-07-27,Laki-Laki,O,Jl. Situmorang No. 106,011/003,Cempaka Putih,Cengkareng,Depok,Jawa Barat,ISLAM,Menikah,Wiraswasta,WNI,SEUMUR HIDUP
DKC001303,3674016102671303,Desi Tanjung,Tangerang Selatan,1967-02-21,Perempuan,B,Jl. Siregar No. 18,005/001,Cipete,Sukmajaya,Tangerang Selatan,Jawa Barat,KONGHUCU,Cerai Hidup,Wiraswasta,WNI,SEUMUR HIDUP
DKC001304,3173013105751304,Yusuf Hidayat,Jakarta Barat,1975-05-31,Laki-Laki,A,Jl. Setiawan No. 81,006/003,Kebon Baru,Cengkareng,Jakarta Barat,DKI Jakarta,HINDU,Menikah,Wiraswasta,WNI,SEUMUR HIDUP
DKC001305,3275015203741305,Dian Kurniawan,Bekasi,1974-03-12,Perempuan,B,Jl. Lubis No. 27,002/010,Cempaka Putih,Tebet,Bekasi,Jawa Barat,HINDU,Menikah,Wiraswasta,WNI,SEUMUR HIDUP
DKC001306,3172011501951306,Doni Permana,Jakarta Utara,1995-01-15,Laki-Laki,AB,Jl. Setiawan No. 120,008/009,Rawa Bunga,Bekasi Timur,Jakarta Utara,DKI Jakarta,ISLAM,Belum Menikah,Wiraswasta,WNI,SEUMUR HIDUP
DKC001307,3671011110781307,Hadi Kurniawan,Tangerang,1978-10-11,Laki-Laki,AB,Jl. Siregar No. 13,012/003,Rawa Bunga,Tebet,Tangerang,Banten,KRISTEN,Cerai Mati,Wiraswasta,WNI,SEUMUR HIDUP
DKC001308,3173015005771308,Ayu Wijaya,Jakarta Barat,1977-05-10,Perempuan,AB,Jl. Wijaya No. 61,008/004,Duren Sawit,Tebet,Jakarta Barat,DKI Jakarta,HINDU,Cerai Mati,Wiraswasta,WNI,SEUMUR HIDUP
DKC001309,3674010712941309,Krisna Setiawan,Tangerang Selatan,1994-12-07,Laki-Laki,B,Jl. Pratama No. 20,001/003,Sukajadi,Bekasi Timur,Tangerang Selatan,Jawa Barat,BUDDHA,Belum Menikah,Wiraswasta,WNI,SEUMUR HIDUP
DKC001310,3674011209721310,Gunawan Hidayat,Tangerang Selatan,1972-09-12,Laki-Laki,AB,Jl. Panjaitan No. 126,012/010,Bintaro,Kramat Jati,Tangerang Selatan,Jawa Barat,HINDU,Belum Menikah,Wiraswasta,WNI,SEUMUR HIDUP
DKC001311,3671011905891311,Bayu Saputra,Tangerang,1989-05-19,Laki-Laki,AB,Jl. Permana No. 8,006/004,Bintaro,Serpong,Tangerang,Banten,ISLAM,Cerai Mati,Wiraswasta,WNI,SEUMUR HIDUP
DKC001312,3173015606861312,Putri Lubis,Jakarta Barat,1986-06-16,Perempuan,A,Jl. Wibowo No. 128,004/007,Cempaka Putih,Tebet,Jakarta Barat,DKI Jakarta,KATOLIK,Menikah,Wiraswasta,WNI,SEUMUR HIDUP
DKC001313,3171014402731313,Dian Setiawan,Jakarta Pusat,1973-02-04,Perempuan,B,Jl. Tanjung No. 90,006/003,Sukajadi,Bekasi Timur,Jakarta Pusat,DKI Jakarta,KONGHUCU,Cerai Hidup,Wiraswasta,WNI,SEUMUR HIDUP
DKC001314,3671011509691314,Doni Gunawan,Tangerang,1969-09-15,Laki-Laki,AB,Jl. Wibowo No. 146,003/002,Cempaka Putih,Tebet,Tangerang,Banten,BUDDHA,Belum Menikah,Wiraswasta,WNI,SEUMUR HIDUP
DKC001315,3275014401901315,Rita Wibowo,Bekasi,1990-01-04,Perempuan,AB,Jl. Nugroho No. 111,010/010,Duren Sawit,Sukmajaya,Bekasi,Jawa Barat,ISLAM,Belum Menikah,Wiraswasta,WNI,SEUMUR HIDUP
DKC001316,3275012402921316,Bayu Wijaya,Bekasi,1992-02-24,Laki-Laki,B,Jl. Lubis No. 139,007/010,Duren Sawit,Sukmajaya,Bekasi,Jawa Barat,KATOLIK,Belum Menikah,Wiraswasta,WNI,SEUMUR HIDUP
DKC001317,3275015301941317,Melati Simanjuntak,Bekasi,1994-01-13,Perempuan,A,Jl. Susanto No. 89,008/009,Bintaro,Tebet,Bekasi,Jawa Barat,KONGHUCU,Cerai Mati,Wiraswasta,WNI,SEUMUR HIDUP
DKC001318,3172010701831318,Rudi Pratama,Jakarta Utara,1983-01-07,Laki-Laki,O,Jl. Wibowo No. 123,004/009,Cempaka Putih,Tebet,Jakarta Utara,DKI Jakarta,BUDDHA,Cerai Mati,Wiraswasta,WNI,SEUMUR HIDUP
DKC001319,3172014711671319,Putri Situmorang,Jakarta Utara,1967-11-07,Perempuan,O,Jl. Handoko No. 137,008/007,Cempaka Putih,Sukmajaya,Jakarta Utara,DKI Jakarta,BUDDHA,Cerai Mati,Wiraswasta,WNI,SEUMUR HIDUP
DKC001320,3175016602881320,Lina Setiawan,Jakarta Timur,1988-02-26,Perempuan,B,Jl. Handoko No. 10,011/009,Rawa Bunga,Serpong,Jakarta Timur,DKI Jakarta,BUDDHA,Menikah,Wiraswasta,WNI,SEUMUR HIDUP
DKC001321,3671015607811321,Sari Pratama,Tangerang,1981-07-16,Perempuan,A,Jl. Hutapea No. 69,001/006,Cipete,Bekasi Timur,Tangerang,Banten,KONGHUCU,Cerai Hidup,Wiraswasta,WNI,SEUMUR HIDUP
DKC001322,3174015407721322,Rita Wijaya,Jakarta Selatan,1972-07-14,Perempuan,AB,Jl. Rahman No. 46,012/006,Rawa Bunga,Cengkareng,Jakarta Selatan,DKI Jakarta,KATOLIK,Belum Menikah,Wiraswasta,WNI,SEUMUR HIDUP
DKC001323,3276015904711323,Novi Siregar,Depok,1971-04-19,Perempuan,AB,Jl. Simanjuntak No. 76,003/004,Cempaka Putih,Serpong,Depok,Jawa Barat,BUDDHA,Cerai Hidup,Wiraswasta,WNI,SEUMUR HIDUP
DKC001324,3172014809901324,Kartika Nugroho,Jakarta Utara,1990-09-08,Perempuan,A,Jl. Gunawan No. 104,003/005,Sukajadi,Serpong,Jakarta Utara,DKI Jakarta,KONGHUCU,Cerai Hidup,Wiraswasta,WNI,SEUMUR HIDUP
DKC001325,3674012412721325,Arif Situmorang,Tangerang Selatan,1972-12-24,Laki-Laki,AB,Jl. Wibowo No. 43,010/003,Cipete,Sukmajaya,Tangerang Selatan,Jawa Barat,KRISTEN,Belum Menikah,Wiraswasta,WNI,SEUMUR HIDUP
DKC001326,3671014208691326,Ayu Simanjuntak,Tangerang,1969-08-02,Perempuan,B,Jl. Kusuma No. 28,009/007,Rawa Bunga,Cengkareng,Tangerang,Banten,ISLAM,Cerai Mati,Wiraswasta,WNI,SEUMUR HIDUP
DKC001327,3275015105921327,Putri Rahman,Bekasi,1992-05-11,Perempuan,AB,Jl. Situmorang No. 125,011/005,Duren Sawit,Kramat Jati,Bekasi,Jawa Barat,ISLAM,Belum Menikah,Wiraswasta,WNI,SEUMUR HIDUP
DKC001328,3172016312011328,Sari Simanjuntak,Jakarta Utara,2001-12-23,Perempuan,A,Jl. Saputra No. 124,010/008,Cempaka Putih,Tebet,Jakarta Utara,DKI Jakarta,KRISTEN,Cerai Hidup,Wiraswasta,WNI,SEUMUR HIDUP
DKC001329,3175010606741329,Wahyu Wijaya,Jakarta Timur,1974-06-06,Laki-Laki,O,Jl. Susanto No. 23,006/005,Bintaro,Tebet,Jakarta Timur,DKI Jakarta,KATOLIK,Cerai Hidup,Wiraswasta,WNI,SEUMUR HIDUP
DKC001330,3671010406811330,Rizky Hidayat,Tangerang,1981-06-04,Laki-Laki,B,Jl. Permana No. 122,012/009,Sukajadi,Kramat Jati,Tangerang,Banten,HINDU,Cerai Mati,Wiraswasta,WNI,SEUMUR HIDUP
DKC001331,3671016312021331,Dewi Santoso,Tangerang,2002-12-23,Perempuan,B,Jl. Hutapea No. 28,005/002,Sukamaju,Cengkareng,Tangerang,Banten,KRISTEN,Cerai Mati,Wiraswasta,WNI,SEUMUR HIDUP
DKC001332,3172016906881332,Nina Kusuma,Jakarta Utara,1988-06-29,Perempuan,O,Jl. Rahman No. 16,010/003,Bintaro,Tebet,Jakarta Utara,DKI Jakarta,KATOLIK,Cerai Hidup,Wiraswasta,WNI,SEUMUR HIDUP
DKC001333,3671011601831333,Fajar Kusuma,Tangerang,1983-01-16,Laki-Laki,B,Jl. Setiawan No. 85,009/007,Cipete,Tebet,Tangerang,Banten,KATOLIK,Cerai Mati,Wiraswasta,WNI,SEUMUR HIDUP
DKC001334,3271014807721334,Dian Suryadi,Bogor,1972-07-08,Perempuan,B,Jl. Handoko No. 87,009/006,Duren Sawit,Sukmajaya,Bogor,Jawa Barat,KONGHUCU,Cerai Hidup,Wiraswasta,WNI,SEUMUR HIDUP
DKC001335,3671016212721335,Maya Gunawan,Tangerang,1972-12-22,Perempuan,B,Jl. Susanto No. 31,002/007,Rawa Bunga,Tebet,Tangerang,Banten,KRISTEN,Menikah,Wiraswasta,WNI,SEUMUR HIDUP
DKC001336,3271010309931336,Agus Setiawan,Bogor,1993-09-03,Laki-Laki,B,Jl. Siregar No. 60,002/004,Cempaka Putih,Serpong,Bogor,Jawa Barat,ISLAM,Cerai Hidup,Wiraswasta,WNI,SEUMUR HIDUP
DKC001337,3175014104801337,Rina Hidayat,Jakarta Timur,1980-04-01,Perempuan,O,Jl. Wijaya No. 134,004/007,Cempaka Putih,Serpong,Jakarta Timur,DKI Jakarta,ISLAM,Cerai Hidup,Wiraswasta,WNI,SEUMUR HIDUP
DKC001338,3671016304821338,Lestari Kusuma,Tangerang,1982-04-23,Perempuan,O,Jl. Setiawan No. 128,012/004,Cipete,Bekasi Timur,Tangerang,Banten,KONGHUCU,Cerai Mati,Wiraswasta,WNI,SEUMUR HIDUP
DKC001339,3174016710701339,Sari Permana,Jakarta Selatan,1970-10-27,Perempuan,AB,Jl. Kusuma No. 43,006/005,Kebon Baru,Tebet,Jakarta Selatan,DKI Jakarta,BUDDHA,Belum Menikah,Wiraswasta,WNI,SEUMUR HIDUP
DKC001340,3171011707731340,Anton Rahman,Jakarta Pusat,1973-07-17,Laki-Laki,A,Jl. Setiawan No. 52,010/003,Sukamaju,Serpong,Jakarta Pusat,DKI Jakarta,KATOLIK,Menikah,Wiraswasta,WNI,SEUMUR HIDUP
DKC001341,3174012204881341,Slamet Panjaitan,Jakarta Selatan,1988-04-22,Laki-Laki,B,Jl. Permana No. 68,008/003,Kebon Baru,Serpong,Jakarta Selatan,DKI Jakarta,BUDDHA,Cerai Mati,Wiraswasta,WNI,SEUMUR HIDUP
DKC001342,3173015502831342,Siti Rahman,Jakarta Barat,1983-02-15,Perempuan,A,Jl. Lubis No. 117,003/003,Rawa Bunga,Bekasi Timur,Jakarta Barat,DKI Jakarta,HINDU,Cerai Hidup,Wiraswasta,WNI,SEUMUR HIDUP
DKC001343,3671015509861343,Desi Halim,Tangerang,1986-09-15,Perempuan,B,Jl. Wibowo No. 40,010/001,Rawa Bunga,Kramat Jati,Tangerang,Banten,BUDDHA,Menikah,Wiraswasta,WNI,SEUMUR HIDUP
DKC001344,3671016309971344,Putri Lubis,Tangerang,1997-09-23,Perempuan,A,Jl. Wibowo No. 14,009/003,Bintaro,Tebet,Tangerang,Banten,KONGHUCU,Cerai Mati,Wiraswasta,WNI,SEUMUR HIDUP
DKC001345,3671012411731345,Andi Suryadi,Tangerang,1973-11-24,Laki-Laki,O,Jl. Hutapea No. 56,010/010,Cempaka Putih,Tebet,Tangerang,Banten,KATOLIK,Belum Menikah,Wiraswasta,WNI,SEUMUR HIDUP
DKC001346,3671012903981346,Dedi Siregar,Tangerang,1998-03-29,Laki-Laki,O,Jl. Pratama No. 26,012/007,Rawa Bunga,Serpong,Tangerang,Banten,BUDDHA,Menikah,Wiraswasta,WNI,SEUMUR HIDUP
DKC001347,3671015108751347,Fitri Rahman,Tangerang,1975-08-11,Perempuan,B,Jl. Gunawan No. 94,012/004,Kebon Baru,Cengkareng,Tangerang,Banten,BUDDHA,Cerai Hidup,Wiraswasta,WNI,SEUMUR HIDUP
DKC001348,3674016401981348,Ika Saputra,Tangerang Selatan,1998-01-24,Perempuan,O,Jl. Nugroho No. 42,007/005,Kebon Baru,Tebet,Tangerang Selatan,Jawa Barat,BUDDHA,Cerai Hidup,Wiraswasta,WNI,SEUMUR HIDUP
DKC001349,3671014206921349,Anggi Firmansyah,Tangerang,1992-06-02,Perempuan,A,Jl. Pratama No. 115,010/010,Bintaro,Tebet,Tangerang,Banten,KRISTEN,Belum Menikah,Wiraswasta,WNI,SEUMUR HIDUP
DKC001350,3175016201761350,Rina Pratama,Jakarta Timur,1976-01-22,Perempuan,O,Jl. Situmorang No. 135,008/002,Kebon Baru,Bekasi Timur,Jakarta Timur,DKI Jakarta,KONGHUCU,Cerai Hidup,Wiraswasta,WNI,SEUMUR HIDUP
DKC001351,3671011111701351,Taufik Rahman,Tangerang,1970-11-11,Laki-Laki,B,Jl. Santoso No. 26,003/006,Cipete,Serpong,Tangerang,Banten,KONGHUCU,Menikah,Wiraswasta,WNI,SEUMUR HIDUP
DKC001352,3175012002991352,Hendra Wijaya,Jakarta Timur,1999-02-20,Laki-Laki,O,Jl. Simanjuntak No. 120,009/009,Bintaro,Cengkareng,Jakarta Timur,DKI Jakarta,KONGHUCU,Belum Menikah,Wiraswasta,WNI,SEUMUR HIDUP
DKC001353,3276015608751353,Yanti Kusuma,Depok,1975-08-16,Perempuan,O,Jl. Wijaya No. 11,004/001,Duren Sawit,Cengkareng,Depok,Jawa Barat,KRISTEN,Cerai Mati,Wiraswasta,WNI,SEUMUR HIDUP
DKC001354,3671012911691354,Fauzi Siregar,Tangerang,1969-11-29,Laki-Laki,O,Jl. Kurniawan No. 89,003/004,Sukajadi,Tebet,Tangerang,Banten,KRISTEN,Belum Menikah,Wiraswasta,WNI,SEUMUR HIDUP
DKC001355,3175014212731355,Yanti Santoso,Jakarta Timur,1973-12-02,Perempuan,O,Jl. Firmansyah No. 131,004/001,Kebon Baru,Tebet,Jakarta Timur,DKI Jakarta,BUDDHA,Cerai Mati,Wiraswasta,WNI,SEUMUR HIDUP
DKC001356,3671014303691356,Rina Hidayat,Tangerang,1969-03-03,Perempuan,A,Jl. Setiawan No. 102,001/003,Cempaka Putih,Tebet,Tangerang,Banten,KRISTEN,Belum Menikah,Wiraswasta,WNI,SEUMUR HIDUP
DKC001357,3671012605831357,Irfan Lubis,Tangerang,1983-05-26,Laki-Laki,O,Jl. Situmorang No. 36,001/002,Sukajadi,Tebet,Tangerang,Banten,ISLAM,Cerai Mati,Wiraswasta,WNI,SEUMUR HIDUP
DKC001358,3174014506701358,Ani Setiawan,Jakarta Selatan,1970-06-05,Perempuan,A,Jl. Suryadi No. 35,012/006,Bintaro,Kramat Jati,Jakarta Selatan,DKI Jakarta,KRISTEN,Belum Menikah,Wiraswasta,WNI,SEUMUR HIDUP
DKC001359,3173012201821359,Bambang Siregar,Jakarta Barat,1982-01-22,Laki-Laki,AB,Jl. Hidayat No. 138,001/003,Bintaro,Serpong,Jakarta Barat,DKI Jakarta,KONGHUCU,Cerai Hidup,Wiraswasta,WNI,SEUMUR HIDUP
DKC001360,3276010407691360,Dedi Situmorang,Depok,1969-07-04,Laki-Laki,A,Jl. Susanto No. 6,009/007,Cempaka Putih,Cengkareng,Depok,Jawa Barat,ISLAM,Cerai Hidup,Wiraswasta,WNI,SEUMUR HIDUP
DKC001361,3674011210701361,Dedi Simanjuntak,Tangerang Selatan,1970-10-12,Laki-Laki,A,Jl. Siregar No. 50,012/006,Rawa Bunga,Serpong,Tangerang Selatan,Jawa Barat,HINDU,Menikah,Wiraswasta,WNI,SEUMUR HIDUP
DKC001362,3671010210701362,Yudi Hidayat,Tangerang,1970-10-02,Laki-Laki,O,Jl. Santoso No. 25,004/008,Sukajadi,Kramat Jati,Tangerang,Banten,KATOLIK,Belum Menikah,Wiraswasta,WNI,SEUMUR HIDUP
DKC001363,3671015703891363,Suryani Halim,Tangerang,1989-03-17,Perempuan,AB,Jl. Wibowo No. 79,003/004,Sukamaju,Cengkareng,Tangerang,Banten,ISLAM,Belum Menikah,Wiraswasta,WNI,SEUMUR HIDUP
DKC001364,3173011107701364,Dedi Handoko,Jakarta Barat,1970-07-11,Laki-Laki,AB,Jl. Simanjuntak No. 42,008/004,Bintaro,Cengkareng,Jakarta Barat,DKI Jakarta,ISLAM,Belum Menikah,Wiraswasta,WNI,SEUMUR HIDUP
DKC001365,3671010605841365,Hadi Panjaitan,Tangerang,1984-05-06,Laki-Laki,O,Jl. Siregar No. 6,007/004,Cempaka Putih,Kramat Jati,Tangerang,Banten,KATOLIK,Menikah,Wiraswasta,WNI,SEUMUR HIDUP
DKC001366,3174015412741366,Ratna Firmansyah,Jakarta Selatan,1974-12-14,Perempuan,AB,Jl. Wijaya No. 64,001/002,Sukamaju,Sukmajaya,Jakarta Selatan,DKI Jakarta,KATOLIK,Cerai Mati,Wiraswasta,WNI,SEUMUR HIDUP
DKC001367,3671015407811367,Rita Situmorang,Tangerang,1981-07-14,Perempuan,O,Jl. Susanto No. 17,006/008,Rawa Bunga,Cengkareng,Tangerang,Banten,KATOLIK,Cerai Mati,Wiraswasta,WNI,SEUMUR HIDUP
DKC001368,3275012102711368,Fajar Firmansyah,Bekasi,1971-02-21,Laki-Laki,AB,Jl. Suryadi No. 112,001/002,Sukamaju,Sukmajaya,Bekasi,Jawa Barat,ISLAM,Menikah,Wiraswasta,WNI,SEUMUR HIDUP
DKC001369,3173010511891369,Agus Hidayat,Jakarta Barat,1989-11-05,Laki-Laki,B,Jl. Saputra No. 116,007/005,Sukajadi,Bekasi Timur,Jakarta Barat,DKI Jakarta,KRISTEN,Cerai Mati,Wiraswasta,WNI,SEUMUR HIDUP
DKC001370,3671011006011370,Arif Santoso,Tangerang,2001-06-10,Laki-Laki,AB,Jl. Suryadi No. 28,003/010,Sukamaju,Serpong,Tangerang,Banten,ISLAM,Cerai Hidup,Wiraswasta,WNI,SEUMUR HIDUP
DKC001371,3172012711661371,Hadi Kurniawan,Jakarta Utara,1966-11-27,Laki-Laki,O,Jl. Suryadi No. 27,004/001,Bintaro,Serpong,Jakarta Utara,DKI Jakarta,KRISTEN,Cerai Hidup,Wiraswasta,WNI,SEUMUR HIDUP
DKC001372,3271012701871372,Agus Susanto,Bogor,1987-01-27,Laki-Laki,AB,Jl. Hidayat No. 103,003/002,Kebon Baru,Tebet,Bogor,Jawa Barat,ISLAM,Cerai Mati,Wiraswasta,WNI,SEUMUR HIDUP
DKC001373,3671011601851373,Rudi Rahman,Tangerang,1985-01-16,Laki-Laki,O,Jl. Hutapea No. 110,010/005,Bintaro,Tebet,Tangerang,Banten,KRISTEN,Menikah,Wiraswasta,WNI,SEUMUR HIDUP
DKC001374,3671012403921374,Eko Hidayat,Tangerang,1992-03-24,Laki-Laki,O,Jl. Pratama No. 113,005/007,Cipete,Bekasi Timur,Tangerang,Banten,KRISTEN,Menikah,Wiraswasta,WNI,SEUMUR HIDUP
DKC001375,3671014704021375,Rita Kurniawan,Tangerang,2002-04-07,Perempuan,B,Jl. Hutapea No. 122,001/001,Sukamaju,Cengkareng,Tangerang,Banten,HINDU,Cerai Mati,Wiraswasta,WNI,SEUMUR HIDUP
DKC001376,3275015511981376,Ani Susanto,Bekasi,1998-11-15,Perempuan,A,Jl. Saputra No. 13,008/010,Bintaro,Serpong,Bekasi,Jawa Barat,HINDU,Menikah,Wiraswasta,WNI,SEUMUR HIDUP
DKC001377,3671014804911377,Dewi Santoso,Tangerang,1991-04-08,Perempuan,B,Jl. Rahman No. 142,002/010,Duren Sawit,Sukmajaya,Tangerang,Banten,ISLAM,Cerai Hidup,Wiraswasta,WNI,SEUMUR HIDUP
DKC001378,3175011003001378,Sutrisno Hutapea,Jakarta Timur,2000-03-10,Laki-Laki,B,Jl. Wijaya No. 66,010/010,Sukamaju,Sukmajaya,Jakarta Timur,DKI Jakarta,KATOLIK,Cerai Mati,Wiraswasta,WNI,SEUMUR HIDUP
DKC001379,3671016908931379,Retno Simanjuntak,Tangerang,1993-08-29,Perempuan,B,Jl. Tanjung No. 17,004/008,Bintaro,Serpong,Tangerang,Banten,ISLAM,Cerai Mati,Wiraswasta,WNI,SEUMUR HIDUP
DKC001380,3671017107691380,Nina Rahman,Tangerang,1969-07-31,Perempuan,O,Jl. Wibowo No. 26,003/004,Bintaro,Cengkareng,Tangerang,Banten,ISLAM,Cerai Mati,Wiraswasta,WNI,SEUMUR HIDUP
DKC001381,3171015004021381,Rita Firmansyah,Jakarta Pusat,2002-04-10,Perempuan,B,Jl. Situmorang No. 83,007/003,Kebon Baru,Serpong,Jakarta Pusat,DKI Jakarta,KONGHUCU,Cerai Hidup,Wiraswasta,WNI,SEUMUR HIDUP
DKC001382,3174010112961382,Iwan Suryadi,Jakarta Selatan,1996-12-01,Laki-Laki,AB,Jl. Pratama No. 111,011/003,Sukamaju,Kramat Jati,Jakarta Selatan,DKI Jakarta,HINDU,Menikah,Wiraswasta,WNI,SEUMUR HIDUP
DKC001383,3174016912681383,Kartika Rahman,Jakarta Selatan,1968-12-29,Perempuan,O,Jl. Wijaya No. 41,011/001,Duren Sawit,Tebet,Jakarta Selatan,DKI Jakarta,BUDDHA,Menikah,Wiraswasta,WNI,SEUMUR HIDUP
DKC001384,3671013007711384,Rudi Lubis,Tangerang,1971-07-30,Laki-Laki,A,Jl. Kurniawan No. 114,001/009,Duren Sawit,Serpong,Tangerang,Banten,BUDDHA,Menikah,Wiraswasta,WNI,SEUMUR HIDUP
DKC001385,3271010201891385,Arif Wibowo,Bogor,1989-01-02,Laki-Laki,B,Jl. Pratama No. 31,008/006,Kebon Baru,Sukmajaya,Bogor,Jawa Barat,HINDU,Cerai Hidup,Wiraswasta,WNI,SEUMUR HIDUP
DKC001386,3671014910671386,Suryani Santoso,Tangerang,1967-10-09,Perempuan,A,Jl. Firmansyah No. 139,001/007,Bintaro,Cengkareng,Tangerang,Banten,HINDU,Menikah,Wiraswasta,WNI,SEUMUR HIDUP
DKC001387,3275010906781387,Fauzi Hidayat,Bekasi,1978-06-09,Laki-Laki,O,Jl. Kurniawan No. 22,003/009,Bintaro,Serpong,Bekasi,Jawa Barat,BUDDHA,Cerai Hidup,Wiraswasta,WNI,SEUMUR HIDUP
DKC001388,3276011410851388,Iwan Lubis,Depok,1985-10-14,Laki-Laki,O,Jl. Siregar No. 123,011/001,Duren Sawit,Tebet,Depok,Jawa Barat,BUDDHA,Cerai Hidup,Wiraswasta,WNI,SEUMUR HIDUP
DKC001389,3275011106001389,Anton Saputra,Bekasi,2000-06-11,Laki-Laki,O,Jl. Saputra No. 91,007/001,Bintaro,Sukmajaya,Bekasi,Jawa Barat,KONGHUCU,Belum Menikah,Wiraswasta,WNI,SEUMUR HIDUP
DKC001390,3671011412791390,Ahmad Susanto,Tangerang,1979-12-14,Laki-Laki,O,Jl. Halim No. 28,008/010,Cipete,Kramat Jati,Tangerang,Banten,KATOLIK,Menikah,Wiraswasta,WNI,SEUMUR HIDUP
DKC001391,3674016003821391,Lina Tanjung,Tangerang Selatan,1982-03-20,Perempuan,B,Jl. Panjaitan No. 68,010/007,Sukamaju,Cengkareng,Tangerang Selatan,Jawa Barat,HINDU,Cerai Hidup,Wiraswasta,WNI,SEUMUR HIDUP
DKC001392,3171012702901392,Andi Suryadi,Jakarta Pusat,1990-02-27,Laki-Laki,AB,Jl. Saputra No. 99,003/003,Rawa Bunga,Sukmajaya,Jakarta Pusat,DKI Jakarta,KRISTEN,Cerai Mati,Wiraswasta,WNI,SEUMUR HIDUP
DKC001393,3174015807871393,Dian Rahman,Jakarta Selatan,1987-07-18,Perempuan,B,Jl. Firmansyah No. 137,007/009,Kebon Baru,Sukmajaya,Jakarta Selatan,DKI Jakarta,ISLAM,Cerai Mati,Wiraswasta,WNI,SEUMUR HIDUP
DKC001394,3276011010981394,Wahyu Wibowo,Depok,1998-10-10,Laki-Laki,O,Jl. Simanjuntak No. 148,002/007,Sukamaju,Sukmajaya,Depok,Jawa Barat,ISLAM,Menikah,Wiraswasta,WNI,SEUMUR HIDUP
DKC001395,3172015112981395,Rina Hidayat,Jakarta Utara,1998-12-11,Perempuan,B,Jl. Halim No. 42,004/007,Sukajadi,Kramat Jati,Jakarta Utara,DKI Jakarta,KRISTEN,Cerai Mati,Wiraswasta,WNI,SEUMUR HIDUP
DKC001396,3276016602761396,Melati Santoso,Depok,1976-02-26,Perempuan,A,Jl. Firmansyah No. 83,009/009,Sukajadi,Bekasi Timur,Depok,Jawa Barat,KATOLIK,Menikah,Wiraswasta,WNI,SEUMUR HIDUP
DKC001397,3674012806711397,Rudi Firmansyah,Tangerang Selatan,1971-06-28,Laki-Laki,AB,Jl. Saputra No. 25,007/006,Sukamaju,Kramat Jati,Tangerang Selatan,Jawa Barat,KONGHUCU,Cerai Hidup,Wiraswasta,WNI,SEUMUR HIDUP
DKC001398,3674016911021398,Siti Siregar,Tangerang Selatan,2002-11-29,Perempuan,A,Jl. Handoko No. 124,012/002,Cempaka Putih,Serpong,Tangerang Selatan,Jawa Barat,KATOLIK,Menikah,Wiraswasta,WNI,SEUMUR HIDUP
DKC001399,3276010705691399,Irfan Wibowo,Depok,1969-05-07,Laki-Laki,AB,Jl. Kurniawan No. 114,005/007,Sukajadi,Kramat Jati,Depok,Jawa Barat,KATOLIK,Belum Menikah,Wiraswasta,WNI,SEUMUR HIDUP
DKC001400,3674016708921400,Sari Wibowo,Tangerang Selatan,1992-08-27,Perempuan,B,Jl. Hutapea No. 149,007/010,Bintaro,Cengkareng,Tangerang Selatan,Jawa Barat,BUDDHA,Cerai Mati,Wiraswasta,WNI,SEUMUR HIDUP
DKC001401,3271016405911401,Lina Kurniawan,Bogor,1991-05-24,Perempuan,AB,Jl. Gunawan No. 13,002/002,Cempaka Putih,Serpong,Bogor,Jawa Barat,BUDDHA,Belum Menikah,Wiraswasta,WNI,SEUMUR HIDUP
DKC001402,3271012001761402,Irfan Lubis,Bogor,1976-01-20,Laki-Laki,O,Jl. Hutapea No. 12,006/002,Sukajadi,Bekasi Timur,Bogor,Jawa Barat,ISLAM,Cerai Mati,Wiraswasta,WNI,SEUMUR HIDUP
DKC001403,3671011704741403,Fajar Simanjuntak,Tangerang,1974-04-17,Laki-Laki,O,Jl. Gunawan No. 64,007/003,Sukajadi,Sukmajaya,Tangerang,Banten,BUDDHA,Cerai Hidup,Wiraswasta,WNI,SEUMUR HIDUP
DKC001404,3173015210861404,Maya Simanjuntak,Jakarta Barat,1986-10-12,Perempuan,A,Jl. Wijaya No. 7,010/010,Duren Sawit,Kramat Jati,Jakarta Barat,DKI Jakarta,KATOLIK,Cerai Hidup,Wiraswasta,WNI,SEUMUR HIDUP
DKC001405,3674011208951405,Agus Susanto,Tangerang Selatan,1995-08-12,Laki-Laki,AB,Jl. Panjaitan No. 143,010/007,Cipete,Bekasi Timur,Tangerang Selatan,Jawa Barat,HINDU,Menikah,Wiraswasta,WNI,SEUMUR HIDUP
DKC001406,3276016408651406,Retno Permana,Depok,1965-08-24,Perempuan,AB,Jl. Gunawan No. 109,006/008,Bintaro,Cengkareng,Depok,Jawa Barat,BUDDHA,Menikah,Wiraswasta,WNI,SEUMUR HIDUP
DKC001407,3276015708731407,Retno Susanto,Depok,1973-08-17,Perempuan,A,Jl. Permana No. 34,004/006,Duren Sawit,Bekasi Timur,Depok,Jawa Barat,HINDU,Belum Menikah,Wiraswasta,WNI,SEUMUR HIDUP
DKC001408,3271010706671408,Doni Permana,Bogor,1967-06-07,Laki-Laki,A,Jl. Wibowo No. 86,010/010,Rawa Bunga,Kramat Jati,Bogor,Jawa Barat,ISLAM,Menikah,Wiraswasta,WNI,SEUMUR HIDUP
DKC001409,3171016910711409,Sri Pratama,Jakarta Pusat,1971-10-29,Perempuan,AB,Jl. Pratama No. 116,007/008,Bintaro,Cengkareng,Jakarta Pusat,DKI Jakarta,HINDU,Belum Menikah,Wiraswasta,WNI,SEUMUR HIDUP
DKC001410,3275016608691410,Nina Kurniawan,Bekasi,1969-08-26,Perempuan,A,Jl. Pratama No. 72,012/002,Sukajadi,Cengkareng,Bekasi,Jawa Barat,BUDDHA,Cerai Hidup,Wiraswasta,WNI,SEUMUR HIDUP
DKC001411,3671015111691411,Dewi Santoso,Tangerang,1969-11-11,Perempuan,O,Jl. Siregar No. 133,007/008,Bintaro,Sukmajaya,Tangerang,Banten,KRISTEN,Belum Menikah,Wiraswasta,WNI,SEUMUR HIDUP
DKC001412,3671010212841412,Hendra Siregar,Tangerang,1984-12-02,Laki-Laki,A,Jl. Firmansyah No. 115,003/007,Duren Sawit,Kramat Jati,Tangerang,Banten,KONGHUCU,Cerai Mati,Wiraswasta,WNI,SEUMUR HIDUP
DKC001413,3171012705671413,Dedi Panjaitan,Jakarta Pusat,1967-05-27,Laki-Laki,B,Jl. Kusuma No. 65,004/008,Rawa Bunga,Kramat Jati,Jakarta Pusat,DKI Jakarta,HINDU,Cerai Hidup,Wiraswasta,WNI,SEUMUR HIDUP
DKC001414,3671014909851414,Anggi Situmorang,Tangerang,1985-09-09,Perempuan,AB,Jl. Tanjung No. 44,006/005,Cempaka Putih,Cengkareng,Tangerang,Banten,KRISTEN,Menikah,Wiraswasta,WNI,SEUMUR HIDUP
DKC001415,3271013009001415,Dimas Gunawan,Bogor,2000-09-30,Laki-Laki,AB,Jl. Wijaya No. 9,011/007,Duren Sawit,Cengkareng,Bogor,Jawa Barat,KONGHUCU,Cerai Hidup,Wiraswasta,WNI,SEUMUR HIDUP
DKC001416,3276017010731416,Sari Suryadi,Depok,1973-10-30,Perempuan,A,Jl. Saputra No. 36,004/003,Bintaro,Cengkareng,Depok,Jawa Barat,BUDDHA,Cerai Mati,Wiraswasta,WNI,SEUMUR HIDUP
DKC001417,3276012411751417,Hadi Suryadi,Depok,1975-11-24,Laki-Laki,AB,Jl. Tanjung No. 43,008/003,Sukamaju,Kramat Jati,Depok,Jawa Barat,BUDDHA,Cerai Mati,Wiraswasta,WNI,SEUMUR HIDUP
DKC001418,3271011401971418,Fauzi Kurniawan,Bogor,1997-01-14,Laki-Laki,A,Jl. Tanjung No. 139,001/002,Cipete,Kramat Jati,Bogor,Jawa Barat,ISLAM,Cerai Hidup,Wiraswasta,WNI,SEUMUR HIDUP
DKC001419,3174014605821419,Lina Tanjung,Jakarta Selatan,1982-05-06,Perempuan,B,Jl. Gunawan No. 140,009/003,Duren Sawit,Sukmajaya,Jakarta Selatan,DKI Jakarta,KRISTEN,Cerai Hidup,Wiraswasta,WNI,SEUMUR HIDUP
DKC001420,3174012506031420,Bayu Susanto,Jakarta Selatan,2003-06-25,Laki-Laki,A,Jl. Kusuma No. 18,012/007,Bintaro,Bekasi Timur,Jakarta Selatan,DKI Jakarta,BUDDHA,Cerai Hidup,Wiraswasta,WNI,SEUMUR HIDUP
DKC001421,3276010507771421,Fauzi Permana,Depok,1977-07-05,Laki-Laki,AB,Jl. Firmansyah No. 93,005/005,Cipete,Tebet,Depok,Jawa Barat,BUDDHA,Belum Menikah,Wiraswasta,WNI,SEUMUR HIDUP
DKC001422,3276015503851422,Lina Kurniawan,Depok,1985-03-15,Perempuan,A,Jl. Santoso No. 83,004/010,Sukajadi,Kramat Jati,Depok,Jawa Barat,BUDDHA,Cerai Mati,Wiraswasta,WNI,SEUMUR HIDUP
DKC001423,3671016301011423,Anggi Rahman,Tangerang,2001-01-23,Perempuan,O,Jl. Siregar No. 136,009/003,Sukamaju,Cengkareng,Tangerang,Banten,KATOLIK,Cerai Mati,Wiraswasta,WNI,SEUMUR HIDUP
DKC001424,3175010209021424,Fauzi Handoko,Jakarta Timur,2002-09-02,Laki-Laki,O,Jl. Lubis No. 36,005/007,Kebon Baru,Tebet,Jakarta Timur,DKI Jakarta,ISLAM,Cerai Mati,Wiraswasta,WNI,SEUMUR HIDUP
DKC001425,3171016204021425,Sri Firmansyah,Jakarta Pusat,2002-04-22,Perempuan,B,Jl. Siregar No. 116,003/009,Kebon Baru,Kramat Jati,Jakarta Pusat,DKI Jakarta,BUDDHA,Menikah,Wiraswasta,WNI,SEUMUR HIDUP
DKC001426,3671010805661426,Rizky Tanjung,Tangerang,1966-05-08,Laki-Laki,O,Jl. Pratama No. 146,004/003,Sukamaju,Serpong,Tangerang,Banten,BUDDHA,Belum Menikah,Wiraswasta,WNI,SEUMUR HIDUP
DKC001427,3174010209651427,Dedi Saputra,Jakarta Selatan,1965-09-02,Laki-Laki,B,Jl. Nugroho No. 45,001/001,Sukajadi,Serpong,Jakarta Selatan,DKI Jakarta,BUDDHA,Cerai Mati,Wiraswasta,WNI,SEUMUR HIDUP
DKC001428,3174014405661428,Ika Wibowo,Jakarta Selatan,1966-05-04,Perempuan,O,Jl. Hutapea No. 99,002/001,Sukajadi,Cengkareng,Jakarta Selatan,DKI Jakarta,KRISTEN,Cerai Hidup,Wiraswasta,WNI,SEUMUR HIDUP
DKC001429,3275014207971429,Retno Kurniawan,Bekasi,1997-07-02,Perempuan,B,Jl. Rahman No. 75,006/004,Sukajadi,Sukmajaya,Bekasi,Jawa Barat,BUDDHA,Menikah,Wiraswasta,WNI,SEUMUR HIDUP
DKC001430,3671017009731430,Indah Permana,Tangerang,1973-09-30,Perempuan,AB,Jl. Susanto No. 105,010/006,Sukajadi,Tebet,Tangerang,Banten,ISLAM,Belum Menikah,Wiraswasta,WNI,SEUMUR HIDUP
DKC001431,3276012702651431,Hadi Situmorang,Depok,1965-02-27,Laki-Laki,AB,Jl. Firmansyah No. 85,012/010,Cipete,Bekasi Timur,Depok,Jawa Barat,ISLAM,Cerai Hidup,Wiraswasta,WNI,SEUMUR HIDUP
DKC001432,3173010106841432,Bayu Hutapea,Jakarta Barat,1984-06-01,Laki-Laki,O,Jl. Permana No. 69,002/002,Sukamaju,Serpong,Jakarta Barat,DKI Jakarta,HINDU,Cerai Hidup,Wiraswasta,WNI,SEUMUR HIDUP
DKC001433,3671014108961433,Anggi Kurniawan,Tangerang,1996-08-01,Perempuan,B,Jl. Susanto No. 1,008/009,Rawa Bunga,Tebet,Tangerang,Banten,HINDU,Cerai Hidup,Wiraswasta,WNI,SEUMUR HIDUP
DKC001434,3671016306811434,Dewi Kusuma,Tangerang,1981-06-23,Perempuan,B,Jl. Permana No. 108,009/004,Duren Sawit,Sukmajaya,Tangerang,Banten,KRISTEN,Cerai Mati,Wiraswasta,WNI,SEUMUR HIDUP
DKC001435,3671015703001435,Sri Wibowo,Tangerang,2000-03-17,Perempuan,A,Jl. Kusuma No. 60,009/007,Sukajadi,Bekasi Timur,Tangerang,Banten,BUDDHA,Cerai Mati,Wiraswasta,WNI,SEUMUR HIDUP
DKC001436,3674010702731436,Rudi Santoso,Tangerang Selatan,1973-02-07,Laki-Laki,AB,Jl. Suryadi No. 20,010/008,Cipete,Tebet,Tangerang Selatan,Jawa Barat,KONGHUCU,Belum Menikah,Wiraswasta,WNI,SEUMUR HIDUP
DKC001437,3173012106961437,Budi Kurniawan,Jakarta Barat,1996-06-21,Laki-Laki,AB,Jl. Suryadi No. 134,010/009,Cempaka Putih,Bekasi Timur,Jakarta Barat,DKI Jakarta,ISLAM,Cerai Hidup,Wiraswasta,WNI,SEUMUR HIDUP
DKC001438,3671013103711438,Arif Santoso,Tangerang,1971-03-31,Laki-Laki,A,Jl. Suryadi No. 93,006/009,Rawa Bunga,Tebet,Tangerang,Banten,HINDU,Cerai Mati,Wiraswasta,WNI,SEUMUR HIDUP
DKC001439,3171016611861439,Lestari Hutapea,Jakarta Pusat,1986-11-26,Perempuan,AB,Jl. Wibowo No. 48,002/002,Cempaka Putih,Cengkareng,Jakarta Pusat,DKI Jakarta,ISLAM,Cerai Mati,Wiraswasta,WNI,SEUMUR HIDUP
DKC001440,3171012804711440,Joko Firmansyah,Jakarta Pusat,1971-04-28,Laki-Laki,O,Jl. Gunawan No. 132,010/002,Bintaro,Tebet,Jakarta Pusat,DKI Jakarta,KONGHUCU,Cerai Hidup,Wiraswasta,WNI,SEUMUR HIDUP
DKC001441,3172015907801441,Indah Setiawan,Jakarta Utara,1980-07-19,Perempuan,AB,Jl. Halim No. 125,001/006,Cipete,Sukmajaya,Jakarta Utara,DKI Jakarta,KRISTEN,Menikah,Wiraswasta,WNI,SEUMUR HIDUP
DKC001442,3275011111961442,Dedi Halim,Bekasi,1996-11-11,Laki-Laki,A,Jl. Panjaitan No. 13,002/007,Kebon Baru,Serpong,Bekasi,Jawa Barat,KATOLIK,Cerai Mati,Wiraswasta,WNI,SEUMUR HIDUP
DKC001443,3171015002021443,Dewi Suryadi,Jakarta Pusat,2002-02-10,Perempuan,B,Jl. Firmansyah No. 121,003/009,Cempaka Putih,Sukmajaya,Jakarta Pusat,DKI Jakarta,BUDDHA,Cerai Hidup,Wiraswasta,WNI,SEUMUR HIDUP
DKC001444,3173014205881444,Siti Wijaya,Jakarta Barat,1988-05-02,Perempuan,B,Jl. Pratama No. 68,012/008,Kebon Baru,Tebet,Jakarta Barat,DKI Jakarta,KRISTEN,Cerai Mati,Wiraswasta,WNI,SEUMUR HIDUP
DKC001445,3275010708861445,Slamet Rahman,Bekasi,1986-08-07,Laki-Laki,A,Jl. Wijaya No. 90,009/001,Sukajadi,Tebet,Bekasi,Jawa Barat,BUDDHA,Cerai Hidup,Wiraswasta,WNI,SEUMUR HIDUP
DKC001446,3275011308011446,Iwan Pratama,Bekasi,2001-08-13,Laki-Laki,A,Jl. Gunawan No. 48,007/002,Sukamaju,Serpong,Bekasi,Jawa Barat,KATOLIK,Belum Menikah,Wiraswasta,WNI,SEUMUR HIDUP
DKC001447,3171016012661447,Dewi Siregar,Jakarta Pusat,1966-12-20,Perempuan,A,Jl. Suryadi No. 19,007/010,Rawa Bunga,Serpong,Jakarta Pusat,DKI Jakarta,ISLAM,Menikah,Wiraswasta,WNI,SEUMUR HIDUP
DKC001448,3671015408871448,Indah Hutapea,Tangerang,1987-08-14,Perempuan,AB,Jl. Rahman No. 84,012/005,Kebon Baru,Serpong,Tangerang,Banten,KRISTEN,Cerai Mati,Wiraswasta,WNI,SEUMUR HIDUP
DKC001449,3671015906031449,Rita Rahman,Tangerang,2003-06-19,Perempuan,O,Jl. Halim No. 34,010/005,Duren Sawit,Bekasi Timur,Tangerang,Banten,ISLAM,Cerai Mati,Wiraswasta,WNI,SEUMUR HIDUP
DKC001450,3671010904861450,Iwan Panjaitan,Tangerang,1986-04-09,Laki-Laki,B,Jl. Susanto No. 138,002/004,Sukajadi,Tebet,Tangerang,Banten,KATOLIK,Cerai Hidup,Wiraswasta,WNI,SEUMUR HIDUP
DKC001451,3671011312741451,Dedi Halim,Tangerang,1974-12-13,Laki-Laki,B,Jl. Kurniawan No. 120,005/004,Rawa Bunga,Bekasi Timur,Tangerang,Banten,KATOLIK,Belum Menikah,Wiraswasta,WNI,SEUMUR HIDUP
DKC001452,3275015303831452,Anggi Setiawan,Bekasi,1983-03-13,Perempuan,AB,Jl. Rahman No. 112,001/007,Bintaro,Kramat Jati,Bekasi,Jawa Barat,BUDDHA,Belum Menikah,Wiraswasta,WNI,SEUMUR HIDUP
DKC001453,3671015807891453,Melati Susanto,Tangerang,1989-07-18,Perempuan,AB,Jl. Pratama No. 82,004/007,Duren Sawit,Bekasi Timur,Tangerang,Banten,KRISTEN,Menikah,Wiraswasta,WNI,SEUMUR HIDUP
DKC001454,3674017105771454,Ratna Wijaya,Tangerang Selatan,1977-05-31,Perempuan,A,Jl. Wibowo No. 93,008/010,Rawa Bunga,Cengkareng,Tangerang Selatan,Jawa Barat,ISLAM,Cerai Hidup,Wiraswasta,WNI,SEUMUR HIDUP
DKC001455,3671015609971455,Sri Hidayat,Tangerang,1997-09-16,Perempuan,A,Jl. Simanjuntak No. 9,009/006,Rawa Bunga,Tebet,Tangerang,Banten,ISLAM,Cerai Mati,Wiraswasta,WNI,SEUMUR HIDUP
DKC001456,3671016406751456,Desi Santoso,Tangerang,1975-06-24,Perempuan,A,Jl. Kurniawan No. 26,008/009,Cipete,Tebet,Tangerang,Banten,BUDDHA,Menikah,Wiraswasta,WNI,SEUMUR HIDUP
DKC001457,3671010508951457,Eko Susanto,Tangerang,1995-08-05,Laki-Laki,O,Jl. Wijaya No. 46,003/001,Cipete,Serpong,Tangerang,Banten,BUDDHA,Cerai Hidup,Wiraswasta,WNI,SEUMUR HIDUP
DKC001458,3671011508951458,Eko Firmansyah,Tangerang,1995-08-15,Laki-Laki,B,Jl. Santoso No. 22,011/003,Cempaka Putih,Bekasi Timur,Tangerang,Banten,KATOLIK,Cerai Hidup,Wiraswasta,WNI,SEUMUR HIDUP
DKC001459,3275011707681459,Budi Pratama,Bekasi,1968-07-17,Laki-Laki,AB,Jl. Saputra No. 87,004/003,Rawa Bunga,Serpong,Bekasi,Jawa Barat,KONGHUCU,Cerai Hidup,Wiraswasta,WNI,SEUMUR HIDUP
DKC001460,3275016608841460,Sari Simanjuntak,Bekasi,1984-08-26,Perempuan,AB,Jl. Wijaya No. 127,002/008,Kebon Baru,Kramat Jati,Bekasi,Jawa Barat,HINDU,Menikah,Wiraswasta,WNI,SEUMUR HIDUP
DKC001461,3671015911931461,Lina Panjaitan,Tangerang,1993-11-19,Perempuan,A,Jl. Nugroho No. 17,001/001,Cipete,Cengkareng,Tangerang,Banten,KONGHUCU,Belum Menikah,Wiraswasta,WNI,SEUMUR HIDUP
DKC001462,3171015512951462,Tri Panjaitan,Jakarta Pusat,1995-12-15,Perempuan,A,Jl. Santoso No. 72,006/003,Sukamaju,Kramat Jati,Jakarta Pusat,DKI Jakarta,HINDU,Menikah,Wiraswasta,WNI,SEUMUR HIDUP
DKC001463,3671015302931463,Rina Kurniawan,Tangerang,1993-02-13,Perempuan,A,Jl. Nugroho No. 87,010/010,Cempaka Putih,Sukmajaya,Tangerang,Banten,KATOLIK,Cerai Hidup,Wiraswasta,WNI,SEUMUR HIDUP
DKC001464,3671012907711464,Krisna Halim,Tangerang,1971-07-29,Laki-Laki,A,Jl. Halim No. 100,002/001,Sukamaju,Bekasi Timur,Tangerang,Banten,HINDU,Menikah,Wiraswasta,WNI,SEUMUR HIDUP
DKC001465,3275012204681465,Slamet Siregar,Bekasi,1968-04-22,Laki-Laki,O,Jl. Hutapea No. 113,008/005,Sukamaju,Serpong,Bekasi,Jawa Barat,KRISTEN,Cerai Mati,Wiraswasta,WNI,SEUMUR HIDUP
DKC001466,3171015509941466,Lina Lubis,Jakarta Pusat,1994-09-15,Perempuan,B,Jl. Siregar No. 74,005/010,Rawa Bunga,Kramat Jati,Jakarta Pusat,DKI Jakarta,ISLAM,Menikah,Wiraswasta,WNI,SEUMUR HIDUP
DKC001467,3276016912791467,Wati Suryadi,Depok,1979-12-29,Perempuan,AB,Jl. Santoso No. 56,003/006,Sukamaju,Tebet,Depok,Jawa Barat,HINDU,Belum Menikah,Wiraswasta,WNI,SEUMUR HIDUP
DKC001468,3173016803731468,Ratna Firmansyah,Jakarta Barat,1973-03-28,Perempuan,AB,Jl. Saputra No. 118,009/005,Cempaka Putih,Sukmajaya,Jakarta Barat,DKI Jakarta,ISLAM,Belum Menikah,Wiraswasta,WNI,SEUMUR HIDUP
DKC001469,3271012605031469,Fajar Nugroho,Bogor,2003-05-26,Laki-Laki,A,Jl. Kurniawan No. 4,012/001,Sukamaju,Serpong,Bogor,Jawa Barat,HINDU,Menikah,Wiraswasta,WNI,SEUMUR HIDUP
DKC001470,3671016411871470,Fitri Santoso,Tangerang,1987-11-24,Perempuan,AB,Jl. Nugroho No. 4,003/002,Sukajadi,Bekasi Timur,Tangerang,Banten,HINDU,Cerai Mati,Wiraswasta,WNI,SEUMUR HIDUP
DKC001471,3671011908771471,Yudi Setiawan,Tangerang,1977-08-19,Laki-Laki,AB,Jl. Suryadi No. 86,010/009,Bintaro,Cengkareng,Tangerang,Banten,BUDDHA,Belum Menikah,Wiraswasta,WNI,SEUMUR HIDUP
DKC001472,3671012512781472,Hendra Siregar,Tangerang,1978-12-25,Laki-Laki,B,Jl. Wibowo No. 12,004/004,Cipete,Serpong,Tangerang,Banten,KRISTEN,Menikah,Wiraswasta,WNI,SEUMUR HIDUP
DKC001473,3276012706681473,Hadi Halim,Depok,1968-06-27,Laki-Laki,AB,Jl. Suryadi No. 119,001/010,Cempaka Putih,Tebet,Depok,Jawa Barat,HINDU,Menikah,Wiraswasta,WNI,SEUMUR HIDUP
DKC001474,3171010601971474,Yudi Halim,Jakarta Pusat,1997-01-06,Laki-Laki,A,Jl. Pratama No. 49,007/003,Sukajadi,Serpong,Jakarta Pusat,DKI Jakarta,BUDDHA,Belum Menikah,Wiraswasta,WNI,SEUMUR HIDUP
DKC001475,3172011209901475,Rudi Kusuma,Jakarta Utara,1990-09-12,Laki-Laki,O,Jl. Panjaitan No. 2,011/006,Sukajadi,Bekasi Timur,Jakarta Utara,DKI Jakarta,ISLAM,Menikah,Wiraswasta,WNI,SEUMUR HIDUP
DKC001476,3271014709891476,Yuni Rahman,Bogor,1989-09-07,Perempuan,A,Jl. Panjaitan No. 81,010/008,Bintaro,Kramat Jati,Bogor,Jawa Barat,KONGHUCU,Menikah,Wiraswasta,WNI,SEUMUR HIDUP
DKC001477,3174017008981477,Dian Kusuma,Jakarta Selatan,1998-08-30,Perempuan,AB,Jl. Nugroho No. 123,009/010,Kebon Baru,Tebet,Jakarta Selatan,DKI Jakarta,BUDDHA,Cerai Mati,Wiraswasta,WNI,SEUMUR HIDUP
DKC001478,3276011901011478,Dimas Siregar,Depok,2001-01-19,Laki-Laki,AB,Jl. Gunawan No. 80,001/002,Cempaka Putih,Kramat Jati,Depok,Jawa Barat,KONGHUCU,Cerai Mati,Wiraswasta,WNI,SEUMUR HIDUP
DKC001479,3172010408741479,Budi Wijaya,Jakarta Utara,1974-08-04,Laki-Laki,AB,Jl. Rahman No. 33,011/004,Cempaka Putih,Serpong,Jakarta Utara,DKI Jakarta,KRISTEN,Menikah,Wiraswasta,WNI,SEUMUR HIDUP
DKC001480,3674014407771480,Rina Firmansyah,Tangerang Selatan,1977-07-04,Perempuan,B,Jl. Panjaitan No. 34,012/009,Sukajadi,Tebet,Tangerang Selatan,Jawa Barat,HINDU,Cerai Hidup,Wiraswasta,WNI,SEUMUR HIDUP
DKC001481,3671010201981481,Anton Santoso,Tangerang,1998-01-02,Laki-Laki,A,Jl. Setiawan No. 10,011/004,Sukamaju,Cengkareng,Tangerang,Banten,KONGHUCU,Belum Menikah,Wiraswasta,WNI,SEUMUR HIDUP
DKC001482,3173010505871482,Irfan Setiawan,Jakarta Barat,1987-05-05,Laki-Laki,AB,Jl. Setiawan No. 27,004/006,Kebon Baru,Tebet,Jakarta Barat,DKI Jakarta,KRISTEN,Menikah,Wiraswasta,WNI,SEUMUR HIDUP
DKC001483,3271014410821483,Ratna Wijaya,Bogor,1982-10-04,Perempuan,B,Jl. Santoso No. 15,006/010,Kebon Baru,Bekasi Timur,Bogor,Jawa Barat,HINDU,Cerai Mati,Wiraswasta,WNI,SEUMUR HIDUP
DKC001484,3172014602891484,Putri Siregar,Jakarta Utara,1989-02-06,Perempuan,B,Jl. Setiawan No. 19,011/001,Cempaka Putih,Sukmajaya,Jakarta Utara,DKI Jakarta,ISLAM,Cerai Mati,Wiraswasta,WNI,SEUMUR HIDUP
DKC001485,3275011008031485,Ahmad Susanto,Bekasi,2003-08-10,Laki-Laki,B,Jl. Siregar No. 136,004/002,Sukamaju,Cengkareng,Bekasi,Jawa Barat,KRISTEN,Cerai Hidup,Wiraswasta,WNI,SEUMUR HIDUP
DKC001486,3276010810711486,Iwan Wibowo,Depok,1971-10-08,Laki-Laki,A,Jl. Hidayat No. 31,007/008,Sukamaju,Sukmajaya,Depok,Jawa Barat,ISLAM,Cerai Hidup,Wiraswasta,WNI,SEUMUR HIDUP
DKC001487,3674016808851487,Dian Halim,Tangerang Selatan,1985-08-28,Perempuan,A,Jl. Wibowo No. 60,012/007,Cempaka Putih,Tebet,Tangerang Selatan,Jawa Barat,BUDDHA,Cerai Mati,Wiraswasta,WNI,SEUMUR HIDUP
DKC001488,3271014812991488,Maya Wijaya,Bogor,1999-12-08,Perempuan,AB,Jl. Susanto No. 10,008/007,Cipete,Kramat Jati,Bogor,Jawa Barat,KONGHUCU,Cerai Hidup,Wiraswasta,WNI,SEUMUR HIDUP
DKC001489,3671010306801489,Anton Nugroho,Tangerang,1980-06-03,Laki-Laki,A,Jl. Susanto No. 97,003/008,Kebon Baru,Kramat Jati,Tangerang,Banten,KRISTEN,Cerai Mati,Wiraswasta,WNI,SEUMUR HIDUP
DKC001490,3175010408711490,Joko Saputra,Jakarta Timur,1971-08-04,Laki-Laki,AB,Jl. Hidayat No. 106,011/003,Rawa Bunga,Serpong,Jakarta Timur,DKI Jakarta,BUDDHA,Cerai Hidup,Wiraswasta,WNI,SEUMUR HIDUP
DKC001491,3172015902031491,Yanti Setiawan,Jakarta Utara,2003-02-19,Perempuan,A,Jl. Rahman No. 127,010/010,Sukajadi,Serpong,Jakarta Utara,DKI Jakarta,BUDDHA,Cerai Mati,Wiraswasta,WNI,SEUMUR HIDUP
DKC001492,3671012410011492,Gunawan Nugroho,Tangerang,2001-10-24,Laki-Laki,A,Jl. Lubis No. 147,011/007,Duren Sawit,Kramat Jati,Tangerang,Banten,KRISTEN,Cerai Hidup,Wiraswasta,WNI,SEUMUR HIDUP
DKC001493,3671010409851493,Bayu Setiawan,Tangerang,1985-09-04,Laki-Laki,B,Jl. Halim No. 15,006/009,Kebon Baru,Kramat Jati,Tangerang,Banten,KRISTEN,Cerai Hidup,Wiraswasta,WNI,SEUMUR HIDUP
DKC001494,3671012406681494,Fauzi Wijaya,Tangerang,1968-06-24,Laki-Laki,A,Jl. Hutapea No. 94,011/009,Bintaro,Bekasi Timur,Tangerang,Banten,ISLAM,Cerai Hidup,Wiraswasta,WNI,SEUMUR HIDUP
DKC001495,3671015212951495,Maya Suryadi,Tangerang,1995-12-12,Perempuan,AB,Jl. Handoko No. 85,008/007,Duren Sawit,Serpong,Tangerang,Banten,KONGHUCU,Cerai Hidup,Wiraswasta,WNI,SEUMUR HIDUP
DKC001496,3271012504901496,Rudi Nugroho,Bogor,1990-04-25,Laki-Laki,O,Jl. Firmansyah No. 101,007/010,Cipete,Tebet,Bogor,Jawa Barat,HINDU,Belum Menikah,Wiraswasta,WNI,SEUMUR HIDUP
DKC001497,3175016310771497,Wulan Kurniawan,Jakarta Timur,1977-10-23,Perempuan,AB,Jl. Santoso No. 138,012/001,Rawa Bunga,Sukmajaya,Jakarta Timur,DKI Jakarta,KATOLIK,Menikah,Wiraswasta,WNI,SEUMUR HIDUP
DKC001498,3276017006791498,Sri Situmorang,Depok,1979-06-30,Perempuan,AB,Jl. Siregar No. 98,007/005,Bintaro,Kramat Jati,Depok,Jawa Barat,ISLAM,Belum Menikah,Wiraswasta,WNI,SEUMUR HIDUP
DKC001499,3171010407811499,Hadi Firmansyah,Jakarta Pusat,1981-07-04,Laki-Laki,A,Jl. Firmansyah No. 47,007/002,Duren Sawit,Tebet,Jakarta Pusat,DKI Jakarta,KONGHUCU,Cerai Hidup,Wiraswasta,WNI,SEUMUR HIDUP
DKC001500,3275010307781500,Fajar Pratama,Bekasi,1978-07-03,Laki-Laki,AB,Jl. Susanto No. 55,012/001,Bintaro,Sukmajaya,Bekasi,Jawa Barat,HINDU,Belum Menikah,Wiraswasta,WNI,SEUMUR HIDUP
DKC001501,3671014705661501,Fitri Saputra,Tangerang,1966-05-07,Perempuan,A,Jl. Handoko No. 136,006/003,Cempaka Putih,Tebet,Tangerang,Banten,ISLAM,Cerai Hidup,Wiraswasta,WNI,SEUMUR HIDUP
DKC001502,3271014701721502,Rina Rahman,Bogor,1972-01-07,Perempuan,B,Jl. Halim No. 72,012/003,Cipete,Sukmajaya,Bogor,Jawa Barat,HINDU,Cerai Hidup,Wiraswasta,WNI,SEUMUR HIDUP
DKC001503,3671014803671503,Anggi Lubis,Tangerang,1967-03-08,Perempuan,A,Jl. Handoko No. 50,011/003,Sukamaju,Serpong,Tangerang,Banten,BUDDHA,Cerai Mati,Wiraswasta,WNI,SEUMUR HIDUP
DKC001504,3171015312841504,Melati Panjaitan,Jakarta Pusat,1984-12-13,Perempuan,O,Jl. Suryadi No. 34,010/007,Cipete,Serpong,Jakarta Pusat,DKI Jakarta,KATOLIK,Cerai Mati,Wiraswasta,WNI,SEUMUR HIDUP
DKC001505,3174010207771505,Yusuf Suryadi,Jakarta Selatan,1977-07-02,Laki-Laki,A,Jl. Tanjung No. 12,011/006,Cempaka Putih,Bekasi Timur,Jakarta Selatan,DKI Jakarta,BUDDHA,Menikah,Wiraswasta,WNI,SEUMUR HIDUP
DKC001506,3275011908661506,Krisna Halim,Bekasi,1966-08-19,Laki-Laki,A,Jl. Setiawan No. 124,011/003,Cempaka Putih,Tebet,Bekasi,Jawa Barat,KATOLIK,Belum Menikah,Wiraswasta,WNI,SEUMUR HIDUP
DKC001507,3174014102841507,Novi Lubis,Jakarta Selatan,1984-02-01,Perempuan,A,Jl. Simanjuntak No. 78,004/010,Sukajadi,Kramat Jati,Jakarta Selatan,DKI Jakarta,HINDU,Menikah,Wiraswasta,WNI,SEUMUR HIDUP
DKC001508,3174016011731508,Sri Wijaya,Jakarta Selatan,1973-11-20,Perempuan,O,Jl. Simanjuntak No. 89,006/003,Cipete,Kramat Jati,Jakarta Selatan,DKI Jakarta,KONGHUCU,Menikah,Wiraswasta,WNI,SEUMUR HIDUP
DKC001509,3671010403001509,Taufik Panjaitan,Tangerang,2000-03-04,Laki-Laki,B,Jl. Halim No. 33,012/006,Rawa Bunga,Serpong,Tangerang,Banten,KONGHUCU,Belum Menikah,Wiraswasta,WNI,SEUMUR HIDUP
DKC001510,3173010603751510,Dedi Pratama,Jakarta Barat,1975-03-06,Laki-Laki,B,Jl. Kusuma No. 45,001/005,Rawa Bunga,Bekasi Timur,Jakarta Barat,DKI Jakarta,KONGHUCU,Belum Menikah,Wiraswasta,WNI,SEUMUR HIDUP
DKC001511,3173016402841511,Fitri Setiawan,Jakarta Barat,1984-02-24,Perempuan,A,Jl. Kusuma No. 90,001/008,Cipete,Tebet,Jakarta Barat,DKI Jakarta,ISLAM,Cerai Mati,Wiraswasta,WNI,SEUMUR HIDUP
DKC001512,3674010605001512,Dimas Pratama,Tangerang Selatan,2000-05-06,Laki-Laki,A,Jl. Situmorang No. 130,003/004,Cipete,Tebet,Tangerang Selatan,Jawa Barat,ISLAM,Menikah,Wiraswasta,WNI,SEUMUR HIDUP
DKC001513,3275016111801513,Ani Setiawan,Bekasi,1980-11-21,Perempuan,B,Jl. Rahman No. 144,011/003,Sukajadi,Bekasi Timur,Bekasi,Jawa Barat,KONGHUCU,Cerai Mati,Wiraswasta,WNI,SEUMUR HIDUP
DKC001514,3674016612731514,Dian Firmansyah,Tangerang Selatan,1973-12-26,Perempuan,AB,Jl. Suryadi No. 68,003/003,Kebon Baru,Kramat Jati,Tangerang Selatan,Jawa Barat,KONGHUCU,Belum Menikah,Wiraswasta,WNI,SEUMUR HIDUP
DKC001515,3671012206931515,Hendra Hutapea,Tangerang,1993-06-22,Laki-Laki,A,Jl. Situmorang No. 75,005/003,Rawa Bunga,Sukmajaya,Tangerang,Banten,KONGHUCU,Belum Menikah,Wiraswasta,WNI,SEUMUR HIDUP
DKC001516,3674012607671516,Hendra Panjaitan,Tangerang Selatan,1967-07-26,Laki-Laki,O,Jl. Pratama No. 87,004/006,Sukamaju,Bekasi Timur,Tangerang Selatan,Jawa Barat,KRISTEN,Cerai Mati,Wiraswasta,WNI,SEUMUR HIDUP
DKC001517,3172012806671517,Andi Tanjung,Jakarta Utara,1967-06-28,Laki-Laki,AB,Jl. Wibowo No. 126,005/002,Kebon Baru,Tebet,Jakarta Utara,DKI Jakarta,HINDU,Cerai Hidup,Wiraswasta,WNI,SEUMUR HIDUP
DKC001518,3275012104941518,Irfan Rahman,Bekasi,1994-04-21,Laki-Laki,AB,Jl. Setiawan No. 4,011/002,Kebon Baru,Bekasi Timur,Bekasi,Jawa Barat,KRISTEN,Cerai Mati,Wiraswasta,WNI,SEUMUR HIDUP
DKC001519,3671011404751519,Dimas Susanto,Tangerang,1975-04-14,Laki-Laki,O,Jl. Lubis No. 94,007/002,Rawa Bunga,Serpong,Tangerang,Banten,KATOLIK,Cerai Mati,Wiraswasta,WNI,SEUMUR HIDUP
DKC001520,3275010811001520,Rudi Gunawan,Bekasi,2000-11-08,Laki-Laki,B,Jl. Tanjung No. 18,006/002,Cipete,Serpong,Bekasi,Jawa Barat,KATOLIK,Menikah,Wiraswasta,WNI,SEUMUR HIDUP
DKC001521,3671012010791521,Taufik Situmorang,Tangerang,1979-10-20,Laki-Laki,O,Jl. Firmansyah No. 5,010/002,Cipete,Sukmajaya,Tangerang,Banten,KRISTEN,Cerai Hidup,Wiraswasta,WNI,SEUMUR HIDUP
DKC001522,3276015409671522,Dian Handoko,Depok,1967-09-14,Perempuan,O,Jl. Santoso No. 36,001/005,Cempaka Putih,Bekasi Timur,Depok,Jawa Barat,KRISTEN,Menikah,Wiraswasta,WNI,SEUMUR HIDUP
DKC001523,3275010602711523,Iwan Tanjung,Bekasi,1971-02-06,Laki-Laki,A,Jl. Setiawan No. 79,002/004,Kebon Baru,Serpong,Bekasi,Jawa Barat,HINDU,Cerai Mati,Wiraswasta,WNI,SEUMUR HIDUP
DKC001524,3671015903831524,Dian Siregar,Tangerang,1983-03-19,Perempuan,A,Jl. Siregar No. 134,008/004,Sukajadi,Kramat Jati,Tangerang,Banten,HINDU,Cerai Mati,Wiraswasta,WNI,SEUMUR HIDUP
DKC001525,3671014112701525,Fitri Kurniawan,Tangerang,1970-12-01,Perempuan,O,Jl. Tanjung No. 100,011/001,Bintaro,Cengkareng,Tangerang,Banten,KONGHUCU,Cerai Mati,Wiraswasta,WNI,SEUMUR HIDUP
DKC001526,3671016104931526,Maya Nugroho,Tangerang,1993-04-21,Perempuan,AB,Jl. Hidayat No. 30,010/002,Cipete,Cengkareng,Tangerang,Banten,KATOLIK,Belum Menikah,Wiraswasta,WNI,SEUMUR HIDUP
DKC001527,3671012402731527,Dimas Lubis,Tangerang,1973-02-24,Laki-Laki,B,Jl. Saputra No. 38,001/003,Sukajadi,Sukmajaya,Tangerang,Banten,ISLAM,Cerai Hidup,Wiraswasta,WNI,SEUMUR HIDUP
DKC001528,3674012003771528,Doni Halim,Tangerang Selatan,1977-03-20,Laki-Laki,AB,Jl. Siregar No. 117,005/008,Sukamaju,Serpong,Tangerang Selatan,Jawa Barat,ISLAM,Menikah,Wiraswasta,WNI,SEUMUR HIDUP
DKC001529,3674012609781529,Joko Rahman,Tangerang Selatan,1978-09-26,Laki-Laki,AB,Jl. Rahman No. 112,008/007,Duren Sawit,Sukmajaya,Tangerang Selatan,Jawa Barat,HINDU,Cerai Mati,Wiraswasta,WNI,SEUMUR HIDUP
DKC001530,3276016004821530,Melati Kurniawan,Depok,1982-04-20,Perempuan,AB,Jl. Permana No. 9,005/006,Sukamaju,Tebet,Depok,Jawa Barat,HINDU,Belum Menikah,Wiraswasta,WNI,SEUMUR HIDUP
DKC001531,3173014812731531,Ratna Hutapea,Jakarta Barat,1973-12-08,Perempuan,A,Jl. Siregar No. 99,005/010,Cipete,Sukmajaya,Jakarta Barat,DKI Jakarta,KRISTEN,Cerai Mati,Wiraswasta,WNI,SEUMUR HIDUP
DKC001532,3671014103711532,Rina Saputra,Tangerang,1971-03-01,Perempuan,O,Jl. Nugroho No. 83,004/001,Rawa Bunga,Sukmajaya,Tangerang,Banten,HINDU,Menikah,Wiraswasta,WNI,SEUMUR HIDUP
DKC001533,3171012409881533,Rudi Halim,Jakarta Pusat,1988-09-24,Laki-Laki,B,Jl. Suryadi No. 106,011/004,Cipete,Cengkareng,Jakarta Pusat,DKI Jakarta,KRISTEN,Menikah,Wiraswasta,WNI,SEUMUR HIDUP
DKC001534,3671015006921534,Nina Susanto,Tangerang,1992-06-10,Perempuan,O,Jl. Halim No. 73,007/007,Kebon Baru,Cengkareng,Tangerang,Banten,KATOLIK,Cerai Hidup,Wiraswasta,WNI,SEUMUR HIDUP
DKC001535,3271016803001535,Desi Nugroho,Bogor,2000-03-28,Perempuan,A,Jl. Susanto No. 32,007/010,Kebon Baru,Sukmajaya,Bogor,Jawa Barat,KRISTEN,Cerai Hidup,Wiraswasta,WNI,SEUMUR HIDUP
DKC001536,3276015610901536,Rita Suryadi,Depok,1990-10-16,Perempuan,AB,Jl. Permana No. 68,001/009,Cempaka Putih,Kramat Jati,Depok,Jawa Barat,KRISTEN,Menikah,Wiraswasta,WNI,SEUMUR HIDUP
DKC001537,3172014606971537,Ayu Permana,Jakarta Utara,1997-06-06,Perempuan,O,Jl. Panjaitan No. 56,010/009,Duren Sawit,Tebet,Jakarta Utara,DKI Jakarta,KRISTEN,Belum Menikah,Wiraswasta,WNI,SEUMUR HIDUP
DKC001538,3671011610701538,Budi Situmorang,Tangerang,1970-10-16,Laki-Laki,A,Jl. Hutapea No. 45,002/008,Sukamaju,Bekasi Timur,Tangerang,Banten,KATOLIK,Cerai Hidup,Wiraswasta,WNI,SEUMUR HIDUP
DKC001539,3671015508811539,Yuni Susanto,Tangerang,1981-08-15,Perempuan,AB,Jl. Handoko No. 150,003/003,Sukamaju,Kramat Jati,Tangerang,Banten,ISLAM,Menikah,Wiraswasta,WNI,SEUMUR HIDUP
DKC001540,3271015102821540,Indah Siregar,Bogor,1982-02-11,Perempuan,A,Jl. Setiawan No. 58,010/001,Sukamaju,Kramat Jati,Bogor,Jawa Barat,KONGHUCU,Cerai Hidup,Wiraswasta,WNI,SEUMUR HIDUP
DKC001541,3171010212971541,Dedi Situmorang,Jakarta Pusat,1997-12-02,Laki-Laki,O,Jl. Gunawan No. 101,006/009,Cipete,Kramat Jati,Jakarta Pusat,DKI Jakarta,KATOLIK,Cerai Hidup,Wiraswasta,WNI,SEUMUR HIDUP
DKC001542,3275016509901542,Siti Rahman,Bekasi,1990-09-25,Perempuan,B,Jl. Kurniawan No. 67,012/006,Duren Sawit,Kramat Jati,Bekasi,Jawa Barat,KATOLIK,Cerai Hidup,Wiraswasta,WNI,SEUMUR HIDUP
DKC001543,3174017012741543,Putri Nugroho,Jakarta Selatan,1974-12-30,Perempuan,AB,Jl. Wijaya No. 53,005/003,Kebon Baru,Bekasi Timur,Jakarta Selatan,DKI Jakarta,KRISTEN,Belum Menikah,Wiraswasta,WNI,SEUMUR HIDUP
DKC001544,3175011007851544,Irfan Nugroho,Jakarta Timur,1985-07-10,Laki-Laki,AB,Jl. Pratama No. 68,007/004,Sukajadi,Tebet,Jakarta Timur,DKI Jakarta,KATOLIK,Belum Menikah,Wiraswasta,WNI,SEUMUR HIDUP
DKC001545,3674016001001545,Lina Siregar,Tangerang Selatan,2000-01-20,Perempuan,A,Jl. Wijaya No. 142,011/006,Cempaka Putih,Sukmajaya,Tangerang Selatan,Jawa Barat,KATOLIK,Cerai Mati,Wiraswasta,WNI,SEUMUR HIDUP
DKC001546,3173012708841546,Dedi Tanjung,Jakarta Barat,1984-08-27,Laki-Laki,AB,Jl. Kurniawan No. 120,005/004,Sukamaju,Cengkareng,Jakarta Barat,DKI Jakarta,KRISTEN,Cerai Hidup,Wiraswasta,WNI,SEUMUR HIDUP
DKC001547,3671010802671547,Dedi Nugroho,Tangerang,1967-02-08,Laki-Laki,B,Jl. Pratama No. 144,010/005,Cipete,Bekasi Timur,Tangerang,Banten,KATOLIK,Belum Menikah,Wiraswasta,WNI,SEUMUR HIDUP
DKC001548,3671014412731548,Tri Gunawan,Tangerang,1973-12-04,Perempuan,B,Jl. Setiawan No. 134,003/010,Kebon Baru,Tebet,Tangerang,Banten,KRISTEN,Menikah,Wiraswasta,WNI,SEUMUR HIDUP
DKC001549,3671010209741549,Eko Wibowo,Tangerang,1974-09-02,Laki-Laki,B,Jl. Santoso No. 59,001/004,Kebon Baru,Cengkareng,Tangerang,Banten,HINDU,Cerai Mati,Wiraswasta,WNI,SEUMUR HIDUP
DKC001550,3671016601951550,Rina Panjaitan,Tangerang,1995-01-26,Perempuan,O,Jl. Suryadi No. 94,001/008,Cipete,Kramat Jati,Tangerang,Banten,HINDU,Cerai Hidup,Wiraswasta,WNI,SEUMUR HIDUP
DKC001551,3171016106771551,Fitri Panjaitan,Jakarta Pusat,1977-06-21,Perempuan,AB,Jl. Hidayat No. 15,002/003,Kebon Baru,Serpong,Jakarta Pusat,DKI Jakarta,BUDDHA,Cerai Hidup,Wiraswasta,WNI,SEUMUR HIDUP
DKC001552,3171016402771552,Sri Nugroho,Jakarta Pusat,1977-02-24,Perempuan,B,Jl. Wijaya No. 33,009/005,Bintaro,Tebet,Jakarta Pusat,DKI Jakarta,BUDDHA,Menikah,Wiraswasta,WNI,SEUMUR HIDUP
DKC001553,3171011009941553,Hadi Hutapea,Jakarta Pusat,1994-09-10,Laki-Laki,B,Jl. Susanto No. 14,006/001,Bintaro,Serpong,Jakarta Pusat,DKI Jakarta,HINDU,Cerai Hidup,Wiraswasta,WNI,SEUMUR HIDUP
DKC001554,3173016210931554,Desi Situmorang,Jakarta Barat,1993-10-22,Perempuan,O,Jl. Gunawan No. 67,007/002,Cempaka Putih,Cengkareng,Jakarta Barat,DKI Jakarta,ISLAM,Cerai Mati,Wiraswasta,WNI,SEUMUR HIDUP
DKC001555,3172014810841555,Sari Rahman,Jakarta Utara,1984-10-08,Perempuan,B,Jl. Lubis No. 121,011/003,Rawa Bunga,Sukmajaya,Jakarta Utara,DKI Jakarta,ISLAM,Belum Menikah,Wiraswasta,WNI,SEUMUR HIDUP
DKC001556,3172012901001556,Eko Simanjuntak,Jakarta Utara,2000-01-29,Laki-Laki,AB,Jl. Wibowo No. 101,009/005,Duren Sawit,Sukmajaya,Jakarta Utara,DKI Jakarta,KONGHUCU,Belum Menikah,Wiraswasta,WNI,SEUMUR HIDUP
DKC001557,3671010104851557,Ahmad Nugroho,Tangerang,1985-04-01,Laki-Laki,A,Jl. Pratama No. 26,003/002,Sukajadi,Tebet,Tangerang,Banten,ISLAM,Cerai Mati,Wiraswasta,WNI,SEUMUR HIDUP
DKC001558,3674012003011558,Fajar Hutapea,Tangerang Selatan,2001-03-20,Laki-Laki,A,Jl. Lubis No. 19,008/001,Bintaro,Cengkareng,Tangerang Selatan,Jawa Barat,KONGHUCU,Menikah,Wiraswasta,WNI,SEUMUR HIDUP
DKC001559,3275011405911559,Iwan Setiawan,Bekasi,1991-05-14,Laki-Laki,AB,Jl. Hutapea No. 91,003/010,Rawa Bunga,Serpong,Bekasi,Jawa Barat,ISLAM,Cerai Mati,Wiraswasta,WNI,SEUMUR HIDUP
DKC001560,3173012505821560,Hendra Pratama,Jakarta Barat,1982-05-25,Laki-Laki,AB,Jl. Nugroho No. 57,009/008,Cempaka Putih,Kramat Jati,Jakarta Barat,DKI Jakarta,ISLAM,Cerai Hidup,Wiraswasta,WNI,SEUMUR HIDUP
DKC001561,3173016611721561,Wulan Setiawan,Jakarta Barat,1972-11-26,Perempuan,O,Jl. Lubis No. 83,011/005,Cipete,Kramat Jati,Jakarta Barat,DKI Jakarta,KRISTEN,Menikah,Wiraswasta,WNI,SEUMUR HIDUP
DKC001562,3271011211841562,Yusuf Susanto,Bogor,1984-11-12,Laki-Laki,A,Jl. Susanto No. 129,009/008,Rawa Bunga,Tebet,Bogor,Jawa Barat,KATOLIK,Cerai Mati,Wiraswasta,WNI,SEUMUR HIDUP
DKC001563,3175011507921563,Yudi Pratama,Jakarta Timur,1992-07-15,Laki-Laki,O,Jl. Situmorang No. 130,011/006,Sukajadi,Sukmajaya,Jakarta Timur,DKI Jakarta,KATOLIK,Belum Menikah,Wiraswasta,WNI,SEUMUR HIDUP
DKC001564,3671016710821564,Wati Firmansyah,Tangerang,1982-10-27,Perempuan,O,Jl. Tanjung No. 54,003/010,Rawa Bunga,Bekasi Timur,Tangerang,Banten,KRISTEN,Cerai Hidup,Wiraswasta,WNI,SEUMUR HIDUP
DKC001565,3271012608001565,Hadi Handoko,Bogor,2000-08-26,Laki-Laki,B,Jl. Pratama No. 92,010/003,Sukamaju,Bekasi Timur,Bogor,Jawa Barat,ISLAM,Cerai Mati,Wiraswasta,WNI,SEUMUR HIDUP
DKC001566,3172014201711566,Dian Kurniawan,Jakarta Utara,1971-01-02,Perempuan,A,Jl. Tanjung No. 95,010/003,Cempaka Putih,Sukmajaya,Jakarta Utara,DKI Jakarta,KATOLIK,Menikah,Wiraswasta,WNI,SEUMUR HIDUP
DKC001567,3276012011661567,Eko Situmorang,Depok,1966-11-20,Laki-Laki,B,Jl. Siregar No. 82,006/010,Cipete,Kramat Jati,Depok,Jawa Barat,HINDU,Belum Menikah,Wiraswasta,WNI,SEUMUR HIDUP
DKC001568,3173016409721568,Yanti Panjaitan,Jakarta Barat,1972-09-24,Perempuan,AB,Jl. Lubis No. 47,001/007,Cipete,Tebet,Jakarta Barat,DKI Jakarta,KATOLIK,Cerai Hidup,Wiraswasta,WNI,SEUMUR HIDUP
DKC001569,3671011005691569,Gunawan Lubis,Tangerang,1969-05-10,Laki-Laki,B,Jl. Hidayat No. 28,004/009,Sukamaju,Tebet,Tangerang,Banten,KATOLIK,Belum Menikah,Wiraswasta,WNI,SEUMUR HIDUP
DKC001570,3171012502031570,Andi Tanjung,Jakarta Pusat,2003-02-25,Laki-Laki,B,Jl. Saputra No. 45,002/006,Duren Sawit,Sukmajaya,Jakarta Pusat,DKI Jakarta,KONGHUCU,Menikah,Wiraswasta,WNI,SEUMUR HIDUP
DKC001571,3674015301891571,Dian Setiawan,Tangerang Selatan,1989-01-13,Perempuan,O,Jl. Wibowo No. 77,001/002,Sukajadi,Sukmajaya,Tangerang Selatan,Jawa Barat,KATOLIK,Cerai Hidup,Wiraswasta,WNI,SEUMUR HIDUP
DKC001572,3276012207021572,Slamet Susanto,Depok,2002-07-22,Laki-Laki,A,Jl. Wijaya No. 100,003/010,Bintaro,Bekasi Timur,Depok,Jawa Barat,KONGHUCU,Cerai Mati,Wiraswasta,WNI,SEUMUR HIDUP
DKC001573,3671012210991573,Fauzi Gunawan,Tangerang,1999-10-22,Laki-Laki,O,Jl. Tanjung No. 103,005/007,Duren Sawit,Serpong,Tangerang,Banten,ISLAM,Cerai Mati,Wiraswasta,WNI,SEUMUR HIDUP
DKC001574,3671010601701574,Yusuf Susanto,Tangerang,1970-01-06,Laki-Laki,B,Jl. Hutapea No. 112,003/003,Sukajadi,Kramat Jati,Tangerang,Banten,KRISTEN,Menikah,Wiraswasta,WNI,SEUMUR HIDUP
DKC001575,3175016604721575,Lina Kurniawan,Jakarta Timur,1972-04-26,Perempuan,AB,Jl. Rahman No. 56,002/005,Bintaro,Sukmajaya,Jakarta Timur,DKI Jakarta,BUDDHA,Menikah,Wiraswasta,WNI,SEUMUR HIDUP
DKC001576,3276011001021576,Ahmad Simanjuntak,Depok,2002-01-10,Laki-Laki,O,Jl. Siregar No. 72,010/009,Sukajadi,Serpong,Depok,Jawa Barat,KRISTEN,Belum Menikah,Wiraswasta,WNI,SEUMUR HIDUP
DKC001577,3174010311741577,Rian Rahman,Jakarta Selatan,1974-11-03,Laki-Laki,O,Jl. Permana No. 105,001/003,Sukamaju,Tebet,Jakarta Selatan,DKI Jakarta,ISLAM,Cerai Hidup,Wiraswasta,WNI,SEUMUR HIDUP
DKC001578,3671010409731578,Rian Pratama,Tangerang,1973-09-04,Laki-Laki,O,Jl. Hidayat No. 25,001/006,Sukamaju,Cengkareng,Tangerang,Banten,KRISTEN,Cerai Hidup,Wiraswasta,WNI,SEUMUR HIDUP
DKC001579,3172010311961579,Bayu Kusuma,Jakarta Utara,1996-11-03,Laki-Laki,A,Jl. Halim No. 142,012/003,Cipete,Sukmajaya,Jakarta Utara,DKI Jakarta,KRISTEN,Menikah,Wiraswasta,WNI,SEUMUR HIDUP
DKC001580,3671011105721580,Hadi Wibowo,Tangerang,1972-05-11,Laki-Laki,O,Jl. Situmorang No. 112,004/004,Cempaka Putih,Sukmajaya,Tangerang,Banten,KRISTEN,Cerai Mati,Wiraswasta,WNI,SEUMUR HIDUP
DKC001581,3275010709871581,Yusuf Handoko,Bekasi,1987-09-07,Laki-Laki,AB,Jl. Tanjung No. 30,011/009,Cipete,Kramat Jati,Bekasi,Jawa Barat,HINDU,Cerai Mati,Wiraswasta,WNI,SEUMUR HIDUP
DKC001582,3671010811991582,Fajar Permana,Tangerang,1999-11-08,Laki-Laki,A,Jl. Santoso No. 20,004/003,Cempaka Putih,Kramat Jati,Tangerang,Banten,KRISTEN,Belum Menikah,Wiraswasta,WNI,SEUMUR HIDUP
DKC001583,3671010209801583,Sutrisno Rahman,Tangerang,1980-09-02,Laki-Laki,B,Jl. Suryadi No. 17,009/008,Rawa Bunga,Serpong,Tangerang,Banten,KONGHUCU,Menikah,Wiraswasta,WNI,SEUMUR HIDUP
DKC001584,3674014604691584,Melati Handoko,Tangerang Selatan,1969-04-06,Perempuan,A,Jl. Permana No. 95,010/003,Sukamaju,Serpong,Tangerang Selatan,Jawa Barat,BUDDHA,Menikah,Wiraswasta,WNI,SEUMUR HIDUP
DKC001585,3172015909701585,Fitri Situmorang,Jakarta Utara,1970-09-19,Perempuan,O,Jl. Simanjuntak No. 114,007/002,Bintaro,Sukmajaya,Jakarta Utara,DKI Jakarta,KONGHUCU,Menikah,Wiraswasta,WNI,SEUMUR HIDUP
DKC001586,3671014904891586,Rita Permana,Tangerang,1989-04-09,Perempuan,AB,Jl. Halim No. 128,003/001,Cempaka Putih,Serpong,Tangerang,Banten,HINDU,Cerai Mati,Wiraswasta,WNI,SEUMUR HIDUP
DKC001587,3671014504991587,Lina Wibowo,Tangerang,1999-04-05,Perempuan,B,Jl. Simanjuntak No. 91,010/002,Cempaka Putih,Cengkareng,Tangerang,Banten,HINDU,Belum Menikah,Wiraswasta,WNI,SEUMUR HIDUP
DKC001588,3671016805801588,Nina Kusuma,Tangerang,1980-05-28,Perempuan,AB,Jl. Nugroho No. 70,011/007,Sukamaju,Bekasi Timur,Tangerang,Banten,KONGHUCU,Cerai Hidup,Wiraswasta,WNI,SEUMUR HIDUP
DKC001589,3173011001771589,Taufik Simanjuntak,Jakarta Barat,1977-01-10,Laki-Laki,O,Jl. Setiawan No. 106,007/010,Duren Sawit,Tebet,Jakarta Barat,DKI Jakarta,HINDU,Cerai Mati,Wiraswasta,WNI,SEUMUR HIDUP
DKC001590,3172016701001590,Siti Rahman,Jakarta Utara,2000-01-27,Perempuan,O,Jl. Susanto No. 128,005/009,Rawa Bunga,Serpong,Jakarta Utara,DKI Jakarta,BUDDHA,Cerai Hidup,Wiraswasta,WNI,SEUMUR HIDUP
DKC001591,3671014301011591,Indah Kurniawan,Tangerang,2001-01-03,Perempuan,AB,Jl. Saputra No. 106,008/004,Duren Sawit,Bekasi Timur,Tangerang,Banten,BUDDHA,Cerai Hidup,Wiraswasta,WNI,SEUMUR HIDUP
DKC001592,3671013101821592,Slamet Panjaitan,Tangerang,1982-01-31,Laki-Laki,AB,Jl. Situmorang No. 150,009/001,Duren Sawit,Cengkareng,Tangerang,Banten,KATOLIK,Menikah,Wiraswasta,WNI,SEUMUR HIDUP
DKC001593,3671011206651593,Sutrisno Tanjung,Tangerang,1965-06-12,Laki-Laki,AB,Jl. Pratama No. 31,001/003,Cipete,Kramat Jati,Tangerang,Banten,HINDU,Menikah,Wiraswasta,WNI,SEUMUR HIDUP
DKC001594,3671016410651594,Putri Susanto,Tangerang,1965-10-24,Perempuan,B,Jl. Firmansyah No. 137,005/006,Sukajadi,Kramat Jati,Tangerang,Banten,ISLAM,Belum Menikah,Wiraswasta,WNI,SEUMUR HIDUP
DKC001595,3276010510921595,Eko Handoko,Depok,1992-10-05,Laki-Laki,O,Jl. Firmansyah No. 28,009/006,Cipete,Kramat Jati,Depok,Jawa Barat,ISLAM,Belum Menikah,Wiraswasta,WNI,SEUMUR HIDUP
DKC001596,3174015101651596,Retno Halim,Jakarta Selatan,1965-01-11,Perempuan,B,Jl. Wijaya No. 89,012/007,Cipete,Tebet,Jakarta Selatan,DKI Jakarta,BUDDHA,Cerai Hidup,Wiraswasta,WNI,SEUMUR HIDUP
DKC001597,3271011005691597,Budi Halim,Bogor,1969-05-10,Laki-Laki,AB,Jl. Situmorang No. 145,004/008,Duren Sawit,Bekasi Timur,Bogor,Jawa Barat,HINDU,Menikah,Wiraswasta,WNI,SEUMUR HIDUP
DKC001598,3174016310881598,Suryani Panjaitan,Jakarta Selatan,1988-10-23,Perempuan,O,Jl. Pratama No. 107,011/001,Sukamaju,Tebet,Jakarta Selatan,DKI Jakarta,KONGHUCU,Belum Menikah,Wiraswasta,WNI,SEUMUR HIDUP
DKC001599,3174015205751599,Maya Hutapea,Jakarta Selatan,1975-05-12,Perempuan,AB,Jl. Susanto No. 78,005/003,Sukamaju,Bekasi Timur,Jakarta Selatan,DKI Jakarta,HINDU,Cerai Hidup,Wiraswasta,WNI,SEUMUR HIDUP
DKC001600,3271016405721600,Ika Rahman,Bogor,1972-05-24,Perempuan,AB,Jl. Wijaya No. 97,003/003,Sukajadi,Cengkareng,Bogor,Jawa Barat,KATOLIK,Cerai Mati,Wiraswasta,WNI,SEUMUR HIDUP
DKC001601,3276014704731601,Wulan Gunawan,Depok,1973-04-07,Perempuan,B,Jl. Saputra No. 3,006/004,Kebon Baru,Serpong,Depok,Jawa Barat,KONGHUCU,Cerai Hidup,Wiraswasta,WNI,SEUMUR HIDUP
DKC001602,3674015410781602,Retno Santoso,Tangerang Selatan,1978-10-14,Perempuan,O,Jl. Wibowo No. 78,009/005,Rawa Bunga,Cengkareng,Tangerang Selatan,Jawa Barat,BUDDHA,Belum Menikah,Wiraswasta,WNI,SEUMUR HIDUP
DKC001603,3171016112881603,Ratna Pratama,Jakarta Pusat,1988-12-21,Perempuan,B,Jl. Gunawan No. 2,008/002,Cempaka Putih,Cengkareng,Jakarta Pusat,DKI Jakarta,KATOLIK,Cerai Hidup,Wiraswasta,WNI,SEUMUR HIDUP
DKC001604,3671012402651604,Rizky Pratama,Tangerang,1965-02-24,Laki-Laki,B,Jl. Wibowo No. 33,011/003,Sukajadi,Tebet,Tangerang,Banten,KONGHUCU,Cerai Mati,Wiraswasta,WNI,SEUMUR HIDUP
DKC001605,3671013005931605,Krisna Situmorang,Tangerang,1993-05-30,Laki-Laki,O,Jl. Handoko No. 41,007/005,Kebon Baru,Sukmajaya,Tangerang,Banten,KATOLIK,Cerai Hidup,Wiraswasta,WNI,SEUMUR HIDUP
DKC001606,3171016103911606,Dian Gunawan,Jakarta Pusat,1991-03-21,Perempuan,AB,Jl. Pratama No. 89,003/006,Sukajadi,Bekasi Timur,Jakarta Pusat,DKI Jakarta,ISLAM,Cerai Hidup,Wiraswasta,WNI,SEUMUR HIDUP
DKC001607,3173016712671607,Maya Simanjuntak,Jakarta Barat,1967-12-27,Perempuan,A,Jl. Gunawan No. 14,009/001,Rawa Bunga,Cengkareng,Jakarta Barat,DKI Jakarta,BUDDHA,Menikah,Wiraswasta,WNI,SEUMUR HIDUP
DKC001608,3271016602861608,Novi Suryadi,Bogor,1986-02-26,Perempuan,B,Jl. Situmorang No. 94,011/004,Rawa Bunga,Kramat Jati,Bogor,Jawa Barat,KATOLIK,Cerai Mati,Wiraswasta,WNI,SEUMUR HIDUP
DKC001609,3175015701911609,Ani Suryadi,Jakarta Timur,1991-01-17,Perempuan,AB,Jl. Hutapea No. 147,008/004,Duren Sawit,Cengkareng,Jakarta Timur,DKI Jakarta,BUDDHA,Belum Menikah,Wiraswasta,WNI,SEUMUR HIDUP
DKC001610,3275012112741610,Eko Nugroho,Bekasi,1974-12-21,Laki-Laki,B,Jl. Saputra No. 136,004/007,Sukajadi,Tebet,Bekasi,Jawa Barat,KONGHUCU,Belum Menikah,Wiraswasta,WNI,SEUMUR HIDUP
DKC001611,3671012802841611,Fauzi Tanjung,Tangerang,1984-02-28,Laki-Laki,A,Jl. Kusuma No. 122,009/009,Cempaka Putih,Sukmajaya,Tangerang,Banten,ISLAM,Cerai Hidup,Wiraswasta,WNI,SEUMUR HIDUP
DKC001612,3276010706651612,Ahmad Rahman,Depok,1965-06-07,Laki-Laki,AB,Jl. Rahman No. 112,003/006,Sukajadi,Cengkareng,Depok,Jawa Barat,KRISTEN,Menikah,Wiraswasta,WNI,SEUMUR HIDUP
DKC001613,3271016404021613,Lina Susanto,Bogor,2002-04-24,Perempuan,B,Jl. Gunawan No. 58,008/009,Sukamaju,Tebet,Bogor,Jawa Barat,BUDDHA,Menikah,Wiraswasta,WNI,SEUMUR HIDUP
DKC001614,3276015402781614,Ika Lubis,Depok,1978-02-14,Perempuan,AB,Jl. Wibowo No. 128,002/008,Bintaro,Serpong,Depok,Jawa Barat,HINDU,Belum Menikah,Wiraswasta,WNI,SEUMUR HIDUP
DKC001615,3276014206741615,Rita Kurniawan,Depok,1974-06-02,Perempuan,O,Jl. Setiawan No. 148,005/007,Cipete,Cengkareng,Depok,Jawa Barat,KATOLIK,Menikah,Wiraswasta,WNI,SEUMUR HIDUP
DKC001616,3174011611881616,Anton Wijaya,Jakarta Selatan,1988-11-16,Laki-Laki,AB,Jl. Handoko No. 59,010/001,Kebon Baru,Serpong,Jakarta Selatan,DKI Jakarta,KONGHUCU,Cerai Hidup,Wiraswasta,WNI,SEUMUR HIDUP
DKC001617,3172010109911617,Rizky Hutapea,Jakarta Utara,1991-09-01,Laki-Laki,O,Jl. Lubis No. 134,005/005,Cempaka Putih,Serpong,Jakarta Utara,DKI Jakarta,KATOLIK,Cerai Mati,Wiraswasta,WNI,SEUMUR HIDUP
DKC001618,3671015110921618,Desi Kusuma,Tangerang,1992-10-11,Perempuan,O,Jl. Siregar No. 95,008/003,Rawa Bunga,Bekasi Timur,Tangerang,Banten,KATOLIK,Cerai Hidup,Wiraswasta,WNI,SEUMUR HIDUP
DKC001619,3172012204671619,Dimas Panjaitan,Jakarta Utara,1967-04-22,Laki-Laki,B,Jl. Setiawan No. 19,008/010,Bintaro,Serpong,Jakarta Utara,DKI Jakarta,BUDDHA,Menikah,Wiraswasta,WNI,SEUMUR HIDUP
DKC001620,3671010509931620,Bambang Kusuma,Tangerang,1993-09-05,Laki-Laki,O,Jl. Kurniawan No. 119,001/006,Duren Sawit,Cengkareng,Tangerang,Banten,KATOLIK,Menikah,Wiraswasta,WNI,SEUMUR HIDUP
DKC001621,3674015202991621,Retno Hidayat,Tangerang Selatan,1999-02-12,Perempuan,B,Jl. Kusuma No. 101,009/002,Sukajadi,Kramat Jati,Tangerang Selatan,Jawa Barat,KONGHUCU,Belum Menikah,Wiraswasta,WNI,SEUMUR HIDUP
DKC001622,3671012509981622,Yusuf Kusuma,Tangerang,1998-09-25,Laki-Laki,O,Jl. Rahman No. 30,002/010,Kebon Baru,Sukmajaya,Tangerang,Banten,HINDU,Menikah,Wiraswasta,WNI,SEUMUR HIDUP
DKC001623,3671017110011623,Suryani Gunawan,Tangerang,2001-10-31,Perempuan,A,Jl. Panjaitan No. 147,011/003,Sukajadi,Bekasi Timur,Tangerang,Banten,HINDU,Menikah,Wiraswasta,WNI,SEUMUR HIDUP
DKC001624,3671016212831624,Ratna Setiawan,Tangerang,1983-12-22,Perempuan,B,Jl. Nugroho No. 96,002/006,Sukamaju,Serpong,Tangerang,Banten,HINDU,Menikah,Wiraswasta,WNI,SEUMUR HIDUP
DKC001625,3671016411651625,Yuni Setiawan,Tangerang,1965-11-24,Perempuan,A,Jl. Saputra No. 148,004/010,Sukajadi,Tebet,Tangerang,Banten,KRISTEN,Belum Menikah,Wiraswasta,WNI,SEUMUR HIDUP
DKC001626,3671014609801626,Lestari Setiawan,Tangerang,1980-09-06,Perempuan,A,Jl. Nugroho No. 110,001/010,Sukamaju,Serpong,Tangerang,Banten,BUDDHA,Cerai Hidup,Wiraswasta,WNI,SEUMUR HIDUP
DKC001627,3671010112661627,Irfan Kusuma,Tangerang,1966-12-01,Laki-Laki,AB,Jl. Gunawan No. 16,003/005,Kebon Baru,Serpong,Tangerang,Banten,HINDU,Belum Menikah,Wiraswasta,WNI,SEUMUR HIDUP
DKC001628,3671016403741628,Rina Gunawan,Tangerang,1974-03-24,Perempuan,O,Jl. Situmorang No. 103,003/008,Sukajadi,Kramat Jati,Tangerang,Banten,KONGHUCU,Cerai Hidup,Wiraswasta,WNI,SEUMUR HIDUP
DKC001629,3175014911751629,Rita Nugroho,Jakarta Timur,1975-11-09,Perempuan,A,Jl. Hutapea No. 2,011/006,Rawa Bunga,Bekasi Timur,Jakarta Timur,DKI Jakarta,ISLAM,Cerai Hidup,Wiraswasta,WNI,SEUMUR HIDUP
DKC001630,3174015003941630,Novi Lubis,Jakarta Selatan,1994-03-10,Perempuan,AB,Jl. Wibowo No. 97,004/010,Bintaro,Sukmajaya,Jakarta Selatan,DKI Jakarta,KRISTEN,Cerai Hidup,Wiraswasta,WNI,SEUMUR HIDUP
DKC001631,3173014701781631,Retno Saputra,Jakarta Barat,1978-01-07,Perempuan,B,Jl. Wibowo No. 11,011/003,Kebon Baru,Bekasi Timur,Jakarta Barat,DKI Jakarta,HINDU,Belum Menikah,Wiraswasta,WNI,SEUMUR HIDUP
DKC001632,3671014805991632,Siti Pratama,Tangerang,1999-05-08,Perempuan,O,Jl. Permana No. 2,006/004,Duren Sawit,Kramat Jati,Tangerang,Banten,BUDDHA,Menikah,Wiraswasta,WNI,SEUMUR HIDUP
DKC001633,3275016508011633,Retno Firmansyah,Bekasi,2001-08-25,Perempuan,O,Jl. Kurniawan No. 9,002/010,Bintaro,Cengkareng,Bekasi,Jawa Barat,KONGHUCU,Belum Menikah,Wiraswasta,WNI,SEUMUR HIDUP
DKC001634,3674016502021634,Dian Tanjung,Tangerang Selatan,2002-02-25,Perempuan,AB,Jl. Wijaya No. 96,002/001,Kebon Baru,Serpong,Tangerang Selatan,Jawa Barat,BUDDHA,Menikah,Wiraswasta,WNI,SEUMUR HIDUP
DKC001635,3175012805711635,Ahmad Hidayat,Jakarta Timur,1971-05-28,Laki-Laki,O,Jl. Permana No. 54,007/003,Sukajadi,Cengkareng,Jakarta Timur,DKI Jakarta,KONGHUCU,Cerai Hidup,Wiraswasta,WNI,SEUMUR HIDUP
DKC001636,3671016207911636,Novi Saputra,Tangerang,1991-07-22,Perempuan,AB,Jl. Hidayat No. 6,010/007,Sukamaju,Bekasi Timur,Tangerang,Banten,HINDU,Cerai Mati,Wiraswasta,WNI,SEUMUR HIDUP
DKC001637,3671016207901637,Lina Situmorang,Tangerang,1990-07-22,Perempuan,B,Jl. Pratama No. 130,009/005,Bintaro,Cengkareng,Tangerang,Banten,KATOLIK,Cerai Hidup,Wiraswasta,WNI,SEUMUR HIDUP
DKC001638,3175011202891638,Irfan Hutapea,Jakarta Timur,1989-02-12,Laki-Laki,O,Jl. Setiawan No. 126,002/008,Duren Sawit,Kramat Jati,Jakarta Timur,DKI Jakarta,ISLAM,Cerai Mati,Wiraswasta,WNI,SEUMUR HIDUP
DKC001639,3271011810991639,Yudi Saputra,Bogor,1999-10-18,Laki-Laki,A,Jl. Hidayat No. 79,004/010,Sukajadi,Sukmajaya,Bogor,Jawa Barat,HINDU,Belum Menikah,Wiraswasta,WNI,SEUMUR HIDUP
DKC001640,3671016012871640,Novi Tanjung,Tangerang,1987-12-20,Perempuan,B,Jl. Panjaitan No. 60,004/007,Duren Sawit,Bekasi Timur,Tangerang,Banten,HINDU,Menikah,Wiraswasta,WNI,SEUMUR HIDUP
DKC001641,3671016202921641,Ani Nugroho,Tangerang,1992-02-22,Perempuan,A,Jl. Simanjuntak No. 29,006/004,Cipete,Tebet,Tangerang,Banten,KRISTEN,Belum Menikah,Wiraswasta,WNI,SEUMUR HIDUP
DKC001642,3276015010661642,Wulan Halim,Depok,1966-10-10,Perempuan,AB,Jl. Kurniawan No. 44,004/002,Sukamaju,Serpong,Depok,Jawa Barat,KONGHUCU,Cerai Hidup,Wiraswasta,WNI,SEUMUR HIDUP
DKC001643,3175014101991643,Novi Setiawan,Jakarta Timur,1999-01-01,Perempuan,AB,Jl. Kurniawan No. 6,001/008,Duren Sawit,Tebet,Jakarta Timur,DKI Jakarta,BUDDHA,Belum Menikah,Wiraswasta,WNI,SEUMUR HIDUP
DKC001644,3172010811931644,Wahyu Halim,Jakarta Utara,1993-11-08,Laki-Laki,A,Jl. Wijaya No. 124,012/010,Duren Sawit,Tebet,Jakarta Utara,DKI Jakarta,KONGHUCU,Belum Menikah,Wiraswasta,WNI,SEUMUR HIDUP
DKC001645,3671010704661645,Doni Firmansyah,Tangerang,1966-04-07,Laki-Laki,O,Jl. Setiawan No. 100,005/010,Cipete,Kramat Jati,Tangerang,Banten,KRISTEN,Belum Menikah,Wiraswasta,WNI,SEUMUR HIDUP
DKC001646,3276016804731646,Rina Handoko,Depok,1973-04-28,Perempuan,AB,Jl. Santoso No. 68,012/004,Cempaka Putih,Bekasi Timur,Depok,Jawa Barat,ISLAM,Menikah,Wiraswasta,WNI,SEUMUR HIDUP
DKC001647,3674010308881647,Agus Hidayat,Tangerang Selatan,1988-08-03,Laki-Laki,O,Jl. Saputra No. 98,004/001,Bintaro,Tebet,Tangerang Selatan,Jawa Barat,KRISTEN,Cerai Mati,Wiraswasta,WNI,SEUMUR HIDUP
DKC001648,3174015810711648,Lina Tanjung,Jakarta Selatan,1971-10-18,Perempuan,A,Jl. Wijaya No. 86,004/007,Cipete,Serpong,Jakarta Selatan,DKI Jakarta,KRISTEN,Menikah,Wiraswasta,WNI,SEUMUR HIDUP
DKC001649,3671015306651649,Yuni Permana,Tangerang,1965-06-13,Perempuan,AB,Jl. Suryadi No. 122,010/006,Sukamaju,Tebet,Tangerang,Banten,ISLAM,Cerai Mati,Wiraswasta,WNI,SEUMUR HIDUP
DKC001650,3671010203661650,Dedi Gunawan,Tangerang,1966-03-02,Laki-Laki,O,Jl. Hidayat No. 119,002/004,Sukamaju,Serpong,Tangerang,Banten,HINDU,Belum Menikah,Wiraswasta,WNI,SEUMUR HIDUP
DKC001651,3172012106011651,Andi Saputra,Jakarta Utara,2001-06-21,Laki-Laki,O,Jl. Siregar No. 11,012/009,Bintaro,Tebet,Jakarta Utara,DKI Jakarta,KONGHUCU,Cerai Mati,Wiraswasta,WNI,SEUMUR HIDUP
DKC001652,3174016901011652,Wulan Pratama,Jakarta Selatan,2001-01-29,Perempuan,AB,Jl. Gunawan No. 72,012/007,Sukajadi,Bekasi Timur,Jakarta Selatan,DKI Jakarta,ISLAM,Belum Menikah,Wiraswasta,WNI,SEUMUR HIDUP
DKC001653,3271012909781653,Ahmad Santoso,Bogor,1978-09-29,Laki-Laki,B,Jl. Permana No. 14,003/004,Duren Sawit,Cengkareng,Bogor,Jawa Barat,KRISTEN,Belum Menikah,Wiraswasta,WNI,SEUMUR HIDUP
DKC001654,3671015009651654,Wulan Kurniawan,Tangerang,1965-09-10,Perempuan,B,Jl. Gunawan No. 47,004/010,Duren Sawit,Tebet,Tangerang,Banten,KRISTEN,Menikah,Wiraswasta,WNI,SEUMUR HIDUP
DKC001655,3674014102731655,Lestari Panjaitan,Tangerang Selatan,1973-02-01,Perempuan,O,Jl. Simanjuntak No. 6,004/003,Cipete,Serpong,Tangerang Selatan,Jawa Barat,KONGHUCU,Cerai Hidup,Wiraswasta,WNI,SEUMUR HIDUP
DKC001656,3173014705831656,Ani Nugroho,Jakarta Barat,1983-05-07,Perempuan,A,Jl. Tanjung No. 120,010/005,Sukamaju,Serpong,Jakarta Barat,DKI Jakarta,KRISTEN,Cerai Hidup,Wiraswasta,WNI,SEUMUR HIDUP
DKC001657,3271014901701657,Kartika Hutapea,Bogor,1970-01-09,Perempuan,O,Jl. Wijaya No. 34,002/002,Sukajadi,Cengkareng,Bogor,Jawa Barat,BUDDHA,Menikah,Wiraswasta,WNI,SEUMUR HIDUP
DKC001658,3671012412981658,Yudi Permana,Tangerang,1998-12-24,Laki-Laki,AB,Jl. Panjaitan No. 138,007/005,Bintaro,Sukmajaya,Tangerang,Banten,HINDU,Cerai Mati,Wiraswasta,WNI,SEUMUR HIDUP
DKC001659,3275010806651659,Yusuf Suryadi,Bekasi,1965-06-08,Laki-Laki,AB,Jl. Susanto No. 117,005/001,Kebon Baru,Bekasi Timur,Bekasi,Jawa Barat,KONGHUCU,Menikah,Wiraswasta,WNI,SEUMUR HIDUP
DKC001660,3271011910921660,Taufik Wijaya,Bogor,1992-10-19,Laki-Laki,B,Jl. Kurniawan No. 112,005/001,Sukamaju,Bekasi Timur,Bogor,Jawa Barat,BUDDHA,Belum Menikah,Wiraswasta,WNI,SEUMUR HIDUP
DKC001661,3671016405021661,Nina Panjaitan,Tangerang,2002-05-24,Perempuan,B,Jl. Gunawan No. 59,005/009,Duren Sawit,Sukmajaya,Tangerang,Banten,HINDU,Cerai Hidup,Wiraswasta,WNI,SEUMUR HIDUP
DKC001662,3174015901751662,Dewi Kusuma,Jakarta Selatan,1975-01-19,Perempuan,O,Jl. Gunawan No. 71,007/003,Cempaka Putih,Serpong,Jakarta Selatan,DKI Jakarta,ISLAM,Belum Menikah,Wiraswasta,WNI,SEUMUR HIDUP
DKC001663,3671011510951663,Hendra Hidayat,Tangerang,1995-10-15,Laki-Laki,B,Jl. Santoso No. 92,006/001,Kebon Baru,Kramat Jati,Tangerang,Banten,ISLAM,Menikah,Wiraswasta,WNI,SEUMUR HIDUP
DKC001664,3671012702761664,Budi Rahman,Tangerang,1976-02-27,Laki-Laki,AB,Jl. Panjaitan No. 104,008/004,Sukajadi,Sukmajaya,Tangerang,Banten,ISLAM,Menikah,Wiraswasta,WNI,SEUMUR HIDUP
DKC001665,3173012310001665,Rizky Firmansyah,Jakarta Barat,2000-10-23,Laki-Laki,A,Jl. Santoso No. 149,002/007,Cempaka Putih,Kramat Jati,Jakarta Barat,DKI Jakarta,KRISTEN,Cerai Mati,Wiraswasta,WNI,SEUMUR HIDUP
DKC001666,3671011303981666,Krisna Suryadi,Tangerang,1998-03-13,Laki-Laki,A,Jl. Wibowo No. 3,009/006,Duren Sawit,Sukmajaya,Tangerang,Banten,ISLAM,Cerai Mati,Wiraswasta,WNI,SEUMUR HIDUP
DKC001667,3174015104671667,Indah Wibowo,Jakarta Selatan,1967-04-11,Perempuan,A,Jl. Simanjuntak No. 132,005/004,Kebon Baru,Bekasi Timur,Jakarta Selatan,DKI Jakarta,ISLAM,Menikah,Wiraswasta,WNI,SEUMUR HIDUP
DKC001668,3172012710681668,Hadi Kurniawan,Jakarta Utara,1968-10-27,Laki-Laki,AB,Jl. Kurniawan No. 143,011/006,Duren Sawit,Cengkareng,Jakarta Utara,DKI Jakarta,BUDDHA,Belum Menikah,Wiraswasta,WNI,SEUMUR HIDUP
DKC001669,3175014802011669,Wulan Santoso,Jakarta Timur,2001-02-08,Perempuan,A,Jl. Kurniawan No. 93,004/006,Kebon Baru,Cengkareng,Jakarta Timur,DKI Jakarta,HINDU,Cerai Mati,Wiraswasta,WNI,SEUMUR HIDUP
DKC001670,3271011709771670,Hadi Gunawan,Bogor,1977-09-17,Laki-Laki,AB,Jl. Wibowo No. 111,008/003,Sukamaju,Tebet,Bogor,Jawa Barat,ISLAM,Belum Menikah,Wiraswasta,WNI,SEUMUR HIDUP
DKC001671,3671014405011671,Melati Tanjung,Tangerang,2001-05-04,Perempuan,B,Jl. Hutapea No. 139,002/009,Cempaka Putih,Kramat Jati,Tangerang,Banten,KONGHUCU,Belum Menikah,Wiraswasta,WNI,SEUMUR HIDUP
DKC001672,3275015209711672,Nina Situmorang,Bekasi,1971-09-12,Perempuan,O,Jl. Setiawan No. 9,009/006,Sukajadi,Bekasi Timur,Bekasi,Jawa Barat,KATOLIK,Cerai Hidup,Wiraswasta,WNI,SEUMUR HIDUP
DKC001673,3276011906831673,Hadi Nugroho,Depok,1983-06-19,Laki-Laki,AB,Jl. Pratama No. 57,006/008,Sukamaju,Tebet,Depok,Jawa Barat,KATOLIK,Menikah,Wiraswasta,WNI,SEUMUR HIDUP
DKC001674,3671013009891674,Iwan Saputra,Tangerang,1989-09-30,Laki-Laki,AB,Jl. Saputra No. 141,002/007,Sukajadi,Serpong,Tangerang,Banten,KRISTEN,Cerai Hidup,Wiraswasta,WNI,SEUMUR HIDUP
DKC001675,3674015802701675,Rita Santoso,Tangerang Selatan,1970-02-18,Perempuan,A,Jl. Wijaya No. 119,010/003,Kebon Baru,Tebet,Tangerang Selatan,Jawa Barat,KATOLIK,Cerai Mati,Wiraswasta,WNI,SEUMUR HIDUP
DKC001676,3171015103901676,Siti Wijaya,Jakarta Pusat,1990-03-11,Perempuan,B,Jl. Kusuma No. 37,008/002,Sukamaju,Tebet,Jakarta Pusat,DKI Jakarta,KONGHUCU,Belum Menikah,Wiraswasta,WNI,SEUMUR HIDUP
DKC001677,3671013001681677,Bayu Setiawan,Tangerang,1968-01-30,Laki-Laki,AB,Jl. Kurniawan No. 33,001/005,Rawa Bunga,Tebet,Tangerang,Banten,HINDU,Cerai Mati,Wiraswasta,WNI,SEUMUR HIDUP
DKC001678,3175017112781678,Tri Gunawan,Jakarta Timur,1978-12-31,Perempuan,O,Jl. Panjaitan No. 12,005/003,Cempaka Putih,Bekasi Timur,Jakarta Timur,DKI Jakarta,HINDU,Belum Menikah,Wiraswasta,WNI,SEUMUR HIDUP
DKC001679,3172015412681679,Putri Santoso,Jakarta Utara,1968-12-14,Perempuan,AB,Jl. Nugroho No. 2,006/008,Kebon Baru,Serpong,Jakarta Utara,DKI Jakarta,KATOLIK,Cerai Mati,Wiraswasta,WNI,SEUMUR HIDUP
DKC001680,3674012309681680,Wahyu Nugroho,Tangerang Selatan,1968-09-23,Laki-Laki,O,Jl. Permana No. 137,003/003,Rawa Bunga,Tebet,Tangerang Selatan,Jawa Barat,KONGHUCU,Belum Menikah,Wiraswasta,WNI,SEUMUR HIDUP
DKC001681,3674014403651681,Yanti Pratama,Tangerang Selatan,1965-03-04,Perempuan,O,Jl. Permana No. 100,006/007,Cempaka Putih,Kramat Jati,Tangerang Selatan,Jawa Barat,KATOLIK,Menikah,Wiraswasta,WNI,SEUMUR HIDUP
DKC001682,3671016811871682,Melati Permana,Tangerang,1987-11-28,Perempuan,AB,Jl. Simanjuntak No. 76,008/008,Sukajadi,Serpong,Tangerang,Banten,KRISTEN,Menikah,Wiraswasta,WNI,SEUMUR HIDUP
DKC001683,3173011911691683,Rudi Santoso,Jakarta Barat,1969-11-19,Laki-Laki,AB,Jl. Kusuma No. 145,008/005,Cempaka Putih,Kramat Jati,Jakarta Barat,DKI Jakarta,KRISTEN,Cerai Hidup,Wiraswasta,WNI,SEUMUR HIDUP
DKC001684,3275015310781684,Retno Hidayat,Bekasi,1978-10-13,Perempuan,O,Jl. Panjaitan No. 97,009/003,Sukajadi,Kramat Jati,Bekasi,Jawa Barat,ISLAM,Cerai Hidup,Wiraswasta,WNI,SEUMUR HIDUP
DKC001685,3671014405721685,Kartika Firmansyah,Tangerang,1972-05-04,Perempuan,AB,Jl. Firmansyah No. 148,003/001,Cipete,Serpong,Tangerang,Banten,KONGHUCU,Cerai Hidup,Wiraswasta,WNI,SEUMUR HIDUP
DKC001686,3174017001951686,Sari Kurniawan,Jakarta Selatan,1995-01-30,Perempuan,O,Jl. Situmorang No. 51,009/009,Sukajadi,Sukmajaya,Jakarta Selatan,DKI Jakarta,KRISTEN,Cerai Mati,Wiraswasta,WNI,SEUMUR HIDUP
DKC001687,3276010510781687,Budi Lubis,Depok,1978-10-05,Laki-Laki,B,Jl. Gunawan No. 74,009/009,Cempaka Putih,Serpong,Depok,Jawa Barat,ISLAM,Cerai Hidup,Wiraswasta,WNI,SEUMUR HIDUP
DKC001688,3674016508761688,Dian Santoso,Tangerang Selatan,1976-08-25,Perempuan,A,Jl. Halim No. 26,002/001,Cempaka Putih,Tebet,Tangerang Selatan,Jawa Barat,KRISTEN,Cerai Hidup,Wiraswasta,WNI,SEUMUR HIDUP
DKC001689,3671014909681689,Yuni Lubis,Tangerang,1968-09-09,Perempuan,B,Jl. Nugroho No. 8,002/007,Sukamaju,Cengkareng,Tangerang,Banten,BUDDHA,Cerai Mati,Wiraswasta,WNI,SEUMUR HIDUP
DKC001690,3276010507691690,Fauzi Nugroho,Depok,1969-07-05,Laki-Laki,O,Jl. Wijaya No. 15,004/003,Sukamaju,Serpong,Depok,Jawa Barat,KRISTEN,Menikah,Wiraswasta,WNI,SEUMUR HIDUP
DKC001691,3671014608681691,Dian Siregar,Tangerang,1968-08-06,Perempuan,A,Jl. Firmansyah No. 9,001/004,Duren Sawit,Bekasi Timur,Tangerang,Banten,ISLAM,Belum Menikah,Wiraswasta,WNI,SEUMUR HIDUP
DKC001692,3275011506911692,Doni Hutapea,Bekasi,1991-06-15,Laki-Laki,O,Jl. Situmorang No. 143,007/001,Sukajadi,Serpong,Bekasi,Jawa Barat,HINDU,Belum Menikah,Wiraswasta,WNI,SEUMUR HIDUP
DKC001693,3671015805971693,Yanti Hutapea,Tangerang,1997-05-18,Perempuan,AB,Jl. Saputra No. 149,011/005,Bintaro,Sukmajaya,Tangerang,Banten,KATOLIK,Cerai Hidup,Wiraswasta,WNI,SEUMUR HIDUP
DKC001694,3171011708841694,Gunawan Saputra,Jakarta Pusat,1984-08-17,Laki-Laki,AB,Jl. Nugroho No. 87,009/003,Sukajadi,Tebet,Jakarta Pusat,DKI Jakarta,HINDU,Belum Menikah,Wiraswasta,WNI,SEUMUR HIDUP
DKC001695,3173014503711695,Ayu Panjaitan,Jakarta Barat,1971-03-05,Perempuan,O,Jl. Simanjuntak No. 15,012/004,Bintaro,Tebet,Jakarta Barat,DKI Jakarta,HINDU,Menikah,Wiraswasta,WNI,SEUMUR HIDUP
DKC001696,3671015512991696,Siti Rahman,Tangerang,1999-12-15,Perempuan,O,Jl. Setiawan No. 34,004/010,Cipete,Cengkareng,Tangerang,Banten,HINDU,Cerai Mati,Wiraswasta,WNI,SEUMUR HIDUP
DKC001697,3271012707021697,Arif Hidayat,Bogor,2002-07-27,Laki-Laki,B,Jl. Wijaya No. 115,007/009,Sukajadi,Tebet,Bogor,Jawa Barat,KRISTEN,Cerai Hidup,Wiraswasta,WNI,SEUMUR HIDUP
DKC001698,3671010903001698,Sutrisno Panjaitan,Tangerang,2000-03-09,Laki-Laki,AB,Jl. Suryadi No. 129,001/001,Cempaka Putih,Serpong,Tangerang,Banten,KATOLIK,Cerai Hidup,Wiraswasta,WNI,SEUMUR HIDUP
DKC001699,3171012409821699,Yudi Situmorang,Jakarta Pusat,1982-09-24,Laki-Laki,B,Jl. Pratama No. 32,007/010,Sukamaju,Bekasi Timur,Jakarta Pusat,DKI Jakarta,BUDDHA,Cerai Mati,Wiraswasta,WNI,SEUMUR HIDUP
DKC001700,3674016211941700,Anggi Suryadi,Tangerang Selatan,1994-11-22,Perempuan,O,Jl. Santoso No. 100,008/006,Sukajadi,Bekasi Timur,Tangerang Selatan,Jawa Barat,BUDDHA,Menikah,Wiraswasta,WNI,SEUMUR HIDUP
DKC001701,3671010501691701,Taufik Halim,Tangerang,1969-01-05,Laki-Laki,AB,Jl. Wijaya No. 30,007/005,Cempaka Putih,Bekasi Timur,Tangerang,Banten,ISLAM,Menikah,Wiraswasta,WNI,SEUMUR HIDUP
DKC001702,3171017004811702,Suryani Santoso,Jakarta Pusat,1981-04-30,Perempuan,A,Jl. Tanjung No. 134,005/003,Duren Sawit,Kramat Jati,Jakarta Pusat,DKI Jakarta,KONGHUCU,Menikah,Wiraswasta,WNI,SEUMUR HIDUP
DKC001703,3271010108871703,Taufik Setiawan,Bogor,1987-08-01,Laki-Laki,A,Jl. Nugroho No. 7,001/005,Sukajadi,Serpong,Bogor,Jawa Barat,HINDU,Menikah,Wiraswasta,WNI,SEUMUR HIDUP
DKC001704,3171011207691704,Eko Nugroho,Jakarta Pusat,1969-07-12,Laki-Laki,AB,Jl. Kurniawan No. 97,008/006,Cipete,Serpong,Jakarta Pusat,DKI Jakarta,KATOLIK,Cerai Mati,Wiraswasta,WNI,SEUMUR HIDUP
DKC001705,3671011006751705,Fajar Lubis,Tangerang,1975-06-10,Laki-Laki,AB,Jl. Rahman No. 24,002/001,Rawa Bunga,Tebet,Tangerang,Banten,ISLAM,Cerai Hidup,Wiraswasta,WNI,SEUMUR HIDUP
DKC001706,3173014609871706,Ika Firmansyah,Jakarta Barat,1987-09-06,Perempuan,O,Jl. Saputra No. 82,008/004,Rawa Bunga,Cengkareng,Jakarta Barat,DKI Jakarta,KONGHUCU,Menikah,Wiraswasta,WNI,SEUMUR HIDUP
DKC001707,3173010702871707,Arif Situmorang,Jakarta Barat,1987-02-07,Laki-Laki,AB,Jl. Saputra No. 35,004/010,Rawa Bunga,Sukmajaya,Jakarta Barat,DKI Jakarta,HINDU,Menikah,Wiraswasta,WNI,SEUMUR HIDUP
DKC001708,3173016504031708,Maya Firmansyah,Jakarta Barat,2003-04-25,Perempuan,A,Jl. Situmorang No. 119,003/004,Cipete,Tebet,Jakarta Barat,DKI Jakarta,KRISTEN,Cerai Hidup,Wiraswasta,WNI,SEUMUR HIDUP
DKC001709,3671015408991709,Ika Situmorang,Tangerang,1999-08-14,Perempuan,AB,Jl. Permana No. 119,008/003,Sukamaju,Cengkareng,Tangerang,Banten,ISLAM,Cerai Mati,Wiraswasta,WNI,SEUMUR HIDUP
DKC001710,3174010402021710,Budi Suryadi,Jakarta Selatan,2002-02-04,Laki-Laki,O,Jl. Saputra No. 93,007/005,Bintaro,Sukmajaya,Jakarta Selatan,DKI Jakarta,KONGHUCU,Belum Menikah,Wiraswasta,WNI,SEUMUR HIDUP
DKC001711,3171016005691711,Yanti Panjaitan,Jakarta Pusat,1969-05-20,Perempuan,O,Jl. Gunawan No. 79,004/009,Sukamaju,Kramat Jati,Jakarta Pusat,DKI Jakarta,HINDU,Cerai Hidup,Wiraswasta,WNI,SEUMUR HIDUP
DKC001712,3671012708961712,Fauzi Susanto,Tangerang,1996-08-27,Laki-Laki,O,Jl. Lubis No. 47,007/001,Cempaka Putih,Sukmajaya,Tangerang,Banten,KRISTEN,Cerai Hidup,Wiraswasta,WNI,SEUMUR HIDUP
DKC001713,3674015408711713,Tri Situmorang,Tangerang Selatan,1971-08-14,Perempuan,O,Jl. Pratama No. 143,009/005,Sukamaju,Bekasi Timur,Tangerang Selatan,Jawa Barat,HINDU,Cerai Mati,Wiraswasta,WNI,SEUMUR HIDUP
DKC001714,3674016508951714,Wulan Santoso,Tangerang Selatan,1995-08-25,Perempuan,B,Jl. Setiawan No. 123,002/004,Rawa Bunga,Kramat Jati,Tangerang Selatan,Jawa Barat,KONGHUCU,Cerai Mati,Wiraswasta,WNI,SEUMUR HIDUP
DKC001715,3175017101921715,Ika Hutapea,Jakarta Timur,1992-01-31,Perempuan,B,Jl. Hidayat No. 136,007/009,Bintaro,Sukmajaya,Jakarta Timur,DKI Jakarta,ISLAM,Cerai Mati,Wiraswasta,WNI,SEUMUR HIDUP
DKC001716,3671011207911716,Yudi Firmansyah,Tangerang,1991-07-12,Laki-Laki,B,Jl. Pratama No. 15,012/006,Rawa Bunga,Kramat Jati,Tangerang,Banten,KATOLIK,Menikah,Wiraswasta,WNI,SEUMUR HIDUP
DKC001717,3671015104861717,Retno Santoso,Tangerang,1986-04-11,Perempuan,B,Jl. Siregar No. 108,012/002,Rawa Bunga,Sukmajaya,Tangerang,Banten,HINDU,Cerai Mati,Wiraswasta,WNI,SEUMUR HIDUP
DKC001718,3276014208951718,Tri Santoso,Depok,1995-08-02,Perempuan,AB,Jl. Permana No. 116,001/008,Bintaro,Bekasi Timur,Depok,Jawa Barat,KONGHUCU,Cerai Hidup,Wiraswasta,WNI,SEUMUR HIDUP
DKC001719,3275016704911719,Indah Pratama,Bekasi,1991-04-27,Perempuan,A,Jl. Nugroho No. 135,005/003,Cempaka Putih,Bekasi Timur,Bekasi,Jawa Barat,KRISTEN,Cerai Mati,Wiraswasta,WNI,SEUMUR HIDUP
DKC001720,3171010509671720,Hadi Panjaitan,Jakarta Pusat,1967-09-05,Laki-Laki,B,Jl. Pratama No. 38,008/002,Sukajadi,Tebet,Jakarta Pusat,DKI Jakarta,HINDU,Cerai Hidup,Wiraswasta,WNI,SEUMUR HIDUP
DKC001721,3173015310691721,Ika Simanjuntak,Jakarta Barat,1969-10-13,Perempuan,O,Jl. Pratama No. 15,005/003,Rawa Bunga,Tebet,Jakarta Barat,DKI Jakarta,KATOLIK,Cerai Hidup,Wiraswasta,WNI,SEUMUR HIDUP
DKC001722,3174016410811722,Rita Rahman,Jakarta Selatan,1981-10-24,Perempuan,B,Jl. Saputra No. 109,010/001,Kebon Baru,Sukmajaya,Jakarta Selatan,DKI Jakarta,KRISTEN,Belum Menikah,Wiraswasta,WNI,SEUMUR HIDUP
DKC001723,3671010507901723,Bayu Pratama,Tangerang,1990-07-05,Laki-Laki,A,Jl. Saputra No. 69,003/007,Duren Sawit,Bekasi Timur,Tangerang,Banten,ISLAM,Menikah,Wiraswasta,WNI,SEUMUR HIDUP
DKC001724,3173014311851724,Dian Santoso,Jakarta Barat,1985-11-03,Perempuan,A,Jl. Hidayat No. 21,007/004,Bintaro,Tebet,Jakarta Barat,DKI Jakarta,KATOLIK,Menikah,Wiraswasta,WNI,SEUMUR HIDUP
DKC001725,3171011504731725,Bambang Siregar,Jakarta Pusat,1973-04-15,Laki-Laki,O,Jl. Suryadi No. 47,005/005,Cipete,Sukmajaya,Jakarta Pusat,DKI Jakarta,KRISTEN,Menikah,Wiraswasta,WNI,SEUMUR HIDUP
DKC001726,3674014806841726,Sri Siregar,Tangerang Selatan,1984-06-08,Perempuan,B,Jl. Rahman No. 2,009/004,Sukamaju,Serpong,Tangerang Selatan,Jawa Barat,HINDU,Cerai Hidup,Wiraswasta,WNI,SEUMUR HIDUP
DKC001727,3271015711691727,Dewi Pratama,Bogor,1969-11-17,Perempuan,B,Jl. Panjaitan No. 58,003/008,Cempaka Putih,Bekasi Timur,Bogor,Jawa Barat,KRISTEN,Menikah,Wiraswasta,WNI,SEUMUR HIDUP
DKC001728,3173012012741728,Bayu Siregar,Jakarta Barat,1974-12-20,Laki-Laki,AB,Jl. Tanjung No. 13,005/010,Cipete,Tebet,Jakarta Barat,DKI Jakarta,KRISTEN,Cerai Mati,Wiraswasta,WNI,SEUMUR HIDUP
DKC001729,3671015912011729,Novi Wibowo,Tangerang,2001-12-19,Perempuan,B,Jl. Suryadi No. 43,009/005,Rawa Bunga,Kramat Jati,Tangerang,Banten,BUDDHA,Cerai Mati,Wiraswasta,WNI,SEUMUR HIDUP
DKC001730,3671015901661730,Nina Panjaitan,Tangerang,1966-01-19,Perempuan,O,Jl. Panjaitan No. 1,009/009,Cipete,Cengkareng,Tangerang,Banten,ISLAM,Cerai Mati,Wiraswasta,WNI,SEUMUR HIDUP
DKC001731,3275015108721731,Maya Situmorang,Bekasi,1972-08-11,Perempuan,A,Jl. Rahman No. 3,011/002,Cempaka Putih,Sukmajaya,Bekasi,Jawa Barat,ISLAM,Belum Menikah,Wiraswasta,WNI,SEUMUR HIDUP
DKC001732,3271010507011732,Doni Kurniawan,Bogor,2001-07-05,Laki-Laki,B,Jl. Simanjuntak No. 9,005/005,Sukamaju,Sukmajaya,Bogor,Jawa Barat,KRISTEN,Belum Menikah,Wiraswasta,WNI,SEUMUR HIDUP
DKC001733,3171011010721733,Rudi Hidayat,Jakarta Pusat,1972-10-10,Laki-Laki,A,Jl. Pratama No. 63,006/002,Sukamaju,Kramat Jati,Jakarta Pusat,DKI Jakarta,KATOLIK,Cerai Hidup,Wiraswasta,WNI,SEUMUR HIDUP
DKC001734,3172016009971734,Anggi Wijaya,Jakarta Utara,1997-09-20,Perempuan,B,Jl. Gunawan No. 73,006/001,Kebon Baru,Bekasi Timur,Jakarta Utara,DKI Jakarta,BUDDHA,Cerai Hidup,Wiraswasta,WNI,SEUMUR HIDUP
DKC001735,3171011104721735,Iwan Hidayat,Jakarta Pusat,1972-04-11,Laki-Laki,AB,Jl. Nugroho No. 101,003/010,Cipete,Kramat Jati,Jakarta Pusat,DKI Jakarta,ISLAM,Menikah,Wiraswasta,WNI,SEUMUR HIDUP
DKC001736,3671017006701736,Rita Panjaitan,Tangerang,1970-06-30,Perempuan,B,Jl. Firmansyah No. 70,002/003,Sukamaju,Bekasi Timur,Tangerang,Banten,KATOLIK,Cerai Mati,Wiraswasta,WNI,SEUMUR HIDUP
DKC001737,3671015407671737,Suryani Simanjuntak,Tangerang,1967-07-14,Perempuan,A,Jl. Setiawan No. 63,008/007,Kebon Baru,Tebet,Tangerang,Banten,HINDU,Cerai Mati,Wiraswasta,WNI,SEUMUR HIDUP
DKC001738,3276015112671738,Rita Halim,Depok,1967-12-11,Perempuan,A,Jl. Wibowo No. 47,010/005,Sukajadi,Sukmajaya,Depok,Jawa Barat,KRISTEN,Cerai Mati,Wiraswasta,WNI,SEUMUR HIDUP
DKC001739,3671015002731739,Nina Saputra,Tangerang,1973-02-10,Perempuan,O,Jl. Suryadi No. 20,012/004,Sukajadi,Bekasi Timur,Tangerang,Banten,KATOLIK,Belum Menikah,Wiraswasta,WNI,SEUMUR HIDUP
DKC001740,3674015604791740,Wulan Permana,Tangerang Selatan,1979-04-16,Perempuan,B,Jl. Lubis No. 131,011/007,Duren Sawit,Bekasi Timur,Tangerang Selatan,Jawa Barat,ISLAM,Belum Menikah,Wiraswasta,WNI,SEUMUR HIDUP
DKC001741,3275011402851741,Bayu Simanjuntak,Bekasi,1985-02-14,Laki-Laki,B,Jl. Santoso No. 2,010/010,Cempaka Putih,Serpong,Bekasi,Jawa Barat,KONGHUCU,Cerai Hidup,Wiraswasta,WNI,SEUMUR HIDUP
DKC001742,3275016807731742,Anggi Setiawan,Bekasi,1973-07-28,Perempuan,B,Jl. Hutapea No. 28,002/006,Kebon Baru,Cengkareng,Bekasi,Jawa Barat,KATOLIK,Menikah,Wiraswasta,WNI,SEUMUR HIDUP
DKC001743,3171014307691743,Ani Firmansyah,Jakarta Pusat,1969-07-03,Perempuan,A,Jl. Susanto No. 61,011/001,Bintaro,Bekasi Timur,Jakarta Pusat,DKI Jakarta,BUDDHA,Cerai Mati,Wiraswasta,WNI,SEUMUR HIDUP
DKC001744,3671011710811744,Wahyu Suryadi,Tangerang,1981-10-17,Laki-Laki,AB,Jl. Setiawan No. 40,002/009,Kebon Baru,Serpong,Tangerang,Banten,KATOLIK,Cerai Hidup,Wiraswasta,WNI,SEUMUR HIDUP
DKC001745,3671012807781745,Taufik Pratama,Tangerang,1978-07-28,Laki-Laki,O,Jl. Handoko No. 11,007/008,Cipete,Sukmajaya,Tangerang,Banten,KRISTEN,Belum Menikah,Wiraswasta,WNI,SEUMUR HIDUP
DKC001746,3671012211801746,Doni Pratama,Tangerang,1980-11-22,Laki-Laki,A,Jl. Halim No. 15,003/006,Bintaro,Serpong,Tangerang,Banten,BUDDHA,Cerai Hidup,Wiraswasta,WNI,SEUMUR HIDUP
DKC001747,3671016207931747,Indah Wijaya,Tangerang,1993-07-22,Perempuan,AB,Jl. Panjaitan No. 135,009/004,Cempaka Putih,Cengkareng,Tangerang,Banten,KONGHUCU,Cerai Mati,Wiraswasta,WNI,SEUMUR HIDUP
DKC001748,3174014703981748,Wulan Wibowo,Jakarta Selatan,1998-03-07,Perempuan,AB,Jl. Wibowo No. 124,003/010,Cempaka Putih,Cengkareng,Jakarta Selatan,DKI Jakarta,KATOLIK,Belum Menikah,Wiraswasta,WNI,SEUMUR HIDUP
DKC001749,3172017007821749,Desi Halim,Jakarta Utara,1982-07-30,Perempuan,B,Jl. Rahman No. 41,003/003,Rawa Bunga,Tebet,Jakarta Utara,DKI Jakarta,ISLAM,Belum Menikah,Wiraswasta,WNI,SEUMUR HIDUP
DKC001750,3671015507721750,Desi Lubis,Tangerang,1972-07-15,Perempuan,AB,Jl. Suryadi No. 45,009/007,Kebon Baru,Sukmajaya,Tangerang,Banten,KATOLIK,Belum Menikah,Wiraswasta,WNI,SEUMUR HIDUP
DKC001751,3171010904771751,Andi Pratama,Jakarta Pusat,1977-04-09,Laki-Laki,A,Jl. Susanto No. 146,010/003,Sukamaju,Tebet,Jakarta Pusat,DKI Jakarta,BUDDHA,Cerai Mati,Wiraswasta,WNI,SEUMUR HIDUP
DKC001752,3275015101711752,Sri Hutapea,Bekasi,1971-01-11,Perempuan,O,Jl. Wibowo No. 1,005/006,Sukamaju,Sukmajaya,Bekasi,Jawa Barat,KATOLIK,Cerai Mati,Wiraswasta,WNI,SEUMUR HIDUP
DKC001753,3271010901941753,Hendra Kurniawan,Bogor,1994-01-09,Laki-Laki,A,Jl. Santoso No. 60,010/002,Sukamaju,Serpong,Bogor,Jawa Barat,ISLAM,Belum Menikah,Wiraswasta,WNI,SEUMUR HIDUP
DKC001754,3172011010921754,Rudi Situmorang,Jakarta Utara,1992-10-10,Laki-Laki,B,Jl. Setiawan No. 42,005/008,Sukajadi,Tebet,Jakarta Utara,DKI Jakarta,BUDDHA,Belum Menikah,Wiraswasta,WNI,SEUMUR HIDUP
DKC001755,3671014211831755,Anggi Santoso,Tangerang,1983-11-02,Perempuan,A,Jl. Kusuma No. 37,008/008,Sukamaju,Cengkareng,Tangerang,Banten,HINDU,Cerai Hidup,Wiraswasta,WNI,SEUMUR HIDUP
DKC001756,3671015104021756,Ani Lubis,Tangerang,2002-04-11,Perempuan,A,Jl. Handoko No. 112,003/007,Duren Sawit,Kramat Jati,Tangerang,Banten,KONGHUCU,Cerai Hidup,Wiraswasta,WNI,SEUMUR HIDUP
DKC001757,3276010910851757,Budi Siregar,Depok,1985-10-09,Laki-Laki,B,Jl. Hidayat No. 70,007/002,Bintaro,Bekasi Timur,Depok,Jawa Barat,KONGHUCU,Belum Menikah,Wiraswasta,WNI,SEUMUR HIDUP
DKC001758,3171011304001758,Sutrisno Saputra,Jakarta Pusat,2000-04-13,Laki-Laki,O,Jl. Saputra No. 4,011/010,Duren Sawit,Cengkareng,Jakarta Pusat,DKI Jakarta,KONGHUCU,Menikah,Wiraswasta,WNI,SEUMUR HIDUP
DKC001759,3174015506821759,Lestari Setiawan,Jakarta Selatan,1982-06-15,Perempuan,AB,Jl. Firmansyah No. 74,002/004,Bintaro,Kramat Jati,Jakarta Selatan,DKI Jakarta,HINDU,Cerai Mati,Wiraswasta,WNI,SEUMUR HIDUP
DKC001760,3674016609981760,Ayu Halim,Tangerang Selatan,1998-09-26,Perempuan,A,Jl. Permana No. 54,005/010,Duren Sawit,Kramat Jati,Tangerang Selatan,Jawa Barat,BUDDHA,Menikah,Wiraswasta,WNI,SEUMUR HIDUP
DKC001761,3173015509791761,Melati Permana,Jakarta Barat,1979-09-15,Perempuan,AB,Jl. Saputra No. 131,009/008,Sukamaju,Tebet,Jakarta Barat,DKI Jakarta,HINDU,Belum Menikah,Wiraswasta,WNI,SEUMUR HIDUP
DKC001762,3174012607721762,Bambang Hutapea,Jakarta Selatan,1972-07-26,Laki-Laki,AB,Jl. Rahman No. 57,008/005,Duren Sawit,Cengkareng,Jakarta Selatan,DKI Jakarta,ISLAM,Cerai Mati,Wiraswasta,WNI,SEUMUR HIDUP
DKC001763,3674011201001763,Fajar Firmansyah,Tangerang Selatan,2000-01-12,Laki-Laki,AB,Jl. Hidayat No. 129,007/010,Duren Sawit,Bekasi Timur,Tangerang Selatan,Jawa Barat,BUDDHA,Menikah,Wiraswasta,WNI,SEUMUR HIDUP
DKC001764,3671010806981764,Rudi Susanto,Tangerang,1998-06-08,Laki-Laki,B,Jl. Wibowo No. 36,007/009,Sukamaju,Cengkareng,Tangerang,Banten,KONGHUCU,Cerai Mati,Wiraswasta,WNI,SEUMUR HIDUP
DKC001765,3271010211671765,Yusuf Kusuma,Bogor,1967-11-02,Laki-Laki,A,Jl. Santoso No. 87,004/009,Rawa Bunga,Serpong,Bogor,Jawa Barat,KATOLIK,Cerai Mati,Wiraswasta,WNI,SEUMUR HIDUP
DKC001766,3271014907751766,Sri Kurniawan,Bogor,1975-07-09,Perempuan,AB,Jl. Situmorang No. 5,001/010,Kebon Baru,Bekasi Timur,Bogor,Jawa Barat,BUDDHA,Menikah,Wiraswasta,WNI,SEUMUR HIDUP
DKC001767,3175014412861767,Yanti Permana,Jakarta Timur,1986-12-04,Perempuan,O,Jl. Panjaitan No. 25,005/004,Bintaro,Sukmajaya,Jakarta Timur,DKI Jakarta,BUDDHA,Cerai Hidup,Wiraswasta,WNI,SEUMUR HIDUP
DKC001768,3173016408971768,Yuni Suryadi,Jakarta Barat,1997-08-24,Perempuan,O,Jl. Kurniawan No. 139,008/006,Cipete,Cengkareng,Jakarta Barat,DKI Jakarta,HINDU,Cerai Mati,Wiraswasta,WNI,SEUMUR HIDUP
DKC001769,3173012910891769,Sutrisno Wibowo,Jakarta Barat,1989-10-29,Laki-Laki,A,Jl. Halim No. 77,012/002,Rawa Bunga,Sukmajaya,Jakarta Barat,DKI Jakarta,KONGHUCU,Menikah,Wiraswasta,WNI,SEUMUR HIDUP
DKC001770,3276011711901770,Dedi Suryadi,Depok,1990-11-17,Laki-Laki,A,Jl. Santoso No. 133,005/006,Sukamaju,Serpong,Depok,Jawa Barat,HINDU,Cerai Mati,Wiraswasta,WNI,SEUMUR HIDUP
DKC001771,3674011010981771,Bambang Nugroho,Tangerang Selatan,1998-10-10,Laki-Laki,O,Jl. Wijaya No. 87,001/004,Kebon Baru,Bekasi Timur,Tangerang Selatan,Jawa Barat,KATOLIK,Cerai Mati,Wiraswasta,WNI,SEUMUR HIDUP
DKC001772,3674010112931772,Yusuf Santoso,Tangerang Selatan,1993-12-01,Laki-Laki,O,Jl. Lubis No. 55,001/007,Bintaro,Serpong,Tangerang Selatan,Jawa Barat,ISLAM,Belum Menikah,Wiraswasta,WNI,SEUMUR HIDUP
DKC001773,3674012206031773,Rian Pratama,Tangerang Selatan,2003-06-22,Laki-Laki,O,Jl. Siregar No. 72,002/010,Sukamaju,Sukmajaya,Tangerang Selatan,Jawa Barat,HINDU,Cerai Mati,Wiraswasta,WNI,SEUMUR HIDUP
DKC001774,3275015605821774,Yuni Kusuma,Bekasi,1982-05-16,Perempuan,O,Jl. Situmorang No. 53,010/007,Kebon Baru,Cengkareng,Bekasi,Jawa Barat,KONGHUCU,Belum Menikah,Wiraswasta,WNI,SEUMUR HIDUP
DKC001775,3671017110001775,Putri Santoso,Tangerang,2000-10-31,Perempuan,AB,Jl. Santoso No. 78,010/003,Cempaka Putih,Tebet,Tangerang,Banten,KONGHUCU,Cerai Mati,Wiraswasta,WNI,SEUMUR HIDUP
DKC001776,3671012604991776,Wahyu Tanjung,Tangerang,1999-04-26,Laki-Laki,A,Jl. Rahman No. 103,011/008,Sukamaju,Bekasi Timur,Tangerang,Banten,HINDU,Belum Menikah,Wiraswasta,WNI,SEUMUR HIDUP
DKC001777,3173012503991777,Fauzi Wijaya,Jakarta Barat,1999-03-25,Laki-Laki,B,Jl. Siregar No. 4,008/004,Cempaka Putih,Sukmajaya,Jakarta Barat,DKI Jakarta,BUDDHA,Menikah,Wiraswasta,WNI,SEUMUR HIDUP
DKC001778,3671011310831778,Ahmad Saputra,Tangerang,1983-10-13,Laki-Laki,AB,Jl. Situmorang No. 53,004/008,Sukajadi,Bekasi Timur,Tangerang,Banten,KONGHUCU,Menikah,Wiraswasta,WNI,SEUMUR HIDUP
DKC001779,3671015209721779,Kartika Susanto,Tangerang,1972-09-12,Perempuan,O,Jl. Siregar No. 75,003/001,Kebon Baru,Serpong,Tangerang,Banten,KONGHUCU,Belum Menikah,Wiraswasta,WNI,SEUMUR HIDUP
DKC001780,3175012707781780,Sutrisno Situmorang,Jakarta Timur,1978-07-27,Laki-Laki,A,Jl. Saputra No. 73,006/010,Cipete,Bekasi Timur,Jakarta Timur,DKI Jakarta,ISLAM,Cerai Mati,Wiraswasta,WNI,SEUMUR HIDUP
DKC001781,3674010807731781,Andi Simanjuntak,Tangerang Selatan,1973-07-08,Laki-Laki,A,Jl. Halim No. 67,010/009,Cempaka Putih,Cengkareng,Tangerang Selatan,Jawa Barat,KRISTEN,Cerai Hidup,Wiraswasta,WNI,SEUMUR HIDUP
DKC001782,3671011202001782,Yudi Wijaya,Tangerang,2000-02-12,Laki-Laki,A,Jl. Suryadi No. 138,002/007,Bintaro,Sukmajaya,Tangerang,Banten,ISLAM,Cerai Mati,Wiraswasta,WNI,SEUMUR HIDUP
DKC001783,3671016905951783,Sari Firmansyah,Tangerang,1995-05-29,Perempuan,A,Jl. Gunawan No. 136,010/001,Sukajadi,Bekasi Timur,Tangerang,Banten,KONGHUCU,Cerai Hidup,Wiraswasta,WNI,SEUMUR HIDUP
DKC001784,3671012809791784,Bayu Tanjung,Tangerang,1979-09-28,Laki-Laki,A,Jl. Hidayat No. 115,001/002,Bintaro,Tebet,Tangerang,Banten,BUDDHA,Belum Menikah,Wiraswasta,WNI,SEUMUR HIDUP
DKC001785,3173016502671785,Sari Susanto,Jakarta Barat,1967-02-25,Perempuan,B,Jl. Santoso No. 132,011/009,Sukamaju,Sukmajaya,Jakarta Barat,DKI Jakarta,KONGHUCU,Menikah,Wiraswasta,WNI,SEUMUR HIDUP
DKC001786,3172014606721786,Sri Wibowo,Jakarta Utara,1972-06-06,Perempuan,O,Jl. Rahman No. 45,011/005,Duren Sawit,Sukmajaya,Jakarta Utara,DKI Jakarta,KATOLIK,Menikah,Wiraswasta,WNI,SEUMUR HIDUP
DKC001787,3671010605901787,Hadi Setiawan,Tangerang,1990-05-06,Laki-Laki,B,Jl. Tanjung No. 120,011/005,Sukajadi,Tebet,Tangerang,Banten,HINDU,Menikah,Wiraswasta,WNI,SEUMUR HIDUP
DKC001788,3671014604971788,Suryani Siregar,Tangerang,1997-04-06,Perempuan,O,Jl. Saputra No. 44,008/007,Cipete,Kramat Jati,Tangerang,Banten,ISLAM,Menikah,Wiraswasta,WNI,SEUMUR HIDUP
DKC001789,3172012105701789,Fauzi Santoso,Jakarta Utara,1970-05-21,Laki-Laki,O,Jl. Wijaya No. 45,007/004,Duren Sawit,Cengkareng,Jakarta Utara,DKI Jakarta,KATOLIK,Belum Menikah,Wiraswasta,WNI,SEUMUR HIDUP
DKC001790,3276015810931790,Retno Simanjuntak,Depok,1993-10-18,Perempuan,AB,Jl. Gunawan No. 134,011/008,Sukamaju,Tebet,Depok,Jawa Barat,KRISTEN,Menikah,Wiraswasta,WNI,SEUMUR HIDUP
DKC001791,3671015905781791,Retno Lubis,Tangerang,1978-05-19,Perempuan,B,Jl. Lubis No. 96,004/007,Sukamaju,Sukmajaya,Tangerang,Banten,ISLAM,Belum Menikah,Wiraswasta,WNI,SEUMUR HIDUP
DKC001792,3174011203731792,Hadi Halim,Jakarta Selatan,1973-03-12,Laki-Laki,AB,Jl. Siregar No. 116,007/001,Kebon Baru,Sukmajaya,Jakarta Selatan,DKI Jakarta,HINDU,Cerai Mati,Wiraswasta,WNI,SEUMUR HIDUP
DKC001793,3276010411811793,Dedi Situmorang,Depok,1981-11-04,Laki-Laki,AB,Jl. Setiawan No. 79,001/006,Rawa Bunga,Kramat Jati,Depok,Jawa Barat,KONGHUCU,Cerai Mati,Wiraswasta,WNI,SEUMUR HIDUP
DKC001794,3172016607011794,Ayu Situmorang,Jakarta Utara,2001-07-26,Perempuan,O,Jl. Halim No. 72,011/001,Kebon Baru,Bekasi Timur,Jakarta Utara,DKI Jakarta,KONGHUCU,Cerai Hidup,Wiraswasta,WNI,SEUMUR HIDUP
DKC001795,3671011105871795,Rizky Halim,Tangerang,1987-05-11,Laki-Laki,B,Jl. Kusuma No. 95,005/007,Cipete,Kramat Jati,Tangerang,Banten,KRISTEN,Belum Menikah,Wiraswasta,WNI,SEUMUR HIDUP
DKC001796,3674011103011796,Joko Wijaya,Tangerang Selatan,2001-03-11,Laki-Laki,O,Jl. Simanjuntak No. 136,007/005,Sukajadi,Kramat Jati,Tangerang Selatan,Jawa Barat,KATOLIK,Cerai Hidup,Wiraswasta,WNI,SEUMUR HIDUP
DKC001797,3171017007981797,Suryani Lubis,Jakarta Pusat,1998-07-30,Perempuan,A,Jl. Firmansyah No. 48,010/009,Cipete,Kramat Jati,Jakarta Pusat,DKI Jakarta,KRISTEN,Cerai Mati,Wiraswasta,WNI,SEUMUR HIDUP
DKC001798,3674010504681798,Budi Wibowo,Tangerang Selatan,1968-04-05,Laki-Laki,O,Jl. Siregar No. 150,007/003,Kebon Baru,Cengkareng,Tangerang Selatan,Jawa Barat,HINDU,Belum Menikah,Wiraswasta,WNI,SEUMUR HIDUP
DKC001799,3671010812821799,Yusuf Gunawan,Tangerang,1982-12-08,Laki-Laki,O,Jl. Hutapea No. 127,008/010,Cempaka Putih,Cengkareng,Tangerang,Banten,HINDU,Menikah,Wiraswasta,WNI,SEUMUR HIDUP
DKC001800,3276015203671800,Ani Nugroho,Depok,1967-03-12,Perempuan,AB,Jl. Simanjuntak No. 64,002/006,Kebon Baru,Sukmajaya,Depok,Jawa Barat,BUDDHA,Belum Menikah,Wiraswasta,WNI,SEUMUR HIDUP
DKC001801,3275012604661801,Dedi Setiawan,Bekasi,1966-04-26,Laki-Laki,A,Jl. Kurniawan No. 75,005/001,Bintaro,Bekasi Timur,Bekasi,Jawa Barat,KRISTEN,Menikah,Wiraswasta,WNI,SEUMUR HIDUP
DKC001802,3671014604031802,Desi Tanjung,Tangerang,2003-04-06,Perempuan,A,Jl. Susanto No. 145,002/004,Duren Sawit,Tebet,Tangerang,Banten,ISLAM,Belum Menikah,Wiraswasta,WNI,SEUMUR HIDUP
DKC001803,3671015012701803,Ratna Setiawan,Tangerang,1970-12-10,Perempuan,A,Jl. Siregar No. 139,007/006,Cipete,Cengkareng,Tangerang,Banten,KRISTEN,Belum Menikah,Wiraswasta,WNI,SEUMUR HIDUP
DKC001804,3276014107671804,Suryani Santoso,Depok,1967-07-01,Perempuan,B,Jl. Nugroho No. 87,004/001,Bintaro,Bekasi Timur,Depok,Jawa Barat,HINDU,Menikah,Wiraswasta,WNI,SEUMUR HIDUP
DKC001805,3276014107901805,Dian Simanjuntak,Depok,1990-07-01,Perempuan,A,Jl. Tanjung No. 95,007/009,Cempaka Putih,Tebet,Depok,Jawa Barat,ISLAM,Cerai Mati,Wiraswasta,WNI,SEUMUR HIDUP
DKC001806,3173015408921806,Fitri Tanjung,Jakarta Barat,1992-08-14,Perempuan,O,Jl. Permana No. 26,009/007,Rawa Bunga,Bekasi Timur,Jakarta Barat,DKI Jakarta,KRISTEN,Cerai Hidup,Wiraswasta,WNI,SEUMUR HIDUP
DKC001807,3674012207761807,Bambang Nugroho,Tangerang Selatan,1976-07-22,Laki-Laki,A,Jl. Hutapea No. 42,006/004,Sukajadi,Serpong,Tangerang Selatan,Jawa Barat,KRISTEN,Cerai Mati,Wiraswasta,WNI,SEUMUR HIDUP
DKC001808,3174017004671808,Anggi Wibowo,Jakarta Selatan,1967-04-30,Perempuan,O,Jl. Handoko No. 127,004/003,Sukajadi,Bekasi Timur,Jakarta Selatan,DKI Jakarta,KATOLIK,Menikah,Wiraswasta,WNI,SEUMUR HIDUP
DKC001809,3671010801671809,Joko Kurniawan,Tangerang,1967-01-08,Laki-Laki,B,Jl. Hutapea No. 86,010/010,Sukajadi,Sukmajaya,Tangerang,Banten,KRISTEN,Cerai Mati,Wiraswasta,WNI,SEUMUR HIDUP
DKC001810,3171011905781810,Yusuf Suryadi,Jakarta Pusat,1978-05-19,Laki-Laki,B,Jl. Susanto No. 80,005/008,Duren Sawit,Sukmajaya,Jakarta Pusat,DKI Jakarta,BUDDHA,Menikah,Wiraswasta,WNI,SEUMUR HIDUP
DKC001811,3173016008981811,Wati Permana,Jakarta Barat,1998-08-20,Perempuan,O,Jl. Setiawan No. 58,006/002,Sukamaju,Serpong,Jakarta Barat,DKI Jakarta,HINDU,Cerai Mati,Wiraswasta,WNI,SEUMUR HIDUP
DKC001812,3671015104001812,Rina Situmorang,Tangerang,2000-04-11,Perempuan,O,Jl. Tanjung No. 9,012/009,Rawa Bunga,Tebet,Tangerang,Banten,HINDU,Belum Menikah,Wiraswasta,WNI,SEUMUR HIDUP
DKC001813,3671010907681813,Irfan Rahman,Tangerang,1968-07-09,Laki-Laki,AB,Jl. Halim No. 99,004/005,Sukamaju,Sukmajaya,Tangerang,Banten,ISLAM,Cerai Hidup,Wiraswasta,WNI,SEUMUR HIDUP
DKC001814,3671011209971814,Rudi Halim,Tangerang,1997-09-12,Laki-Laki,A,Jl. Gunawan No. 116,005/005,Cipete,Serpong,Tangerang,Banten,KATOLIK,Belum Menikah,Wiraswasta,WNI,SEUMUR HIDUP
DKC001815,3173010311011815,Krisna Wibowo,Jakarta Barat,2001-11-03,Laki-Laki,O,Jl. Santoso No. 13,005/001,Kebon Baru,Tebet,Jakarta Barat,DKI Jakarta,KONGHUCU,Cerai Hidup,Wiraswasta,WNI,SEUMUR HIDUP
DKC001816,3172016405771816,Melati Susanto,Jakarta Utara,1977-05-24,Perempuan,A,Jl. Situmorang No. 64,010/009,Cempaka Putih,Kramat Jati,Jakarta Utara,DKI Jakarta,ISLAM,Menikah,Wiraswasta,WNI,SEUMUR HIDUP
DKC001817,3276010106991817,Taufik Wibowo,Depok,1999-06-01,Laki-Laki,A,Jl. Nugroho No. 132,006/009,Cipete,Serpong,Depok,Jawa Barat,KATOLIK,Menikah,Wiraswasta,WNI,SEUMUR HIDUP
DKC001818,3171016907821818,Dian Rahman,Jakarta Pusat,1982-07-29,Perempuan,AB,Jl. Pratama No. 87,002/007,Duren Sawit,Serpong,Jakarta Pusat,DKI Jakarta,HINDU,Belum Menikah,Wiraswasta,WNI,SEUMUR HIDUP
DKC001819,3674010612701819,Rian Nugroho,Tangerang Selatan,1970-12-06,Laki-Laki,B,Jl. Wijaya No. 49,010/008,Duren Sawit,Cengkareng,Tangerang Selatan,Jawa Barat,ISLAM,Menikah,Wiraswasta,WNI,SEUMUR HIDUP
DKC001820,3671016911661820,Wati Wijaya,Tangerang,1966-11-29,Perempuan,B,Jl. Wijaya No. 31,010/010,Sukajadi,Sukmajaya,Tangerang,Banten,KONGHUCU,Cerai Hidup,Wiraswasta,WNI,SEUMUR HIDUP
DKC001821,3171011505011821,Andi Kurniawan,Jakarta Pusat,2001-05-15,Laki-Laki,O,Jl. Wibowo No. 26,002/006,Duren Sawit,Sukmajaya,Jakarta Pusat,DKI Jakarta,KATOLIK,Menikah,Wiraswasta,WNI,SEUMUR HIDUP
DKC001822,3171015007941822,Sri Wibowo,Jakarta Pusat,1994-07-10,Perempuan,A,Jl. Saputra No. 104,001/005,Bintaro,Serpong,Jakarta Pusat,DKI Jakarta,KONGHUCU,Belum Menikah,Wiraswasta,WNI,SEUMUR HIDUP
DKC001823,3172010602861823,Budi Gunawan,Jakarta Utara,1986-02-06,Laki-Laki,A,Jl. Handoko No. 123,005/006,Duren Sawit,Cengkareng,Jakarta Utara,DKI Jakarta,HINDU,Menikah,Wiraswasta,WNI,SEUMUR HIDUP
DKC001824,3174012811841824,Krisna Tanjung,Jakarta Selatan,1984-11-28,Laki-Laki,A,Jl. Susanto No. 100,012/002,Rawa Bunga,Serpong,Jakarta Selatan,DKI Jakarta,KRISTEN,Cerai Hidup,Wiraswasta,WNI,SEUMUR HIDUP
DKC001825,3674014812701825,Melati Handoko,Tangerang Selatan,1970-12-08,Perempuan,O,Jl. Pratama No. 64,006/010,Cipete,Tebet,Tangerang Selatan,Jawa Barat,KATOLIK,Belum Menikah,Wiraswasta,WNI,SEUMUR HIDUP
DKC001826,3275011003981826,Dedi Panjaitan,Bekasi,1998-03-10,Laki-Laki,AB,Jl. Santoso No. 34,006/008,Bintaro,Tebet,Bekasi,Jawa Barat,KRISTEN,Cerai Mati,Wiraswasta,WNI,SEUMUR HIDUP
DKC001827,3173015108751827,Dewi Gunawan,Jakarta Barat,1975-08-11,Perempuan,A,Jl. Wibowo No. 102,004/007,Sukamaju,Cengkareng,Jakarta Barat,DKI Jakarta,ISLAM,Belum Menikah,Wiraswasta,WNI,SEUMUR HIDUP
DKC001828,3271012607021828,Gunawan Tanjung,Bogor,2002-07-26,Laki-Laki,A,Jl. Simanjuntak No. 140,010/002,Sukamaju,Kramat Jati,Bogor,Jawa Barat,BUDDHA,Menikah,Wiraswasta,WNI,SEUMUR HIDUP
DKC001829,3671010109931829,Hendra Wijaya,Tangerang,1993-09-01,Laki-Laki,A,Jl. Setiawan No. 94,003/001,Duren Sawit,Cengkareng,Tangerang,Banten,KRISTEN,Belum Menikah,Wiraswasta,WNI,SEUMUR HIDUP
DKC001830,3671016403961830,Tri Halim,Tangerang,1996-03-24,Perempuan,AB,Jl. Nugroho No. 29,010/003,Cipete,Tebet,Tangerang,Banten,ISLAM,Cerai Mati,Wiraswasta,WNI,SEUMUR HIDUP
DKC001831,3674013103781831,Dedi Suryadi,Tangerang Selatan,1978-03-31,Laki-Laki,AB,Jl. Firmansyah No. 70,011/010,Cempaka Putih,Tebet,Tangerang Selatan,Jawa Barat,KATOLIK,Cerai Hidup,Wiraswasta,WNI,SEUMUR HIDUP
DKC001832,3276015901881832,Lina Susanto,Depok,1988-01-19,Perempuan,A,Jl. Saputra No. 143,001/009,Sukajadi,Serpong,Depok,Jawa Barat,BUDDHA,Cerai Mati,Wiraswasta,WNI,SEUMUR HIDUP
DKC001833,3671015809771833,Sari Halim,Tangerang,1977-09-18,Perempuan,AB,Jl. Situmorang No. 85,007/007,Cempaka Putih,Kramat Jati,Tangerang,Banten,BUDDHA,Cerai Hidup,Wiraswasta,WNI,SEUMUR HIDUP
DKC001834,3671010805671834,Rizky Handoko,Tangerang,1967-05-08,Laki-Laki,AB,Jl. Hutapea No. 105,007/001,Kebon Baru,Bekasi Timur,Tangerang,Banten,ISLAM,Cerai Mati,Wiraswasta,WNI,SEUMUR HIDUP
DKC001835,3275013001851835,Bambang Rahman,Bekasi,1985-01-30,Laki-Laki,A,Jl. Susanto No. 115,011/003,Cipete,Bekasi Timur,Bekasi,Jawa Barat,ISLAM,Belum Menikah,Wiraswasta,WNI,SEUMUR HIDUP
DKC001836,3271012203661836,Rudi Kurniawan,Bogor,1966-03-22,Laki-Laki,A,Jl. Halim No. 51,011/001,Sukajadi,Bekasi Timur,Bogor,Jawa Barat,KRISTEN,Menikah,Wiraswasta,WNI,SEUMUR HIDUP
DKC001837,3674014406671837,Wati Saputra,Tangerang Selatan,1967-06-04,Perempuan,AB,Jl. Kusuma No. 113,010/001,Rawa Bunga,Kramat Jati,Tangerang Selatan,Jawa Barat,KRISTEN,Cerai Hidup,Wiraswasta,WNI,SEUMUR HIDUP
DKC001838,3172016308791838,Rina Hidayat,Jakarta Utara,1979-08-23,Perempuan,AB,Jl. Suryadi No. 146,005/001,Cipete,Cengkareng,Jakarta Utara,DKI Jakarta,KONGHUCU,Cerai Hidup,Wiraswasta,WNI,SEUMUR HIDUP
DKC001839,3674010603911839,Rizky Lubis,Tangerang Selatan,1991-03-06,Laki-Laki,A,Jl. Gunawan No. 118,002/010,Sukajadi,Serpong,Tangerang Selatan,Jawa Barat,BUDDHA,Cerai Mati,Wiraswasta,WNI,SEUMUR HIDUP
DKC001840,3671015901911840,Desi Susanto,Tangerang,1991-01-19,Perempuan,B,Jl. Permana No. 85,007/002,Kebon Baru,Kramat Jati,Tangerang,Banten,KATOLIK,Cerai Mati,Wiraswasta,WNI,SEUMUR HIDUP
DKC001841,3671014610821841,Sari Lubis,Tangerang,1982-10-06,Perempuan,A,Jl. Halim No. 120,001/003,Kebon Baru,Serpong,Tangerang,Banten,KONGHUCU,Cerai Mati,Wiraswasta,WNI,SEUMUR HIDUP
DKC001842,3172016611761842,Retno Panjaitan,Jakarta Utara,1976-11-26,Perempuan,B,Jl. Santoso No. 26,010/003,Cempaka Putih,Tebet,Jakarta Utara,DKI Jakarta,BUDDHA,Cerai Hidup,Wiraswasta,WNI,SEUMUR HIDUP
DKC001843,3171016202031843,Wati Nugroho,Jakarta Pusat,2003-02-22,Perempuan,B,Jl. Hutapea No. 123,004/003,Kebon Baru,Sukmajaya,Jakarta Pusat,DKI Jakarta,HINDU,Cerai Hidup,Wiraswasta,WNI,SEUMUR HIDUP
DKC001844,3671015506791844,Dewi Pratama,Tangerang,1979-06-15,Perempuan,B,Jl. Situmorang No. 42,007/008,Cipete,Sukmajaya,Tangerang,Banten,BUDDHA,Belum Menikah,Wiraswasta,WNI,SEUMUR HIDUP
DKC001845,3276016511921845,Sri Suryadi,Depok,1992-11-25,Perempuan,B,Jl. Nugroho No. 137,006/003,Sukamaju,Kramat Jati,Depok,Jawa Barat,KRISTEN,Belum Menikah,Wiraswasta,WNI,SEUMUR HIDUP
DKC001846,3275010612671846,Taufik Saputra,Bekasi,1967-12-06,Laki-Laki,O,Jl. Simanjuntak No. 49,004/003,Duren Sawit,Cengkareng,Bekasi,Jawa Barat,KRISTEN,Belum Menikah,Wiraswasta,WNI,SEUMUR HIDUP
DKC001847,3172014607911847,Wati Lubis,Jakarta Utara,1991-07-06,Perempuan,B,Jl. Simanjuntak No. 3,011/008,Rawa Bunga,Cengkareng,Jakarta Utara,DKI Jakarta,ISLAM,Cerai Hidup,Wiraswasta,WNI,SEUMUR HIDUP
DKC001848,3173014208671848,Lina Gunawan,Jakarta Barat,1967-08-02,Perempuan,O,Jl. Gunawan No. 112,010/010,Sukajadi,Kramat Jati,Jakarta Barat,DKI Jakarta,BUDDHA,Belum Menikah,Wiraswasta,WNI,SEUMUR HIDUP
DKC001849,3671011705001849,Budi Santoso,Tangerang,2000-05-17,Laki-Laki,AB,Jl. Nugroho No. 55,011/003,Cempaka Putih,Bekasi Timur,Tangerang,Banten,KONGHUCU,Belum Menikah,Wiraswasta,WNI,SEUMUR HIDUP
DKC001850,3674011810741850,Ahmad Suryadi,Tangerang Selatan,1974-10-18,Laki-Laki,B,Jl. Kurniawan No. 107,012/009,Sukamaju,Bekasi Timur,Tangerang Selatan,Jawa Barat,HINDU,Cerai Hidup,Wiraswasta,WNI,SEUMUR HIDUP
DKC001851,3171016001901851,Siti Suryadi,Jakarta Pusat,1990-01-20,Perempuan,AB,Jl. Wijaya No. 61,007/001,Rawa Bunga,Sukmajaya,Jakarta Pusat,DKI Jakarta,KATOLIK,Belum Menikah,Wiraswasta,WNI,SEUMUR HIDUP
DKC001852,3275016708971852,Wulan Tanjung,Bekasi,1997-08-27,Perempuan,A,Jl. Tanjung No. 122,012/005,Sukamaju,Kramat Jati,Bekasi,Jawa Barat,HINDU,Cerai Hidup,Wiraswasta,WNI,SEUMUR HIDUP
DKC001853,3674012201001853,Sutrisno Tanjung,Tangerang Selatan,2000-01-22,Laki-Laki,AB,Jl. Kusuma No. 43,007/008,Cipete,Kramat Jati,Tangerang Selatan,Jawa Barat,KATOLIK,Menikah,Wiraswasta,WNI,SEUMUR HIDUP
DKC001854,3174017012751854,Kartika Pratama,Jakarta Selatan,1975-12-30,Perempuan,O,Jl. Hidayat No. 131,011/006,Cipete,Cengkareng,Jakarta Selatan,DKI Jakarta,HINDU,Menikah,Wiraswasta,WNI,SEUMUR HIDUP
DKC001855,3271015009911855,Rita Suryadi,Bogor,1991-09-10,Perempuan,O,Jl. Tanjung No. 54,002/009,Kebon Baru,Sukmajaya,Bogor,Jawa Barat,KONGHUCU,Cerai Mati,Wiraswasta,WNI,SEUMUR HIDUP
DKC001856,3175015011911856,Kartika Simanjuntak,Jakarta Timur,1991-11-10,Perempuan,O,Jl. Wijaya No. 81,006/001,Duren Sawit,Sukmajaya,Jakarta Timur,DKI Jakarta,KONGHUCU,Belum Menikah,Wiraswasta,WNI,SEUMUR HIDUP
DKC001857,3271011709741857,Fauzi Permana,Bogor,1974-09-17,Laki-Laki,B,Jl. Setiawan No. 57,010/005,Cipete,Tebet,Bogor,Jawa Barat,KRISTEN,Menikah,Wiraswasta,WNI,SEUMUR HIDUP
DKC001858,3671011908941858,Anton Rahman,Tangerang,1994-08-19,Laki-Laki,A,Jl. Gunawan No. 74,009/006,Kebon Baru,Cengkareng,Tangerang,Banten,ISLAM,Menikah,Wiraswasta,WNI,SEUMUR HIDUP
DKC001859,3674010304981859,Hendra Lubis,Tangerang Selatan,1998-04-03,Laki-Laki,B,Jl. Setiawan No. 50,010/009,Duren Sawit,Bekasi Timur,Tangerang Selatan,Jawa Barat,KATOLIK,Belum Menikah,Wiraswasta,WNI,SEUMUR HIDUP
DKC001860,3671012806981860,Eko Wibowo,Tangerang,1998-06-28,Laki-Laki,O,Jl. Kurniawan No. 132,009/009,Cempaka Putih,Kramat Jati,Tangerang,Banten,KRISTEN,Cerai Mati,Wiraswasta,WNI,SEUMUR HIDUP
DKC001861,3671015001681861,Dewi Gunawan,Tangerang,1968-01-10,Perempuan,O,Jl. Kusuma No. 13,007/002,Kebon Baru,Serpong,Tangerang,Banten,KONGHUCU,Cerai Hidup,Wiraswasta,WNI,SEUMUR HIDUP
DKC001862,3271016307821862,Putri Susanto,Bogor,1982-07-23,Perempuan,A,Jl. Situmorang No. 84,009/007,Bintaro,Sukmajaya,Bogor,Jawa Barat,KATOLIK,Cerai Mati,Wiraswasta,WNI,SEUMUR HIDUP
DKC001863,3671010203651863,Bayu Lubis,Tangerang,1965-03-02,Laki-Laki,O,Jl. Setiawan No. 52,007/002,Sukamaju,Sukmajaya,Tangerang,Banten,ISLAM,Belum Menikah,Wiraswasta,WNI,SEUMUR HIDUP
DKC001864,3276014205651864,Rina Wibowo,Depok,1965-05-02,Perempuan,A,Jl. Permana No. 83,006/006,Bintaro,Serpong,Depok,Jawa Barat,BUDDHA,Cerai Mati,Wiraswasta,WNI,SEUMUR HIDUP
DKC001865,3671016006791865,Ratna Handoko,Tangerang,1979-06-20,Perempuan,AB,Jl. Situmorang No. 92,008/006,Sukajadi,Kramat Jati,Tangerang,Banten,KATOLIK,Cerai Mati,Wiraswasta,WNI,SEUMUR HIDUP
DKC001866,3174014305821866,Indah Santoso,Jakarta Selatan,1982-05-03,Perempuan,O,Jl. Gunawan No. 134,007/009,Cempaka Putih,Cengkareng,Jakarta Selatan,DKI Jakarta,KONGHUCU,Menikah,Wiraswasta,WNI,SEUMUR HIDUP
DKC001867,3271015506761867,Rina Permana,Bogor,1976-06-15,Perempuan,AB,Jl. Saputra No. 40,003/005,Duren Sawit,Cengkareng,Bogor,Jawa Barat,ISLAM,Cerai Mati,Wiraswasta,WNI,SEUMUR HIDUP
DKC001868,3171016809881868,Siti Setiawan,Jakarta Pusat,1988-09-28,Perempuan,O,Jl. Rahman No. 110,001/009,Kebon Baru,Cengkareng,Jakarta Pusat,DKI Jakarta,HINDU,Menikah,Wiraswasta,WNI,SEUMUR HIDUP
DKC001869,3173011409731869,Hadi Santoso,Jakarta Barat,1973-09-14,Laki-Laki,A,Jl. Simanjuntak No. 77,005/003,Kebon Baru,Sukmajaya,Jakarta Barat,DKI Jakarta,KONGHUCU,Cerai Mati,Wiraswasta,WNI,SEUMUR HIDUP
DKC001870,3671012110971870,Hendra Wijaya,Tangerang,1997-10-21,Laki-Laki,A,Jl. Rahman No. 137,004/001,Duren Sawit,Serpong,Tangerang,Banten,ISLAM,Belum Menikah,Wiraswasta,WNI,SEUMUR HIDUP
DKC001871,3172016007991871,Yanti Siregar,Jakarta Utara,1999-07-20,Perempuan,O,Jl. Tanjung No. 17,010/008,Bintaro,Sukmajaya,Jakarta Utara,DKI Jakarta,HINDU,Belum Menikah,Wiraswasta,WNI,SEUMUR HIDUP
DKC001872,3671017011691872,Ratna Setiawan,Tangerang,1969-11-30,Perempuan,B,Jl. Halim No. 100,010/005,Sukamaju,Cengkareng,Tangerang,Banten,KATOLIK,Menikah,Wiraswasta,WNI,SEUMUR HIDUP
DKC001873,3674014306781873,Yuni Halim,Tangerang Selatan,1978-06-03,Perempuan,A,Jl. Siregar No. 83,008/004,Duren Sawit,Serpong,Tangerang Selatan,Jawa Barat,ISLAM,Cerai Hidup,Wiraswasta,WNI,SEUMUR HIDUP
DKC001874,3275012507721874,Dedi Lubis,Bekasi,1972-07-25,Laki-Laki,AB,Jl. Firmansyah No. 38,011/001,Kebon Baru,Tebet,Bekasi,Jawa Barat,KATOLIK,Belum Menikah,Wiraswasta,WNI,SEUMUR HIDUP
DKC001875,3671014901861875,Ayu Firmansyah,Tangerang,1986-01-09,Perempuan,B,Jl. Susanto No. 40,001/004,Sukajadi,Sukmajaya,Tangerang,Banten,KONGHUCU,Cerai Mati,Wiraswasta,WNI,SEUMUR HIDUP
DKC001876,3671016508851876,Wati Susanto,Tangerang,1985-08-25,Perempuan,AB,Jl. Simanjuntak No. 94,002/005,Sukajadi,Sukmajaya,Tangerang,Banten,HINDU,Cerai Hidup,Wiraswasta,WNI,SEUMUR HIDUP
DKC001877,3671012208021877,Yusuf Santoso,Tangerang,2002-08-22,Laki-Laki,AB,Jl. Tanjung No. 134,007/009,Duren Sawit,Tebet,Tangerang,Banten,BUDDHA,Cerai Mati,Wiraswasta,WNI,SEUMUR HIDUP
DKC001878,3171010504841878,Fajar Tanjung,Jakarta Pusat,1984-04-05,Laki-Laki,A,Jl. Panjaitan No. 93,012/009,Cipete,Serpong,Jakarta Pusat,DKI Jakarta,BUDDHA,Cerai Hidup,Wiraswasta,WNI,SEUMUR HIDUP
DKC001879,3271012902881879,Hadi Permana,Bogor,1988-02-29,Laki-Laki,B,Jl. Saputra No. 114,004/001,Cipete,Bekasi Timur,Bogor,Jawa Barat,KRISTEN,Belum Menikah,Wiraswasta,WNI,SEUMUR HIDUP
DKC001880,3671011001861880,Rudi Kurniawan,Tangerang,1986-01-10,Laki-Laki,B,Jl. Susanto No. 38,007/006,Rawa Bunga,Sukmajaya,Tangerang,Banten,KATOLIK,Cerai Mati,Wiraswasta,WNI,SEUMUR HIDUP
DKC001881,3171012812701881,Krisna Permana,Jakarta Pusat,1970-12-28,Laki-Laki,O,Jl. Panjaitan No. 37,004/008,Sukajadi,Bekasi Timur,Jakarta Pusat,DKI Jakarta,BUDDHA,Menikah,Wiraswasta,WNI,SEUMUR HIDUP
DKC001882,3173012206951882,Bayu Pratama,Jakarta Barat,1995-06-22,Laki-Laki,A,Jl. Wijaya No. 110,006/005,Bintaro,Tebet,Jakarta Barat,DKI Jakarta,KONGHUCU,Cerai Hidup,Wiraswasta,WNI,SEUMUR HIDUP
DKC001883,3271014203681883,Novi Siregar,Bogor,1968-03-02,Perempuan,O,Jl. Permana No. 128,006/006,Kebon Baru,Sukmajaya,Bogor,Jawa Barat,BUDDHA,Menikah,Wiraswasta,WNI,SEUMUR HIDUP
DKC001884,3671010510851884,Fauzi Suryadi,Tangerang,1985-10-05,Laki-Laki,A,Jl. Halim No. 150,002/006,Bintaro,Sukmajaya,Tangerang,Banten,ISLAM,Cerai Hidup,Wiraswasta,WNI,SEUMUR HIDUP
DKC001885,3671014907721885,Ayu Simanjuntak,Tangerang,1972-07-09,Perempuan,O,Jl. Rahman No. 54,009/005,Bintaro,Bekasi Timur,Tangerang,Banten,KRISTEN,Menikah,Wiraswasta,WNI,SEUMUR HIDUP
DKC001886,3674012207681886,Budi Lubis,Tangerang Selatan,1968-07-22,Laki-Laki,B,Jl. Nugroho No. 103,011/002,Cempaka Putih,Tebet,Tangerang Selatan,Jawa Barat,KONGHUCU,Menikah,Wiraswasta,WNI,SEUMUR HIDUP
DKC001887,3671015012711887,Desi Kurniawan,Tangerang,1971-12-10,Perempuan,O,Jl. Tanjung No. 26,009/003,Sukamaju,Serpong,Tangerang,Banten,HINDU,Menikah,Wiraswasta,WNI,SEUMUR HIDUP
DKC001888,3671016504701888,Putri Hutapea,Tangerang,1970-04-25,Perempuan,A,Jl. Suryadi No. 34,004/008,Cempaka Putih,Sukmajaya,Tangerang,Banten,BUDDHA,Belum Menikah,Wiraswasta,WNI,SEUMUR HIDUP
DKC001889,3171014105771889,Dian Simanjuntak,Jakarta Pusat,1977-05-01,Perempuan,O,Jl. Lubis No. 78,010/008,Sukamaju,Kramat Jati,Jakarta Pusat,DKI Jakarta,KONGHUCU,Cerai Hidup,Wiraswasta,WNI,SEUMUR HIDUP
DKC001890,3674010412871890,Joko Handoko,Tangerang Selatan,1987-12-04,Laki-Laki,O,Jl. Kusuma No. 58,004/006,Rawa Bunga,Serpong,Tangerang Selatan,Jawa Barat,HINDU,Menikah,Wiraswasta,WNI,SEUMUR HIDUP
DKC001891,3671015205991891,Novi Nugroho,Tangerang,1999-05-12,Perempuan,B,Jl. Lubis No. 56,002/006,Rawa Bunga,Cengkareng,Tangerang,Banten,KONGHUCU,Menikah,Wiraswasta,WNI,SEUMUR HIDUP
DKC001892,3175015209701892,Novi Lubis,Jakarta Timur,1970-09-12,Perempuan,A,Jl. Kusuma No. 123,010/010,Kebon Baru,Sukmajaya,Jakarta Timur,DKI Jakarta,KATOLIK,Cerai Hidup,Wiraswasta,WNI,SEUMUR HIDUP
DKC001893,3276015109691893,Dewi Susanto,Depok,1969-09-11,Perempuan,A,Jl. Susanto No. 17,005/008,Sukamaju,Serpong,Depok,Jawa Barat,KONGHUCU,Menikah,Wiraswasta,WNI,SEUMUR HIDUP
DKC001894,3671010303031894,Krisna Nugroho,Tangerang,2003-03-03,Laki-Laki,A,Jl. Hidayat No. 103,009/008,Sukajadi,Cengkareng,Tangerang,Banten,KONGHUCU,Cerai Mati,Wiraswasta,WNI,SEUMUR HIDUP
DKC001895,3671011503851895,Rian Wijaya,Tangerang,1985-03-15,Laki-Laki,O,Jl. Rahman No. 14,003/004,Duren Sawit,Serpong,Tangerang,Banten,KATOLIK,Cerai Hidup,Wiraswasta,WNI,SEUMUR HIDUP
DKC001896,3674016203861896,Ayu Susanto,Tangerang Selatan,1986-03-22,Perempuan,AB,Jl. Santoso No. 60,007/007,Duren Sawit,Tebet,Tangerang Selatan,Jawa Barat,ISLAM,Cerai Mati,Wiraswasta,WNI,SEUMUR HIDUP
DKC001897,3674012310741897,Dedi Simanjuntak,Tangerang Selatan,1974-10-23,Laki-Laki,O,Jl. Kusuma No. 54,002/006,Bintaro,Cengkareng,Tangerang Selatan,Jawa Barat,HINDU,Belum Menikah,Wiraswasta,WNI,SEUMUR HIDUP
DKC001898,3174010211871898,Sutrisno Suryadi,Jakarta Selatan,1987-11-02,Laki-Laki,O,Jl. Rahman No. 54,012/001,Cempaka Putih,Sukmajaya,Jakarta Selatan,DKI Jakarta,ISLAM,Cerai Hidup,Wiraswasta,WNI,SEUMUR HIDUP
DKC001899,3671016810931899,Suryani Hutapea,Tangerang,1993-10-28,Perempuan,B,Jl. Nugroho No. 59,003/005,Sukajadi,Bekasi Timur,Tangerang,Banten,KONGHUCU,Cerai Hidup,Wiraswasta,WNI,SEUMUR HIDUP
DKC001900,3671011102891900,Arif Halim,Tangerang,1989-02-11,Laki-Laki,B,Jl. Siregar No. 111,007/001,Bintaro,Kramat Jati,Tangerang,Banten,KATOLIK,Cerai Hidup,Wiraswasta,WNI,SEUMUR HIDUP
DKC001901,3671015006821901,Anggi Handoko,Tangerang,1982-06-10,Perempuan,B,Jl. Panjaitan No. 32,006/010,Rawa Bunga,Sukmajaya,Tangerang,Banten,KATOLIK,Menikah,Wiraswasta,WNI,SEUMUR HIDUP
DKC001902,3671016001841902,Indah Panjaitan,Tangerang,1984-01-20,Perempuan,A,Jl. Suryadi No. 1,006/001,Cempaka Putih,Kramat Jati,Tangerang,Banten,ISLAM,Menikah,Wiraswasta,WNI,SEUMUR HIDUP
DKC001903,3175014906691903,Rita Rahman,Jakarta Timur,1969-06-09,Perempuan,B,Jl. Situmorang No. 77,005/008,Cipete,Serpong,Jakarta Timur,DKI Jakarta,ISLAM,Cerai Hidup,Wiraswasta,WNI,SEUMUR HIDUP
DKC001904,3271012802661904,Anton Handoko,Bogor,1966-02-28,Laki-Laki,B,Jl. Siregar No. 33,009/007,Duren Sawit,Serpong,Bogor,Jawa Barat,KONGHUCU,Belum Menikah,Wiraswasta,WNI,SEUMUR HIDUP
DKC001905,3173010304031905,Doni Santoso,Jakarta Barat,2003-04-03,Laki-Laki,AB,Jl. Panjaitan No. 8,010/010,Cipete,Serpong,Jakarta Barat,DKI Jakarta,KRISTEN,Menikah,Wiraswasta,WNI,SEUMUR HIDUP
DKC001906,3674011107701906,Joko Wibowo,Tangerang Selatan,1970-07-11,Laki-Laki,O,Jl. Permana No. 106,007/002,Sukamaju,Kramat Jati,Tangerang Selatan,Jawa Barat,KATOLIK,Cerai Mati,Wiraswasta,WNI,SEUMUR HIDUP
DKC001907,3171010408001907,Wahyu Pratama,Jakarta Pusat,2000-08-04,Laki-Laki,B,Jl. Setiawan No. 57,005/010,Sukamaju,Tebet,Jakarta Pusat,DKI Jakarta,KRISTEN,Cerai Mati,Wiraswasta,WNI,SEUMUR HIDUP
DKC001908,3674016301811908,Dian Nugroho,Tangerang Selatan,1981-01-23,Perempuan,A,Jl. Saputra No. 122,008/010,Sukajadi,Cengkareng,Tangerang Selatan,Jawa Barat,KRISTEN,Cerai Hidup,Wiraswasta,WNI,SEUMUR HIDUP
DKC001909,3175014703781909,Kartika Wibowo,Jakarta Timur,1978-03-07,Perempuan,A,Jl. Simanjuntak No. 43,004/004,Rawa Bunga,Tebet,Jakarta Timur,DKI Jakarta,HINDU,Cerai Hidup,Wiraswasta,WNI,SEUMUR HIDUP
DKC001910,3271015504711910,Suryani Halim,Bogor,1971-04-15,Perempuan,O,Jl. Wijaya No. 29,009/007,Kebon Baru,Bekasi Timur,Bogor,Jawa Barat,KRISTEN,Cerai Mati,Wiraswasta,WNI,SEUMUR HIDUP
DKC001911,3671012212971911,Andi Siregar,Tangerang,1997-12-22,Laki-Laki,O,Jl. Simanjuntak No. 86,006/010,Cempaka Putih,Serpong,Tangerang,Banten,KRISTEN,Cerai Mati,Wiraswasta,WNI,SEUMUR HIDUP
DKC001912,3175014804921912,Putri Firmansyah,Jakarta Timur,1992-04-08,Perempuan,A,Jl. Santoso No. 56,009/006,Sukamaju,Kramat Jati,Jakarta Timur,DKI Jakarta,KONGHUCU,Cerai Hidup,Wiraswasta,WNI,SEUMUR HIDUP
DKC001913,3671016404021913,Rina Panjaitan,Tangerang,2002-04-24,Perempuan,AB,Jl. Situmorang No. 74,011/005,Cipete,Bekasi Timur,Tangerang,Banten,KRISTEN,Belum Menikah,Wiraswasta,WNI,SEUMUR HIDUP
DKC001914,3674011411981914,Taufik Santoso,Tangerang Selatan,1998-11-14,Laki-Laki,B,Jl. Nugroho No. 17,005/006,Duren Sawit,Bekasi Timur,Tangerang Selatan,Jawa Barat,KONGHUCU,Menikah,Wiraswasta,WNI,SEUMUR HIDUP
DKC001915,3276014509711915,Yanti Handoko,Depok,1971-09-05,Perempuan,AB,Jl. Kurniawan No. 30,005/010,Bintaro,Sukmajaya,Depok,Jawa Barat,BUDDHA,Cerai Mati,Wiraswasta,WNI,SEUMUR HIDUP
DKC001916,3174016712771916,Yuni Kurniawan,Jakarta Selatan,1977-12-27,Perempuan,A,Jl. Siregar No. 83,005/004,Bintaro,Bekasi Timur,Jakarta Selatan,DKI Jakarta,KONGHUCU,Cerai Mati,Wiraswasta,WNI,SEUMUR HIDUP
DKC001917,3174017004961917,Ani Kusuma,Jakarta Selatan,1996-04-30,Perempuan,AB,Jl. Kusuma No. 14,001/002,Bintaro,Kramat Jati,Jakarta Selatan,DKI Jakarta,ISLAM,Cerai Hidup,Wiraswasta,WNI,SEUMUR HIDUP
DKC001918,3275013011671918,Taufik Kurniawan,Bekasi,1967-11-30,Laki-Laki,AB,Jl. Nugroho No. 111,008/009,Cipete,Kramat Jati,Bekasi,Jawa Barat,KONGHUCU,Menikah,Wiraswasta,WNI,SEUMUR HIDUP
DKC001919,3172011706851919,Ahmad Rahman,Jakarta Utara,1985-06-17,Laki-Laki,A,Jl. Wijaya No. 104,011/009,Rawa Bunga,Bekasi Timur,Jakarta Utara,DKI Jakarta,KATOLIK,Belum Menikah,Wiraswasta,WNI,SEUMUR HIDUP
DKC001920,3173016410931920,Tri Suryadi,Jakarta Barat,1993-10-24,Perempuan,A,Jl. Setiawan No. 110,010/004,Kebon Baru,Serpong,Jakarta Barat,DKI Jakarta,ISLAM,Cerai Hidup,Wiraswasta,WNI,SEUMUR HIDUP
DKC001921,3671016007651921,Sri Hutapea,Tangerang,1965-07-20,Perempuan,O,Jl. Wijaya No. 14,003/004,Sukamaju,Kramat Jati,Tangerang,Banten,BUDDHA,Cerai Mati,Wiraswasta,WNI,SEUMUR HIDUP
DKC001922,3275015704951922,Sari Hutapea,Bekasi,1995-04-17,Perempuan,AB,Jl. Setiawan No. 44,005/002,Sukajadi,Cengkareng,Bekasi,Jawa Barat,KRISTEN,Menikah,Wiraswasta,WNI,SEUMUR HIDUP
DKC001923,3174015802791923,Ika Handoko,Jakarta Selatan,1979-02-18,Perempuan,A,Jl. Firmansyah No. 82,012/010,Cempaka Putih,Tebet,Jakarta Selatan,DKI Jakarta,ISLAM,Cerai Mati,Wiraswasta,WNI,SEUMUR HIDUP
DKC001924,3172016404711924,Melati Nugroho,Jakarta Utara,1971-04-24,Perempuan,B,Jl. Setiawan No. 35,005/001,Sukamaju,Cengkareng,Jakarta Utara,DKI Jakarta,KRISTEN,Belum Menikah,Wiraswasta,WNI,SEUMUR HIDUP
DKC001925,3175011212811925,Sutrisno Pratama,Jakarta Timur,1981-12-12,Laki-Laki,B,Jl. Tanjung No. 8,002/010,Sukamaju,Tebet,Jakarta Timur,DKI Jakarta,ISLAM,Belum Menikah,Wiraswasta,WNI,SEUMUR HIDUP
DKC001926,3171014111901926,Dian Susanto,Jakarta Pusat,1990-11-01,Perempuan,A,Jl. Hidayat No. 59,011/003,Rawa Bunga,Kramat Jati,Jakarta Pusat,DKI Jakarta,BUDDHA,Cerai Mati,Wiraswasta,WNI,SEUMUR HIDUP
DKC001927,3171011711971927,Yudi Hidayat,Jakarta Pusat,1997-11-17,Laki-Laki,AB,Jl. Gunawan No. 106,011/005,Rawa Bunga,Kramat Jati,Jakarta Pusat,DKI Jakarta,KRISTEN,Cerai Hidup,Wiraswasta,WNI,SEUMUR HIDUP
DKC001928,3271010305921928,Dimas Wibowo,Bogor,1992-05-03,Laki-Laki,O,Jl. Permana No. 2,003/005,Cipete,Bekasi Timur,Bogor,Jawa Barat,KRISTEN,Cerai Hidup,Wiraswasta,WNI,SEUMUR HIDUP
DKC001929,3671010802761929,Rian Wijaya,Tangerang,1976-02-08,Laki-Laki,O,Jl. Situmorang No. 117,011/008,Kebon Baru,Cengkareng,Tangerang,Banten,KONGHUCU,Cerai Hidup,Wiraswasta,WNI,SEUMUR HIDUP
DKC001930,3175012702831930,Iwan Handoko,Jakarta Timur,1983-02-27,Laki-Laki,A,Jl. Gunawan No. 46,007/007,Rawa Bunga,Cengkareng,Jakarta Timur,DKI Jakarta,BUDDHA,Menikah,Wiraswasta,WNI,SEUMUR HIDUP
DKC001931,3276014208811931,Wati Situmorang,Depok,1981-08-02,Perempuan,B,Jl. Tanjung No. 131,001/010,Cipete,Bekasi Timur,Depok,Jawa Barat,KATOLIK,Menikah,Wiraswasta,WNI,SEUMUR HIDUP
DKC001932,3171016002831932,Wati Halim,Jakarta Pusat,1983-02-20,Perempuan,AB,Jl. Pratama No. 74,008/005,Cipete,Bekasi Timur,Jakarta Pusat,DKI Jakarta,KONGHUCU,Cerai Hidup,Wiraswasta,WNI,SEUMUR HIDUP
DKC001933,3671011709701933,Eko Hidayat,Tangerang,1970-09-17,Laki-Laki,AB,Jl. Panjaitan No. 64,003/005,Kebon Baru,Serpong,Tangerang,Banten,HINDU,Cerai Mati,Wiraswasta,WNI,SEUMUR HIDUP
DKC001934,3674010209681934,Bambang Saputra,Tangerang Selatan,1968-09-02,Laki-Laki,B,Jl. Tanjung No. 118,011/007,Kebon Baru,Serpong,Tangerang Selatan,Jawa Barat,KONGHUCU,Belum Menikah,Wiraswasta,WNI,SEUMUR HIDUP
DKC001935,3671014606831935,Indah Hidayat,Tangerang,1983-06-06,Perempuan,AB,Jl. Kusuma No. 110,004/010,Sukamaju,Bekasi Timur,Tangerang,Banten,ISLAM,Cerai Mati,Wiraswasta,WNI,SEUMUR HIDUP
DKC001936,3276011808921936,Bambang Siregar,Depok,1992-08-18,Laki-Laki,A,Jl. Permana No. 25,006/004,Sukajadi,Tebet,Depok,Jawa Barat,HINDU,Belum Menikah,Wiraswasta,WNI,SEUMUR HIDUP
DKC001937,3174016004871937,Rina Santoso,Jakarta Selatan,1987-04-20,Perempuan,B,Jl. Handoko No. 34,007/001,Bintaro,Serpong,Jakarta Selatan,DKI Jakarta,KRISTEN,Menikah,Wiraswasta,WNI,SEUMUR HIDUP
DKC001938,3671011607011938,Wahyu Rahman,Tangerang,2001-07-16,Laki-Laki,O,Jl. Rahman No. 5,009/003,Cipete,Serpong,Tangerang,Banten,KATOLIK,Belum Menikah,Wiraswasta,WNI,SEUMUR HIDUP
DKC001939,3674012802001939,Dedi Saputra,Tangerang Selatan,2000-02-28,Laki-Laki,B,Jl. Siregar No. 77,008/007,Cempaka Putih,Cengkareng,Tangerang Selatan,Jawa Barat,KONGHUCU,Cerai Hidup,Wiraswasta,WNI,SEUMUR HIDUP
DKC001940,3671010706821940,Rian Siregar,Tangerang,1982-06-07,Laki-Laki,AB,Jl. Halim No. 104,004/004,Sukajadi,Bekasi Timur,Tangerang,Banten,KRISTEN,Cerai Hidup,Wiraswasta,WNI,SEUMUR HIDUP
DKC001941,3671010709871941,Yusuf Wibowo,Tangerang,1987-09-07,Laki-Laki,A,Jl. Lubis No. 29,003/007,Cipete,Serpong,Tangerang,Banten,KATOLIK,Cerai Mati,Wiraswasta,WNI,SEUMUR HIDUP
DKC001942,3275012106831942,Iwan Permana,Bekasi,1983-06-21,Laki-Laki,B,Jl. Hidayat No. 85,004/010,Sukajadi,Tebet,Bekasi,Jawa Barat,ISLAM,Cerai Mati,Wiraswasta,WNI,SEUMUR HIDUP
DKC001943,3671010502701943,Hendra Halim,Tangerang,1970-02-05,Laki-Laki,O,Jl. Situmorang No. 64,010/010,Duren Sawit,Serpong,Tangerang,Banten,BUDDHA,Menikah,Wiraswasta,WNI,SEUMUR HIDUP
DKC001944,3175011303771944,Yusuf Nugroho,Jakarta Timur,1977-03-13,Laki-Laki,B,Jl. Handoko No. 108,008/004,Duren Sawit,Sukmajaya,Jakarta Timur,DKI Jakarta,ISLAM,Cerai Hidup,Wiraswasta,WNI,SEUMUR HIDUP
DKC001945,3671012212681945,Fauzi Siregar,Tangerang,1968-12-22,Laki-Laki,A,Jl. Kurniawan No. 112,008/010,Kebon Baru,Tebet,Tangerang,Banten,ISLAM,Cerai Hidup,Wiraswasta,WNI,SEUMUR HIDUP
DKC001946,3175011112901946,Rizky Wibowo,Jakarta Timur,1990-12-11,Laki-Laki,A,Jl. Situmorang No. 7,001/005,Cempaka Putih,Tebet,Jakarta Timur,DKI Jakarta,KRISTEN,Cerai Mati,Wiraswasta,WNI,SEUMUR HIDUP
DKC001947,3275016207981947,Suryani Saputra,Bekasi,1998-07-22,Perempuan,A,Jl. Simanjuntak No. 11,004/005,Cempaka Putih,Tebet,Bekasi,Jawa Barat,KRISTEN,Cerai Hidup,Wiraswasta,WNI,SEUMUR HIDUP
DKC001948,3276014909671948,Lestari Rahman,Depok,1967-09-09,Perempuan,B,Jl. Gunawan No. 51,002/007,Sukamaju,Serpong,Depok,Jawa Barat,HINDU,Menikah,Wiraswasta,WNI,SEUMUR HIDUP
DKC001949,3171016005891949,Kartika Siregar,Jakarta Pusat,1989-05-20,Perempuan,O,Jl. Wijaya No. 21,006/008,Sukajadi,Serpong,Jakarta Pusat,DKI Jakarta,ISLAM,Cerai Mati,Wiraswasta,WNI,SEUMUR HIDUP
DKC001950,3671012502911950,Yusuf Setiawan,Tangerang,1991-02-25,Laki-Laki,AB,Jl. Santoso No. 35,005/008,Sukamaju,Kramat Jati,Tangerang,Banten,BUDDHA,Menikah,Wiraswasta,WNI,SEUMUR HIDUP
DKC001951,3172015008851951,Rina Saputra,Jakarta Utara,1985-08-10,Perempuan,AB,Jl. Gunawan No. 35,008/002,Kebon Baru,Bekasi Timur,Jakarta Utara,DKI Jakarta,HINDU,Cerai Hidup,Wiraswasta,WNI,SEUMUR HIDUP
DKC001952,3276016402921952,Putri Susanto,Depok,1992-02-24,Perempuan,A,Jl. Nugroho No. 142,002/001,Bintaro,Cengkareng,Depok,Jawa Barat,BUDDHA,Menikah,Wiraswasta,WNI,SEUMUR HIDUP
DKC001953,3276015103761953,Ani Siregar,Depok,1976-03-11,Perempuan,B,Jl. Saputra No. 90,005/001,Sukajadi,Serpong,Depok,Jawa Barat,KRISTEN,Menikah,Wiraswasta,WNI,SEUMUR HIDUP
DKC001954,3173015010911954,Yuni Gunawan,Jakarta Barat,1991-10-10,Perempuan,O,Jl. Lubis No. 48,007/002,Cipete,Sukmajaya,Jakarta Barat,DKI Jakarta,KATOLIK,Cerai Hidup,Wiraswasta,WNI,SEUMUR HIDUP
DKC001955,3173014603981955,Sri Gunawan,Jakarta Barat,1998-03-06,Perempuan,AB,Jl. Kurniawan No. 1,003/006,Duren Sawit,Bekasi Timur,Jakarta Barat,DKI Jakarta,KONGHUCU,Menikah,Wiraswasta,WNI,SEUMUR HIDUP
DKC001956,3671014905881956,Rita Rahman,Tangerang,1988-05-09,Perempuan,AB,Jl. Permana No. 100,010/005,Kebon Baru,Tebet,Tangerang,Banten,ISLAM,Cerai Hidup,Wiraswasta,WNI,SEUMUR HIDUP
DKC001957,3671013005841957,Taufik Tanjung,Tangerang,1984-05-30,Laki-Laki,O,Jl. Halim No. 103,004/006,Rawa Bunga,Sukmajaya,Tangerang,Banten,KATOLIK,Belum Menikah,Wiraswasta,WNI,SEUMUR HIDUP
DKC001958,3671011006851958,Hadi Tanjung,Tangerang,1985-06-10,Laki-Laki,B,Jl. Wibowo No. 104,003/006,Cipete,Cengkareng,Tangerang,Banten,ISLAM,Cerai Hidup,Wiraswasta,WNI,SEUMUR HIDUP
DKC001959,3275014410941959,Anggi Santoso,Bekasi,1994-10-04,Perempuan,A,Jl. Kurniawan No. 76,011/005,Sukajadi,Kramat Jati,Bekasi,Jawa Barat,ISLAM,Cerai Mati,Wiraswasta,WNI,SEUMUR HIDUP
DKC001960,3275016804001960,Anggi Pratama,Bekasi,2000-04-28,Perempuan,O,Jl. Situmorang No. 27,001/001,Cipete,Bekasi Timur,Bekasi,Jawa Barat,BUDDHA,Menikah,Wiraswasta,WNI,SEUMUR HIDUP
DKC001961,3173017101711961,Retno Situmorang,Jakarta Barat,1971-01-31,Perempuan,B,Jl. Santoso No. 121,007/003,Kebon Baru,Sukmajaya,Jakarta Barat,DKI Jakarta,KONGHUCU,Menikah,Wiraswasta,WNI,SEUMUR HIDUP
DKC001962,3171011604751962,Rudi Lubis,Jakarta Pusat,1975-04-16,Laki-Laki,B,Jl. Rahman No. 38,003/003,Cempaka Putih,Cengkareng,Jakarta Pusat,DKI Jakarta,ISLAM,Cerai Hidup,Wiraswasta,WNI,SEUMUR HIDUP
DKC001963,3671016101811963,Ratna Setiawan,Tangerang,1981-01-21,Perempuan,AB,Jl. Wijaya No. 1,005/002,Sukamaju,Serpong,Tangerang,Banten,BUDDHA,Cerai Hidup,Wiraswasta,WNI,SEUMUR HIDUP
DKC001964,3175016601001964,Nina Saputra,Jakarta Timur,2000-01-26,Perempuan,A,Jl. Hutapea No. 30,004/006,Sukamaju,Cengkareng,Jakarta Timur,DKI Jakarta,KRISTEN,Cerai Hidup,Wiraswasta,WNI,SEUMUR HIDUP
DKC001965,3172016407911965,Suryani Setiawan,Jakarta Utara,1991-07-24,Perempuan,B,Jl. Santoso No. 112,005/002,Rawa Bunga,Bekasi Timur,Jakarta Utara,DKI Jakarta,BUDDHA,Menikah,Wiraswasta,WNI,SEUMUR HIDUP
DKC001966,3171017003891966,Ayu Nugroho,Jakarta Pusat,1989-03-30,Perempuan,A,Jl. Kurniawan No. 7,005/002,Duren Sawit,Serpong,Jakarta Pusat,DKI Jakarta,KATOLIK,Belum Menikah,Wiraswasta,WNI,SEUMUR HIDUP
DKC001967,3276015504001967,Rina Simanjuntak,Depok,2000-04-15,Perempuan,A,Jl. Tanjung No. 68,005/008,Cipete,Bekasi Timur,Depok,Jawa Barat,KATOLIK,Belum Menikah,Wiraswasta,WNI,SEUMUR HIDUP
DKC001968,3671010501661968,Hendra Kurniawan,Tangerang,1966-01-05,Laki-Laki,O,Jl. Nugroho No. 89,008/009,Sukamaju,Serpong,Tangerang,Banten,KRISTEN,Cerai Mati,Wiraswasta,WNI,SEUMUR HIDUP
DKC001969,3171011612011969,Sutrisno Setiawan,Jakarta Pusat,2001-12-16,Laki-Laki,O,Jl. Firmansyah No. 62,012/007,Sukamaju,Cengkareng,Jakarta Pusat,DKI Jakarta,KATOLIK,Cerai Hidup,Wiraswasta,WNI,SEUMUR HIDUP
DKC001970,3271016104961970,Suryani Handoko,Bogor,1996-04-21,Perempuan,A,Jl. Rahman No. 72,003/010,Sukamaju,Bekasi Timur,Bogor,Jawa Barat,BUDDHA,Cerai Mati,Wiraswasta,WNI,SEUMUR HIDUP
DKC001971,3276012604881971,Anton Susanto,Depok,1988-04-26,Laki-Laki,O,Jl. Santoso No. 97,002/001,Cipete,Cengkareng,Depok,Jawa Barat,HINDU,Cerai Mati,Wiraswasta,WNI,SEUMUR HIDUP
DKC001972,3271010212841972,Fajar Suryadi,Bogor,1984-12-02,Laki-Laki,A,Jl. Kurniawan No. 103,006/003,Bintaro,Bekasi Timur,Bogor,Jawa Barat,ISLAM,Belum Menikah,Wiraswasta,WNI,SEUMUR HIDUP
DKC001973,3175015405911973,Yanti Rahman,Jakarta Timur,1991-05-14,Perempuan,A,Jl. Setiawan No. 92,004/001,Duren Sawit,Kramat Jati,Jakarta Timur,DKI Jakarta,HINDU,Cerai Mati,Wiraswasta,WNI,SEUMUR HIDUP
DKC001974,3271013101771974,Gunawan Simanjuntak,Bogor,1977-01-31,Laki-Laki,AB,Jl. Suryadi No. 128,003/006,Sukamaju,Sukmajaya,Bogor,Jawa Barat,KATOLIK,Belum Menikah,Wiraswasta,WNI,SEUMUR HIDUP
DKC001975,3276011607741975,Rian Setiawan,Depok,1974-07-16,Laki-Laki,AB,Jl. Kusuma No. 2,001/005,Sukajadi,Bekasi Timur,Depok,Jawa Barat,KONGHUCU,Belum Menikah,Wiraswasta,WNI,SEUMUR HIDUP
DKC001976,3271016401761976,Ani Panjaitan,Bogor,1976-01-24,Perempuan,O,Jl. Simanjuntak No. 28,006/009,Rawa Bunga,Cengkareng,Bogor,Jawa Barat,HINDU,Cerai Hidup,Wiraswasta,WNI,SEUMUR HIDUP
DKC001977,3674010209651977,Slamet Pratama,Tangerang Selatan,1965-09-02,Laki-Laki,B,Jl. Firmansyah No. 43,006/008,Sukamaju,Kramat Jati,Tangerang Selatan,Jawa Barat,KRISTEN,Belum Menikah,Wiraswasta,WNI,SEUMUR HIDUP
DKC001978,3671010502811978,Iwan Gunawan,Tangerang,1981-02-05,Laki-Laki,B,Jl. Nugroho No. 22,006/009,Cempaka Putih,Sukmajaya,Tangerang,Banten,HINDU,Belum Menikah,Wiraswasta,WNI,SEUMUR HIDUP
DKC001979,3172010807841979,Wahyu Santoso,Jakarta Utara,1984-07-08,Laki-Laki,O,Jl. Pratama No. 24,008/003,Sukajadi,Bekasi Timur,Jakarta Utara,DKI Jakarta,KATOLIK,Belum Menikah,Wiraswasta,WNI,SEUMUR HIDUP
DKC001980,3175012611681980,Fauzi Setiawan,Jakarta Timur,1968-11-26,Laki-Laki,O,Jl. Suryadi No. 139,003/002,Rawa Bunga,Serpong,Jakarta Timur,DKI Jakarta,KRISTEN,Belum Menikah,Wiraswasta,WNI,SEUMUR HIDUP
DKC001981,3173014507031981,Putri Simanjuntak,Jakarta Barat,2003-07-05,Perempuan,A,Jl. Wibowo No. 57,003/006,Sukamaju,Kramat Jati,Jakarta Barat,DKI Jakarta,ISLAM,Belum Menikah,Wiraswasta,WNI,SEUMUR HIDUP
DKC001982,3271010505651982,Dimas Wijaya,Bogor,1965-05-05,Laki-Laki,B,Jl. Setiawan No. 12,007/002,Sukamaju,Tebet,Bogor,Jawa Barat,BUDDHA,Belum Menikah,Wiraswasta,WNI,SEUMUR HIDUP
DKC001983,3671011512861983,Yusuf Halim,Tangerang,1986-12-15,Laki-Laki,O,Jl. Kurniawan No. 16,001/001,Sukamaju,Kramat Jati,Tangerang,Banten,KONGHUCU,Cerai Hidup,Wiraswasta,WNI,SEUMUR HIDUP
DKC001984,3171014410021984,Ani Wibowo,Jakarta Pusat,2002-10-04,Perempuan,AB,Jl. Wibowo No. 72,012/008,Sukajadi,Sukmajaya,Jakarta Pusat,DKI Jakarta,KONGHUCU,Cerai Hidup,Wiraswasta,WNI,SEUMUR HIDUP
DKC001985,3173016812901985,Nina Susanto,Jakarta Barat,1990-12-28,Perempuan,B,Jl. Nugroho No. 1,005/006,Kebon Baru,Kramat Jati,Jakarta Barat,DKI Jakarta,KONGHUCU,Belum Menikah,Wiraswasta,WNI,SEUMUR HIDUP
DKC001986,3671011811851986,Slamet Tanjung,Tangerang,1985-11-18,Laki-Laki,A,Jl. Susanto No. 85,007/005,Bintaro,Serpong,Tangerang,Banten,KATOLIK,Belum Menikah,Wiraswasta,WNI,SEUMUR HIDUP
DKC001987,3172014704781987,Siti Panjaitan,Jakarta Utara,1978-04-07,Perempuan,AB,Jl. Hidayat No. 27,002/008,Bintaro,Bekasi Timur,Jakarta Utara,DKI Jakarta,HINDU,Cerai Mati,Wiraswasta,WNI,SEUMUR HIDUP
DKC001988,3173016701941988,Dewi Halim,Jakarta Barat,1994-01-27,Perempuan,O,Jl. Kurniawan No. 33,001/010,Cempaka Putih,Sukmajaya,Jakarta Barat,DKI Jakarta,ISLAM,Cerai Hidup,Wiraswasta,WNI,SEUMUR HIDUP
DKC001989,3275014410001989,Dian Wijaya,Bekasi,2000-10-04,Perempuan,A,Jl. Setiawan No. 34,004/002,Sukajadi,Bekasi Timur,Bekasi,Jawa Barat,HINDU,Cerai Mati,Wiraswasta,WNI,SEUMUR HIDUP
DKC001990,3674010503741990,Slamet Tanjung,Tangerang Selatan,1974-03-05,Laki-Laki,AB,Jl. Nugroho No. 35,003/004,Bintaro,Tebet,Tangerang Selatan,Jawa Barat,BUDDHA,Cerai Hidup,Wiraswasta,WNI,SEUMUR HIDUP
DKC001991,3271011101941991,Andi Setiawan,Bogor,1994-01-11,Laki-Laki,AB,Jl. Permana No. 57,008/002,Sukajadi,Cengkareng,Bogor,Jawa Barat,KRISTEN,Cerai Hidup,Wiraswasta,WNI,SEUMUR HIDUP
DKC001992,3171010705851992,Budi Wijaya,Jakarta Pusat,1985-05-07,Laki-Laki,AB,Jl. Situmorang No. 63,010/009,Cempaka Putih,Kramat Jati,Jakarta Pusat,DKI Jakarta,KONGHUCU,Menikah,Wiraswasta,WNI,SEUMUR HIDUP
DKC001993,3271012211911993,Dedi Firmansyah,Bogor,1991-11-22,Laki-Laki,O,Jl. Wibowo No. 54,003/008,Duren Sawit,Tebet,Bogor,Jawa Barat,HINDU,Belum Menikah,Wiraswasta,WNI,SEUMUR HIDUP
DKC001994,3671015604801994,Ika Gunawan,Tangerang,1980-04-16,Perempuan,B,Jl. Kusuma No. 36,001/002,Sukajadi,Cengkareng,Tangerang,Banten,KONGHUCU,Menikah,Wiraswasta,WNI,SEUMUR HIDUP
DKC001995,3173015708821995,Retno Halim,Jakarta Barat,1982-08-17,Perempuan,AB,Jl. Pratama No. 111,008/004,Rawa Bunga,Tebet,Jakarta Barat,DKI Jakarta,KRISTEN,Cerai Mati,Wiraswasta,WNI,SEUMUR HIDUP
DKC001996,3276012703011996,Wahyu Gunawan,Depok,2001-03-27,Laki-Laki,B,Jl. Handoko No. 94,011/007,Rawa Bunga,Bekasi Timur,Depok,Jawa Barat,BUDDHA,Cerai Mati,Wiraswasta,WNI,SEUMUR HIDUP
DKC001997,3271016905911997,Indah Kusuma,Bogor,1991-05-29,Perempuan,O,Jl. Pratama No. 43,005/010,Duren Sawit,Serpong,Bogor,Jawa Barat,KATOLIK,Menikah,Wiraswasta,WNI,SEUMUR HIDUP
DKC001998,3671011602791998,Bambang Permana,Tangerang,1979-02-16,Laki-Laki,A,Jl. Permana No. 149,003/010,Cipete,Cengkareng,Tangerang,Banten,HINDU,Cerai Hidup,Wiraswasta,WNI,SEUMUR HIDUP
DKC001999,3173011105991999,Dedi Lubis,Jakarta Barat,1999-05-11,Laki-Laki,B,Jl. Situmorang No. 115,007/008,Cempaka Putih,Sukmajaya,Jakarta Barat,DKI Jakarta,KRISTEN,Cerai Hidup,Wiraswasta,WNI,SEUMUR HIDUP
DKC002000,3671011907762000,Iwan Suryadi,Tangerang,1976-07-19,Laki-Laki,AB,Jl. Setiawan No. 19,003/010,Sukajadi,Cengkareng,Tangerang,Banten,HINDU,Cerai Hidup,Wiraswasta,WNI,SEUMUR HIDUP
DKC002001,3175011902872001,Hendra Setiawan,Jakarta Timur,1987-02-19,Laki-Laki,O,Jl. Rahman No. 2,005/006,Bintaro,Serpong,Jakarta Timur,DKI Jakarta,BUDDHA,Cerai Mati,Wiraswasta,WNI,SEUMUR HIDUP
DKC002002,3671012504962002,Rudi Saputra,Tangerang,1996-04-25,Laki-Laki,A,Jl. Suryadi No. 7,004/004,Cempaka Putih,Tebet,Tangerang,Banten,KATOLIK,Cerai Mati,Wiraswasta,WNI,SEUMUR HIDUP
DKC002003,3173010912932003,Doni Nugroho,Jakarta Barat,1993-12-09,Laki-Laki,B,Jl. Hutapea No. 15,010/005,Rawa Bunga,Tebet,Jakarta Barat,DKI Jakarta,KONGHUCU,Cerai Mati,Wiraswasta,WNI,SEUMUR HIDUP
DKC002004,3671015207652004,Putri Situmorang,Tangerang,1965-07-12,Perempuan,O,Jl. Hidayat No. 105,011/004,Cempaka Putih,Sukmajaya,Tangerang,Banten,HINDU,Belum Menikah,Wiraswasta,WNI,SEUMUR HIDUP
DKC002005,3171012003662005,Rizky Kurniawan,Jakarta Pusat,1966-03-20,Laki-Laki,A,Jl. Panjaitan No. 133,005/009,Duren Sawit,Kramat Jati,Jakarta Pusat,DKI Jakarta,HINDU,Cerai Hidup,Wiraswasta,WNI,SEUMUR HIDUP
DKC002006,3173010202032006,Yusuf Situmorang,Jakarta Barat,2003-02-02,Laki-Laki,O,Jl. Lubis No. 148,007/001,Cempaka Putih,Serpong,Jakarta Barat,DKI Jakarta,BUDDHA,Cerai Mati,Wiraswasta,WNI,SEUMUR HIDUP
DKC002007,3671015204962007,Desi Panjaitan,Tangerang,1996-04-12,Perempuan,B,Jl. Wibowo No. 3,006/005,Duren Sawit,Bekasi Timur,Tangerang,Banten,BUDDHA,Belum Menikah,Wiraswasta,WNI,SEUMUR HIDUP
DKC002008,3271012906902008,Arif Halim,Bogor,1990-06-29,Laki-Laki,A,Jl. Saputra No. 49,003/005,Rawa Bunga,Tebet,Bogor,Jawa Barat,BUDDHA,Belum Menikah,Wiraswasta,WNI,SEUMUR HIDUP
DKC002009,3174015011692009,Dewi Tanjung,Jakarta Selatan,1969-11-10,Perempuan,AB,Jl. Susanto No. 101,002/008,Rawa Bunga,Sukmajaya,Jakarta Selatan,DKI Jakarta,KONGHUCU,Menikah,Wiraswasta,WNI,SEUMUR HIDUP
DKC002010,3671012810772010,Yusuf Kusuma,Tangerang,1977-10-28,Laki-Laki,AB,Jl. Tanjung No. 18,001/005,Sukamaju,Cengkareng,Tangerang,Banten,KRISTEN,Menikah,Wiraswasta,WNI,SEUMUR HIDUP
DKC002011,3671016705682011,Putri Wibowo,Tangerang,1968-05-27,Perempuan,B,Jl. Gunawan No. 49,009/002,Duren Sawit,Sukmajaya,Tangerang,Banten,KONGHUCU,Belum Menikah,Wiraswasta,WNI,SEUMUR HIDUP
DKC002012,3271014809872012,Lestari Suryadi,Bogor,1987-09-08,Perempuan,A,Jl. Hidayat No. 11,010/001,Sukajadi,Bekasi Timur,Bogor,Jawa Barat,BUDDHA,Cerai Hidup,Wiraswasta,WNI,SEUMUR HIDUP
DKC002013,3173015909022013,Lestari Suryadi,Jakarta Barat,2002-09-19,Perempuan,O,Jl. Rahman No. 68,001/002,Sukamaju,Kramat Jati,Jakarta Barat,DKI Jakarta,HINDU,Menikah,Wiraswasta,WNI,SEUMUR HIDUP
DKC002014,3671015309862014,Melati Simanjuntak,Tangerang,1986-09-13,Perempuan,A,Jl. Permana No. 24,002/006,Cipete,Bekasi Timur,Tangerang,Banten,BUDDHA,Cerai Mati,Wiraswasta,WNI,SEUMUR HIDUP
DKC002015,3671013001022015,Andi Siregar,Tangerang,2002-01-30,Laki-Laki,O,Jl. Suryadi No. 92,010/009,Kebon Baru,Serpong,Tangerang,Banten,KRISTEN,Belum Menikah,Wiraswasta,WNI,SEUMUR HIDUP
DKC002016,3175014604662016,Rina Handoko,Jakarta Timur,1966-04-06,Perempuan,AB,Jl. Rahman No. 54,006/004,Duren Sawit,Cengkareng,Jakarta Timur,DKI Jakarta,KONGHUCU,Menikah,Wiraswasta,WNI,SEUMUR HIDUP
DKC002017,3276016006892017,Ika Gunawan,Depok,1989-06-20,Perempuan,AB,Jl. Nugroho No. 94,004/004,Cempaka Putih,Cengkareng,Depok,Jawa Barat,KRISTEN,Cerai Mati,Wiraswasta,WNI,SEUMUR HIDUP
DKC002018,3173014511992018,Yanti Setiawan,Jakarta Barat,1999-11-05,Perempuan,O,Jl. Gunawan No. 144,001/002,Rawa Bunga,Sukmajaya,Jakarta Barat,DKI Jakarta,KATOLIK,Cerai Mati,Wiraswasta,WNI,SEUMUR HIDUP
DKC002019,3671015203652019,Dian Handoko,Tangerang,1965-03-12,Perempuan,B,Jl. Santoso No. 39,009/006,Kebon Baru,Kramat Jati,Tangerang,Banten,HINDU,Belum Menikah,Wiraswasta,WNI,SEUMUR HIDUP
DKC002020,3276015006762020,Tri Wibowo,Depok,1976-06-10,Perempuan,AB,Jl. Kurniawan No. 95,012/001,Cempaka Putih,Cengkareng,Depok,Jawa Barat,KRISTEN,Cerai Hidup,Wiraswasta,WNI,SEUMUR HIDUP
DKC002021,3174016101012021,Ika Saputra,Jakarta Selatan,2001-01-21,Perempuan,O,Jl. Hidayat No. 2,009/010,Bintaro,Kramat Jati,Jakarta Selatan,DKI Jakarta,KONGHUCU,Menikah,Wiraswasta,WNI,SEUMUR HIDUP
DKC002022,3671015409862022,Tri Nugroho,Tangerang,1986-09-14,Perempuan,O,Jl. Handoko No. 117,012/002,Sukajadi,Sukmajaya,Tangerang,Banten,KATOLIK,Belum Menikah,Wiraswasta,WNI,SEUMUR HIDUP
DKC002023,3671014904942023,Wulan Hutapea,Tangerang,1994-04-09,Perempuan,O,Jl. Hidayat No. 1,010/001,Sukamaju,Bekasi Timur,Tangerang,Banten,ISLAM,Belum Menikah,Wiraswasta,WNI,SEUMUR HIDUP
DKC002024,3671012704712024,Agus Setiawan,Tangerang,1971-04-27,Laki-Laki,B,Jl. Susanto No. 75,008/004,Sukamaju,Cengkareng,Tangerang,Banten,KONGHUCU,Cerai Mati,Wiraswasta,WNI,SEUMUR HIDUP
DKC002025,3671016605702025,Wati Saputra,Tangerang,1970-05-26,Perempuan,O,Jl. Saputra No. 97,006/010,Cipete,Cengkareng,Tangerang,Banten,HINDU,Cerai Mati,Wiraswasta,WNI,SEUMUR HIDUP
DKC002026,3172014305922026,Ika Susanto,Jakarta Utara,1992-05-03,Perempuan,O,Jl. Kusuma No. 61,004/005,Duren Sawit,Tebet,Jakarta Utara,DKI Jakarta,ISLAM,Cerai Hidup,Wiraswasta,WNI,SEUMUR HIDUP
DKC002027,3173010808952027,Hendra Susanto,Jakarta Barat,1995-08-08,Laki-Laki,AB,Jl. Hidayat No. 118,010/004,Cempaka Putih,Kramat Jati,Jakarta Barat,DKI Jakarta,ISLAM,Menikah,Wiraswasta,WNI,SEUMUR HIDUP
DKC002028,3671016907852028,Fitri Simanjuntak,Tangerang,1985-07-29,Perempuan,A,Jl. Halim No. 73,008/004,Cipete,Tebet,Tangerang,Banten,ISLAM,Cerai Hidup,Wiraswasta,WNI,SEUMUR HIDUP
DKC002029,3671015509682029,Retno Tanjung,Tangerang,1968-09-15,Perempuan,AB,Jl. Wijaya No. 25,001/002,Cipete,Serpong,Tangerang,Banten,KRISTEN,Cerai Mati,Wiraswasta,WNI,SEUMUR HIDUP
DKC002030,3171010201832030,Budi Kusuma,Jakarta Pusat,1983-01-02,Laki-Laki,AB,Jl. Rahman No. 147,012/004,Duren Sawit,Bekasi Timur,Jakarta Pusat,DKI Jakarta,KATOLIK,Cerai Mati,Wiraswasta,WNI,SEUMUR HIDUP
DKC002031,3276012501812031,Fajar Gunawan,Depok,1981-01-25,Laki-Laki,O,Jl. Kurniawan No. 48,002/005,Cipete,Bekasi Timur,Depok,Jawa Barat,BUDDHA,Menikah,Wiraswasta,WNI,SEUMUR HIDUP
DKC002032,3671014306932032,Putri Nugroho,Tangerang,1993-06-03,Perempuan,O,Jl. Susanto No. 62,003/001,Kebon Baru,Tebet,Tangerang,Banten,HINDU,Belum Menikah,Wiraswasta,WNI,SEUMUR HIDUP
DKC002033,3172015605712033,Ika Halim,Jakarta Utara,1971-05-16,Perempuan,AB,Jl. Wibowo No. 138,006/005,Cempaka Putih,Serpong,Jakarta Utara,DKI Jakarta,HINDU,Belum Menikah,Wiraswasta,WNI,SEUMUR HIDUP
DKC002034,3171014712652034,Siti Wijaya,Jakarta Pusat,1965-12-07,Perempuan,O,Jl. Lubis No. 13,002/005,Cipete,Tebet,Jakarta Pusat,DKI Jakarta,KATOLIK,Menikah,Wiraswasta,WNI,SEUMUR HIDUP
DKC002035,3271010905742035,Arif Situmorang,Bogor,1974-05-09,Laki-Laki,B,Jl. Handoko No. 30,007/004,Sukamaju,Serpong,Bogor,Jawa Barat,KONGHUCU,Belum Menikah,Wiraswasta,WNI,SEUMUR HIDUP
DKC002036,3671010902822036,Eko Permana,Tangerang,1982-02-09,Laki-Laki,B,Jl. Santoso No. 23,001/001,Sukamaju,Sukmajaya,Tangerang,Banten,ISLAM,Belum Menikah,Wiraswasta,WNI,SEUMUR HIDUP
DKC002037,3671011408972037,Arif Suryadi,Tangerang,1997-08-14,Laki-Laki,A,Jl. Susanto No. 137,001/003,Kebon Baru,Cengkareng,Tangerang,Banten,KONGHUCU,Cerai Hidup,Wiraswasta,WNI,SEUMUR HIDUP
DKC002038,3671011301932038,Eko Rahman,Tangerang,1993-01-13,Laki-Laki,A,Jl. Simanjuntak No. 59,001/005,Kebon Baru,Serpong,Tangerang,Banten,HINDU,Cerai Mati,Wiraswasta,WNI,SEUMUR HIDUP
DKC002039,3674016308722039,Rina Nugroho,Tangerang Selatan,1972-08-23,Perempuan,A,Jl. Kusuma No. 22,003/003,Cipete,Sukmajaya,Tangerang Selatan,Jawa Barat,ISLAM,Cerai Hidup,Wiraswasta,WNI,SEUMUR HIDUP
DKC002040,3671014207992040,Tri Suryadi,Tangerang,1999-07-02,Perempuan,O,Jl. Santoso No. 89,012/004,Sukajadi,Tebet,Tangerang,Banten,ISLAM,Cerai Hidup,Wiraswasta,WNI,SEUMUR HIDUP
DKC002041,3671011805652041,Sutrisno Situmorang,Tangerang,1965-05-18,Laki-Laki,O,Jl. Handoko No. 52,010/008,Duren Sawit,Kramat Jati,Tangerang,Banten,ISLAM,Menikah,Wiraswasta,WNI,SEUMUR HIDUP
DKC002042,3276015304862042,Wulan Lubis,Depok,1986-04-13,Perempuan,O,Jl. Panjaitan No. 92,011/001,Sukajadi,Bekasi Timur,Depok,Jawa Barat,HINDU,Cerai Mati,Wiraswasta,WNI,SEUMUR HIDUP
DKC002043,3671016306862043,Lina Saputra,Tangerang,1986-06-23,Perempuan,O,Jl. Setiawan No. 136,009/004,Cipete,Kramat Jati,Tangerang,Banten,HINDU,Cerai Hidup,Wiraswasta,WNI,SEUMUR HIDUP
DKC002044,3671012210992044,Andi Panjaitan,Tangerang,1999-10-22,Laki-Laki,B,Jl. Suryadi No. 103,003/010,Cempaka Putih,Kramat Jati,Tangerang,Banten,HINDU,Cerai Mati,Wiraswasta,WNI,SEUMUR HIDUP
DKC002045,3671016507902045,Novi Kusuma,Tangerang,1990-07-25,Perempuan,B,Jl. Suryadi No. 102,002/007,Rawa Bunga,Kramat Jati,Tangerang,Banten,KRISTEN,Menikah,Wiraswasta,WNI,SEUMUR HIDUP
DKC002046,3671014704012046,Lestari Siregar,Tangerang,2001-04-07,Perempuan,AB,Jl. Siregar No. 138,002/003,Rawa Bunga,Cengkareng,Tangerang,Banten,BUDDHA,Cerai Mati,Wiraswasta,WNI,SEUMUR HIDUP
DKC002047,3271016301922047,Novi Setiawan,Bogor,1992-01-23,Perempuan,O,Jl. Wibowo No. 76,001/009,Kebon Baru,Sukmajaya,Bogor,Jawa Barat,KATOLIK,Menikah,Wiraswasta,WNI,SEUMUR HIDUP
DKC002048,3671014708702048,Siti Kurniawan,Tangerang,1970-08-07,Perempuan,O,Jl. Saputra No. 100,006/008,Kebon Baru,Sukmajaya,Tangerang,Banten,ISLAM,Belum Menikah,Wiraswasta,WNI,SEUMUR HIDUP
DKC002049,3275016112882049,Anggi Wibowo,Bekasi,1988-12-21,Perempuan,O,Jl. Kurniawan No. 30,005/009,Cipete,Tebet,Bekasi,Jawa Barat,ISLAM,Cerai Hidup,Wiraswasta,WNI,SEUMUR HIDUP
DKC002050,3671013009762050,Budi Hutapea,Tangerang,1976-09-30,Laki-Laki,AB,Jl. Simanjuntak No. 47,009/008,Bintaro,Cengkareng,Tangerang,Banten,KONGHUCU,Cerai Mati,Wiraswasta,WNI,SEUMUR HIDUP
DKC002051,3671012009992051,Gunawan Nugroho,Tangerang,1999-09-20,Laki-Laki,B,Jl. Siregar No. 51,001/002,Sukajadi,Serpong,Tangerang,Banten,KRISTEN,Cerai Hidup,Wiraswasta,WNI,SEUMUR HIDUP
DKC002052,3671012606022052,Andi Tanjung,Tangerang,2002-06-26,Laki-Laki,A,Jl. Handoko No. 71,003/010,Sukamaju,Bekasi Timur,Tangerang,Banten,KONGHUCU,Cerai Hidup,Wiraswasta,WNI,SEUMUR HIDUP
DKC002053,3171012204832053,Hendra Pratama,Jakarta Pusat,1983-04-22,Laki-Laki,B,Jl. Saputra No. 144,001/007,Cempaka Putih,Tebet,Jakarta Pusat,DKI Jakarta,ISLAM,Cerai Mati,Wiraswasta,WNI,SEUMUR HIDUP
DKC002054,3276010804822054,Budi Setiawan,Depok,1982-04-08,Laki-Laki,O,Jl. Setiawan No. 67,012/010,Bintaro,Cengkareng,Depok,Jawa Barat,KRISTEN,Cerai Mati,Wiraswasta,WNI,SEUMUR HIDUP
DKC002055,3674016801002055,Siti Hutapea,Tangerang Selatan,2000-01-28,Perempuan,A,Jl. Tanjung No. 71,005/007,Rawa Bunga,Bekasi Timur,Tangerang Selatan,Jawa Barat,KONGHUCU,Cerai Mati,Wiraswasta,WNI,SEUMUR HIDUP
DKC002056,3674016305002056,Dewi Panjaitan,Tangerang Selatan,2000-05-23,Perempuan,B,Jl. Halim No. 78,005/006,Kebon Baru,Cengkareng,Tangerang Selatan,Jawa Barat,KATOLIK,Menikah,Wiraswasta,WNI,SEUMUR HIDUP
DKC002057,3674015611802057,Putri Tanjung,Tangerang Selatan,1980-11-16,Perempuan,B,Jl. Lubis No. 69,009/004,Duren Sawit,Sukmajaya,Tangerang Selatan,Jawa Barat,KONGHUCU,Belum Menikah,Wiraswasta,WNI,SEUMUR HIDUP
DKC002058,3276014505032058,Sari Rahman,Depok,2003-05-05,Perempuan,O,Jl. Handoko No. 56,007/007,Duren Sawit,Sukmajaya,Depok,Jawa Barat,KATOLIK,Belum Menikah,Wiraswasta,WNI,SEUMUR HIDUP
DKC002059,3674011505812059,Budi Lubis,Tangerang Selatan,1981-05-15,Laki-Laki,O,Jl. Santoso No. 131,010/005,Kebon Baru,Kramat Jati,Tangerang Selatan,Jawa Barat,KONGHUCU,Cerai Mati,Wiraswasta,WNI,SEUMUR HIDUP
DKC002060,3271011012752060,Sutrisno Tanjung,Bogor,1975-12-10,Laki-Laki,O,Jl. Simanjuntak No. 87,009/001,Rawa Bunga,Tebet,Bogor,Jawa Barat,KONGHUCU,Cerai Hidup,Wiraswasta,WNI,SEUMUR HIDUP
DKC002061,3275016409912061,Retno Wijaya,Bekasi,1991-09-24,Perempuan,B,Jl. Rahman No. 69,007/008,Cempaka Putih,Serpong,Bekasi,Jawa Barat,ISLAM,Menikah,Wiraswasta,WNI,SEUMUR HIDUP
DKC002062,3172015001992062,Yuni Firmansyah,Jakarta Utara,1999-01-10,Perempuan,B,Jl. Siregar No. 12,012/008,Bintaro,Kramat Jati,Jakarta Utara,DKI Jakarta,KONGHUCU,Cerai Mati,Wiraswasta,WNI,SEUMUR HIDUP
DKC002063,3271012506932063,Irfan Siregar,Bogor,1993-06-25,Laki-Laki,AB,Jl. Lubis No. 2,004/009,Sukamaju,Tebet,Bogor,Jawa Barat,HINDU,Belum Menikah,Wiraswasta,WNI,SEUMUR HIDUP
DKC002064,3175016209662064,Dian Halim,Jakarta Timur,1966-09-22,Perempuan,B,Jl. Hutapea No. 2,005/006,Sukamaju,Serpong,Jakarta Timur,DKI Jakarta,KRISTEN,Menikah,Wiraswasta,WNI,SEUMUR HIDUP
DKC002065,3174014104712065,Yuni Gunawan,Jakarta Selatan,1971-04-01,Perempuan,O,Jl. Simanjuntak No. 68,011/004,Kebon Baru,Bekasi Timur,Jakarta Selatan,DKI Jakarta,BUDDHA,Cerai Hidup,Wiraswasta,WNI,SEUMUR HIDUP
DKC002066,3671010401702066,Andi Panjaitan,Tangerang,1970-01-04,Laki-Laki,B,Jl. Nugroho No. 91,010/001,Duren Sawit,Kramat Jati,Tangerang,Banten,HINDU,Cerai Hidup,Wiraswasta,WNI,SEUMUR HIDUP
DKC002067,3276012509892067,Bayu Suryadi,Depok,1989-09-25,Laki-Laki,O,Jl. Lubis No. 98,003/006,Sukajadi,Serpong,Depok,Jawa Barat,ISLAM,Cerai Hidup,Wiraswasta,WNI,SEUMUR HIDUP
DKC002068,3172016601972068,Fitri Kusuma,Jakarta Utara,1997-01-26,Perempuan,AB,Jl. Halim No. 75,006/002,Duren Sawit,Serpong,Jakarta Utara,DKI Jakarta,HINDU,Menikah,Wiraswasta,WNI,SEUMUR HIDUP
DKC002069,3275010807682069,Taufik Nugroho,Bekasi,1968-07-08,Laki-Laki,O,Jl. Lubis No. 78,006/006,Rawa Bunga,Serpong,Bekasi,Jawa Barat,KRISTEN,Cerai Mati,Wiraswasta,WNI,SEUMUR HIDUP
DKC002070,3276010504862070,Krisna Situmorang,Depok,1986-04-05,Laki-Laki,B,Jl. Rahman No. 28,007/008,Kebon Baru,Kramat Jati,Depok,Jawa Barat,HINDU,Cerai Hidup,Wiraswasta,WNI,SEUMUR HIDUP
DKC002071,3175014304022071,Ani Setiawan,Jakarta Timur,2002-04-03,Perempuan,O,Jl. Halim No. 109,012/003,Cipete,Cengkareng,Jakarta Timur,DKI Jakarta,ISLAM,Belum Menikah,Wiraswasta,WNI,SEUMUR HIDUP
DKC002072,3275014612872072,Siti Kusuma,Bekasi,1987-12-06,Perempuan,O,Jl. Wibowo No. 41,001/010,Sukamaju,Bekasi Timur,Bekasi,Jawa Barat,BUDDHA,Belum Menikah,Wiraswasta,WNI,SEUMUR HIDUP
DKC002073,3174011006002073,Iwan Permana,Jakarta Selatan,2000-06-10,Laki-Laki,B,Jl. Simanjuntak No. 87,002/007,Bintaro,Tebet,Jakarta Selatan,DKI Jakarta,KATOLIK,Cerai Hidup,Wiraswasta,WNI,SEUMUR HIDUP
DKC002074,3671012810012074,Anton Gunawan,Tangerang,2001-10-28,Laki-Laki,B,Jl. Lubis No. 108,008/004,Sukajadi,Kramat Jati,Tangerang,Banten,KRISTEN,Cerai Hidup,Wiraswasta,WNI,SEUMUR HIDUP
DKC002075,3671010411782075,Fauzi Situmorang,Tangerang,1978-11-04,Laki-Laki,AB,Jl. Kurniawan No. 75,011/003,Sukamaju,Kramat Jati,Tangerang,Banten,KATOLIK,Belum Menikah,Wiraswasta,WNI,SEUMUR HIDUP
DKC002076,3171016110892076,Lestari Halim,Jakarta Pusat,1989-10-21,Perempuan,B,Jl. Panjaitan No. 61,002/004,Duren Sawit,Kramat Jati,Jakarta Pusat,DKI Jakarta,HINDU,Cerai Hidup,Wiraswasta,WNI,SEUMUR HIDUP
DKC002077,3276015403922077,Novi Wibowo,Depok,1992-03-14,Perempuan,A,Jl. Saputra No. 85,005/010,Sukamaju,Serpong,Depok,Jawa Barat,KATOLIK,Cerai Hidup,Wiraswasta,WNI,SEUMUR HIDUP
DKC002078,3671010701942078,Bayu Kurniawan,Tangerang,1994-01-07,Laki-Laki,AB,Jl. Nugroho No. 112,010/006,Kebon Baru,Tebet,Tangerang,Banten,ISLAM,Belum Menikah,Wiraswasta,WNI,SEUMUR HIDUP
DKC002079,3671016205792079,Wati Saputra,Tangerang,1979-05-22,Perempuan,A,Jl. Permana No. 38,011/010,Sukajadi,Serpong,Tangerang,Banten,HINDU,Belum Menikah,Wiraswasta,WNI,SEUMUR HIDUP
DKC002080,3173014208742080,Melati Gunawan,Jakarta Barat,1974-08-02,Perempuan,B,Jl. Kusuma No. 29,007/003,Sukajadi,Serpong,Jakarta Barat,DKI Jakarta,ISLAM,Cerai Mati,Wiraswasta,WNI,SEUMUR HIDUP
DKC002081,3171012405692081,Fauzi Simanjuntak,Jakarta Pusat,1969-05-24,Laki-Laki,B,Jl. Wibowo No. 146,002/006,Bintaro,Kramat Jati,Jakarta Pusat,DKI Jakarta,KONGHUCU,Cerai Mati,Wiraswasta,WNI,SEUMUR HIDUP
DKC002082,3174014702812082,Tri Handoko,Jakarta Selatan,1981-02-07,Perempuan,B,Jl. Siregar No. 132,011/008,Bintaro,Tebet,Jakarta Selatan,DKI Jakarta,HINDU,Cerai Hidup,Wiraswasta,WNI,SEUMUR HIDUP
DKC002083,3671016709812083,Anggi Simanjuntak,Tangerang,1981-09-27,Perempuan,B,Jl. Wijaya No. 66,005/006,Sukamaju,Tebet,Tangerang,Banten,KRISTEN,Menikah,Wiraswasta,WNI,SEUMUR HIDUP
DKC002084,3276012102902084,Doni Tanjung,Depok,1990-02-21,Laki-Laki,O,Jl. Rahman No. 9,004/005,Rawa Bunga,Tebet,Depok,Jawa Barat,KRISTEN,Cerai Hidup,Wiraswasta,WNI,SEUMUR HIDUP
DKC002085,3275014109752085,Novi Situmorang,Bekasi,1975-09-01,Perempuan,A,Jl. Firmansyah No. 3,010/004,Duren Sawit,Bekasi Timur,Bekasi,Jawa Barat,KONGHUCU,Cerai Mati,Wiraswasta,WNI,SEUMUR HIDUP
DKC002086,3172016211962086,Lestari Tanjung,Jakarta Utara,1996-11-22,Perempuan,B,Jl. Nugroho No. 109,009/009,Sukajadi,Tebet,Jakarta Utara,DKI Jakarta,ISLAM,Belum Menikah,Wiraswasta,WNI,SEUMUR HIDUP
DKC002087,3174012908982087,Hadi Pratama,Jakarta Selatan,1998-08-29,Laki-Laki,AB,Jl. Saputra No. 63,004/005,Cipete,Tebet,Jakarta Selatan,DKI Jakarta,ISLAM,Cerai Hidup,Wiraswasta,WNI,SEUMUR HIDUP
DKC002088,3171010701892088,Dedi Santoso,Jakarta Pusat,1989-01-07,Laki-Laki,B,Jl. Halim No. 61,003/001,Kebon Baru,Serpong,Jakarta Pusat,DKI Jakarta,KONGHUCU,Menikah,Wiraswasta,WNI,SEUMUR HIDUP
DKC002089,3671016112742089,Ayu Saputra,Tangerang,1974-12-21,Perempuan,O,Jl. Santoso No. 61,009/010,Sukajadi,Serpong,Tangerang,Banten,KONGHUCU,Cerai Mati,Wiraswasta,WNI,SEUMUR HIDUP
DKC002090,3671012411852090,Rian Wibowo,Tangerang,1985-11-24,Laki-Laki,AB,Jl. Tanjung No. 125,007/008,Cempaka Putih,Tebet,Tangerang,Banten,ISLAM,Menikah,Wiraswasta,WNI,SEUMUR HIDUP
DKC002091,3275014601002091,Wulan Kurniawan,Bekasi,2000-01-06,Perempuan,A,Jl. Handoko No. 3,008/002,Cipete,Kramat Jati,Bekasi,Jawa Barat,KATOLIK,Cerai Hidup,Wiraswasta,WNI,SEUMUR HIDUP
DKC002092,3671010409692092,Yudi Tanjung,Tangerang,1969-09-04,Laki-Laki,B,Jl. Hidayat No. 118,001/009,Rawa Bunga,Tebet,Tangerang,Banten,ISLAM,Menikah,Wiraswasta,WNI,SEUMUR HIDUP
DKC002093,3271016308762093,Retno Tanjung,Bogor,1976-08-23,Perempuan,AB,Jl. Permana No. 121,003/010,Cipete,Cengkareng,Bogor,Jawa Barat,KATOLIK,Cerai Mati,Wiraswasta,WNI,SEUMUR HIDUP
DKC002094,3674011305872094,Iwan Pratama,Tangerang Selatan,1987-05-13,Laki-Laki,A,Jl. Nugroho No. 113,008/002,Cipete,Kramat Jati,Tangerang Selatan,Jawa Barat,HINDU,Belum Menikah,Wiraswasta,WNI,SEUMUR HIDUP
DKC002095,3173016504992095,Putri Saputra,Jakarta Barat,1999-04-25,Perempuan,O,Jl. Situmorang No. 113,009/004,Sukamaju,Cengkareng,Jakarta Barat,DKI Jakarta,KATOLIK,Cerai Mati,Wiraswasta,WNI,SEUMUR HIDUP
DKC002096,3172011412022096,Hadi Saputra,Jakarta Utara,2002-12-14,Laki-Laki,O,Jl. Panjaitan No. 74,001/003,Cempaka Putih,Kramat Jati,Jakarta Utara,DKI Jakarta,KONGHUCU,Cerai Hidup,Wiraswasta,WNI,SEUMUR HIDUP
DKC002097,3674014702822097,Rina Susanto,Tangerang Selatan,1982-02-07,Perempuan,B,Jl. Handoko No. 109,004/004,Sukamaju,Cengkareng,Tangerang Selatan,Jawa Barat,KONGHUCU,Menikah,Wiraswasta,WNI,SEUMUR HIDUP
DKC002098,3275011009952098,Yudi Suryadi,Bekasi,1995-09-10,Laki-Laki,AB,Jl. Pratama No. 27,006/003,Duren Sawit,Sukmajaya,Bekasi,Jawa Barat,KRISTEN,Menikah,Wiraswasta,WNI,SEUMUR HIDUP
DKC002099,3276016508832099,Dian Panjaitan,Depok,1983-08-25,Perempuan,AB,Jl. Handoko No. 7,005/007,Rawa Bunga,Bekasi Timur,Depok,Jawa Barat,BUDDHA,Cerai Mati,Wiraswasta,WNI,SEUMUR HIDUP
DKC002100,3173016209892100,Suryani Santoso,Jakarta Barat,1989-09-22,Perempuan,B,Jl. Santoso No. 8,005/009,Kebon Baru,Bekasi Timur,Jakarta Barat,DKI Jakarta,KONGHUCU,Belum Menikah,Wiraswasta,WNI,SEUMUR HIDUP
DKC002101,3671014505992101,Desi Nugroho,Tangerang,1999-05-05,Perempuan,AB,Jl. Siregar No. 47,012/003,Sukajadi,Serpong,Tangerang,Banten,KONGHUCU,Belum Menikah,Wiraswasta,WNI,SEUMUR HIDUP
DKC002102,3271014311912102,Suryani Wijaya,Bogor,1991-11-03,Perempuan,B,Jl. Firmansyah No. 17,001/005,Sukamaju,Bekasi Timur,Bogor,Jawa Barat,KONGHUCU,Belum Menikah,Wiraswasta,WNI,SEUMUR HIDUP
DKC002103,3276010310702103,Andi Rahman,Depok,1970-10-03,Laki-Laki,B,Jl. Firmansyah No. 123,002/009,Kebon Baru,Tebet,Depok,Jawa Barat,ISLAM,Menikah,Wiraswasta,WNI,SEUMUR HIDUP
DKC002104,3275015501032104,Lina Siregar,Bekasi,2003-01-15,Perempuan,O,Jl. Gunawan No. 115,009/010,Duren Sawit,Sukmajaya,Bekasi,Jawa Barat,HINDU,Cerai Hidup,Wiraswasta,WNI,SEUMUR HIDUP
DKC002105,3175016603722105,Nina Simanjuntak,Jakarta Timur,1972-03-26,Perempuan,B,Jl. Saputra No. 126,002/002,Duren Sawit,Sukmajaya,Jakarta Timur,DKI Jakarta,HINDU,Cerai Hidup,Wiraswasta,WNI,SEUMUR HIDUP
DKC002106,3671016010892106,Maya Kusuma,Tangerang,1989-10-20,Perempuan,A,Jl. Santoso No. 111,002/008,Kebon Baru,Serpong,Tangerang,Banten,KONGHUCU,Cerai Hidup,Wiraswasta,WNI,SEUMUR HIDUP
DKC002107,3173016312732107,Anggi Nugroho,Jakarta Barat,1973-12-23,Perempuan,A,Jl. Pratama No. 119,006/006,Bintaro,Kramat Jati,Jakarta Barat,DKI Jakarta,KONGHUCU,Cerai Mati,Wiraswasta,WNI,SEUMUR HIDUP
DKC002108,3674011110742108,Joko Simanjuntak,Tangerang Selatan,1974-10-11,Laki-Laki,O,Jl. Rahman No. 130,002/002,Kebon Baru,Sukmajaya,Tangerang Selatan,Jawa Barat,KONGHUCU,Menikah,Wiraswasta,WNI,SEUMUR HIDUP
DKC002109,3671014802702109,Ayu Pratama,Tangerang,1970-02-08,Perempuan,B,Jl. Tanjung No. 4,008/002,Cipete,Bekasi Timur,Tangerang,Banten,KATOLIK,Belum Menikah,Wiraswasta,WNI,SEUMUR HIDUP
DKC002110,3171013011832110,Rizky Wibowo,Jakarta Pusat,1983-11-30,Laki-Laki,A,Jl. Nugroho No. 20,008/010,Rawa Bunga,Cengkareng,Jakarta Pusat,DKI Jakarta,BUDDHA,Menikah,Wiraswasta,WNI,SEUMUR HIDUP
DKC002111,3671012011752111,Bambang Hutapea,Tangerang,1975-11-20,Laki-Laki,O,Jl. Lubis No. 42,010/006,Duren Sawit,Cengkareng,Tangerang,Banten,BUDDHA,Cerai Hidup,Wiraswasta,WNI,SEUMUR HIDUP
DKC002112,3276010507952112,Eko Hutapea,Depok,1995-07-05,Laki-Laki,A,Jl. Setiawan No. 124,005/004,Cempaka Putih,Kramat Jati,Depok,Jawa Barat,KATOLIK,Cerai Hidup,Wiraswasta,WNI,SEUMUR HIDUP
DKC002113,3172010506962113,Hadi Firmansyah,Jakarta Utara,1996-06-05,Laki-Laki,B,Jl. Gunawan No. 143,002/005,Bintaro,Bekasi Timur,Jakarta Utara,DKI Jakarta,KRISTEN,Menikah,Wiraswasta,WNI,SEUMUR HIDUP
DKC002114,3275011406702114,Anton Hidayat,Bekasi,1970-06-14,Laki-Laki,O,Jl. Nugroho No. 147,010/005,Rawa Bunga,Cengkareng,Bekasi,Jawa Barat,ISLAM,Belum Menikah,Wiraswasta,WNI,SEUMUR HIDUP
DKC002115,3175016406822115,Ratna Nugroho,Jakarta Timur,1982-06-24,Perempuan,B,Jl. Situmorang No. 14,010/004,Sukamaju,Bekasi Timur,Jakarta Timur,DKI Jakarta,BUDDHA,Cerai Mati,Wiraswasta,WNI,SEUMUR HIDUP
DKC002116,3172016403842116,Tri Simanjuntak,Jakarta Utara,1984-03-24,Perempuan,AB,Jl. Halim No. 149,009/008,Cempaka Putih,Serpong,Jakarta Utara,DKI Jakarta,KATOLIK,Menikah,Wiraswasta,WNI,SEUMUR HIDUP
DKC002117,3674011407932117,Anton Saputra,Tangerang Selatan,1993-07-14,Laki-Laki,B,Jl. Gunawan No. 24,007/007,Sukajadi,Tebet,Tangerang Selatan,Jawa Barat,KRISTEN,Belum Menikah,Wiraswasta,WNI,SEUMUR HIDUP
DKC002118,3275015506862118,Yuni Permana,Bekasi,1986-06-15,Perempuan,B,Jl. Saputra No. 123,011/004,Duren Sawit,Tebet,Bekasi,Jawa Barat,KONGHUCU,Belum Menikah,Wiraswasta,WNI,SEUMUR HIDUP
DKC002119,3171016012972119,Wulan Tanjung,Jakarta Pusat,1997-12-20,Perempuan,AB,Jl. Saputra No. 135,012/004,Sukamaju,Bekasi Timur,Jakarta Pusat,DKI Jakarta,KONGHUCU,Belum Menikah,Wiraswasta,WNI,SEUMUR HIDUP
DKC002120,3271010411782120,Rian Nugroho,Bogor,1978-11-04,Laki-Laki,A,Jl. Saputra No. 140,002/005,Duren Sawit,Cengkareng,Bogor,Jawa Barat,KRISTEN,Cerai Hidup,Wiraswasta,WNI,SEUMUR HIDUP
DKC002121,3671016201722121,Wulan Lubis,Tangerang,1972-01-22,Perempuan,AB,Jl. Nugroho No. 95,001/010,Duren Sawit,Bekasi Timur,Tangerang,Banten,HINDU,Cerai Hidup,Wiraswasta,WNI,SEUMUR HIDUP
DKC002122,3671012806942122,Rizky Lubis,Tangerang,1994-06-28,Laki-Laki,A,Jl. Gunawan No. 107,005/001,Duren Sawit,Tebet,Tangerang,Banten,KATOLIK,Cerai Mati,Wiraswasta,WNI,SEUMUR HIDUP
DKC002123,3671016108732123,Yuni Simanjuntak,Tangerang,1973-08-21,Perempuan,O,Jl. Wijaya No. 82,005/003,Duren Sawit,Cengkareng,Tangerang,Banten,ISLAM,Menikah,Wiraswasta,WNI,SEUMUR HIDUP
DKC002124,3671012203662124,Slamet Kurniawan,Tangerang,1966-03-22,Laki-Laki,B,Jl. Gunawan No. 99,006/010,Duren Sawit,Kramat Jati,Tangerang,Banten,KONGHUCU,Belum Menikah,Wiraswasta,WNI,SEUMUR HIDUP
DKC002125,3173012302822125,Gunawan Pratama,Jakarta Barat,1982-02-23,Laki-Laki,O,Jl. Permana No. 150,011/007,Cempaka Putih,Kramat Jati,Jakarta Barat,DKI Jakarta,BUDDHA,Cerai Hidup,Wiraswasta,WNI,SEUMUR HIDUP
DKC002126,3275010607902126,Fajar Rahman,Bekasi,1990-07-06,Laki-Laki,AB,Jl. Kurniawan No. 17,011/009,Kebon Baru,Sukmajaya,Bekasi,Jawa Barat,KONGHUCU,Menikah,Wiraswasta,WNI,SEUMUR HIDUP
DKC002127,3175012904942127,Yudi Susanto,Jakarta Timur,1994-04-29,Laki-Laki,B,Jl. Susanto No. 1,007/007,Cempaka Putih,Sukmajaya,Jakarta Timur,DKI Jakarta,KONGHUCU,Belum Menikah,Wiraswasta,WNI,SEUMUR HIDUP
DKC002128,3175014504952128,Ika Hidayat,Jakarta Timur,1995-04-05,Perempuan,B,Jl. Nugroho No. 66,004/008,Rawa Bunga,Tebet,Jakarta Timur,DKI Jakarta,KONGHUCU,Cerai Mati,Wiraswasta,WNI,SEUMUR HIDUP
DKC002129,3275015110872129,Melati Simanjuntak,Bekasi,1987-10-11,Perempuan,O,Jl. Situmorang No. 93,005/003,Duren Sawit,Kramat Jati,Bekasi,Jawa Barat,KONGHUCU,Belum Menikah,Wiraswasta,WNI,SEUMUR HIDUP
DKC002130,3671017005802130,Nina Setiawan,Tangerang,1980-05-30,Perempuan,A,Jl. Suryadi No. 69,004/006,Sukamaju,Sukmajaya,Tangerang,Banten,KATOLIK,Belum Menikah,Wiraswasta,WNI,SEUMUR HIDUP
DKC002131,3275016802762131,Nina Firmansyah,Bekasi,1976-02-28,Perempuan,O,Jl. Simanjuntak No. 109,005/006,Kebon Baru,Cengkareng,Bekasi,Jawa Barat,BUDDHA,Menikah,Wiraswasta,WNI,SEUMUR HIDUP
DKC002132,3175015707852132,Putri Gunawan,Jakarta Timur,1985-07-17,Perempuan,A,Jl. Rahman No. 134,004/001,Sukamaju,Sukmajaya,Jakarta Timur,DKI Jakarta,BUDDHA,Cerai Hidup,Wiraswasta,WNI,SEUMUR HIDUP
DKC002133,3671015007742133,Wulan Rahman,Tangerang,1974-07-10,Perempuan,AB,Jl. Susanto No. 103,011/007,Cipete,Bekasi Timur,Tangerang,Banten,HINDU,Cerai Hidup,Wiraswasta,WNI,SEUMUR HIDUP
DKC002134,3671015107852134,Siti Permana,Tangerang,1985-07-11,Perempuan,A,Jl. Permana No. 150,001/002,Duren Sawit,Sukmajaya,Tangerang,Banten,HINDU,Menikah,Wiraswasta,WNI,SEUMUR HIDUP
DKC002135,3172011109762135,Budi Situmorang,Jakarta Utara,1976-09-11,Laki-Laki,O,Jl. Saputra No. 87,007/008,Rawa Bunga,Bekasi Timur,Jakarta Utara,DKI Jakarta,HINDU,Cerai Hidup,Wiraswasta,WNI,SEUMUR HIDUP
DKC002136,3172012808972136,Gunawan Gunawan,Jakarta Utara,1997-08-28,Laki-Laki,O,Jl. Santoso No. 25,007/008,Duren Sawit,Cengkareng,Jakarta Utara,DKI Jakarta,BUDDHA,Belum Menikah,Wiraswasta,WNI,SEUMUR HIDUP
DKC002137,3175012405922137,Bambang Hutapea,Jakarta Timur,1992-05-24,Laki-Laki,O,Jl. Siregar No. 133,006/001,Duren Sawit,Cengkareng,Jakarta Timur,DKI Jakarta,ISLAM,Cerai Hidup,Wiraswasta,WNI,SEUMUR HIDUP
DKC002138,3671016509862138,Ika Hutapea,Tangerang,1986-09-25,Perempuan,AB,Jl. Susanto No. 12,003/005,Cempaka Putih,Sukmajaya,Tangerang,Banten,HINDU,Menikah,Wiraswasta,WNI,SEUMUR HIDUP
DKC002139,3671014911792139,Kartika Hutapea,Tangerang,1979-11-09,Perempuan,O,Jl. Saputra No. 77,001/003,Rawa Bunga,Tebet,Tangerang,Banten,KONGHUCU,Belum Menikah,Wiraswasta,WNI,SEUMUR HIDUP
DKC002140,3674016705982140,Anggi Hutapea,Tangerang Selatan,1998-05-27,Perempuan,B,Jl. Situmorang No. 97,005/009,Sukajadi,Serpong,Tangerang Selatan,Jawa Barat,HINDU,Belum Menikah,Wiraswasta,WNI,SEUMUR HIDUP
DKC002141,3671016207032141,Rita Nugroho,Tangerang,2003-07-22,Perempuan,A,Jl. Lubis No. 99,004/006,Rawa Bunga,Kramat Jati,Tangerang,Banten,ISLAM,Menikah,Wiraswasta,WNI,SEUMUR HIDUP
DKC002142,3173012208892142,Doni Kurniawan,Jakarta Barat,1989-08-22,Laki-Laki,O,Jl. Simanjuntak No. 86,002/010,Kebon Baru,Tebet,Jakarta Barat,DKI Jakarta,KATOLIK,Cerai Hidup,Wiraswasta,WNI,SEUMUR HIDUP
DKC002143,3674011709802143,Krisna Hutapea,Tangerang Selatan,1980-09-17,Laki-Laki,O,Jl. Situmorang No. 122,001/004,Cipete,Cengkareng,Tangerang Selatan,Jawa Barat,HINDU,Belum Menikah,Wiraswasta,WNI,SEUMUR HIDUP
DKC002144,3276012005762144,Yusuf Panjaitan,Depok,1976-05-20,Laki-Laki,AB,Jl. Lubis No. 73,004/010,Duren Sawit,Bekasi Timur,Depok,Jawa Barat,BUDDHA,Cerai Mati,Wiraswasta,WNI,SEUMUR HIDUP
DKC002145,3671010104952145,Fajar Saputra,Tangerang,1995-04-01,Laki-Laki,B,Jl. Hidayat No. 57,006/008,Cipete,Tebet,Tangerang,Banten,HINDU,Menikah,Wiraswasta,WNI,SEUMUR HIDUP
DKC002146,3173015107782146,Melati Nugroho,Jakarta Barat,1978-07-11,Perempuan,AB,Jl. Halim No. 119,008/007,Cempaka Putih,Serpong,Jakarta Barat,DKI Jakarta,HINDU,Belum Menikah,Wiraswasta,WNI,SEUMUR HIDUP
DKC002147,3271014104962147,Fitri Wibowo,Bogor,1996-04-01,Perempuan,A,Jl. Kusuma No. 142,010/008,Bintaro,Cengkareng,Bogor,Jawa Barat,HINDU,Cerai Hidup,Wiraswasta,WNI,SEUMUR HIDUP
DKC002148,3671015810772148,Yanti Susanto,Tangerang,1977-10-18,Perempuan,AB,Jl. Setiawan No. 91,004/008,Bintaro,Cengkareng,Tangerang,Banten,ISLAM,Belum Menikah,Wiraswasta,WNI,SEUMUR HIDUP
DKC002149,3674015608772149,Putri Suryadi,Tangerang Selatan,1977-08-16,Perempuan,A,Jl. Firmansyah No. 39,001/008,Cipete,Bekasi Timur,Tangerang Selatan,Jawa Barat,KATOLIK,Menikah,Wiraswasta,WNI,SEUMUR HIDUP
DKC002150,3276015605782150,Nina Suryadi,Depok,1978-05-16,Perempuan,A,Jl. Kurniawan No. 82,008/004,Kebon Baru,Tebet,Depok,Jawa Barat,BUDDHA,Menikah,Wiraswasta,WNI,SEUMUR HIDUP
DKC002151,3172010703032151,Gunawan Hutapea,Jakarta Utara,2003-03-07,Laki-Laki,AB,Jl. Panjaitan No. 9,007/006,Cipete,Cengkareng,Jakarta Utara,DKI Jakarta,KONGHUCU,Belum Menikah,Wiraswasta,WNI,SEUMUR HIDUP
DKC002152,3671012805802152,Rian Susanto,Tangerang,1980-05-28,Laki-Laki,B,Jl. Kusuma No. 86,011/007,Rawa Bunga,Kramat Jati,Tangerang,Banten,KATOLIK,Belum Menikah,Wiraswasta,WNI,SEUMUR HIDUP
DKC002153,3173011304842153,Irfan Lubis,Jakarta Barat,1984-04-13,Laki-Laki,A,Jl. Tanjung No. 4,001/005,Bintaro,Tebet,Jakarta Barat,DKI Jakarta,BUDDHA,Menikah,Wiraswasta,WNI,SEUMUR HIDUP
DKC002154,3175012903912154,Agus Panjaitan,Jakarta Timur,1991-03-29,Laki-Laki,AB,Jl. Permana No. 20,002/010,Cipete,Cengkareng,Jakarta Timur,DKI Jakarta,ISLAM,Menikah,Wiraswasta,WNI,SEUMUR HIDUP
DKC002155,3671010508982155,Sutrisno Gunawan,Tangerang,1998-08-05,Laki-Laki,O,Jl. Firmansyah No. 103,007/002,Duren Sawit,Serpong,Tangerang,Banten,KATOLIK,Cerai Mati,Wiraswasta,WNI,SEUMUR HIDUP
DKC002156,3671014612872156,Ika Kurniawan,Tangerang,1987-12-06,Perempuan,O,Jl. Lubis No. 1,005/008,Cipete,Bekasi Timur,Tangerang,Banten,KONGHUCU,Cerai Mati,Wiraswasta,WNI,SEUMUR HIDUP
DKC002157,3175010912962157,Anton Simanjuntak,Jakarta Timur,1996-12-09,Laki-Laki,B,Jl. Halim No. 104,006/010,Rawa Bunga,Tebet,Jakarta Timur,DKI Jakarta,BUDDHA,Menikah,Wiraswasta,WNI,SEUMUR HIDUP
DKC002158,3671015101962158,Lina Pratama,Tangerang,1996-01-11,Perempuan,B,Jl. Santoso No. 47,010/003,Bintaro,Bekasi Timur,Tangerang,Banten,KATOLIK,Menikah,Wiraswasta,WNI,SEUMUR HIDUP
DKC002159,3671015412922159,Indah Handoko,Tangerang,1992-12-14,Perempuan,O,Jl. Pratama No. 40,002/005,Sukamaju,Cengkareng,Tangerang,Banten,ISLAM,Belum Menikah,Wiraswasta,WNI,SEUMUR HIDUP
DKC002160,3275013110782160,Arif Wibowo,Bekasi,1978-10-31,Laki-Laki,O,Jl. Susanto No. 116,004/004,Sukajadi,Cengkareng,Bekasi,Jawa Barat,HINDU,Cerai Hidup,Wiraswasta,WNI,SEUMUR HIDUP
DKC002161,3271011502022161,Wahyu Suryadi,Bogor,2002-02-15,Laki-Laki,B,Jl. Santoso No. 49,006/010,Duren Sawit,Cengkareng,Bogor,Jawa Barat,ISLAM,Menikah,Wiraswasta,WNI,SEUMUR HIDUP
DKC002162,3172012807862162,Krisna Panjaitan,Jakarta Utara,1986-07-28,Laki-Laki,B,Jl. Halim No. 22,009/007,Cipete,Cengkareng,Jakarta Utara,DKI Jakarta,HINDU,Cerai Mati,Wiraswasta,WNI,SEUMUR HIDUP
DKC002163,3171015006812163,Ani Hidayat,Jakarta Pusat,1981-06-10,Perempuan,A,Jl. Kusuma No. 49,001/003,Rawa Bunga,Sukmajaya,Jakarta Pusat,DKI Jakarta,KATOLIK,Belum Menikah,Wiraswasta,WNI,SEUMUR HIDUP
DKC002164,3275014109802164,Melati Permana,Bekasi,1980-09-01,Perempuan,B,Jl. Simanjuntak No. 135,009/006,Cempaka Putih,Serpong,Bekasi,Jawa Barat,ISLAM,Cerai Mati,Wiraswasta,WNI,SEUMUR HIDUP
DKC002165,3671015404012165,Ratna Simanjuntak,Tangerang,2001-04-14,Perempuan,AB,Jl. Hutapea No. 20,003/009,Cipete,Cengkareng,Tangerang,Banten,KATOLIK,Menikah,Wiraswasta,WNI,SEUMUR HIDUP
DKC002166,3671016608742166,Novi Halim,Tangerang,1974-08-26,Perempuan,B,Jl. Saputra No. 57,005/009,Sukajadi,Sukmajaya,Tangerang,Banten,KONGHUCU,Menikah,Wiraswasta,WNI,SEUMUR HIDUP
DKC002167,3175011204822167,Yusuf Rahman,Jakarta Timur,1982-04-12,Laki-Laki,B,Jl. Firmansyah No. 33,012/010,Cempaka Putih,Cengkareng,Jakarta Timur,DKI Jakarta,KRISTEN,Menikah,Wiraswasta,WNI,SEUMUR HIDUP
DKC002168,3671016703992168,Rita Suryadi,Tangerang,1999-03-27,Perempuan,A,Jl. Siregar No. 27,003/002,Rawa Bunga,Kramat Jati,Tangerang,Banten,HINDU,Belum Menikah,Wiraswasta,WNI,SEUMUR HIDUP
DKC002169,3674015412682169,Rina Kurniawan,Tangerang Selatan,1968-12-14,Perempuan,B,Jl. Nugroho No. 22,006/006,Rawa Bunga,Kramat Jati,Tangerang Selatan,Jawa Barat,ISLAM,Menikah,Wiraswasta,WNI,SEUMUR HIDUP
DKC002170,3174014704012170,Fitri Wijaya,Jakarta Selatan,2001-04-07,Perempuan,AB,Jl. Susanto No. 3,008/008,Sukajadi,Serpong,Jakarta Selatan,DKI Jakarta,KONGHUCU,Menikah,Wiraswasta,WNI,SEUMUR HIDUP
DKC002171,3271011607922171,Iwan Panjaitan,Bogor,1992-07-16,Laki-Laki,AB,Jl. Lubis No. 81,006/008,Cipete,Serpong,Bogor,Jawa Barat,KONGHUCU,Cerai Mati,Wiraswasta,WNI,SEUMUR HIDUP
DKC002172,3271011505702172,Rian Susanto,Bogor,1970-05-15,Laki-Laki,B,Jl. Simanjuntak No. 26,003/007,Duren Sawit,Cengkareng,Bogor,Jawa Barat,KRISTEN,Menikah,Wiraswasta,WNI,SEUMUR HIDUP
DKC002173,3172017011972173,Lestari Lubis,Jakarta Utara,1997-11-30,Perempuan,A,Jl. Santoso No. 108,002/007,Cipete,Serpong,Jakarta Utara,DKI Jakarta,BUDDHA,Menikah,Wiraswasta,WNI,SEUMUR HIDUP
DKC002174,3671010703722174,Agus Situmorang,Tangerang,1972-03-07,Laki-Laki,AB,Jl. Setiawan No. 32,007/009,Cempaka Putih,Bekasi Timur,Tangerang,Banten,BUDDHA,Belum Menikah,Wiraswasta,WNI,SEUMUR HIDUP
DKC002175,3671011812802175,Sutrisno Kurniawan,Tangerang,1980-12-18,Laki-Laki,O,Jl. Pratama No. 98,010/010,Cipete,Kramat Jati,Tangerang,Banten,ISLAM,Belum Menikah,Wiraswasta,WNI,SEUMUR HIDUP
DKC002176,3671015506982176,Wati Siregar,Tangerang,1998-06-15,Perempuan,A,Jl. Santoso No. 89,010/004,Cempaka Putih,Serpong,Tangerang,Banten,KONGHUCU,Cerai Hidup,Wiraswasta,WNI,SEUMUR HIDUP
DKC002177,3172016002932177,Wulan Situmorang,Jakarta Utara,1993-02-20,Perempuan,O,Jl. Wijaya No. 52,003/003,Sukamaju,Tebet,Jakarta Utara,DKI Jakarta,KONGHUCU,Cerai Mati,Wiraswasta,WNI,SEUMUR HIDUP
DKC002178,3671016112972178,Dian Gunawan,Tangerang,1997-12-21,Perempuan,B,Jl. Firmansyah No. 49,009/008,Sukajadi,Kramat Jati,Tangerang,Banten,BUDDHA,Cerai Hidup,Wiraswasta,WNI,SEUMUR HIDUP
DKC002179,3174011011792179,Bambang Gunawan,Jakarta Selatan,1979-11-10,Laki-Laki,A,Jl. Hutapea No. 38,011/009,Cipete,Tebet,Jakarta Selatan,DKI Jakarta,HINDU,Menikah,Wiraswasta,WNI,SEUMUR HIDUP
DKC002180,3171014510762180,Dian Santoso,Jakarta Pusat,1976-10-05,Perempuan,A,Jl. Permana No. 92,005/008,Duren Sawit,Bekasi Timur,Jakarta Pusat,DKI Jakarta,HINDU,Cerai Hidup,Wiraswasta,WNI,SEUMUR HIDUP
DKC002181,3175012809682181,Anton Siregar,Jakarta Timur,1968-09-28,Laki-Laki,AB,Jl. Permana No. 101,012/005,Kebon Baru,Tebet,Jakarta Timur,DKI Jakarta,ISLAM,Cerai Mati,Wiraswasta,WNI,SEUMUR HIDUP
DKC002182,3276016311742182,Sari Halim,Depok,1974-11-23,Perempuan,O,Jl. Kusuma No. 131,009/008,Cipete,Cengkareng,Depok,Jawa Barat,HINDU,Belum Menikah,Wiraswasta,WNI,SEUMUR HIDUP
DKC002183,3671011109832183,Yusuf Wibowo,Tangerang,1983-09-11,Laki-Laki,B,Jl. Setiawan No. 6,002/002,Kebon Baru,Sukmajaya,Tangerang,Banten,HINDU,Menikah,Wiraswasta,WNI,SEUMUR HIDUP
DKC002184,3674016807682184,Wati Siregar,Tangerang Selatan,1968-07-28,Perempuan,A,Jl. Hidayat No. 131,001/004,Rawa Bunga,Tebet,Tangerang Selatan,Jawa Barat,KONGHUCU,Cerai Hidup,Wiraswasta,WNI,SEUMUR HIDUP
DKC002185,3671016103972185,Desi Nugroho,Tangerang,1997-03-21,Perempuan,AB,Jl. Susanto No. 19,010/002,Duren Sawit,Bekasi Timur,Tangerang,Banten,BUDDHA,Menikah,Wiraswasta,WNI,SEUMUR HIDUP
DKC002186,3276016702902186,Fitri Susanto,Depok,1990-02-27,Perempuan,B,Jl. Siregar No. 92,002/007,Bintaro,Kramat Jati,Depok,Jawa Barat,KONGHUCU,Menikah,Wiraswasta,WNI,SEUMUR HIDUP
DKC002187,3173015902872187,Desi Nugroho,Jakarta Barat,1987-02-19,Perempuan,A,Jl. Rahman No. 66,009/009,Cipete,Serpong,Jakarta Barat,DKI Jakarta,BUDDHA,Cerai Mati,Wiraswasta,WNI,SEUMUR HIDUP
DKC002188,3671014808912188,Putri Hutapea,Tangerang,1991-08-08,Perempuan,B,Jl. Halim No. 137,011/003,Cempaka Putih,Sukmajaya,Tangerang,Banten,KRISTEN,Menikah,Wiraswasta,WNI,SEUMUR HIDUP
DKC002189,3171010310812189,Dimas Hidayat,Jakarta Pusat,1981-10-03,Laki-Laki,B,Jl. Wijaya No. 112,009/009,Rawa Bunga,Bekasi Timur,Jakarta Pusat,DKI Jakarta,BUDDHA,Cerai Hidup,Wiraswasta,WNI,SEUMUR HIDUP
DKC002190,3671015607872190,Wati Permana,Tangerang,1987-07-16,Perempuan,A,Jl. Simanjuntak No. 103,005/006,Kebon Baru,Bekasi Timur,Tangerang,Banten,KATOLIK,Cerai Hidup,Wiraswasta,WNI,SEUMUR HIDUP
DKC002191,3271017007712191,Kartika Siregar,Bogor,1971-07-30,Perempuan,A,Jl. Nugroho No. 92,011/004,Sukajadi,Bekasi Timur,Bogor,Jawa Barat,KATOLIK,Cerai Hidup,Wiraswasta,WNI,SEUMUR HIDUP
DKC002192,3172016705962192,Nina Tanjung,Jakarta Utara,1996-05-27,Perempuan,O,Jl. Firmansyah No. 138,012/008,Duren Sawit,Tebet,Jakarta Utara,DKI Jakarta,KONGHUCU,Menikah,Wiraswasta,WNI,SEUMUR HIDUP
DKC002193,3671016303842193,Ayu Wibowo,Tangerang,1984-03-23,Perempuan,O,Jl. Gunawan No. 31,012/002,Bintaro,Bekasi Timur,Tangerang,Banten,KATOLIK,Cerai Hidup,Wiraswasta,WNI,SEUMUR HIDUP
DKC002194,3271012304002194,Wahyu Simanjuntak,Bogor,2000-04-23,Laki-Laki,AB,Jl. Kurniawan No. 92,011/007,Duren Sawit,Tebet,Bogor,Jawa Barat,BUDDHA,Cerai Mati,Wiraswasta,WNI,SEUMUR HIDUP
DKC002195,3276014106972195,Ayu Simanjuntak,Depok,1997-06-01,Perempuan,A,Jl. Wijaya No. 145,004/006,Cempaka Putih,Tebet,Depok,Jawa Barat,ISLAM,Cerai Mati,Wiraswasta,WNI,SEUMUR HIDUP
DKC002196,3175012710902196,Fauzi Wijaya,Jakarta Timur,1990-10-27,Laki-Laki,O,Jl. Tanjung No. 40,003/005,Cempaka Putih,Kramat Jati,Jakarta Timur,DKI Jakarta,BUDDHA,Cerai Hidup,Wiraswasta,WNI,SEUMUR HIDUP
DKC002197,3671010707862197,Bambang Situmorang,Tangerang,1986-07-07,Laki-Laki,O,Jl. Permana No. 142,001/010,Duren Sawit,Bekasi Timur,Tangerang,Banten,KONGHUCU,Menikah,Wiraswasta,WNI,SEUMUR HIDUP
DKC002198,3671012604772198,Yudi Tanjung,Tangerang,1977-04-26,Laki-Laki,A,Jl. Hidayat No. 51,005/009,Sukamaju,Tebet,Tangerang,Banten,KATOLIK,Belum Menikah,Wiraswasta,WNI,SEUMUR HIDUP
DKC002199,3674015512822199,Desi Nugroho,Tangerang Selatan,1982-12-15,Perempuan,O,Jl. Saputra No. 89,006/005,Duren Sawit,Bekasi Timur,Tangerang Selatan,Jawa Barat,ISLAM,Cerai Hidup,Wiraswasta,WNI,SEUMUR HIDUP
DKC002200,3275010408922200,Taufik Setiawan,Bekasi,1992-08-04,Laki-Laki,O,Jl. Handoko No. 69,012/007,Cempaka Putih,Bekasi Timur,Bekasi,Jawa Barat,KRISTEN,Menikah,Wiraswasta,WNI,SEUMUR HIDUP
DKC002201,3271016912922201,Desi Hidayat,Bogor,1992-12-29,Perempuan,A,Jl. Saputra No. 40,012/009,Rawa Bunga,Bekasi Timur,Bogor,Jawa Barat,HINDU,Belum Menikah,Wiraswasta,WNI,SEUMUR HIDUP
DKC002202,3174015201812202,Desi Wijaya,Jakarta Selatan,1981-01-12,Perempuan,AB,Jl. Panjaitan No. 56,009/004,Sukamaju,Serpong,Jakarta Selatan,DKI Jakarta,HINDU,Cerai Mati,Wiraswasta,WNI,SEUMUR HIDUP
DKC002203,3671014301692203,Anggi Gunawan,Tangerang,1969-01-03,Perempuan,B,Jl. Wibowo No. 47,007/005,Kebon Baru,Sukmajaya,Tangerang,Banten,KATOLIK,Cerai Mati,Wiraswasta,WNI,SEUMUR HIDUP
DKC002204,3271016807982204,Sari Kusuma,Bogor,1998-07-28,Perempuan,O,Jl. Santoso No. 115,009/010,Sukamaju,Bekasi Timur,Bogor,Jawa Barat,KATOLIK,Menikah,Wiraswasta,WNI,SEUMUR HIDUP
DKC002205,3173010509862205,Iwan Kusuma,Jakarta Barat,1986-09-05,Laki-Laki,AB,Jl. Halim No. 18,003/010,Duren Sawit,Cengkareng,Jakarta Barat,DKI Jakarta,ISLAM,Cerai Hidup,Wiraswasta,WNI,SEUMUR HIDUP
DKC002206,3671010704842206,Eko Hidayat,Tangerang,1984-04-07,Laki-Laki,AB,Jl. Simanjuntak No. 139,003/009,Kebon Baru,Sukmajaya,Tangerang,Banten,KONGHUCU,Cerai Hidup,Wiraswasta,WNI,SEUMUR HIDUP
DKC002207,3674016109802207,Indah Suryadi,Tangerang Selatan,1980-09-21,Perempuan,O,Jl. Situmorang No. 82,010/001,Bintaro,Tebet,Tangerang Selatan,Jawa Barat,KATOLIK,Cerai Hidup,Wiraswasta,WNI,SEUMUR HIDUP
DKC002208,3276016508932208,Desi Simanjuntak,Depok,1993-08-25,Perempuan,AB,Jl. Nugroho No. 111,009/008,Bintaro,Tebet,Depok,Jawa Barat,KATOLIK,Cerai Mati,Wiraswasta,WNI,SEUMUR HIDUP
DKC002209,3172010112762209,Dedi Panjaitan,Jakarta Utara,1976-12-01,Laki-Laki,A,Jl. Handoko No. 104,012/004,Duren Sawit,Tebet,Jakarta Utara,DKI Jakarta,KATOLIK,Belum Menikah,Wiraswasta,WNI,SEUMUR HIDUP
DKC002210,3275015504672210,Rita Suryadi,Bekasi,1967-04-15,Perempuan,A,Jl. Saputra No. 32,006/005,Bintaro,Bekasi Timur,Bekasi,Jawa Barat,KRISTEN,Cerai Hidup,Wiraswasta,WNI,SEUMUR HIDUP
DKC002211,3175016202962211,Fitri Lubis,Jakarta Timur,1996-02-22,Perempuan,O,Jl. Setiawan No. 45,006/006,Bintaro,Sukmajaya,Jakarta Timur,DKI Jakarta,KATOLIK,Cerai Mati,Wiraswasta,WNI,SEUMUR HIDUP
DKC002212,3271016801942212,Ani Nugroho,Bogor,1994-01-28,Perempuan,O,Jl. Susanto No. 25,007/009,Rawa Bunga,Serpong,Bogor,Jawa Barat,KATOLIK,Cerai Mati,Wiraswasta,WNI,SEUMUR HIDUP
DKC002213,3276010109752213,Iwan Lubis,Depok,1975-09-01,Laki-Laki,B,Jl. Rahman No. 94,006/006,Sukamaju,Serpong,Depok,Jawa Barat,KONGHUCU,Cerai Hidup,Wiraswasta,WNI,SEUMUR HIDUP
DKC002214,3674017103812214,Desi Simanjuntak,Tangerang Selatan,1981-03-31,Perempuan,A,Jl. Tanjung No. 105,007/001,Cempaka Putih,Sukmajaya,Tangerang Selatan,Jawa Barat,KATOLIK,Menikah,Wiraswasta,WNI,SEUMUR HIDUP
DKC002215,3171010904982215,Joko Pratama,Jakarta Pusat,1998-04-09,Laki-Laki,AB,Jl. Suryadi No. 1,005/001,Bintaro,Tebet,Jakarta Pusat,DKI Jakarta,KATOLIK,Cerai Mati,Wiraswasta,WNI,SEUMUR HIDUP
DKC002216,3175016209972216,Sari Hutapea,Jakarta Timur,1997-09-22,Perempuan,O,Jl. Lubis No. 126,012/004,Duren Sawit,Tebet,Jakarta Timur,DKI Jakarta,BUDDHA,Cerai Hidup,Wiraswasta,WNI,SEUMUR HIDUP
DKC002217,3172016312962217,Rita Gunawan,Jakarta Utara,1996-12-23,Perempuan,B,Jl. Handoko No. 73,006/007,Sukamaju,Tebet,Jakarta Utara,DKI Jakarta,HINDU,Menikah,Wiraswasta,WNI,SEUMUR HIDUP
DKC002218,3174012906682218,Iwan Wibowo,Jakarta Selatan,1968-06-29,Laki-Laki,O,Jl. Halim No. 8,011/001,Sukajadi,Bekasi Timur,Jakarta Selatan,DKI Jakarta,KONGHUCU,Menikah,Wiraswasta,WNI,SEUMUR HIDUP
DKC002219,3671015110902219,Novi Siregar,Tangerang,1990-10-11,Perempuan,A,Jl. Handoko No. 140,007/010,Cempaka Putih,Sukmajaya,Tangerang,Banten,KATOLIK,Cerai Hidup,Wiraswasta,WNI,SEUMUR HIDUP
DKC002220,3174011108982220,Slamet Hutapea,Jakarta Selatan,1998-08-11,Laki-Laki,AB,Jl. Siregar No. 61,011/009,Cipete,Bekasi Timur,Jakarta Selatan,DKI Jakarta,HINDU,Belum Menikah,Wiraswasta,WNI,SEUMUR HIDUP
DKC002221,3276014507812221,Yuni Permana,Depok,1981-07-05,Perempuan,AB,Jl. Hutapea No. 135,010/007,Sukamaju,Bekasi Timur,Depok,Jawa Barat,ISLAM,Cerai Mati,Wiraswasta,WNI,SEUMUR HIDUP
DKC002222,3671011202772222,Dedi Rahman,Tangerang,1977-02-12,Laki-Laki,A,Jl. Hidayat No. 60,006/002,Kebon Baru,Sukmajaya,Tangerang,Banten,ISLAM,Menikah,Wiraswasta,WNI,SEUMUR HIDUP
DKC002223,3671015606032223,Yuni Wijaya,Tangerang,2003-06-16,Perempuan,AB,Jl. Pratama No. 127,011/005,Kebon Baru,Bekasi Timur,Tangerang,Banten,HINDU,Belum Menikah,Wiraswasta,WNI,SEUMUR HIDUP
DKC002224,3671016310842224,Wati Hutapea,Tangerang,1984-10-23,Perempuan,A,Jl. Hutapea No. 69,009/001,Kebon Baru,Serpong,Tangerang,Banten,KONGHUCU,Menikah,Wiraswasta,WNI,SEUMUR HIDUP
DKC002225,3671010302012225,Krisna Suryadi,Tangerang,2001-02-03,Laki-Laki,AB,Jl. Situmorang No. 112,006/009,Cempaka Putih,Bekasi Timur,Tangerang,Banten,ISLAM,Belum Menikah,Wiraswasta,WNI,SEUMUR HIDUP
DKC002226,3276016109972226,Sri Lubis,Depok,1997-09-21,Perempuan,O,Jl. Siregar No. 68,012/002,Cempaka Putih,Sukmajaya,Depok,Jawa Barat,BUDDHA,Cerai Mati,Wiraswasta,WNI,SEUMUR HIDUP
DKC002227,3171016602952227,Rita Saputra,Jakarta Pusat,1995-02-26,Perempuan,B,Jl. Hidayat No. 43,002/005,Cempaka Putih,Cengkareng,Jakarta Pusat,DKI Jakarta,KRISTEN,Cerai Mati,Wiraswasta,WNI,SEUMUR HIDUP
DKC002228,3671010406002228,Krisna Saputra,Tangerang,2000-06-04,Laki-Laki,B,Jl. Gunawan No. 79,007/006,Bintaro,Cengkareng,Tangerang,Banten,KONGHUCU,Cerai Hidup,Wiraswasta,WNI,SEUMUR HIDUP
DKC002229,3671015102732229,Suryani Halim,Tangerang,1973-02-11,Perempuan,AB,Jl. Lubis No. 82,005/005,Sukajadi,Tebet,Tangerang,Banten,BUDDHA,Menikah,Wiraswasta,WNI,SEUMUR HIDUP
DKC002230,3674014106732230,Rina Hidayat,Tangerang Selatan,1973-06-01,Perempuan,A,Jl. Lubis No. 87,003/001,Kebon Baru,Sukmajaya,Tangerang Selatan,Jawa Barat,KONGHUCU,Menikah,Wiraswasta,WNI,SEUMUR HIDUP
DKC002231,3271010201002231,Hadi Panjaitan,Bogor,2000-01-02,Laki-Laki,A,Jl. Rahman No. 72,008/002,Duren Sawit,Bekasi Timur,Bogor,Jawa Barat,KONGHUCU,Belum Menikah,Wiraswasta,WNI,SEUMUR HIDUP
DKC002232,3276012411732232,Budi Kurniawan,Depok,1973-11-24,Laki-Laki,B,Jl. Gunawan No. 69,001/002,Sukajadi,Kramat Jati,Depok,Jawa Barat,HINDU,Belum Menikah,Wiraswasta,WNI,SEUMUR HIDUP
DKC002233,3171012701652233,Krisna Wibowo,Jakarta Pusat,1965-01-27,Laki-Laki,O,Jl. Situmorang No. 102,005/008,Bintaro,Tebet,Jakarta Pusat,DKI Jakarta,KONGHUCU,Menikah,Wiraswasta,WNI,SEUMUR HIDUP
DKC002234,3674015211692234,Yanti Lubis,Tangerang Selatan,1969-11-12,Perempuan,B,Jl. Situmorang No. 120,007/003,Rawa Bunga,Tebet,Tangerang Selatan,Jawa Barat,HINDU,Cerai Mati,Wiraswasta,WNI,SEUMUR HIDUP
DKC002235,3671016804732235,Lina Kurniawan,Tangerang,1973-04-28,Perempuan,A,Jl. Handoko No. 38,001/005,Cipete,Sukmajaya,Tangerang,Banten,ISLAM,Cerai Hidup,Wiraswasta,WNI,SEUMUR HIDUP
DKC002236,3671010301672236,Dimas Wibowo,Tangerang,1967-01-03,Laki-Laki,B,Jl. Lubis No. 42,007/005,Rawa Bunga,Bekasi Timur,Tangerang,Banten,KATOLIK,Cerai Mati,Wiraswasta,WNI,SEUMUR HIDUP
DKC002237,3671014101832237,Lestari Saputra,Tangerang,1983-01-01,Perempuan,A,Jl. Gunawan No. 60,010/001,Cipete,Cengkareng,Tangerang,Banten,BUDDHA,Menikah,Wiraswasta,WNI,SEUMUR HIDUP
DKC002238,3175015211702238,Sari Santoso,Jakarta Timur,1970-11-12,Perempuan,AB,Jl. Lubis No. 30,012/010,Bintaro,Serpong,Jakarta Timur,DKI Jakarta,ISLAM,Menikah,Wiraswasta,WNI,SEUMUR HIDUP
DKC002239,3671010506732239,Rian Halim,Tangerang,1973-06-05,Laki-Laki,O,Jl. Rahman No. 37,010/007,Bintaro,Tebet,Tangerang,Banten,HINDU,Cerai Hidup,Wiraswasta,WNI,SEUMUR HIDUP
DKC002240,3174010411912240,Rizky Gunawan,Jakarta Selatan,1991-11-04,Laki-Laki,B,Jl. Tanjung No. 102,012/003,Rawa Bunga,Kramat Jati,Jakarta Selatan,DKI Jakarta,HINDU,Menikah,Wiraswasta,WNI,SEUMUR HIDUP
DKC002241,3275010909892241,Hendra Saputra,Bekasi,1989-09-09,Laki-Laki,O,Jl. Halim No. 71,009/001,Cempaka Putih,Sukmajaya,Bekasi,Jawa Barat,KRISTEN,Belum Menikah,Wiraswasta,WNI,SEUMUR HIDUP
DKC002242,3671015408732242,Dian Nugroho,Tangerang,1973-08-14,Perempuan,A,Jl. Santoso No. 105,006/008,Kebon Baru,Cengkareng,Tangerang,Banten,ISLAM,Cerai Mati,Wiraswasta,WNI,SEUMUR HIDUP
DKC002243,3276015108992243,Ratna Firmansyah,Depok,1999-08-11,Perempuan,AB,Jl. Saputra No. 7,003/002,Duren Sawit,Tebet,Depok,Jawa Barat,ISLAM,Belum Menikah,Wiraswasta,WNI,SEUMUR HIDUP
DKC002244,3671012906812244,Yusuf Kurniawan,Tangerang,1981-06-29,Laki-Laki,O,Jl. Siregar No. 149,001/004,Rawa Bunga,Sukmajaya,Tangerang,Banten,HINDU,Menikah,Wiraswasta,WNI,SEUMUR HIDUP
DKC002245,3173015405962245,Suryani Handoko,Jakarta Barat,1996-05-14,Perempuan,A,Jl. Hidayat No. 9,006/007,Bintaro,Tebet,Jakarta Barat,DKI Jakarta,BUDDHA,Cerai Hidup,Wiraswasta,WNI,SEUMUR HIDUP
DKC002246,3671012003652246,Dedi Firmansyah,Tangerang,1965-03-20,Laki-Laki,AB,Jl. Kurniawan No. 101,005/009,Kebon Baru,Serpong,Tangerang,Banten,KONGHUCU,Cerai Hidup,Wiraswasta,WNI,SEUMUR HIDUP
DKC002247,3271010503702247,Fajar Suryadi,Bogor,1970-03-05,Laki-Laki,O,Jl. Situmorang No. 104,008/008,Cipete,Tebet,Bogor,Jawa Barat,ISLAM,Cerai Mati,Wiraswasta,WNI,SEUMUR HIDUP
DKC002248,3674014405952248,Fitri Susanto,Tangerang Selatan,1995-05-04,Perempuan,B,Jl. Kurniawan No. 121,004/001,Kebon Baru,Kramat Jati,Tangerang Selatan,Jawa Barat,KRISTEN,Cerai Hidup,Wiraswasta,WNI,SEUMUR HIDUP
DKC002249,3671015512792249,Desi Panjaitan,Tangerang,1979-12-15,Perempuan,O,Jl. Firmansyah No. 88,002/001,Duren Sawit,Sukmajaya,Tangerang,Banten,KATOLIK,Menikah,Wiraswasta,WNI,SEUMUR HIDUP
DKC002250,3671014611022250,Lina Suryadi,Tangerang,2002-11-06,Perempuan,A,Jl. Rahman No. 24,006/007,Sukamaju,Cengkareng,Tangerang,Banten,KATOLIK,Belum Menikah,Wiraswasta,WNI,SEUMUR HIDUP
DKC002251,3671014509012251,Dewi Suryadi,Tangerang,2001-09-05,Perempuan,AB,Jl. Handoko No. 106,002/002,Sukajadi,Tebet,Tangerang,Banten,HINDU,Cerai Mati,Wiraswasta,WNI,SEUMUR HIDUP
DKC002252,3271016103952252,Lestari Suryadi,Bogor,1995-03-21,Perempuan,AB,Jl. Permana No. 88,008/003,Bintaro,Kramat Jati,Bogor,Jawa Barat,KRISTEN,Cerai Mati,Wiraswasta,WNI,SEUMUR HIDUP
DKC002253,3271010907952253,Bambang Kusuma,Bogor,1995-07-09,Laki-Laki,A,Jl. Situmorang No. 53,010/001,Duren Sawit,Serpong,Bogor,Jawa Barat,HINDU,Cerai Hidup,Wiraswasta,WNI,SEUMUR HIDUP
DKC002254,3276016602942254,Siti Permana,Depok,1994-02-26,Perempuan,O,Jl. Kurniawan No. 56,009/003,Cipete,Sukmajaya,Depok,Jawa Barat,HINDU,Menikah,Wiraswasta,WNI,SEUMUR HIDUP
DKC002255,3674016909912255,Melati Suryadi,Tangerang Selatan,1991-09-29,Perempuan,AB,Jl. Suryadi No. 11,011/004,Cipete,Kramat Jati,Tangerang Selatan,Jawa Barat,HINDU,Belum Menikah,Wiraswasta,WNI,SEUMUR HIDUP
DKC002256,3173015702682256,Novi Siregar,Jakarta Barat,1968-02-17,Perempuan,A,Jl. Wijaya No. 113,004/006,Sukajadi,Kramat Jati,Jakarta Barat,DKI Jakarta,BUDDHA,Cerai Mati,Wiraswasta,WNI,SEUMUR HIDUP
DKC002257,3173011703892257,Hendra Lubis,Jakarta Barat,1989-03-17,Laki-Laki,B,Jl. Susanto No. 52,003/004,Kebon Baru,Serpong,Jakarta Barat,DKI Jakarta,KRISTEN,Menikah,Wiraswasta,WNI,SEUMUR HIDUP
DKC002258,3671012504762258,Yusuf Simanjuntak,Tangerang,1976-04-25,Laki-Laki,AB,Jl. Wibowo No. 6,007/001,Cipete,Sukmajaya,Tangerang,Banten,KATOLIK,Belum Menikah,Wiraswasta,WNI,SEUMUR HIDUP
DKC002259,3276012207732259,Slamet Simanjuntak,Depok,1973-07-22,Laki-Laki,AB,Jl. Suryadi No. 138,007/006,Cempaka Putih,Sukmajaya,Depok,Jawa Barat,KATOLIK,Menikah,Wiraswasta,WNI,SEUMUR HIDUP
DKC002260,3173010302972260,Dimas Gunawan,Jakarta Barat,1997-02-03,Laki-Laki,A,Jl. Wijaya No. 98,005/005,Rawa Bunga,Cengkareng,Jakarta Barat,DKI Jakarta,BUDDHA,Cerai Mati,Wiraswasta,WNI,SEUMUR HIDUP
DKC002261,3172014405932261,Fitri Saputra,Jakarta Utara,1993-05-04,Perempuan,A,Jl. Firmansyah No. 43,006/006,Duren Sawit,Kramat Jati,Jakarta Utara,DKI Jakarta,BUDDHA,Menikah,Wiraswasta,WNI,SEUMUR HIDUP
DKC002262,3271014312702262,Fitri Suryadi,Bogor,1970-12-03,Perempuan,AB,Jl. Gunawan No. 8,008/009,Cipete,Sukmajaya,Bogor,Jawa Barat,BUDDHA,Cerai Mati,Wiraswasta,WNI,SEUMUR HIDUP
DKC002263,3174014504752263,Siti Lubis,Jakarta Selatan,1975-04-05,Perempuan,B,Jl. Pratama No. 32,004/002,Bintaro,Tebet,Jakarta Selatan,DKI Jakarta,ISLAM,Cerai Hidup,Wiraswasta,WNI,SEUMUR HIDUP
DKC002264,3671016203892264,Ika Hidayat,Tangerang,1989-03-22,Perempuan,O,Jl. Siregar No. 135,008/003,Bintaro,Kramat Jati,Tangerang,Banten,KONGHUCU,Menikah,Wiraswasta,WNI,SEUMUR HIDUP
DKC002265,3271014510002265,Retno Pratama,Bogor,2000-10-05,Perempuan,O,Jl. Pratama No. 148,002/008,Cipete,Cengkareng,Bogor,Jawa Barat,KATOLIK,Menikah,Wiraswasta,WNI,SEUMUR HIDUP
DKC002266,3171016304892266,Siti Nugroho,Jakarta Pusat,1989-04-23,Perempuan,A,Jl. Handoko No. 2,001/006,Sukajadi,Serpong,Jakarta Pusat,DKI Jakarta,ISLAM,Belum Menikah,Wiraswasta,WNI,SEUMUR HIDUP
DKC002267,3671016509712267,Lestari Gunawan,Tangerang,1971-09-25,Perempuan,A,Jl. Setiawan No. 41,012/001,Sukajadi,Serpong,Tangerang,Banten,HINDU,Cerai Hidup,Wiraswasta,WNI,SEUMUR HIDUP
DKC002268,3173015005772268,Maya Firmansyah,Jakarta Barat,1977-05-10,Perempuan,O,Jl. Simanjuntak No. 36,011/002,Sukamaju,Cengkareng,Jakarta Barat,DKI Jakarta,HINDU,Cerai Mati,Wiraswasta,WNI,SEUMUR HIDUP
DKC002269,3275012712992269,Irfan Suryadi,Bekasi,1999-12-27,Laki-Laki,A,Jl. Halim No. 44,007/010,Bintaro,Cengkareng,Bekasi,Jawa Barat,KATOLIK,Belum Menikah,Wiraswasta,WNI,SEUMUR HIDUP
DKC002270,3275010408862270,Fajar Panjaitan,Bekasi,1986-08-04,Laki-Laki,AB,Jl. Susanto No. 139,004/004,Sukamaju,Sukmajaya,Bekasi,Jawa Barat,KATOLIK,Cerai Mati,Wiraswasta,WNI,SEUMUR HIDUP
DKC002271,3671010711822271,Bayu Nugroho,Tangerang,1982-11-07,Laki-Laki,A,Jl. Permana No. 13,002/005,Rawa Bunga,Bekasi Timur,Tangerang,Banten,BUDDHA,Belum Menikah,Wiraswasta,WNI,SEUMUR HIDUP
DKC002272,3275010701772272,Dedi Wibowo,Bekasi,1977-01-07,Laki-Laki,AB,Jl. Kusuma No. 26,010/008,Sukamaju,Tebet,Bekasi,Jawa Barat,KATOLIK,Menikah,Wiraswasta,WNI,SEUMUR HIDUP
DKC002273,3674010901952273,Taufik Permana,Tangerang Selatan,1995-01-09,Laki-Laki,B,Jl. Santoso No. 34,006/002,Cempaka Putih,Tebet,Tangerang Selatan,Jawa Barat,ISLAM,Belum Menikah,Wiraswasta,WNI,SEUMUR HIDUP
DKC002274,3171014805902274,Wulan Nugroho,Jakarta Pusat,1990-05-08,Perempuan,O,Jl. Santoso No. 69,010/004,Bintaro,Sukmajaya,Jakarta Pusat,DKI Jakarta,KATOLIK,Belum Menikah,Wiraswasta,WNI,SEUMUR HIDUP
DKC002275,3671012406792275,Eko Rahman,Tangerang,1979-06-24,Laki-Laki,A,Jl. Kurniawan No. 110,004/010,Bintaro,Tebet,Tangerang,Banten,KATOLIK,Belum Menikah,Wiraswasta,WNI,SEUMUR HIDUP
DKC002276,3674013107782276,Bayu Suryadi,Tangerang Selatan,1978-07-31,Laki-Laki,A,Jl. Susanto No. 47,005/009,Bintaro,Kramat Jati,Tangerang Selatan,Jawa Barat,BUDDHA,Cerai Mati,Wiraswasta,WNI,SEUMUR HIDUP
DKC002277,3275011303882277,Slamet Setiawan,Bekasi,1988-03-13,Laki-Laki,B,Jl. Hutapea No. 18,003/005,Bintaro,Serpong,Bekasi,Jawa Barat,HINDU,Belum Menikah,Wiraswasta,WNI,SEUMUR HIDUP
DKC002278,3276015709982278,Lina Suryadi,Depok,1998-09-17,Perempuan,AB,Jl. Susanto No. 49,011/005,Kebon Baru,Serpong,Depok,Jawa Barat,KATOLIK,Cerai Hidup,Wiraswasta,WNI,SEUMUR HIDUP
DKC002279,3172015911812279,Ayu Handoko,Jakarta Utara,1981-11-19,Perempuan,AB,Jl. Handoko No. 29,006/007,Duren Sawit,Kramat Jati,Jakarta Utara,DKI Jakarta,BUDDHA,Menikah,Wiraswasta,WNI,SEUMUR HIDUP
DKC002280,3171011402772280,Iwan Siregar,Jakarta Pusat,1977-02-14,Laki-Laki,A,Jl. Tanjung No. 76,003/005,Bintaro,Sukmajaya,Jakarta Pusat,DKI Jakarta,HINDU,Menikah,Wiraswasta,WNI,SEUMUR HIDUP
DKC002281,3671010506652281,Rian Wijaya,Tangerang,1965-06-05,Laki-Laki,A,Jl. Permana No. 91,008/004,Bintaro,Bekasi Timur,Tangerang,Banten,KRISTEN,Cerai Hidup,Wiraswasta,WNI,SEUMUR HIDUP
DKC002282,3671012508702282,Slamet Wibowo,Tangerang,1970-08-25,Laki-Laki,AB,Jl. Firmansyah No. 40,001/004,Cipete,Sukmajaya,Tangerang,Banten,KRISTEN,Menikah,Wiraswasta,WNI,SEUMUR HIDUP
DKC002283,3671010107692283,Anton Firmansyah,Tangerang,1969-07-01,Laki-Laki,AB,Jl. Setiawan No. 120,004/002,Sukajadi,Bekasi Timur,Tangerang,Banten,KRISTEN,Belum Menikah,Wiraswasta,WNI,SEUMUR HIDUP
DKC002284,3674016309792284,Lestari Kurniawan,Tangerang Selatan,1979-09-23,Perempuan,O,Jl. Siregar No. 4,001/002,Duren Sawit,Kramat Jati,Tangerang Selatan,Jawa Barat,BUDDHA,Belum Menikah,Wiraswasta,WNI,SEUMUR HIDUP
DKC002285,3671011102852285,Eko Simanjuntak,Tangerang,1985-02-11,Laki-Laki,AB,Jl. Pratama No. 41,010/009,Kebon Baru,Serpong,Tangerang,Banten,KATOLIK,Cerai Mati,Wiraswasta,WNI,SEUMUR HIDUP
DKC002286,3674014610002286,Suryani Hutapea,Tangerang Selatan,2000-10-06,Perempuan,A,Jl. Halim No. 64,010/001,Cempaka Putih,Kramat Jati,Tangerang Selatan,Jawa Barat,HINDU,Belum Menikah,Wiraswasta,WNI,SEUMUR HIDUP
DKC002287,3173016207792287,Novi Panjaitan,Jakarta Barat,1979-07-22,Perempuan,A,Jl. Wijaya No. 52,003/010,Sukamaju,Sukmajaya,Jakarta Barat,DKI Jakarta,ISLAM,Menikah,Wiraswasta,WNI,SEUMUR HIDUP
DKC002288,3275015809022288,Lestari Suryadi,Bekasi,2002-09-18,Perempuan,AB,Jl. Susanto No. 38,008/009,Bintaro,Kramat Jati,Bekasi,Jawa Barat,KONGHUCU,Cerai Hidup,Wiraswasta,WNI,SEUMUR HIDUP
DKC002289,3175016411722289,Indah Lubis,Jakarta Timur,1972-11-24,Perempuan,B,Jl. Saputra No. 103,010/008,Cempaka Putih,Serpong,Jakarta Timur,DKI Jakarta,KONGHUCU,Menikah,Wiraswasta,WNI,SEUMUR HIDUP
DKC002290,3276016511922290,Novi Halim,Depok,1992-11-25,Perempuan,B,Jl. Susanto No. 60,011/010,Cipete,Sukmajaya,Depok,Jawa Barat,ISLAM,Cerai Hidup,Wiraswasta,WNI,SEUMUR HIDUP
DKC002291,3671016806002291,Anggi Hidayat,Tangerang,2000-06-28,Perempuan,AB,Jl. Pratama No. 132,008/009,Kebon Baru,Cengkareng,Tangerang,Banten,HINDU,Belum Menikah,Wiraswasta,WNI,SEUMUR HIDUP
DKC002292,3171011801762292,Fauzi Kusuma,Jakarta Pusat,1976-01-18,Laki-Laki,A,Jl. Handoko No. 60,005/006,Kebon Baru,Serpong,Jakarta Pusat,DKI Jakarta,KONGHUCU,Belum Menikah,Wiraswasta,WNI,SEUMUR HIDUP
DKC002293,3271012107692293,Hendra Nugroho,Bogor,1969-07-21,Laki-Laki,B,Jl. Setiawan No. 76,008/005,Sukamaju,Serpong,Bogor,Jawa Barat,BUDDHA,Cerai Hidup,Wiraswasta,WNI,SEUMUR HIDUP
DKC002294,3174010511752294,Anton Suryadi,Jakarta Selatan,1975-11-05,Laki-Laki,B,Jl. Halim No. 12,006/002,Cipete,Tebet,Jakarta Selatan,DKI Jakarta,KRISTEN,Belum Menikah,Wiraswasta,WNI,SEUMUR HIDUP
DKC002295,3173011610962295,Eko Saputra,Jakarta Barat,1996-10-16,Laki-Laki,A,Jl. Halim No. 92,006/009,Bintaro,Tebet,Jakarta Barat,DKI Jakarta,BUDDHA,Cerai Hidup,Wiraswasta,WNI,SEUMUR HIDUP
DKC002296,3175011704802296,Wahyu Setiawan,Jakarta Timur,1980-04-17,Laki-Laki,O,Jl. Susanto No. 19,002/010,Cempaka Putih,Cengkareng,Jakarta Timur,DKI Jakarta,KATOLIK,Menikah,Wiraswasta,WNI,SEUMUR HIDUP
DKC002297,3671012510862297,Eko Nugroho,Tangerang,1986-10-25,Laki-Laki,A,Jl. Siregar No. 24,004/006,Sukamaju,Cengkareng,Tangerang,Banten,KONGHUCU,Belum Menikah,Wiraswasta,WNI,SEUMUR HIDUP
DKC002298,3172016412962298,Nina Firmansyah,Jakarta Utara,1996-12-24,Perempuan,O,Jl. Saputra No. 86,012/008,Rawa Bunga,Cengkareng,Jakarta Utara,DKI Jakarta,HINDU,Menikah,Wiraswasta,WNI,SEUMUR HIDUP
DKC002299,3172014505932299,Ika Nugroho,Jakarta Utara,1993-05-05,Perempuan,B,Jl. Firmansyah No. 105,004/001,Cipete,Tebet,Jakarta Utara,DKI Jakarta,KONGHUCU,Cerai Mati,Wiraswasta,WNI,SEUMUR HIDUP
DKC002300,3671011402972300,Irfan Kurniawan,Tangerang,1997-02-14,Laki-Laki,O,Jl. Nugroho No. 81,003/001,Sukamaju,Bekasi Timur,Tangerang,Banten,HINDU,Menikah,Wiraswasta,WNI,SEUMUR HIDUP
DKC002301,3174014802792301,Dewi Susanto,Jakarta Selatan,1979-02-08,Perempuan,O,Jl. Kusuma No. 92,011/007,Bintaro,Bekasi Timur,Jakarta Selatan,DKI Jakarta,ISLAM,Cerai Hidup,Wiraswasta,WNI,SEUMUR HIDUP
DKC002302,3671012801662302,Sutrisno Hidayat,Tangerang,1966-01-28,Laki-Laki,A,Jl. Panjaitan No. 10,002/001,Sukajadi,Cengkareng,Tangerang,Banten,HINDU,Menikah,Wiraswasta,WNI,SEUMUR HIDUP
DKC002303,3671011310862303,Rian Hidayat,Tangerang,1986-10-13,Laki-Laki,A,Jl. Rahman No. 54,001/005,Cipete,Serpong,Tangerang,Banten,ISLAM,Cerai Mati,Wiraswasta,WNI,SEUMUR HIDUP
DKC002304,3173012010872304,Arif Kusuma,Jakarta Barat,1987-10-20,Laki-Laki,O,Jl. Hutapea No. 138,012/006,Sukajadi,Sukmajaya,Jakarta Barat,DKI Jakarta,KONGHUCU,Cerai Hidup,Wiraswasta,WNI,SEUMUR HIDUP
DKC002305,3175016702932305,Suryani Simanjuntak,Jakarta Timur,1993-02-27,Perempuan,A,Jl. Lubis No. 98,006/007,Cempaka Putih,Bekasi Timur,Jakarta Timur,DKI Jakarta,HINDU,Belum Menikah,Wiraswasta,WNI,SEUMUR HIDUP
DKC002306,3173011001722306,Budi Handoko,Jakarta Barat,1972-01-10,Laki-Laki,A,Jl. Panjaitan No. 142,002/005,Bintaro,Kramat Jati,Jakarta Barat,DKI Jakarta,KONGHUCU,Belum Menikah,Wiraswasta,WNI,SEUMUR HIDUP
DKC002307,3271015810652307,Yuni Halim,Bogor,1965-10-18,Perempuan,O,Jl. Kusuma No. 58,012/001,Kebon Baru,Tebet,Bogor,Jawa Barat,HINDU,Cerai Mati,Wiraswasta,WNI,SEUMUR HIDUP
DKC002308,3271016809772308,Ani Tanjung,Bogor,1977-09-28,Perempuan,B,Jl. Permana No. 119,002/005,Cipete,Bekasi Timur,Bogor,Jawa Barat,KATOLIK,Menikah,Wiraswasta,WNI,SEUMUR HIDUP
DKC002309,3671016802852309,Putri Kusuma,Tangerang,1985-02-28,Perempuan,AB,Jl. Kurniawan No. 144,006/008,Sukajadi,Tebet,Tangerang,Banten,HINDU,Cerai Hidup,Wiraswasta,WNI,SEUMUR HIDUP
DKC002310,3271017010012310,Ika Wijaya,Bogor,2001-10-30,Perempuan,O,Jl. Hidayat No. 78,004/002,Sukamaju,Serpong,Bogor,Jawa Barat,KONGHUCU,Cerai Mati,Wiraswasta,WNI,SEUMUR HIDUP
DKC002311,3174011601712311,Taufik Setiawan,Jakarta Selatan,1971-01-16,Laki-Laki,AB,Jl. Kusuma No. 89,007/006,Kebon Baru,Kramat Jati,Jakarta Selatan,DKI Jakarta,HINDU,Cerai Mati,Wiraswasta,WNI,SEUMUR HIDUP
DKC002312,3171015706692312,Retno Nugroho,Jakarta Pusat,1969-06-17,Perempuan,O,Jl. Handoko No. 143,008/002,Cempaka Putih,Bekasi Timur,Jakarta Pusat,DKI Jakarta,ISLAM,Cerai Hidup,Wiraswasta,WNI,SEUMUR HIDUP
DKC002313,3671016607652313,Dian Handoko,Tangerang,1965-07-26,Perempuan,A,Jl. Setiawan No. 68,011/001,Cempaka Putih,Cengkareng,Tangerang,Banten,KATOLIK,Cerai Hidup,Wiraswasta,WNI,SEUMUR HIDUP
DKC002314,3175014904782314,Siti Lubis,Jakarta Timur,1978-04-09,Perempuan,A,Jl. Kusuma No. 10,011/010,Kebon Baru,Sukmajaya,Jakarta Timur,DKI Jakarta,HINDU,Cerai Mati,Wiraswasta,WNI,SEUMUR HIDUP
DKC002315,3671016301712315,Fitri Kusuma,Tangerang,1971-01-23,Perempuan,AB,Jl. Wibowo No. 25,007/004,Sukamaju,Kramat Jati,Tangerang,Banten,KATOLIK,Belum Menikah,Wiraswasta,WNI,SEUMUR HIDUP
DKC002316,3174010605662316,Doni Lubis,Jakarta Selatan,1966-05-06,Laki-Laki,A,Jl. Susanto No. 58,006/003,Duren Sawit,Sukmajaya,Jakarta Selatan,DKI Jakarta,KRISTEN,Menikah,Wiraswasta,WNI,SEUMUR HIDUP
DKC002317,3275015908842317,Lina Hutapea,Bekasi,1984-08-19,Perempuan,O,Jl. Gunawan No. 70,007/007,Cempaka Putih,Sukmajaya,Bekasi,Jawa Barat,BUDDHA,Cerai Mati,Wiraswasta,WNI,SEUMUR HIDUP
DKC002318,3671011301722318,Rudi Saputra,Tangerang,1972-01-13,Laki-Laki,B,Jl. Gunawan No. 40,008/006,Cipete,Tebet,Tangerang,Banten,ISLAM,Belum Menikah,Wiraswasta,WNI,SEUMUR HIDUP
DKC002319,3171011511772319,Fajar Wijaya,Jakarta Pusat,1977-11-15,Laki-Laki,A,Jl. Halim No. 98,012/008,Bintaro,Tebet,Jakarta Pusat,DKI Jakarta,KRISTEN,Cerai Hidup,Wiraswasta,WNI,SEUMUR HIDUP
DKC002320,3671012101022320,Sutrisno Halim,Tangerang,2002-01-21,Laki-Laki,AB,Jl. Saputra No. 133,011/003,Sukamaju,Cengkareng,Tangerang,Banten,ISLAM,Cerai Mati,Wiraswasta,WNI,SEUMUR HIDUP
DKC002321,3671015402032321,Ika Wijaya,Tangerang,2003-02-14,Perempuan,B,Jl. Hidayat No. 149,003/008,Duren Sawit,Cengkareng,Tangerang,Banten,HINDU,Menikah,Wiraswasta,WNI,SEUMUR HIDUP
DKC002322,3275016308792322,Retno Hidayat,Bekasi,1979-08-23,Perempuan,B,Jl. Handoko No. 101,010/006,Duren Sawit,Cengkareng,Bekasi,Jawa Barat,KATOLIK,Belum Menikah,Wiraswasta,WNI,SEUMUR HIDUP
DKC002323,3276010604762323,Dedi Pratama,Depok,1976-04-06,Laki-Laki,O,Jl. Hidayat No. 19,004/008,Kebon Baru,Bekasi Timur,Depok,Jawa Barat,ISLAM,Cerai Hidup,Wiraswasta,WNI,SEUMUR HIDUP
DKC002324,3174016811882324,Dewi Nugroho,Jakarta Selatan,1988-11-28,Perempuan,A,Jl. Hutapea No. 40,007/007,Sukajadi,Cengkareng,Jakarta Selatan,DKI Jakarta,ISLAM,Belum Menikah,Wiraswasta,WNI,SEUMUR HIDUP
DKC002325,3174017010762325,Siti Wibowo,Jakarta Selatan,1976-10-30,Perempuan,O,Jl. Kurniawan No. 129,010/002,Sukajadi,Sukmajaya,Jakarta Selatan,DKI Jakarta,BUDDHA,Belum Menikah,Wiraswasta,WNI,SEUMUR HIDUP
DKC002326,3671015808782326,Anggi Wibowo,Tangerang,1978-08-18,Perempuan,O,Jl. Permana No. 144,009/004,Duren Sawit,Tebet,Tangerang,Banten,ISLAM,Belum Menikah,Wiraswasta,WNI,SEUMUR HIDUP
DKC002327,3171016411982327,Rina Firmansyah,Jakarta Pusat,1998-11-24,Perempuan,A,Jl. Kusuma No. 27,002/009,Sukajadi,Cengkareng,Jakarta Pusat,DKI Jakarta,ISLAM,Cerai Hidup,Wiraswasta,WNI,SEUMUR HIDUP
DKC002328,3171011502792328,Anton Hutapea,Jakarta Pusat,1979-02-15,Laki-Laki,A,Jl. Suryadi No. 1,005/005,Bintaro,Tebet,Jakarta Pusat,DKI Jakarta,BUDDHA,Cerai Hidup,Wiraswasta,WNI,SEUMUR HIDUP
DKC002329,3671015807002329,Siti Siregar,Tangerang,2000-07-18,Perempuan,A,Jl. Wibowo No. 117,002/005,Bintaro,Sukmajaya,Tangerang,Banten,KRISTEN,Menikah,Wiraswasta,WNI,SEUMUR HIDUP
DKC002330,3271012303992330,Yusuf Saputra,Bogor,1999-03-23,Laki-Laki,O,Jl. Firmansyah No. 81,008/003,Cempaka Putih,Bekasi Timur,Bogor,Jawa Barat,KATOLIK,Cerai Mati,Wiraswasta,WNI,SEUMUR HIDUP
DKC002331,3271016403662331,Retno Wijaya,Bogor,1966-03-24,Perempuan,B,Jl. Hidayat No. 116,005/005,Bintaro,Tebet,Bogor,Jawa Barat,BUDDHA,Belum Menikah,Wiraswasta,WNI,SEUMUR HIDUP
DKC002332,3671012108822332,Iwan Saputra,Tangerang,1982-08-21,Laki-Laki,AB,Jl. Kurniawan No. 48,011/007,Duren Sawit,Tebet,Tangerang,Banten,ISLAM,Cerai Mati,Wiraswasta,WNI,SEUMUR HIDUP
DKC002333,3674012309802333,Fajar Pratama,Tangerang Selatan,1980-09-23,Laki-Laki,B,Jl. Kurniawan No. 143,001/006,Bintaro,Bekasi Timur,Tangerang Selatan,Jawa Barat,KRISTEN,Menikah,Wiraswasta,WNI,SEUMUR HIDUP
DKC002334,3671012111932334,Andi Santoso,Tangerang,1993-11-21,Laki-Laki,AB,Jl. Susanto No. 105,002/003,Rawa Bunga,Kramat Jati,Tangerang,Banten,HINDU,Menikah,Wiraswasta,WNI,SEUMUR HIDUP
DKC002335,3174014808772335,Suryani Susanto,Jakarta Selatan,1977-08-08,Perempuan,O,Jl. Susanto No. 134,007/008,Duren Sawit,Sukmajaya,Jakarta Selatan,DKI Jakarta,HINDU,Cerai Hidup,Wiraswasta,WNI,SEUMUR HIDUP
DKC002336,3275016102942336,Ayu Kurniawan,Bekasi,1994-02-21,Perempuan,B,Jl. Wibowo No. 28,001/001,Bintaro,Bekasi Timur,Bekasi,Jawa Barat,ISLAM,Menikah,Wiraswasta,WNI,SEUMUR HIDUP
DKC002337,3173015901792337,Wati Situmorang,Jakarta Barat,1979-01-19,Perempuan,AB,Jl. Simanjuntak No. 51,004/001,Bintaro,Sukmajaya,Jakarta Barat,DKI Jakarta,ISLAM,Menikah,Wiraswasta,WNI,SEUMUR HIDUP
DKC002338,3671013004022338,Hadi Saputra,Tangerang,2002-04-30,Laki-Laki,A,Jl. Wijaya No. 72,010/001,Cempaka Putih,Tebet,Tangerang,Banten,KATOLIK,Cerai Hidup,Wiraswasta,WNI,SEUMUR HIDUP
DKC002339,3674017101852339,Rina Halim,Tangerang Selatan,1985-01-31,Perempuan,AB,Jl. Nugroho No. 60,004/009,Duren Sawit,Serpong,Tangerang Selatan,Jawa Barat,BUDDHA,Cerai Mati,Wiraswasta,WNI,SEUMUR HIDUP
DKC002340,3172016011692340,Maya Pratama,Jakarta Utara,1969-11-20,Perempuan,O,Jl. Situmorang No. 7,004/004,Rawa Bunga,Kramat Jati,Jakarta Utara,DKI Jakarta,ISLAM,Menikah,Wiraswasta,WNI,SEUMUR HIDUP
DKC002341,3671014504822341,Nina Hutapea,Tangerang,1982-04-05,Perempuan,O,Jl. Halim No. 55,012/007,Sukajadi,Serpong,Tangerang,Banten,BUDDHA,Cerai Mati,Wiraswasta,WNI,SEUMUR HIDUP
DKC002342,3276016306902342,Fitri Saputra,Depok,1990-06-23,Perempuan,AB,Jl. Situmorang No. 110,012/003,Duren Sawit,Sukmajaya,Depok,Jawa Barat,HINDU,Belum Menikah,Wiraswasta,WNI,SEUMUR HIDUP
DKC002343,3671011012022343,Yudi Panjaitan,Tangerang,2002-12-10,Laki-Laki,O,Jl. Gunawan No. 63,010/003,Bintaro,Serpong,Tangerang,Banten,HINDU,Cerai Mati,Wiraswasta,WNI,SEUMUR HIDUP
DKC002344,3171010804772344,Wahyu Hutapea,Jakarta Pusat,1977-04-08,Laki-Laki,B,Jl. Saputra No. 124,010/007,Bintaro,Tebet,Jakarta Pusat,DKI Jakarta,HINDU,Menikah,Wiraswasta,WNI,SEUMUR HIDUP
DKC002345,3671014606862345,Maya Rahman,Tangerang,1986-06-06,Perempuan,B,Jl. Gunawan No. 119,010/003,Sukajadi,Serpong,Tangerang,Banten,ISLAM,Cerai Mati,Wiraswasta,WNI,SEUMUR HIDUP
DKC002346,3276012308812346,Eko Santoso,Depok,1981-08-23,Laki-Laki,AB,Jl. Wibowo No. 78,007/004,Bintaro,Tebet,Depok,Jawa Barat,ISLAM,Cerai Hidup,Wiraswasta,WNI,SEUMUR HIDUP
DKC002347,3171015911912347,Maya Handoko,Jakarta Pusat,1991-11-19,Perempuan,B,Jl. Firmansyah No. 34,008/002,Cipete,Bekasi Timur,Jakarta Pusat,DKI Jakarta,KONGHUCU,Belum Menikah,Wiraswasta,WNI,SEUMUR HIDUP
DKC002348,3671014910792348,Ratna Setiawan,Tangerang,1979-10-09,Perempuan,A,Jl. Simanjuntak No. 45,007/001,Sukamaju,Tebet,Tangerang,Banten,KONGHUCU,Menikah,Wiraswasta,WNI,SEUMUR HIDUP
DKC002349,3671012409682349,Sutrisno Situmorang,Tangerang,1968-09-24,Laki-Laki,AB,Jl. Permana No. 19,007/002,Bintaro,Kramat Jati,Tangerang,Banten,BUDDHA,Cerai Hidup,Wiraswasta,WNI,SEUMUR HIDUP
DKC002350,3671014204712350,Tri Panjaitan,Tangerang,1971-04-02,Perempuan,A,Jl. Nugroho No. 1,001/009,Cempaka Putih,Serpong,Tangerang,Banten,KRISTEN,Cerai Hidup,Wiraswasta,WNI,SEUMUR HIDUP
DKC002351,3671015304992351,Kartika Siregar,Tangerang,1999-04-13,Perempuan,O,Jl. Handoko No. 33,004/004,Sukajadi,Tebet,Tangerang,Banten,KATOLIK,Cerai Hidup,Wiraswasta,WNI,SEUMUR HIDUP
DKC002352,3276010603932352,Ahmad Lubis,Depok,1993-03-06,Laki-Laki,O,Jl. Halim No. 82,012/007,Sukajadi,Sukmajaya,Depok,Jawa Barat,KRISTEN,Belum Menikah,Wiraswasta,WNI,SEUMUR HIDUP
DKC002353,3671010804712353,Doni Kusuma,Tangerang,1971-04-08,Laki-Laki,A,Jl. Permana No. 55,002/009,Cipete,Cengkareng,Tangerang,Banten,ISLAM,Cerai Mati,Wiraswasta,WNI,SEUMUR HIDUP
DKC002354,3671014103022354,Rina Tanjung,Tangerang,2002-03-01,Perempuan,A,Jl. Setiawan No. 49,007/005,Sukajadi,Serpong,Tangerang,Banten,KONGHUCU,Cerai Mati,Wiraswasta,WNI,SEUMUR HIDUP
DKC002355,3175012501932355,Joko Kusuma,Jakarta Timur,1993-01-25,Laki-Laki,A,Jl. Permana No. 119,007/005,Sukamaju,Kramat Jati,Jakarta Timur,DKI Jakarta,KRISTEN,Belum Menikah,Wiraswasta,WNI,SEUMUR HIDUP
DKC002356,3671011807942356,Anton Siregar,Tangerang,1994-07-18,Laki-Laki,B,Jl. Gunawan No. 36,009/003,Cipete,Bekasi Timur,Tangerang,Banten,ISLAM,Belum Menikah,Wiraswasta,WNI,SEUMUR HIDUP
DKC002357,3173016802912357,Melati Simanjuntak,Jakarta Barat,1991-02-28,Perempuan,AB,Jl. Simanjuntak No. 146,006/003,Cempaka Putih,Cengkareng,Jakarta Barat,DKI Jakarta,KRISTEN,Cerai Mati,Wiraswasta,WNI,SEUMUR HIDUP
DKC002358,3671014502992358,Indah Susanto,Tangerang,1999-02-05,Perempuan,B,Jl. Panjaitan No. 110,012/009,Cipete,Sukmajaya,Tangerang,Banten,ISLAM,Menikah,Wiraswasta,WNI,SEUMUR HIDUP
DKC002359,3174011102842359,Bambang Nugroho,Jakarta Selatan,1984-02-11,Laki-Laki,AB,Jl. Santoso No. 134,001/006,Bintaro,Bekasi Timur,Jakarta Selatan,DKI Jakarta,ISLAM,Cerai Hidup,Wiraswasta,WNI,SEUMUR HIDUP
DKC002360,3671014108992360,Lina Halim,Tangerang,1999-08-01,Perempuan,O,Jl. Hutapea No. 43,008/009,Bintaro,Sukmajaya,Tangerang,Banten,ISLAM,Belum Menikah,Wiraswasta,WNI,SEUMUR HIDUP
DKC002361,3671015709652361,Rita Saputra,Tangerang,1965-09-17,Perempuan,AB,Jl. Wibowo No. 61,008/003,Sukajadi,Bekasi Timur,Tangerang,Banten,KRISTEN,Cerai Mati,Wiraswasta,WNI,SEUMUR HIDUP
DKC002362,3171015507732362,Desi Santoso,Jakarta Pusat,1973-07-15,Perempuan,AB,Jl. Kusuma No. 77,002/009,Sukamaju,Kramat Jati,Jakarta Pusat,DKI Jakarta,BUDDHA,Cerai Hidup,Wiraswasta,WNI,SEUMUR HIDUP
DKC002363,3671014501862363,Yanti Simanjuntak,Tangerang,1986-01-05,Perempuan,B,Jl. Panjaitan No. 117,010/004,Rawa Bunga,Bekasi Timur,Tangerang,Banten,BUDDHA,Cerai Hidup,Wiraswasta,WNI,SEUMUR HIDUP
DKC002364,3671014706762364,Rina Siregar,Tangerang,1976-06-07,Perempuan,O,Jl. Firmansyah No. 22,002/002,Bintaro,Serpong,Tangerang,Banten,KRISTEN,Cerai Mati,Wiraswasta,WNI,SEUMUR HIDUP
DKC002365,3671016908712365,Siti Hidayat,Tangerang,1971-08-29,Perempuan,AB,Jl. Wibowo No. 119,007/002,Sukajadi,Kramat Jati,Tangerang,Banten,KATOLIK,Cerai Hidup,Wiraswasta,WNI,SEUMUR HIDUP
DKC002366,3174011205892366,Yusuf Hidayat,Jakarta Selatan,1989-05-12,Laki-Laki,A,Jl. Halim No. 102,004/001,Cempaka Putih,Sukmajaya,Jakarta Selatan,DKI Jakarta,KRISTEN,Cerai Hidup,Wiraswasta,WNI,SEUMUR HIDUP
DKC002367,3171010911002367,Dimas Suryadi,Jakarta Pusat,2000-11-09,Laki-Laki,A,Jl. Wijaya No. 121,011/009,Kebon Baru,Tebet,Jakarta Pusat,DKI Jakarta,KRISTEN,Cerai Mati,Wiraswasta,WNI,SEUMUR HIDUP
DKC002368,3271010906892368,Anton Permana,Bogor,1989-06-09,Laki-Laki,AB,Jl. Setiawan No. 48,001/008,Cempaka Putih,Tebet,Bogor,Jawa Barat,ISLAM,Cerai Mati,Wiraswasta,WNI,SEUMUR HIDUP
DKC002369,3172013001862369,Arif Susanto,Jakarta Utara,1986-01-30,Laki-Laki,AB,Jl. Lubis No. 18,007/003,Bintaro,Sukmajaya,Jakarta Utara,DKI Jakarta,KONGHUCU,Cerai Mati,Wiraswasta,WNI,SEUMUR HIDUP
DKC002370,3275011701722370,Gunawan Wibowo,Bekasi,1972-01-17,Laki-Laki,AB,Jl. Halim No. 85,002/001,Sukamaju,Cengkareng,Bekasi,Jawa Barat,ISLAM,Menikah,Wiraswasta,WNI,SEUMUR HIDUP
DKC002371,3671010611962371,Iwan Susanto,Tangerang,1996-11-06,Laki-Laki,B,Jl. Setiawan No. 110,003/004,Sukamaju,Tebet,Tangerang,Banten,KRISTEN,Cerai Mati,Wiraswasta,WNI,SEUMUR HIDUP
DKC002372,3171011606792372,Hadi Setiawan,Jakarta Pusat,1979-06-16,Laki-Laki,A,Jl. Setiawan No. 136,004/001,Kebon Baru,Serpong,Jakarta Pusat,DKI Jakarta,KATOLIK,Belum Menikah,Wiraswasta,WNI,SEUMUR HIDUP
DKC002373,3276014610902373,Yuni Suryadi,Depok,1990-10-06,Perempuan,A,Jl. Permana No. 147,003/009,Sukamaju,Sukmajaya,Depok,Jawa Barat,ISLAM,Cerai Mati,Wiraswasta,WNI,SEUMUR HIDUP
DKC002374,3674015806922374,Fitri Saputra,Tangerang Selatan,1992-06-18,Perempuan,O,Jl. Rahman No. 121,012/005,Sukamaju,Kramat Jati,Tangerang Selatan,Jawa Barat,KRISTEN,Menikah,Wiraswasta,WNI,SEUMUR HIDUP
DKC002375,3275014611652375,Maya Firmansyah,Bekasi,1965-11-06,Perempuan,O,Jl. Saputra No. 112,007/005,Bintaro,Tebet,Bekasi,Jawa Barat,ISLAM,Cerai Hidup,Wiraswasta,WNI,SEUMUR HIDUP
DKC002376,3275016406692376,Retno Panjaitan,Bekasi,1969-06-24,Perempuan,AB,Jl. Panjaitan No. 25,008/007,Duren Sawit,Kramat Jati,Bekasi,Jawa Barat,BUDDHA,Cerai Mati,Wiraswasta,WNI,SEUMUR HIDUP
DKC002377,3671010804782377,Dimas Santoso,Tangerang,1978-04-08,Laki-Laki,A,Jl. Saputra No. 92,001/006,Sukamaju,Serpong,Tangerang,Banten,BUDDHA,Cerai Mati,Wiraswasta,WNI,SEUMUR HIDUP
DKC002378,3671016506702378,Ani Panjaitan,Tangerang,1970-06-25,Perempuan,AB,Jl. Pratama No. 85,006/003,Kebon Baru,Serpong,Tangerang,Banten,KRISTEN,Belum Menikah,Wiraswasta,WNI,SEUMUR HIDUP
DKC002379,3671011606852379,Eko Kusuma,Tangerang,1985-06-16,Laki-Laki,O,Jl. Tanjung No. 78,004/006,Duren Sawit,Serpong,Tangerang,Banten,ISLAM,Cerai Hidup,Wiraswasta,WNI,SEUMUR HIDUP
DKC002380,3276016309912380,Putri Pratama,Depok,1991-09-23,Perempuan,AB,Jl. Wijaya No. 28,002/002,Rawa Bunga,Kramat Jati,Depok,Jawa Barat,KATOLIK,Cerai Hidup,Wiraswasta,WNI,SEUMUR HIDUP
DKC002381,3674014208962381,Kartika Pratama,Tangerang Selatan,1996-08-02,Perempuan,B,Jl. Wibowo No. 11,004/002,Bintaro,Cengkareng,Tangerang Selatan,Jawa Barat,BUDDHA,Menikah,Wiraswasta,WNI,SEUMUR HIDUP
DKC002382,3275011309962382,Budi Firmansyah,Bekasi,1996-09-13,Laki-Laki,O,Jl. Saputra No. 140,007/002,Duren Sawit,Kramat Jati,Bekasi,Jawa Barat,KRISTEN,Belum Menikah,Wiraswasta,WNI,SEUMUR HIDUP
DKC002383,3671016208942383,Lina Gunawan,Tangerang,1994-08-22,Perempuan,AB,Jl. Simanjuntak No. 47,001/006,Rawa Bunga,Sukmajaya,Tangerang,Banten,HINDU,Cerai Mati,Wiraswasta,WNI,SEUMUR HIDUP
DKC002384,3671015910692384,Novi Handoko,Tangerang,1969-10-19,Perempuan,B,Jl. Suryadi No. 141,004/001,Duren Sawit,Cengkareng,Tangerang,Banten,HINDU,Cerai Mati,Wiraswasta,WNI,SEUMUR HIDUP
DKC002385,3275010812682385,Hadi Firmansyah,Bekasi,1968-12-08,Laki-Laki,O,Jl. Santoso No. 141,010/006,Bintaro,Tebet,Bekasi,Jawa Barat,ISLAM,Cerai Hidup,Wiraswasta,WNI,SEUMUR HIDUP
DKC002386,3171013112812386,Hendra Saputra,Jakarta Pusat,1981-12-31,Laki-Laki,O,Jl. Wijaya No. 2,009/004,Duren Sawit,Bekasi Timur,Jakarta Pusat,DKI Jakarta,HINDU,Menikah,Wiraswasta,WNI,SEUMUR HIDUP
DKC002387,3671012604652387,Sutrisno Kusuma,Tangerang,1965-04-26,Laki-Laki,O,Jl. Firmansyah No. 100,002/002,Kebon Baru,Serpong,Tangerang,Banten,BUDDHA,Cerai Mati,Wiraswasta,WNI,SEUMUR HIDUP
DKC002388,3671012103962388,Hadi Saputra,Tangerang,1996-03-21,Laki-Laki,O,Jl. Wijaya No. 57,004/009,Bintaro,Serpong,Tangerang,Banten,BUDDHA,Cerai Hidup,Wiraswasta,WNI,SEUMUR HIDUP
DKC002389,3671012912872389,Dimas Halim,Tangerang,1987-12-29,Laki-Laki,A,Jl. Rahman No. 67,004/010,Bintaro,Bekasi Timur,Tangerang,Banten,KONGHUCU,Belum Menikah,Wiraswasta,WNI,SEUMUR HIDUP
DKC002390,3174010402862390,Anton Siregar,Jakarta Selatan,1986-02-04,Laki-Laki,B,Jl. Handoko No. 73,010/010,Duren Sawit,Cengkareng,Jakarta Selatan,DKI Jakarta,KATOLIK,Cerai Mati,Wiraswasta,WNI,SEUMUR HIDUP
DKC002391,3275015702032391,Anggi Susanto,Bekasi,2003-02-17,Perempuan,A,Jl. Suryadi No. 104,010/003,Cipete,Kramat Jati,Bekasi,Jawa Barat,HINDU,Cerai Hidup,Wiraswasta,WNI,SEUMUR HIDUP
DKC002392,3674014104022392,Sari Nugroho,Tangerang Selatan,2002-04-01,Perempuan,AB,Jl. Siregar No. 28,012/007,Sukamaju,Serpong,Tangerang Selatan,Jawa Barat,KATOLIK,Belum Menikah,Wiraswasta,WNI,SEUMUR HIDUP
DKC002393,3671014206922393,Rita Tanjung,Tangerang,1992-06-02,Perempuan,AB,Jl. Tanjung No. 146,012/001,Bintaro,Sukmajaya,Tangerang,Banten,KONGHUCU,Cerai Mati,Wiraswasta,WNI,SEUMUR HIDUP
DKC002394,3276016102952394,Ayu Gunawan,Depok,1995-02-21,Perempuan,O,Jl. Gunawan No. 107,011/009,Sukajadi,Bekasi Timur,Depok,Jawa Barat,HINDU,Cerai Hidup,Wiraswasta,WNI,SEUMUR HIDUP
DKC002395,3173012309022395,Bambang Lubis,Jakarta Barat,2002-09-23,Laki-Laki,B,Jl. Wijaya No. 114,011/002,Bintaro,Bekasi Timur,Jakarta Barat,DKI Jakarta,HINDU,Menikah,Wiraswasta,WNI,SEUMUR HIDUP
DKC002396,3174012501872396,Eko Lubis,Jakarta Selatan,1987-01-25,Laki-Laki,B,Jl. Wibowo No. 150,003/003,Kebon Baru,Kramat Jati,Jakarta Selatan,DKI Jakarta,KONGHUCU,Cerai Hidup,Wiraswasta,WNI,SEUMUR HIDUP
DKC002397,3173014302912397,Siti Nugroho,Jakarta Barat,1991-02-03,Perempuan,AB,Jl. Setiawan No. 142,006/001,Cempaka Putih,Kramat Jati,Jakarta Barat,DKI Jakarta,ISLAM,Belum Menikah,Wiraswasta,WNI,SEUMUR HIDUP
DKC002398,3173014309752398,Ratna Hidayat,Jakarta Barat,1975-09-03,Perempuan,AB,Jl. Hutapea No. 85,002/005,Bintaro,Kramat Jati,Jakarta Barat,DKI Jakarta,KATOLIK,Menikah,Wiraswasta,WNI,SEUMUR HIDUP
DKC002399,3175011708862399,Dedi Setiawan,Jakarta Timur,1986-08-17,Laki-Laki,O,Jl. Kurniawan No. 75,007/010,Rawa Bunga,Tebet,Jakarta Timur,DKI Jakarta,BUDDHA,Belum Menikah,Wiraswasta,WNI,SEUMUR HIDUP
DKC002400,3674015811662400,Ratna Halim,Tangerang Selatan,1966-11-18,Perempuan,B,Jl. Wijaya No. 11,007/002,Bintaro,Cengkareng,Tangerang Selatan,Jawa Barat,ISLAM,Belum Menikah,Wiraswasta,WNI,SEUMUR HIDUP
DKC002401,3271014911002401,Lestari Firmansyah,Bogor,2000-11-09,Perempuan,O,Jl. Wibowo No. 29,003/002,Kebon Baru,Serpong,Bogor,Jawa Barat,BUDDHA,Menikah,Wiraswasta,WNI,SEUMUR HIDUP
DKC002402,3671012110022402,Ahmad Lubis,Tangerang,2002-10-21,Laki-Laki,O,Jl. Gunawan No. 8,008/007,Sukajadi,Kramat Jati,Tangerang,Banten,KRISTEN,Belum Menikah,Wiraswasta,WNI,SEUMUR HIDUP
DKC002403,3671011105812403,Gunawan Hutapea,Tangerang,1981-05-11,Laki-Laki,O,Jl. Susanto No. 73,007/009,Rawa Bunga,Kramat Jati,Tangerang,Banten,KONGHUCU,Menikah,Wiraswasta,WNI,SEUMUR HIDUP
DKC002404,3271015801912404,Maya Halim,Bogor,1991-01-18,Perempuan,AB,Jl. Wijaya No. 33,007/004,Rawa Bunga,Bekasi Timur,Bogor,Jawa Barat,ISLAM,Cerai Mati,Wiraswasta,WNI,SEUMUR HIDUP
DKC002405,3671014708002405,Wati Situmorang,Tangerang,2000-08-07,Perempuan,B,Jl. Nugroho No. 36,008/007,Kebon Baru,Sukmajaya,Tangerang,Banten,KONGHUCU,Menikah,Wiraswasta,WNI,SEUMUR HIDUP
DKC002406,3174016204882406,Yanti Permana,Jakarta Selatan,1988-04-22,Perempuan,B,Jl. Hutapea No. 63,007/010,Cipete,Serpong,Jakarta Selatan,DKI Jakarta,KONGHUCU,Belum Menikah,Wiraswasta,WNI,SEUMUR HIDUP
DKC002407,3171014410952407,Melati Siregar,Jakarta Pusat,1995-10-04,Perempuan,B,Jl. Setiawan No. 16,010/008,Rawa Bunga,Cengkareng,Jakarta Pusat,DKI Jakarta,KONGHUCU,Menikah,Wiraswasta,WNI,SEUMUR HIDUP
DKC002408,3671015305842408,Ani Suryadi,Tangerang,1984-05-13,Perempuan,O,Jl. Santoso No. 18,006/002,Cempaka Putih,Tebet,Tangerang,Banten,ISLAM,Belum Menikah,Wiraswasta,WNI,SEUMUR HIDUP
DKC002409,3671010407852409,Wahyu Susanto,Tangerang,1985-07-04,Laki-Laki,O,Jl. Simanjuntak No. 122,003/002,Cipete,Kramat Jati,Tangerang,Banten,KONGHUCU,Menikah,Wiraswasta,WNI,SEUMUR HIDUP
DKC002410,3671012105912410,Sutrisno Nugroho,Tangerang,1991-05-21,Laki-Laki,A,Jl. Panjaitan No. 41,010/007,Cempaka Putih,Tebet,Tangerang,Banten,ISLAM,Cerai Hidup,Wiraswasta,WNI,SEUMUR HIDUP
DKC002411,3171011010722411,Budi Handoko,Jakarta Pusat,1972-10-10,Laki-Laki,O,Jl. Wijaya No. 15,009/003,Cempaka Putih,Sukmajaya,Jakarta Pusat,DKI Jakarta,KRISTEN,Cerai Mati,Wiraswasta,WNI,SEUMUR HIDUP
DKC002412,3173015812992412,Desi Firmansyah,Jakarta Barat,1999-12-18,Perempuan,A,Jl. Gunawan No. 74,010/009,Rawa Bunga,Bekasi Timur,Jakarta Barat,DKI Jakarta,KONGHUCU,Cerai Mati,Wiraswasta,WNI,SEUMUR HIDUP
DKC002413,3174011512822413,Bayu Rahman,Jakarta Selatan,1982-12-15,Laki-Laki,B,Jl. Setiawan No. 41,012/009,Sukamaju,Tebet,Jakarta Selatan,DKI Jakarta,KRISTEN,Cerai Mati,Wiraswasta,WNI,SEUMUR HIDUP
DKC002414,3674012607962414,Bayu Susanto,Tangerang Selatan,1996-07-26,Laki-Laki,O,Jl. Halim No. 129,010/006,Cempaka Putih,Serpong,Tangerang Selatan,Jawa Barat,KATOLIK,Cerai Mati,Wiraswasta,WNI,SEUMUR HIDUP
DKC002415,3275014501942415,Siti Siregar,Bekasi,1994-01-05,Perempuan,O,Jl. Firmansyah No. 113,003/005,Rawa Bunga,Kramat Jati,Bekasi,Jawa Barat,KATOLIK,Cerai Mati,Wiraswasta,WNI,SEUMUR HIDUP
DKC002416,3271011901862416,Hadi Rahman,Bogor,1986-01-19,Laki-Laki,O,Jl. Rahman No. 138,005/001,Bintaro,Tebet,Bogor,Jawa Barat,KONGHUCU,Cerai Hidup,Wiraswasta,WNI,SEUMUR HIDUP
DKC002417,3674015410992417,Ratna Handoko,Tangerang Selatan,1999-10-14,Perempuan,A,Jl. Permana No. 23,003/010,Bintaro,Kramat Jati,Tangerang Selatan,Jawa Barat,BUDDHA,Cerai Hidup,Wiraswasta,WNI,SEUMUR HIDUP
DKC002418,3172011202712418,Slamet Kusuma,Jakarta Utara,1971-02-12,Laki-Laki,B,Jl. Wibowo No. 19,012/007,Duren Sawit,Tebet,Jakarta Utara,DKI Jakarta,HINDU,Menikah,Wiraswasta,WNI,SEUMUR HIDUP
DKC002419,3275011512932419,Eko Hidayat,Bekasi,1993-12-15,Laki-Laki,O,Jl. Wijaya No. 86,007/007,Sukamaju,Kramat Jati,Bekasi,Jawa Barat,ISLAM,Cerai Mati,Wiraswasta,WNI,SEUMUR HIDUP
DKC002420,3671015207932420,Lestari Handoko,Tangerang,1993-07-12,Perempuan,A,Jl. Setiawan No. 120,010/009,Kebon Baru,Tebet,Tangerang,Banten,KRISTEN,Cerai Hidup,Wiraswasta,WNI,SEUMUR HIDUP
DKC002421,3276012609812421,Arif Lubis,Depok,1981-09-26,Laki-Laki,AB,Jl. Kurniawan No. 103,001/002,Sukajadi,Sukmajaya,Depok,Jawa Barat,BUDDHA,Cerai Hidup,Wiraswasta,WNI,SEUMUR HIDUP
DKC002422,3174012102862422,Dimas Suryadi,Jakarta Selatan,1986-02-21,Laki-Laki,A,Jl. Hutapea No. 132,012/007,Bintaro,Tebet,Jakarta Selatan,DKI Jakarta,KATOLIK,Belum Menikah,Wiraswasta,WNI,SEUMUR HIDUP
DKC002423,3671010207972423,Ahmad Suryadi,Tangerang,1997-07-02,Laki-Laki,A,Jl. Handoko No. 74,001/005,Kebon Baru,Kramat Jati,Tangerang,Banten,HINDU,Cerai Hidup,Wiraswasta,WNI,SEUMUR HIDUP
DKC002424,3276016701942424,Nina Wibowo,Depok,1994-01-27,Perempuan,AB,Jl. Permana No. 22,011/001,Rawa Bunga,Tebet,Depok,Jawa Barat,ISLAM,Menikah,Wiraswasta,WNI,SEUMUR HIDUP
DKC002425,3275012707012425,Agus Lubis,Bekasi,2001-07-27,Laki-Laki,A,Jl. Handoko No. 143,012/006,Sukamaju,Serpong,Bekasi,Jawa Barat,KRISTEN,Menikah,Wiraswasta,WNI,SEUMUR HIDUP
DKC002426,3271015205902426,Dewi Setiawan,Bogor,1990-05-12,Perempuan,O,Jl. Pratama No. 59,012/010,Cempaka Putih,Tebet,Bogor,Jawa Barat,ISLAM,Menikah,Wiraswasta,WNI,SEUMUR HIDUP
DKC002427,3674012501772427,Iwan Handoko,Tangerang Selatan,1977-01-25,Laki-Laki,O,Jl. Lubis No. 86,011/004,Cipete,Cengkareng,Tangerang Selatan,Jawa Barat,BUDDHA,Cerai Mati,Wiraswasta,WNI,SEUMUR HIDUP
DKC002428,3175015610712428,Indah Situmorang,Jakarta Timur,1971-10-16,Perempuan,O,Jl. Lubis No. 67,011/003,Sukamaju,Cengkareng,Jakarta Timur,DKI Jakarta,ISLAM,Cerai Mati,Wiraswasta,WNI,SEUMUR HIDUP
DKC002429,3671015010842429,Ani Halim,Tangerang,1984-10-10,Perempuan,AB,Jl. Wijaya No. 94,002/004,Kebon Baru,Bekasi Timur,Tangerang,Banten,BUDDHA,Belum Menikah,Wiraswasta,WNI,SEUMUR HIDUP
DKC002430,3674014601822430,Retno Permana,Tangerang Selatan,1982-01-06,Perempuan,A,Jl. Panjaitan No. 97,001/009,Rawa Bunga,Cengkareng,Tangerang Selatan,Jawa Barat,HINDU,Menikah,Wiraswasta,WNI,SEUMUR HIDUP
DKC002431,3671015911002431,Lestari Simanjuntak,Tangerang,2000-11-19,Perempuan,AB,Jl. Kusuma No. 77,010/007,Sukajadi,Cengkareng,Tangerang,Banten,KATOLIK,Menikah,Wiraswasta,WNI,SEUMUR HIDUP
DKC002432,3671010109722432,Yusuf Gunawan,Tangerang,1972-09-01,Laki-Laki,AB,Jl. Panjaitan No. 12,011/006,Bintaro,Cengkareng,Tangerang,Banten,KATOLIK,Cerai Hidup,Wiraswasta,WNI,SEUMUR HIDUP
DKC002433,3671011905742433,Taufik Simanjuntak,Tangerang,1974-05-19,Laki-Laki,B,Jl. Firmansyah No. 96,004/006,Cempaka Putih,Bekasi Timur,Tangerang,Banten,KONGHUCU,Menikah,Wiraswasta,WNI,SEUMUR HIDUP
DKC002434,3174011406962434,Bayu Saputra,Jakarta Selatan,1996-06-14,Laki-Laki,AB,Jl. Hutapea No. 19,009/005,Cipete,Serpong,Jakarta Selatan,DKI Jakarta,HINDU,Cerai Hidup,Wiraswasta,WNI,SEUMUR HIDUP
DKC002435,3171010501812435,Fauzi Pratama,Jakarta Pusat,1981-01-05,Laki-Laki,O,Jl. Saputra No. 129,011/004,Sukamaju,Serpong,Jakarta Pusat,DKI Jakarta,HINDU,Belum Menikah,Wiraswasta,WNI,SEUMUR HIDUP
DKC002436,3174014401722436,Lina Rahman,Jakarta Selatan,1972-01-04,Perempuan,B,Jl. Lubis No. 108,005/003,Rawa Bunga,Sukmajaya,Jakarta Selatan,DKI Jakarta,HINDU,Belum Menikah,Wiraswasta,WNI,SEUMUR HIDUP
DKC002437,3276012611012437,Eko Gunawan,Depok,2001-11-26,Laki-Laki,O,Jl. Rahman No. 27,012/010,Cempaka Putih,Tebet,Depok,Jawa Barat,KATOLIK,Cerai Mati,Wiraswasta,WNI,SEUMUR HIDUP
DKC002438,3671015701852438,Nina Panjaitan,Tangerang,1985-01-17,Perempuan,AB,Jl. Wibowo No. 2,005/003,Kebon Baru,Bekasi Timur,Tangerang,Banten,ISLAM,Cerai Mati,Wiraswasta,WNI,SEUMUR HIDUP
DKC002439,3174014610762439,Yanti Handoko,Jakarta Selatan,1976-10-06,Perempuan,O,Jl. Kurniawan No. 118,003/008,Rawa Bunga,Sukmajaya,Jakarta Selatan,DKI Jakarta,ISLAM,Cerai Hidup,Wiraswasta,WNI,SEUMUR HIDUP
DKC002440,3671014501842440,Retno Setiawan,Tangerang,1984-01-05,Perempuan,O,Jl. Permana No. 129,009/010,Bintaro,Sukmajaya,Tangerang,Banten,BUDDHA,Cerai Mati,Wiraswasta,WNI,SEUMUR HIDUP
DKC002441,3271014101882441,Ratna Susanto,Bogor,1988-01-01,Perempuan,AB,Jl. Suryadi No. 76,002/004,Duren Sawit,Tebet,Bogor,Jawa Barat,ISLAM,Belum Menikah,Wiraswasta,WNI,SEUMUR HIDUP
DKC002442,3671010401922442,Joko Santoso,Tangerang,1992-01-04,Laki-Laki,O,Jl. Pratama No. 117,006/002,Kebon Baru,Cengkareng,Tangerang,Banten,HINDU,Belum Menikah,Wiraswasta,WNI,SEUMUR HIDUP
DKC002443,3271010105002443,Rizky Setiawan,Bogor,2000-05-01,Laki-Laki,AB,Jl. Handoko No. 63,007/006,Cipete,Tebet,Bogor,Jawa Barat,ISLAM,Cerai Hidup,Wiraswasta,WNI,SEUMUR HIDUP
DKC002444,3171015506962444,Dian Wibowo,Jakarta Pusat,1996-06-15,Perempuan,B,Jl. Wijaya No. 120,001/007,Rawa Bunga,Sukmajaya,Jakarta Pusat,DKI Jakarta,KATOLIK,Menikah,Wiraswasta,WNI,SEUMUR HIDUP
DKC002445,3275016211702445,Fitri Saputra,Bekasi,1970-11-22,Perempuan,B,Jl. Suryadi No. 77,004/004,Sukamaju,Kramat Jati,Bekasi,Jawa Barat,HINDU,Belum Menikah,Wiraswasta,WNI,SEUMUR HIDUP
DKC002446,3276014210772446,Rina Rahman,Depok,1977-10-02,Perempuan,AB,Jl. Suryadi No. 91,007/004,Sukajadi,Tebet,Depok,Jawa Barat,KRISTEN,Menikah,Wiraswasta,WNI,SEUMUR HIDUP
DKC002447,3173010506892447,Arif Hutapea,Jakarta Barat,1989-06-05,Laki-Laki,B,Jl. Rahman No. 125,009/001,Cipete,Bekasi Timur,Jakarta Barat,DKI Jakarta,ISLAM,Cerai Hidup,Wiraswasta,WNI,SEUMUR HIDUP
DKC002448,3671015501882448,Maya Simanjuntak,Tangerang,1988-01-15,Perempuan,O,Jl. Wibowo No. 60,006/007,Rawa Bunga,Serpong,Tangerang,Banten,KATOLIK,Menikah,Wiraswasta,WNI,SEUMUR HIDUP
DKC002449,3671011003802449,Hendra Tanjung,Tangerang,1980-03-10,Laki-Laki,B,Jl. Kurniawan No. 44,011/009,Cipete,Bekasi Timur,Tangerang,Banten,BUDDHA,Menikah,Wiraswasta,WNI,SEUMUR HIDUP
DKC002450,3674014906912450,Kartika Simanjuntak,Tangerang Selatan,1991-06-09,Perempuan,AB,Jl. Pratama No. 138,009/003,Duren Sawit,Bekasi Timur,Tangerang Selatan,Jawa Barat,ISLAM,Cerai Hidup,Wiraswasta,WNI,SEUMUR HIDUP
DKC002451,3171010209022451,Agus Nugroho,Jakarta Pusat,2002-09-02,Laki-Laki,B,Jl. Simanjuntak No. 139,009/008,Sukajadi,Serpong,Jakarta Pusat,DKI Jakarta,KRISTEN,Belum Menikah,Wiraswasta,WNI,SEUMUR HIDUP
DKC002452,3173011302822452,Krisna Santoso,Jakarta Barat,1982-02-13,Laki-Laki,O,Jl. Susanto No. 33,008/008,Cipete,Kramat Jati,Jakarta Barat,DKI Jakarta,HINDU,Cerai Hidup,Wiraswasta,WNI,SEUMUR HIDUP
DKC002453,3671012102982453,Ahmad Setiawan,Tangerang,1998-02-21,Laki-Laki,O,Jl. Santoso No. 63,003/001,Bintaro,Bekasi Timur,Tangerang,Banten,BUDDHA,Belum Menikah,Wiraswasta,WNI,SEUMUR HIDUP
DKC002454,3671017103832454,Novi Kurniawan,Tangerang,1983-03-31,Perempuan,B,Jl. Lubis No. 138,004/004,Duren Sawit,Serpong,Tangerang,Banten,KONGHUCU,Cerai Hidup,Wiraswasta,WNI,SEUMUR HIDUP
DKC002455,3674015310722455,Wati Nugroho,Tangerang Selatan,1972-10-13,Perempuan,B,Jl. Tanjung No. 34,008/008,Sukamaju,Tebet,Tangerang Selatan,Jawa Barat,KATOLIK,Cerai Hidup,Wiraswasta,WNI,SEUMUR HIDUP
DKC002456,3674011810742456,Eko Kusuma,Tangerang Selatan,1974-10-18,Laki-Laki,A,Jl. Setiawan No. 119,004/003,Cempaka Putih,Sukmajaya,Tangerang Selatan,Jawa Barat,KATOLIK,Cerai Mati,Wiraswasta,WNI,SEUMUR HIDUP
DKC002457,3175011611662457,Bambang Hutapea,Jakarta Timur,1966-11-16,Laki-Laki,B,Jl. Gunawan No. 88,006/005,Cipete,Sukmajaya,Jakarta Timur,DKI Jakarta,BUDDHA,Belum Menikah,Wiraswasta,WNI,SEUMUR HIDUP
DKC002458,3671016502782458,Melati Suryadi,Tangerang,1978-02-25,Perempuan,A,Jl. Saputra No. 107,008/009,Sukajadi,Cengkareng,Tangerang,Banten,BUDDHA,Cerai Mati,Wiraswasta,WNI,SEUMUR HIDUP
DKC002459,3276014109882459,Putri Tanjung,Depok,1988-09-01,Perempuan,O,Jl. Gunawan No. 98,010/001,Duren Sawit,Cengkareng,Depok,Jawa Barat,BUDDHA,Cerai Hidup,Wiraswasta,WNI,SEUMUR HIDUP
DKC002460,3171016905732460,Wati Panjaitan,Jakarta Pusat,1973-05-29,Perempuan,B,Jl. Simanjuntak No. 19,012/003,Duren Sawit,Sukmajaya,Jakarta Pusat,DKI Jakarta,BUDDHA,Cerai Hidup,Wiraswasta,WNI,SEUMUR HIDUP
DKC002461,3671016104662461,Dian Suryadi,Tangerang,1966-04-21,Perempuan,A,Jl. Lubis No. 109,003/004,Duren Sawit,Cengkareng,Tangerang,Banten,BUDDHA,Cerai Hidup,Wiraswasta,WNI,SEUMUR HIDUP
DKC002462,3173010507832462,Joko Firmansyah,Jakarta Barat,1983-07-05,Laki-Laki,A,Jl. Tanjung No. 143,010/006,Kebon Baru,Tebet,Jakarta Barat,DKI Jakarta,ISLAM,Belum Menikah,Wiraswasta,WNI,SEUMUR HIDUP
DKC002463,3671011502962463,Fajar Nugroho,Tangerang,1996-02-15,Laki-Laki,A,Jl. Nugroho No. 130,008/002,Cipete,Kramat Jati,Tangerang,Banten,BUDDHA,Belum Menikah,Wiraswasta,WNI,SEUMUR HIDUP
DKC002464,3671011805792464,Rudi Permana,Tangerang,1979-05-18,Laki-Laki,A,Jl. Wijaya No. 139,011/001,Sukajadi,Cengkareng,Tangerang,Banten,KRISTEN,Belum Menikah,Wiraswasta,WNI,SEUMUR HIDUP
DKC002465,3674016507852465,Indah Hidayat,Tangerang Selatan,1985-07-25,Perempuan,A,Jl. Setiawan No. 116,008/003,Bintaro,Tebet,Tangerang Selatan,Jawa Barat,KATOLIK,Cerai Mati,Wiraswasta,WNI,SEUMUR HIDUP
DKC002466,3671014310852466,Nina Permana,Tangerang,1985-10-03,Perempuan,AB,Jl. Halim No. 127,006/010,Rawa Bunga,Sukmajaya,Tangerang,Banten,BUDDHA,Cerai Hidup,Wiraswasta,WNI,SEUMUR HIDUP
DKC002467,3276015711952467,Siti Gunawan,Depok,1995-11-17,Perempuan,O,Jl. Setiawan No. 145,012/002,Bintaro,Tebet,Depok,Jawa Barat,KATOLIK,Cerai Hidup,Wiraswasta,WNI,SEUMUR HIDUP
DKC002468,3671014101932468,Melati Kurniawan,Tangerang,1993-01-01,Perempuan,AB,Jl. Pratama No. 81,003/006,Cempaka Putih,Tebet,Tangerang,Banten,HINDU,Belum Menikah,Wiraswasta,WNI,SEUMUR HIDUP
DKC002469,3275010501682469,Slamet Tanjung,Bekasi,1968-01-05,Laki-Laki,B,Jl. Kurniawan No. 77,006/008,Duren Sawit,Serpong,Bekasi,Jawa Barat,KATOLIK,Cerai Hidup,Wiraswasta,WNI,SEUMUR HIDUP
DKC002470,3171013103862470,Agus Hidayat,Jakarta Pusat,1986-03-31,Laki-Laki,O,Jl. Situmorang No. 68,008/004,Sukamaju,Sukmajaya,Jakarta Pusat,DKI Jakarta,KONGHUCU,Belum Menikah,Wiraswasta,WNI,SEUMUR HIDUP
DKC002471,3671016508952471,Dewi Hidayat,Tangerang,1995-08-25,Perempuan,B,Jl. Pratama No. 24,003/005,Duren Sawit,Tebet,Tangerang,Banten,KONGHUCU,Belum Menikah,Wiraswasta,WNI,SEUMUR HIDUP
DKC002472,3175012111932472,Doni Permana,Jakarta Timur,1993-11-21,Laki-Laki,A,Jl. Siregar No. 65,002/003,Sukajadi,Sukmajaya,Jakarta Timur,DKI Jakarta,ISLAM,Cerai Hidup,Wiraswasta,WNI,SEUMUR HIDUP
DKC002473,3671012502912473,Rudi Handoko,Tangerang,1991-02-25,Laki-Laki,A,Jl. Hutapea No. 7,005/008,Duren Sawit,Tebet,Tangerang,Banten,KRISTEN,Belum Menikah,Wiraswasta,WNI,SEUMUR HIDUP
DKC002474,3275011511682474,Eko Susanto,Bekasi,1968-11-15,Laki-Laki,A,Jl. Saputra No. 53,005/004,Duren Sawit,Sukmajaya,Bekasi,Jawa Barat,KONGHUCU,Cerai Hidup,Wiraswasta,WNI,SEUMUR HIDUP
DKC002475,3172017105992475,Rina Hidayat,Jakarta Utara,1999-05-31,Perempuan,O,Jl. Hutapea No. 46,008/007,Cipete,Tebet,Jakarta Utara,DKI Jakarta,KRISTEN,Cerai Mati,Wiraswasta,WNI,SEUMUR HIDUP
DKC002476,3174010610712476,Bambang Setiawan,Jakarta Selatan,1971-10-06,Laki-Laki,A,Jl. Situmorang No. 43,010/002,Kebon Baru,Sukmajaya,Jakarta Selatan,DKI Jakarta,ISLAM,Belum Menikah,Wiraswasta,WNI,SEUMUR HIDUP
DKC002477,3671012102902477,Andi Susanto,Tangerang,1990-02-21,Laki-Laki,A,Jl. Pratama No. 135,010/001,Sukajadi,Sukmajaya,Tangerang,Banten,HINDU,Cerai Mati,Wiraswasta,WNI,SEUMUR HIDUP
DKC002478,3171014204702478,Retno Halim,Jakarta Pusat,1970-04-02,Perempuan,A,Jl. Lubis No. 148,010/001,Cempaka Putih,Tebet,Jakarta Pusat,DKI Jakarta,KONGHUCU,Belum Menikah,Wiraswasta,WNI,SEUMUR HIDUP
DKC002479,3671012203692479,Eko Wibowo,Tangerang,1969-03-22,Laki-Laki,O,Jl. Setiawan No. 60,007/007,Bintaro,Tebet,Tangerang,Banten,KATOLIK,Menikah,Wiraswasta,WNI,SEUMUR HIDUP
DKC002480,3671016712952480,Rina Santoso,Tangerang,1995-12-27,Perempuan,A,Jl. Simanjuntak No. 30,009/008,Duren Sawit,Tebet,Tangerang,Banten,KATOLIK,Menikah,Wiraswasta,WNI,SEUMUR HIDUP
DKC002481,3171011101662481,Fajar Panjaitan,Jakarta Pusat,1966-01-11,Laki-Laki,B,Jl. Firmansyah No. 68,010/006,Cipete,Tebet,Jakarta Pusat,DKI Jakarta,HINDU,Menikah,Wiraswasta,WNI,SEUMUR HIDUP
DKC002482,3674016206802482,Melati Kusuma,Tangerang Selatan,1980-06-22,Perempuan,A,Jl. Hutapea No. 127,008/006,Cempaka Putih,Cengkareng,Tangerang Selatan,Jawa Barat,KONGHUCU,Cerai Mati,Wiraswasta,WNI,SEUMUR HIDUP
DKC002483,3276011204702483,Fajar Kurniawan,Depok,1970-04-12,Laki-Laki,O,Jl. Santoso No. 51,011/008,Sukajadi,Tebet,Depok,Jawa Barat,KONGHUCU,Menikah,Wiraswasta,WNI,SEUMUR HIDUP
DKC002484,3275014706732484,Tri Hutapea,Bekasi,1973-06-07,Perempuan,O,Jl. Situmorang No. 53,001/007,Cipete,Bekasi Timur,Bekasi,Jawa Barat,ISLAM,Menikah,Wiraswasta,WNI,SEUMUR HIDUP
DKC002485,3674015610912485,Nina Simanjuntak,Tangerang Selatan,1991-10-16,Perempuan,O,Jl. Wibowo No. 63,012/003,Kebon Baru,Kramat Jati,Tangerang Selatan,Jawa Barat,KONGHUCU,Cerai Mati,Wiraswasta,WNI,SEUMUR HIDUP
DKC002486,3175011606882486,Budi Handoko,Jakarta Timur,1988-06-16,Laki-Laki,A,Jl. Santoso No. 149,008/002,Duren Sawit,Serpong,Jakarta Timur,DKI Jakarta,ISLAM,Cerai Mati,Wiraswasta,WNI,SEUMUR HIDUP
DKC002487,3175010109742487,Fajar Pratama,Jakarta Timur,1974-09-01,Laki-Laki,A,Jl. Situmorang No. 104,006/009,Bintaro,Cengkareng,Jakarta Timur,DKI Jakarta,KATOLIK,Belum Menikah,Wiraswasta,WNI,SEUMUR HIDUP
DKC002488,3275011809022488,Fajar Suryadi,Bekasi,2002-09-18,Laki-Laki,O,Jl. Pratama No. 37,009/006,Cempaka Putih,Serpong,Bekasi,Jawa Barat,KATOLIK,Cerai Hidup,Wiraswasta,WNI,SEUMUR HIDUP
DKC002489,3171016710922489,Maya Gunawan,Jakarta Pusat,1992-10-27,Perempuan,A,Jl. Siregar No. 108,001/004,Duren Sawit,Sukmajaya,Jakarta Pusat,DKI Jakarta,KRISTEN,Belum Menikah,Wiraswasta,WNI,SEUMUR HIDUP
DKC002490,3671016907892490,Wati Rahman,Tangerang,1989-07-29,Perempuan,O,Jl. Hidayat No. 102,010/004,Cempaka Putih,Kramat Jati,Tangerang,Banten,BUDDHA,Menikah,Wiraswasta,WNI,SEUMUR HIDUP
DKC002491,3173011506762491,Wahyu Hutapea,Jakarta Barat,1976-06-15,Laki-Laki,O,Jl. Halim No. 133,005/007,Cipete,Cengkareng,Jakarta Barat,DKI Jakarta,BUDDHA,Cerai Mati,Wiraswasta,WNI,SEUMUR HIDUP
DKC002492,3173015105752492,Lina Firmansyah,Jakarta Barat,1975-05-11,Perempuan,O,Jl. Situmorang No. 23,003/001,Cipete,Kramat Jati,Jakarta Barat,DKI Jakarta,ISLAM,Cerai Mati,Wiraswasta,WNI,SEUMUR HIDUP
DKC002493,3671016707862493,Maya Pratama,Tangerang,1986-07-27,Perempuan,O,Jl. Wijaya No. 32,005/006,Duren Sawit,Tebet,Tangerang,Banten,BUDDHA,Menikah,Wiraswasta,WNI,SEUMUR HIDUP
DKC002494,3271010711002494,Rian Situmorang,Bogor,2000-11-07,Laki-Laki,A,Jl. Halim No. 113,003/009,Sukajadi,Serpong,Bogor,Jawa Barat,KATOLIK,Belum Menikah,Wiraswasta,WNI,SEUMUR HIDUP
DKC002495,3173014703892495,Melati Kurniawan,Jakarta Barat,1989-03-07,Perempuan,O,Jl. Saputra No. 27,005/007,Sukamaju,Kramat Jati,Jakarta Barat,DKI Jakarta,HINDU,Menikah,Wiraswasta,WNI,SEUMUR HIDUP
DKC002496,3173013007982496,Dimas Simanjuntak,Jakarta Barat,1998-07-30,Laki-Laki,A,Jl. Gunawan No. 88,006/005,Cipete,Cengkareng,Jakarta Barat,DKI Jakarta,KATOLIK,Belum Menikah,Wiraswasta,WNI,SEUMUR HIDUP
DKC002497,3271014502032497,Ayu Nugroho,Bogor,2003-02-05,Perempuan,B,Jl. Handoko No. 116,002/005,Sukamaju,Kramat Jati,Bogor,Jawa Barat,KATOLIK,Cerai Hidup,Wiraswasta,WNI,SEUMUR HIDUP
DKC002498,3671014604952498,Indah Gunawan,Tangerang,1995-04-06,Perempuan,O,Jl. Permana No. 8,001/004,Sukamaju,Tebet,Tangerang,Banten,ISLAM,Cerai Mati,Wiraswasta,WNI,SEUMUR HIDUP
DKC002499,3171011206882499,Dedi Handoko,Jakarta Pusat,1988-06-12,Laki-Laki,O,Jl. Siregar No. 121,005/003,Sukajadi,Serpong,Jakarta Pusat,DKI Jakarta,KONGHUCU,Cerai Mati,Wiraswasta,WNI,SEUMUR HIDUP
DKC002500,3172012906812500,Slamet Kusuma,Jakarta Utara,1981-06-29,Laki-Laki,A,Jl. Siregar No. 84,011/008,Sukamaju,Sukmajaya,Jakarta Utara,DKI Jakarta,KRISTEN,Cerai Hidup,Wiraswasta,WNI,SEUMUR HIDUP
DKC002501,3671012603832501,Doni Hutapea,Tangerang,1983-03-26,Laki-Laki,AB,Jl. Wijaya No. 140,002/002,Kebon Baru,Bekasi Timur,Tangerang,Banten,KONGHUCU,Cerai Hidup,Wiraswasta,WNI,SEUMUR HIDUP
DKC002502,3671011803902502,Fajar Firmansyah,Tangerang,1990-03-18,Laki-Laki,AB,Jl. Hidayat No. 122,008/001,Sukamaju,Serpong,Tangerang,Banten,HINDU,Belum Menikah,Wiraswasta,WNI,SEUMUR HIDUP
DKC002503,3271014311962503,Suryani Siregar,Bogor,1996-11-03,Perempuan,A,Jl. Susanto No. 47,010/006,Duren Sawit,Cengkareng,Bogor,Jawa Barat,BUDDHA,Cerai Mati,Wiraswasta,WNI,SEUMUR HIDUP
DKC002504,3276016106022504,Rita Gunawan,Depok,2002-06-21,Perempuan,A,Jl. Panjaitan No. 122,012/006,Cipete,Kramat Jati,Depok,Jawa Barat,HINDU,Cerai Hidup,Wiraswasta,WNI,SEUMUR HIDUP
DKC002505,3174011208832505,Dimas Santoso,Jakarta Selatan,1983-08-12,Laki-Laki,A,Jl. Tanjung No. 115,004/005,Duren Sawit,Bekasi Timur,Jakarta Selatan,DKI Jakarta,BUDDHA,Cerai Hidup,Wiraswasta,WNI,SEUMUR HIDUP
DKC002506,3175017003952506,Rita Pratama,Jakarta Timur,1995-03-30,Perempuan,A,Jl. Permana No. 55,009/004,Cempaka Putih,Bekasi Timur,Jakarta Timur,DKI Jakarta,KATOLIK,Cerai Mati,Wiraswasta,WNI,SEUMUR HIDUP
DKC002507,3174012201692507,Sutrisno Lubis,Jakarta Selatan,1969-01-22,Laki-Laki,O,Jl. Santoso No. 120,009/002,Cempaka Putih,Serpong,Jakarta Selatan,DKI Jakarta,KONGHUCU,Cerai Hidup,Wiraswasta,WNI,SEUMUR HIDUP
DKC002508,3171014211662508,Novi Wibowo,Jakarta Pusat,1966-11-02,Perempuan,AB,Jl. Situmorang No. 145,005/009,Duren Sawit,Tebet,Jakarta Pusat,DKI Jakarta,KONGHUCU,Cerai Hidup,Wiraswasta,WNI,SEUMUR HIDUP
DKC002509,3671012201792509,Gunawan Hutapea,Tangerang,1979-01-22,Laki-Laki,AB,Jl. Situmorang No. 39,009/004,Kebon Baru,Bekasi Timur,Tangerang,Banten,KRISTEN,Cerai Mati,Wiraswasta,WNI,SEUMUR HIDUP
DKC002510,3671016709902510,Anggi Wibowo,Tangerang,1990-09-27,Perempuan,A,Jl. Lubis No. 54,001/003,Cipete,Cengkareng,Tangerang,Banten,HINDU,Cerai Hidup,Wiraswasta,WNI,SEUMUR HIDUP
DKC002511,3174016904802511,Lina Handoko,Jakarta Selatan,1980-04-29,Perempuan,B,Jl. Panjaitan No. 17,009/008,Sukamaju,Serpong,Jakarta Selatan,DKI Jakarta,BUDDHA,Cerai Hidup,Wiraswasta,WNI,SEUMUR HIDUP
DKC002512,3173012308972512,Krisna Panjaitan,Jakarta Barat,1997-08-23,Laki-Laki,A,Jl. Saputra No. 107,002/002,Duren Sawit,Bekasi Timur,Jakarta Barat,DKI Jakarta,KATOLIK,Cerai Hidup,Wiraswasta,WNI,SEUMUR HIDUP
DKC002513,3174015802912513,Lina Tanjung,Jakarta Selatan,1991-02-18,Perempuan,B,Jl. Wijaya No. 148,008/006,Duren Sawit,Kramat Jati,Jakarta Selatan,DKI Jakarta,KONGHUCU,Cerai Hidup,Wiraswasta,WNI,SEUMUR HIDUP
DKC002514,3671015311962514,Yuni Panjaitan,Tangerang,1996-11-13,Perempuan,B,Jl. Nugroho No. 128,012/008,Duren Sawit,Sukmajaya,Tangerang,Banten,KONGHUCU,Cerai Mati,Wiraswasta,WNI,SEUMUR HIDUP
DKC002515,3275015705932515,Siti Wijaya,Bekasi,1993-05-17,Perempuan,B,Jl. Gunawan No. 63,003/006,Sukajadi,Kramat Jati,Bekasi,Jawa Barat,ISLAM,Menikah,Wiraswasta,WNI,SEUMUR HIDUP
DKC002516,3674012508902516,Doni Pratama,Tangerang Selatan,1990-08-25,Laki-Laki,A,Jl. Simanjuntak No. 105,011/007,Cipete,Serpong,Tangerang Selatan,Jawa Barat,ISLAM,Belum Menikah,Wiraswasta,WNI,SEUMUR HIDUP
DKC002517,3172016408742517,Maya Panjaitan,Jakarta Utara,1974-08-24,Perempuan,AB,Jl. Suryadi No. 17,007/005,Cipete,Serpong,Jakarta Utara,DKI Jakarta,BUDDHA,Belum Menikah,Wiraswasta,WNI,SEUMUR HIDUP
DKC002518,3174012306732518,Doni Hutapea,Jakarta Selatan,1973-06-23,Laki-Laki,O,Jl. Santoso No. 6,008/001,Kebon Baru,Bekasi Timur,Jakarta Selatan,DKI Jakarta,BUDDHA,Menikah,Wiraswasta,WNI,SEUMUR HIDUP
DKC002519,3671015609982519,Suryani Hutapea,Tangerang,1998-09-16,Perempuan,B,Jl. Pratama No. 10,008/001,Kebon Baru,Cengkareng,Tangerang,Banten,BUDDHA,Cerai Hidup,Wiraswasta,WNI,SEUMUR HIDUP
DKC002520,3671012201872520,Sutrisno Hutapea,Tangerang,1987-01-22,Laki-Laki,AB,Jl. Rahman No. 113,007/003,Cipete,Cengkareng,Tangerang,Banten,ISLAM,Cerai Mati,Wiraswasta,WNI,SEUMUR HIDUP
DKC002521,3674015703792521,Yanti Firmansyah,Tangerang Selatan,1979-03-17,Perempuan,O,Jl. Setiawan No. 110,008/007,Rawa Bunga,Serpong,Tangerang Selatan,Jawa Barat,KATOLIK,Menikah,Wiraswasta,WNI,SEUMUR HIDUP
DKC002522,3271011105872522,Dimas Saputra,Bogor,1987-05-11,Laki-Laki,O,Jl. Siregar No. 90,001/001,Kebon Baru,Cengkareng,Bogor,Jawa Barat,KATOLIK,Belum Menikah,Wiraswasta,WNI,SEUMUR HIDUP
DKC002523,3276012610822523,Agus Pratama,Depok,1982-10-26,Laki-Laki,B,Jl. Wijaya No. 56,003/007,Duren Sawit,Cengkareng,Depok,Jawa Barat,KRISTEN,Cerai Hidup,Wiraswasta,WNI,SEUMUR HIDUP
DKC002524,3172014802972524,Fitri Nugroho,Jakarta Utara,1997-02-08,Perempuan,A,Jl. Suryadi No. 67,001/007,Kebon Baru,Cengkareng,Jakarta Utara,DKI Jakarta,ISLAM,Cerai Mati,Wiraswasta,WNI,SEUMUR HIDUP
DKC002525,3175015011852525,Wulan Tanjung,Jakarta Timur,1985-11-10,Perempuan,O,Jl. Panjaitan No. 123,006/002,Cempaka Putih,Cengkareng,Jakarta Timur,DKI Jakarta,KONGHUCU,Belum Menikah,Wiraswasta,WNI,SEUMUR HIDUP
DKC002526,3671015110672526,Tri Tanjung,Tangerang,1967-10-11,Perempuan,AB,Jl. Hidayat No. 103,012/007,Kebon Baru,Kramat Jati,Tangerang,Banten,KRISTEN,Cerai Mati,Wiraswasta,WNI,SEUMUR HIDUP
DKC002527,3276015509712527,Fitri Hidayat,Depok,1971-09-15,Perempuan,AB,Jl. Hutapea No. 103,003/009,Kebon Baru,Bekasi Timur,Depok,Jawa Barat,KRISTEN,Belum Menikah,Wiraswasta,WNI,SEUMUR HIDUP
DKC002528,3175014709982528,Yanti Pratama,Jakarta Timur,1998-09-07,Perempuan,B,Jl. Saputra No. 10,004/004,Bintaro,Serpong,Jakarta Timur,DKI Jakarta,KONGHUCU,Menikah,Wiraswasta,WNI,SEUMUR HIDUP
DKC002529,3671012505712529,Arif Hutapea,Tangerang,1971-05-25,Laki-Laki,B,Jl. Firmansyah No. 9,004/008,Sukamaju,Cengkareng,Tangerang,Banten,KRISTEN,Belum Menikah,Wiraswasta,WNI,SEUMUR HIDUP
DKC002530,3174011205932530,Bayu Situmorang,Jakarta Selatan,1993-05-12,Laki-Laki,B,Jl. Rahman No. 72,006/007,Sukajadi,Kramat Jati,Jakarta Selatan,DKI Jakarta,KATOLIK,Cerai Mati,Wiraswasta,WNI,SEUMUR HIDUP
DKC002531,3173011407692531,Wahyu Suryadi,Jakarta Barat,1969-07-14,Laki-Laki,AB,Jl. Situmorang No. 30,008/007,Cipete,Sukmajaya,Jakarta Barat,DKI Jakarta,ISLAM,Cerai Mati,Wiraswasta,WNI,SEUMUR HIDUP
DKC002532,3271016707782532,Maya Hutapea,Bogor,1978-07-27,Perempuan,B,Jl. Saputra No. 95,008/009,Kebon Baru,Bekasi Timur,Bogor,Jawa Barat,BUDDHA,Belum Menikah,Wiraswasta,WNI,SEUMUR HIDUP
DKC002533,3276017012962533,Lestari Santoso,Depok,1996-12-30,Perempuan,B,Jl. Tanjung No. 116,004/010,Cipete,Sukmajaya,Depok,Jawa Barat,BUDDHA,Cerai Hidup,Wiraswasta,WNI,SEUMUR HIDUP
DKC002534,3172011212892534,Wahyu Panjaitan,Jakarta Utara,1989-12-12,Laki-Laki,B,Jl. Tanjung No. 147,001/004,Bintaro,Sukmajaya,Jakarta Utara,DKI Jakarta,BUDDHA,Cerai Mati,Wiraswasta,WNI,SEUMUR HIDUP
DKC002535,3175011001662535,Sutrisno Hidayat,Jakarta Timur,1966-01-10,Laki-Laki,B,Jl. Pratama No. 25,010/009,Rawa Bunga,Sukmajaya,Jakarta Timur,DKI Jakarta,KONGHUCU,Cerai Mati,Wiraswasta,WNI,SEUMUR HIDUP
DKC002536,3174016509702536,Retno Halim,Jakarta Selatan,1970-09-25,Perempuan,AB,Jl. Santoso No. 102,007/007,Cipete,Serpong,Jakarta Selatan,DKI Jakarta,KONGHUCU,Menikah,Wiraswasta,WNI,SEUMUR HIDUP
DKC002537,3175014403872537,Sari Suryadi,Jakarta Timur,1987-03-04,Perempuan,O,Jl. Handoko No. 24,005/010,Cipete,Kramat Jati,Jakarta Timur,DKI Jakarta,KRISTEN,Cerai Hidup,Wiraswasta,WNI,SEUMUR HIDUP
DKC002538,3171010309882538,Bayu Panjaitan,Jakarta Pusat,1988-09-03,Laki-Laki,AB,Jl. Pratama No. 80,003/008,Cipete,Kramat Jati,Jakarta Pusat,DKI Jakarta,KRISTEN,Menikah,Wiraswasta,WNI,SEUMUR HIDUP
DKC002539,3276015605952539,Maya Siregar,Depok,1995-05-16,Perempuan,O,Jl. Susanto No. 53,010/007,Kebon Baru,Sukmajaya,Depok,Jawa Barat,BUDDHA,Cerai Hidup,Wiraswasta,WNI,SEUMUR HIDUP
DKC002540,3275014801742540,Suryani Simanjuntak,Bekasi,1974-01-08,Perempuan,AB,Jl. Gunawan No. 74,007/006,Cipete,Serpong,Bekasi,Jawa Barat,KONGHUCU,Cerai Hidup,Wiraswasta,WNI,SEUMUR HIDUP
DKC002541,3172010301872541,Andi Handoko,Jakarta Utara,1987-01-03,Laki-Laki,B,Jl. Wijaya No. 14,003/002,Sukamaju,Serpong,Jakarta Utara,DKI Jakarta,KRISTEN,Cerai Mati,Wiraswasta,WNI,SEUMUR HIDUP
DKC002542,3276012008952542,Slamet Lubis,Depok,1995-08-20,Laki-Laki,B,Jl. Halim No. 100,011/008,Kebon Baru,Serpong,Depok,Jawa Barat,KONGHUCU,Belum Menikah,Wiraswasta,WNI,SEUMUR HIDUP
DKC002543,3674010701772543,Rian Hidayat,Tangerang Selatan,1977-01-07,Laki-Laki,B,Jl. Simanjuntak No. 17,007/007,Sukamaju,Tebet,Tangerang Selatan,Jawa Barat,BUDDHA,Menikah,Wiraswasta,WNI,SEUMUR HIDUP
DKC002544,3674011210822544,Iwan Santoso,Tangerang Selatan,1982-10-12,Laki-Laki,A,Jl. Panjaitan No. 114,004/003,Cipete,Cengkareng,Tangerang Selatan,Jawa Barat,KATOLIK,Cerai Mati,Wiraswasta,WNI,SEUMUR HIDUP
DKC002545,3671011807922545,Sutrisno Handoko,Tangerang,1992-07-18,Laki-Laki,AB,Jl. Tanjung No. 72,002/008,Cipete,Tebet,Tangerang,Banten,BUDDHA,Menikah,Wiraswasta,WNI,SEUMUR HIDUP
DKC002546,3271010508992546,Ahmad Saputra,Bogor,1999-08-05,Laki-Laki,AB,Jl. Tanjung No. 144,002/001,Duren Sawit,Cengkareng,Bogor,Jawa Barat,HINDU,Belum Menikah,Wiraswasta,WNI,SEUMUR HIDUP
DKC002547,3671014806762547,Ika Permana,Tangerang,1976-06-08,Perempuan,O,Jl. Hidayat No. 60,009/008,Sukamaju,Serpong,Tangerang,Banten,KONGHUCU,Cerai Hidup,Wiraswasta,WNI,SEUMUR HIDUP
DKC002548,3175011406822548,Dimas Siregar,Jakarta Timur,1982-06-14,Laki-Laki,O,Jl. Halim No. 23,009/004,Bintaro,Sukmajaya,Jakarta Timur,DKI Jakarta,KATOLIK,Cerai Mati,Wiraswasta,WNI,SEUMUR HIDUP
DKC002549,3671015812842549,Rina Siregar,Tangerang,1984-12-18,Perempuan,AB,Jl. Nugroho No. 68,006/001,Cipete,Sukmajaya,Tangerang,Banten,KATOLIK,Belum Menikah,Wiraswasta,WNI,SEUMUR HIDUP
DKC002550,3671010508672550,Slamet Pratama,Tangerang,1967-08-05,Laki-Laki,B,Jl. Nugroho No. 12,009/010,Cipete,Cengkareng,Tangerang,Banten,HINDU,Belum Menikah,Wiraswasta,WNI,SEUMUR HIDUP
DKC002551,3276016701812551,Suryani Nugroho,Depok,1981-01-27,Perempuan,AB,Jl. Kusuma No. 104,010/006,Cempaka Putih,Tebet,Depok,Jawa Barat,KRISTEN,Menikah,Wiraswasta,WNI,SEUMUR HIDUP
DKC002552,3172014904852552,Putri Wijaya,Jakarta Utara,1985-04-09,Perempuan,A,Jl. Santoso No. 134,009/001,Kebon Baru,Cengkareng,Jakarta Utara,DKI Jakarta,KATOLIK,Cerai Mati,Wiraswasta,WNI,SEUMUR HIDUP
DKC002553,3175014905912553,Putri Permana,Jakarta Timur,1991-05-09,Perempuan,A,Jl. Hidayat No. 123,007/005,Bintaro,Cengkareng,Jakarta Timur,DKI Jakarta,HINDU,Cerai Mati,Wiraswasta,WNI,SEUMUR HIDUP
DKC002554,3173012108682554,Sutrisno Panjaitan,Jakarta Barat,1968-08-21,Laki-Laki,B,Jl. Pratama No. 30,006/001,Kebon Baru,Serpong,Jakarta Barat,DKI Jakarta,BUDDHA,Cerai Mati,Wiraswasta,WNI,SEUMUR HIDUP
DKC002555,3275016208932555,Maya Rahman,Bekasi,1993-08-22,Perempuan,A,Jl. Wijaya No. 78,002/006,Kebon Baru,Kramat Jati,Bekasi,Jawa Barat,KRISTEN,Cerai Hidup,Wiraswasta,WNI,SEUMUR HIDUP
DKC002556,3674012101652556,Irfan Rahman,Tangerang Selatan,1965-01-21,Laki-Laki,A,Jl. Nugroho No. 132,006/006,Sukamaju,Tebet,Tangerang Selatan,Jawa Barat,KRISTEN,Cerai Hidup,Wiraswasta,WNI,SEUMUR HIDUP
DKC002557,3174016605662557,Yuni Kusuma,Jakarta Selatan,1966-05-26,Perempuan,A,Jl. Pratama No. 76,006/008,Sukajadi,Sukmajaya,Jakarta Selatan,DKI Jakarta,ISLAM,Cerai Hidup,Wiraswasta,WNI,SEUMUR HIDUP
DKC002558,3671012510912558,Slamet Panjaitan,Tangerang,1991-10-25,Laki-Laki,AB,Jl. Simanjuntak No. 146,010/002,Kebon Baru,Bekasi Timur,Tangerang,Banten,KONGHUCU,Cerai Hidup,Wiraswasta,WNI,SEUMUR HIDUP
DKC002559,3275012710902559,Bayu Halim,Bekasi,1990-10-27,Laki-Laki,A,Jl. Lubis No. 57,010/007,Bintaro,Tebet,Bekasi,Jawa Barat,BUDDHA,Cerai Mati,Wiraswasta,WNI,SEUMUR HIDUP
DKC002560,3172014707652560,Rina Handoko,Jakarta Utara,1965-07-07,Perempuan,AB,Jl. Simanjuntak No. 38,010/004,Cempaka Putih,Sukmajaya,Jakarta Utara,DKI Jakarta,KONGHUCU,Cerai Hidup,Wiraswasta,WNI,SEUMUR HIDUP
DKC002561,3172011612832561,Ahmad Hutapea,Jakarta Utara,1983-12-16,Laki-Laki,A,Jl. Setiawan No. 57,004/003,Sukajadi,Kramat Jati,Jakarta Utara,DKI Jakarta,KATOLIK,Cerai Hidup,Wiraswasta,WNI,SEUMUR HIDUP
DKC002562,3671010911662562,Dedi Wijaya,Tangerang,1966-11-09,Laki-Laki,A,Jl. Hidayat No. 123,011/002,Bintaro,Bekasi Timur,Tangerang,Banten,KATOLIK,Cerai Hidup,Wiraswasta,WNI,SEUMUR HIDUP
DKC002563,3271014704892563,Wulan Hutapea,Bogor,1989-04-07,Perempuan,A,Jl. Wibowo No. 103,002/002,Cempaka Putih,Bekasi Timur,Bogor,Jawa Barat,KONGHUCU,Belum Menikah,Wiraswasta,WNI,SEUMUR HIDUP
DKC002564,3173012107912564,Gunawan Nugroho,Jakarta Barat,1991-07-21,Laki-Laki,AB,Jl. Kurniawan No. 110,006/008,Sukajadi,Kramat Jati,Jakarta Barat,DKI Jakarta,ISLAM,Menikah,Wiraswasta,WNI,SEUMUR HIDUP
DKC002565,3172014309682565,Dewi Tanjung,Jakarta Utara,1968-09-03,Perempuan,A,Jl. Lubis No. 34,011/004,Kebon Baru,Kramat Jati,Jakarta Utara,DKI Jakarta,ISLAM,Belum Menikah,Wiraswasta,WNI,SEUMUR HIDUP
DKC002566,3671016001912566,Maya Siregar,Tangerang,1991-01-20,Perempuan,B,Jl. Wijaya No. 110,003/004,Sukajadi,Cengkareng,Tangerang,Banten,KONGHUCU,Cerai Hidup,Wiraswasta,WNI,SEUMUR HIDUP
DKC002567,3671015012022567,Dian Lubis,Tangerang,2002-12-10,Perempuan,A,Jl. Siregar No. 100,011/002,Cipete,Sukmajaya,Tangerang,Banten,ISLAM,Cerai Hidup,Wiraswasta,WNI,SEUMUR HIDUP
DKC002568,3174014312672568,Siti Halim,Jakarta Selatan,1967-12-03,Perempuan,B,Jl. Situmorang No. 13,004/007,Sukamaju,Sukmajaya,Jakarta Selatan,DKI Jakarta,ISLAM,Cerai Mati,Wiraswasta,WNI,SEUMUR HIDUP
DKC002569,3671015005762569,Tri Saputra,Tangerang,1976-05-10,Perempuan,AB,Jl. Panjaitan No. 105,001/009,Sukajadi,Serpong,Tangerang,Banten,BUDDHA,Cerai Mati,Wiraswasta,WNI,SEUMUR HIDUP
DKC002570,3671010304772570,Wahyu Wijaya,Tangerang,1977-04-03,Laki-Laki,O,Jl. Siregar No. 84,005/005,Rawa Bunga,Tebet,Tangerang,Banten,HINDU,Menikah,Wiraswasta,WNI,SEUMUR HIDUP
DKC002571,3173015602022571,Kartika Kusuma,Jakarta Barat,2002-02-16,Perempuan,B,Jl. Hutapea No. 117,005/006,Cipete,Bekasi Timur,Jakarta Barat,DKI Jakarta,BUDDHA,Belum Menikah,Wiraswasta,WNI,SEUMUR HIDUP
DKC002572,3173016707762572,Rita Tanjung,Jakarta Barat,1976-07-27,Perempuan,B,Jl. Simanjuntak No. 71,002/005,Cempaka Putih,Serpong,Jakarta Barat,DKI Jakarta,BUDDHA,Menikah,Wiraswasta,WNI,SEUMUR HIDUP
DKC002573,3674014305842573,Nina Halim,Tangerang Selatan,1984-05-03,Perempuan,B,Jl. Gunawan No. 49,011/009,Duren Sawit,Bekasi Timur,Tangerang Selatan,Jawa Barat,HINDU,Cerai Mati,Wiraswasta,WNI,SEUMUR HIDUP
DKC002574,3276010601672574,Bayu Simanjuntak,Depok,1967-01-06,Laki-Laki,A,Jl. Wibowo No. 74,008/003,Cipete,Tebet,Depok,Jawa Barat,HINDU,Cerai Hidup,Wiraswasta,WNI,SEUMUR HIDUP
DKC002575,3275015701712575,Melati Kusuma,Bekasi,1971-01-17,Perempuan,O,Jl. Setiawan No. 115,007/002,Sukajadi,Bekasi Timur,Bekasi,Jawa Barat,HINDU,Belum Menikah,Wiraswasta,WNI,SEUMUR HIDUP
DKC002576,3175014910912576,Ika Santoso,Jakarta Timur,1991-10-09,Perempuan,B,Jl. Firmansyah No. 103,009/010,Cipete,Bekasi Timur,Jakarta Timur,DKI Jakarta,KONGHUCU,Menikah,Wiraswasta,WNI,SEUMUR HIDUP
DKC002577,3276012408022577,Slamet Halim,Depok,2002-08-24,Laki-Laki,O,Jl. Panjaitan No. 126,011/005,Sukamaju,Kramat Jati,Depok,Jawa Barat,ISLAM,Cerai Hidup,Wiraswasta,WNI,SEUMUR HIDUP
DKC002578,3171015706792578,Wulan Hidayat,Jakarta Pusat,1979-06-17,Perempuan,B,Jl. Firmansyah No. 46,004/006,Cempaka Putih,Cengkareng,Jakarta Pusat,DKI Jakarta,KONGHUCU,Cerai Mati,Wiraswasta,WNI,SEUMUR HIDUP
DKC002579,3271010412912579,Budi Kusuma,Bogor,1991-12-04,Laki-Laki,O,Jl. Kurniawan No. 116,003/002,Rawa Bunga,Tebet,Bogor,Jawa Barat,KATOLIK,Belum Menikah,Wiraswasta,WNI,SEUMUR HIDUP
DKC002580,3671012910792580,Gunawan Halim,Tangerang,1979-10-29,Laki-Laki,B,Jl. Situmorang No. 23,004/002,Duren Sawit,Cengkareng,Tangerang,Banten,HINDU,Menikah,Wiraswasta,WNI,SEUMUR HIDUP
DKC002581,3175015310942581,Nina Simanjuntak,Jakarta Timur,1994-10-13,Perempuan,B,Jl. Nugroho No. 39,003/002,Sukamaju,Sukmajaya,Jakarta Timur,DKI Jakarta,ISLAM,Belum Menikah,Wiraswasta,WNI,SEUMUR HIDUP
DKC002582,3671015907972582,Suryani Firmansyah,Tangerang,1997-07-19,Perempuan,A,Jl. Firmansyah No. 20,005/001,Bintaro,Sukmajaya,Tangerang,Banten,KRISTEN,Cerai Hidup,Wiraswasta,WNI,SEUMUR HIDUP
DKC002583,3674011907912583,Sutrisno Tanjung,Tangerang Selatan,1991-07-19,Laki-Laki,B,Jl. Hutapea No. 78,001/003,Sukajadi,Tebet,Tangerang Selatan,Jawa Barat,HINDU,Belum Menikah,Wiraswasta,WNI,SEUMUR HIDUP
DKC002584,3275011307872584,Andi Hidayat,Bekasi,1987-07-13,Laki-Laki,A,Jl. Tanjung No. 4,001/010,Cipete,Kramat Jati,Bekasi,Jawa Barat,KATOLIK,Belum Menikah,Wiraswasta,WNI,SEUMUR HIDUP
DKC002585,3671015505012585,Maya Suryadi,Tangerang,2001-05-15,Perempuan,B,Jl. Lubis No. 86,006/009,Bintaro,Bekasi Timur,Tangerang,Banten,KATOLIK,Cerai Hidup,Wiraswasta,WNI,SEUMUR HIDUP
DKC002586,3671011407872586,Joko Hidayat,Tangerang,1987-07-14,Laki-Laki,B,Jl. Hidayat No. 127,011/003,Rawa Bunga,Cengkareng,Tangerang,Banten,KATOLIK,Belum Menikah,Wiraswasta,WNI,SEUMUR HIDUP
DKC002587,3175012803702587,Gunawan Gunawan,Jakarta Timur,1970-03-28,Laki-Laki,A,Jl. Suryadi No. 135,011/009,Cempaka Putih,Sukmajaya,Jakarta Timur,DKI Jakarta,ISLAM,Cerai Hidup,Wiraswasta,WNI,SEUMUR HIDUP
DKC002588,3271010305752588,Fajar Firmansyah,Bogor,1975-05-03,Laki-Laki,B,Jl. Kusuma No. 121,003/001,Duren Sawit,Bekasi Timur,Bogor,Jawa Barat,HINDU,Cerai Mati,Wiraswasta,WNI,SEUMUR HIDUP
DKC002589,3671015611882589,Putri Wibowo,Tangerang,1988-11-16,Perempuan,B,Jl. Rahman No. 140,008/005,Rawa Bunga,Serpong,Tangerang,Banten,KONGHUCU,Cerai Mati,Wiraswasta,WNI,SEUMUR HIDUP
DKC002590,3174012601932590,Rian Lubis,Jakarta Selatan,1993-01-26,Laki-Laki,O,Jl. Gunawan No. 54,002/004,Cipete,Sukmajaya,Jakarta Selatan,DKI Jakarta,KATOLIK,Belum Menikah,Wiraswasta,WNI,SEUMUR HIDUP
DKC002591,3671010910822591,Rudi Situmorang,Tangerang,1982-10-09,Laki-Laki,B,Jl. Saputra No. 9,008/005,Sukajadi,Cengkareng,Tangerang,Banten,KATOLIK,Belum Menikah,Wiraswasta,WNI,SEUMUR HIDUP
DKC002592,3173013008682592,Gunawan Saputra,Jakarta Barat,1968-08-30,Laki-Laki,AB,Jl. Susanto No. 92,003/010,Cipete,Cengkareng,Jakarta Barat,DKI Jakarta,KATOLIK,Cerai Mati,Wiraswasta,WNI,SEUMUR HIDUP
DKC002593,3174015309912593,Indah Hidayat,Jakarta Selatan,1991-09-13,Perempuan,O,Jl. Saputra No. 32,011/006,Kebon Baru,Kramat Jati,Jakarta Selatan,DKI Jakarta,KRISTEN,Cerai Hidup,Wiraswasta,WNI,SEUMUR HIDUP
DKC002594,3674015204662594,Sri Simanjuntak,Tangerang Selatan,1966-04-12,Perempuan,A,Jl. Santoso No. 12,012/004,Duren Sawit,Kramat Jati,Tangerang Selatan,Jawa Barat,KATOLIK,Cerai Hidup,Wiraswasta,WNI,SEUMUR HIDUP
DKC002595,3671014307012595,Maya Panjaitan,Tangerang,2001-07-03,Perempuan,O,Jl. Tanjung No. 18,012/009,Sukajadi,Bekasi Timur,Tangerang,Banten,BUDDHA,Cerai Mati,Wiraswasta,WNI,SEUMUR HIDUP
DKC002596,3175010909902596,Anton Setiawan,Jakarta Timur,1990-09-09,Laki-Laki,B,Jl. Handoko No. 66,004/008,Cipete,Kramat Jati,Jakarta Timur,DKI Jakarta,BUDDHA,Belum Menikah,Wiraswasta,WNI,SEUMUR HIDUP
DKC002597,3671015406742597,Melati Susanto,Tangerang,1974-06-14,Perempuan,B,Jl. Saputra No. 42,003/003,Kebon Baru,Sukmajaya,Tangerang,Banten,KATOLIK,Cerai Hidup,Wiraswasta,WNI,SEUMUR HIDUP
DKC002598,3175011703852598,Krisna Suryadi,Jakarta Timur,1985-03-17,Laki-Laki,B,Jl. Lubis No. 31,005/009,Kebon Baru,Bekasi Timur,Jakarta Timur,DKI Jakarta,BUDDHA,Cerai Mati,Wiraswasta,WNI,SEUMUR HIDUP
DKC002599,3671016306762599,Novi Handoko,Tangerang,1976-06-23,Perempuan,A,Jl. Suryadi No. 5,004/007,Cipete,Bekasi Timur,Tangerang,Banten,KATOLIK,Cerai Mati,Wiraswasta,WNI,SEUMUR HIDUP
DKC002600,3674010203972600,Budi Lubis,Tangerang Selatan,1997-03-02,Laki-Laki,B,Jl. Pratama No. 141,003/002,Cempaka Putih,Serpong,Tangerang Selatan,Jawa Barat,KONGHUCU,Belum Menikah,Wiraswasta,WNI,SEUMUR HIDUP
DKC002601,3671010502892601,Taufik Hidayat,Tangerang,1989-02-05,Laki-Laki,B,Jl. Handoko No. 143,005/008,Cempaka Putih,Bekasi Timur,Tangerang,Banten,KATOLIK,Belum Menikah,Wiraswasta,WNI,SEUMUR HIDUP
DKC002602,3271011811932602,Yusuf Santoso,Bogor,1993-11-18,Laki-Laki,O,Jl. Siregar No. 43,011/001,Cipete,Bekasi Timur,Bogor,Jawa Barat,KONGHUCU,Cerai Mati,Wiraswasta,WNI,SEUMUR HIDUP
DKC002603,3671012305752603,Bayu Firmansyah,Tangerang,1975-05-23,Laki-Laki,A,Jl. Pratama No. 52,005/005,Kebon Baru,Cengkareng,Tangerang,Banten,BUDDHA,Cerai Hidup,Wiraswasta,WNI,SEUMUR HIDUP
DKC002604,3671010308032604,Rizky Kusuma,Tangerang,2003-08-03,Laki-Laki,O,Jl. Halim No. 26,003/005,Cempaka Putih,Tebet,Tangerang,Banten,ISLAM,Cerai Mati,Wiraswasta,WNI,SEUMUR HIDUP
DKC002605,3671010404862605,Hadi Rahman,Tangerang,1986-04-04,Laki-Laki,A,Jl. Susanto No. 144,012/004,Cipete,Cengkareng,Tangerang,Banten,KONGHUCU,Menikah,Wiraswasta,WNI,SEUMUR HIDUP
DKC002606,3671012812902606,Anton Permana,Tangerang,1990-12-28,Laki-Laki,AB,Jl. Halim No. 142,011/006,Duren Sawit,Kramat Jati,Tangerang,Banten,ISLAM,Belum Menikah,Wiraswasta,WNI,SEUMUR HIDUP
DKC002607,3174015105742607,Rita Situmorang,Jakarta Selatan,1974-05-11,Perempuan,O,Jl. Hidayat No. 101,006/010,Bintaro,Kramat Jati,Jakarta Selatan,DKI Jakarta,HINDU,Cerai Mati,Wiraswasta,WNI,SEUMUR HIDUP
DKC002608,3674016411862608,Ika Kusuma,Tangerang Selatan,1986-11-24,Perempuan,AB,Jl. Siregar No. 54,006/009,Cipete,Tebet,Tangerang Selatan,Jawa Barat,KRISTEN,Cerai Hidup,Wiraswasta,WNI,SEUMUR HIDUP
DKC002609,3671012703912609,Ahmad Firmansyah,Tangerang,1991-03-27,Laki-Laki,AB,Jl. Nugroho No. 143,001/009,Duren Sawit,Kramat Jati,Tangerang,Banten,HINDU,Cerai Mati,Wiraswasta,WNI,SEUMUR HIDUP
DKC002610,3671012706952610,Yusuf Hidayat,Tangerang,1995-06-27,Laki-Laki,O,Jl. Wibowo No. 30,006/001,Sukamaju,Tebet,Tangerang,Banten,ISLAM,Menikah,Wiraswasta,WNI,SEUMUR HIDUP
DKC002611,3271013107882611,Iwan Saputra,Bogor,1988-07-31,Laki-Laki,A,Jl. Susanto No. 73,003/004,Cipete,Cengkareng,Bogor,Jawa Barat,HINDU,Belum Menikah,Wiraswasta,WNI,SEUMUR HIDUP
DKC002612,3671012611682612,Wahyu Siregar,Tangerang,1968-11-26,Laki-Laki,A,Jl. Panjaitan No. 135,007/002,Cipete,Cengkareng,Tangerang,Banten,HINDU,Menikah,Wiraswasta,WNI,SEUMUR HIDUP
DKC002613,3671015505802613,Kartika Tanjung,Tangerang,1980-05-15,Perempuan,O,Jl. Nugroho No. 136,011/001,Cipete,Bekasi Timur,Tangerang,Banten,BUDDHA,Cerai Mati,Wiraswasta,WNI,SEUMUR HIDUP
DKC002614,3674016102732614,Yanti Nugroho,Tangerang Selatan,1973-02-21,Perempuan,A,Jl. Siregar No. 101,002/001,Cempaka Putih,Kramat Jati,Tangerang Selatan,Jawa Barat,HINDU,Belum Menikah,Wiraswasta,WNI,SEUMUR HIDUP
DKC002615,3671016607672615,Lestari Nugroho,Tangerang,1967-07-26,Perempuan,AB,Jl. Kusuma No. 100,010/010,Bintaro,Kramat Jati,Tangerang,Banten,KATOLIK,Cerai Hidup,Wiraswasta,WNI,SEUMUR HIDUP
DKC002616,3671016703812616,Ani Lubis,Tangerang,1981-03-27,Perempuan,O,Jl. Simanjuntak No. 51,003/008,Bintaro,Tebet,Tangerang,Banten,ISLAM,Menikah,Wiraswasta,WNI,SEUMUR HIDUP
DKC002617,3671016305022617,Lestari Lubis,Tangerang,2002-05-23,Perempuan,O,Jl. Lubis No. 128,004/003,Cipete,Tebet,Tangerang,Banten,BUDDHA,Cerai Mati,Wiraswasta,WNI,SEUMUR HIDUP
DKC002618,3671014211982618,Ika Kusuma,Tangerang,1998-11-02,Perempuan,A,Jl. Wijaya No. 135,006/010,Bintaro,Kramat Jati,Tangerang,Banten,KATOLIK,Cerai Mati,Wiraswasta,WNI,SEUMUR HIDUP
DKC002619,3276014504962619,Anggi Siregar,Depok,1996-04-05,Perempuan,B,Jl. Permana No. 71,005/008,Sukamaju,Kramat Jati,Depok,Jawa Barat,HINDU,Belum Menikah,Wiraswasta,WNI,SEUMUR HIDUP
DKC002620,3674012112002620,Ahmad Wibowo,Tangerang Selatan,2000-12-21,Laki-Laki,AB,Jl. Simanjuntak No. 101,005/006,Bintaro,Serpong,Tangerang Selatan,Jawa Barat,KONGHUCU,Cerai Mati,Wiraswasta,WNI,SEUMUR HIDUP
DKC002621,3671014811842621,Nina Firmansyah,Tangerang,1984-11-08,Perempuan,A,Jl. Halim No. 91,011/004,Duren Sawit,Bekasi Timur,Tangerang,Banten,KATOLIK,Cerai Hidup,Wiraswasta,WNI,SEUMUR HIDUP
DKC002622,3175012101662622,Anton Tanjung,Jakarta Timur,1966-01-21,Laki-Laki,AB,Jl. Nugroho No. 114,008/003,Sukamaju,Sukmajaya,Jakarta Timur,DKI Jakarta,KONGHUCU,Cerai Hidup,Wiraswasta,WNI,SEUMUR HIDUP
DKC002623,3671014612792623,Ratna Nugroho,Tangerang,1979-12-06,Perempuan,A,Jl. Nugroho No. 113,006/005,Sukamaju,Bekasi Timur,Tangerang,Banten,BUDDHA,Menikah,Wiraswasta,WNI,SEUMUR HIDUP
DKC002624,3171016009972624,Fitri Rahman,Jakarta Pusat,1997-09-20,Perempuan,AB,Jl. Wibowo No. 149,004/003,Sukajadi,Kramat Jati,Jakarta Pusat,DKI Jakarta,HINDU,Cerai Mati,Wiraswasta,WNI,SEUMUR HIDUP
DKC002625,3175016605012625,Desi Kusuma,Jakarta Timur,2001-05-26,Perempuan,A,Jl. Handoko No. 57,008/004,Sukamaju,Cengkareng,Jakarta Timur,DKI Jakarta,ISLAM,Cerai Hidup,Wiraswasta,WNI,SEUMUR HIDUP
DKC002626,3171011605012626,Rian Wibowo,Jakarta Pusat,2001-05-16,Laki-Laki,AB,Jl. Santoso No. 81,002/001,Cempaka Putih,Bekasi Timur,Jakarta Pusat,DKI Jakarta,KATOLIK,Belum Menikah,Wiraswasta,WNI,SEUMUR HIDUP
DKC002627,3276016501742627,Sari Siregar,Depok,1974-01-25,Perempuan,AB,Jl. Wibowo No. 120,005/007,Duren Sawit,Serpong,Depok,Jawa Barat,HINDU,Cerai Mati,Wiraswasta,WNI,SEUMUR HIDUP
DKC002628,3173012610732628,Fajar Hidayat,Jakarta Barat,1973-10-26,Laki-Laki,O,Jl. Firmansyah No. 29,006/010,Cempaka Putih,Tebet,Jakarta Barat,DKI Jakarta,KONGHUCU,Cerai Hidup,Wiraswasta,WNI,SEUMUR HIDUP
DKC002629,3171010803932629,Agus Kurniawan,Jakarta Pusat,1993-03-08,Laki-Laki,O,Jl. Permana No. 12,008/009,Sukajadi,Serpong,Jakarta Pusat,DKI Jakarta,BUDDHA,Cerai Hidup,Wiraswasta,WNI,SEUMUR HIDUP
DKC002630,3671012107912630,Slamet Susanto,Tangerang,1991-07-21,Laki-Laki,O,Jl. Handoko No. 145,011/008,Kebon Baru,Sukmajaya,Tangerang,Banten,KRISTEN,Belum Menikah,Wiraswasta,WNI,SEUMUR HIDUP
DKC002631,3271012308742631,Joko Kurniawan,Bogor,1974-08-23,Laki-Laki,AB,Jl. Suryadi No. 96,005/008,Kebon Baru,Cengkareng,Bogor,Jawa Barat,ISLAM,Cerai Hidup,Wiraswasta,WNI,SEUMUR HIDUP
DKC002632,3173012104662632,Joko Wijaya,Jakarta Barat,1966-04-21,Laki-Laki,O,Jl. Kusuma No. 121,006/007,Bintaro,Tebet,Jakarta Barat,DKI Jakarta,HINDU,Menikah,Wiraswasta,WNI,SEUMUR HIDUP
DKC002633,3171013003972633,Hendra Simanjuntak,Jakarta Pusat,1997-03-30,Laki-Laki,O,Jl. Saputra No. 56,010/002,Cempaka Putih,Kramat Jati,Jakarta Pusat,DKI Jakarta,HINDU,Cerai Mati,Wiraswasta,WNI,SEUMUR HIDUP
DKC002634,3671016502952634,Maya Simanjuntak,Tangerang,1995-02-25,Perempuan,A,Jl. Hutapea No. 54,004/008,Cipete,Sukmajaya,Tangerang,Banten,HINDU,Menikah,Wiraswasta,WNI,SEUMUR HIDUP
DKC002635,3671015312862635,Suryani Hutapea,Tangerang,1986-12-13,Perempuan,A,Jl. Situmorang No. 12,011/007,Rawa Bunga,Tebet,Tangerang,Banten,ISLAM,Cerai Mati,Wiraswasta,WNI,SEUMUR HIDUP
DKC002636,3173014309882636,Dewi Handoko,Jakarta Barat,1988-09-03,Perempuan,B,Jl. Situmorang No. 138,011/005,Bintaro,Sukmajaya,Jakarta Barat,DKI Jakarta,KONGHUCU,Cerai Hidup,Wiraswasta,WNI,SEUMUR HIDUP
DKC002637,3175012003882637,Yudi Santoso,Jakarta Timur,1988-03-20,Laki-Laki,AB,Jl. Suryadi No. 55,007/006,Duren Sawit,Serpong,Jakarta Timur,DKI Jakarta,KONGHUCU,Menikah,Wiraswasta,WNI,SEUMUR HIDUP
DKC002638,3671014107862638,Melati Firmansyah,Tangerang,1986-07-01,Perempuan,B,Jl. Kusuma No. 15,010/001,Kebon Baru,Tebet,Tangerang,Banten,HINDU,Belum Menikah,Wiraswasta,WNI,SEUMUR HIDUP
DKC002639,3174015403842639,Retno Firmansyah,Jakarta Selatan,1984-03-14,Perempuan,O,Jl. Panjaitan No. 133,006/010,Duren Sawit,Cengkareng,Jakarta Selatan,DKI Jakarta,KATOLIK,Menikah,Wiraswasta,WNI,SEUMUR HIDUP
DKC002640,3174016012732640,Desi Siregar,Jakarta Selatan,1973-12-20,Perempuan,B,Jl. Tanjung No. 9,008/006,Cipete,Tebet,Jakarta Selatan,DKI Jakarta,KONGHUCU,Cerai Hidup,Wiraswasta,WNI,SEUMUR HIDUP
DKC002641,3671012807702641,Joko Simanjuntak,Tangerang,1970-07-28,Laki-Laki,AB,Jl. Pratama No. 53,011/001,Cempaka Putih,Sukmajaya,Tangerang,Banten,BUDDHA,Cerai Mati,Wiraswasta,WNI,SEUMUR HIDUP
DKC002642,3172016411012642,Yuni Nugroho,Jakarta Utara,2001-11-24,Perempuan,B,Jl. Nugroho No. 92,007/006,Duren Sawit,Tebet,Jakarta Utara,DKI Jakarta,KRISTEN,Menikah,Wiraswasta,WNI,SEUMUR HIDUP
DKC002643,3671015201012643,Nina Tanjung,Tangerang,2001-01-12,Perempuan,AB,Jl. Firmansyah No. 16,003/008,Kebon Baru,Kramat Jati,Tangerang,Banten,ISLAM,Menikah,Wiraswasta,WNI,SEUMUR HIDUP
DKC002644,3671012408742644,Irfan Tanjung,Tangerang,1974-08-24,Laki-Laki,A,Jl. Rahman No. 84,001/001,Duren Sawit,Kramat Jati,Tangerang,Banten,KRISTEN,Menikah,Wiraswasta,WNI,SEUMUR HIDUP
DKC002645,3671011403882645,Anton Wijaya,Tangerang,1988-03-14,Laki-Laki,B,Jl. Wijaya No. 78,009/002,Sukamaju,Sukmajaya,Tangerang,Banten,KRISTEN,Menikah,Wiraswasta,WNI,SEUMUR HIDUP
DKC002646,3674014410742646,Lestari Kusuma,Tangerang Selatan,1974-10-04,Perempuan,AB,Jl. Suryadi No. 125,010/008,Kebon Baru,Sukmajaya,Tangerang Selatan,Jawa Barat,BUDDHA,Belum Menikah,Wiraswasta,WNI,SEUMUR HIDUP
DKC002647,3271015508752647,Kartika Hutapea,Bogor,1975-08-15,Perempuan,A,Jl. Halim No. 22,009/003,Bintaro,Kramat Jati,Bogor,Jawa Barat,KONGHUCU,Belum Menikah,Wiraswasta,WNI,SEUMUR HIDUP
DKC002648,3172010412802648,Joko Firmansyah,Jakarta Utara,1980-12-04,Laki-Laki,A,Jl. Kusuma No. 88,003/006,Rawa Bunga,Serpong,Jakarta Utara,DKI Jakarta,HINDU,Cerai Mati,Wiraswasta,WNI,SEUMUR HIDUP
DKC002649,3671010712752649,Eko Gunawan,Tangerang,1975-12-07,Laki-Laki,A,Jl. Kusuma No. 32,010/007,Rawa Bunga,Cengkareng,Tangerang,Banten,KATOLIK,Cerai Mati,Wiraswasta,WNI,SEUMUR HIDUP
DKC002650,3275016712012650,Ani Lubis,Bekasi,2001-12-27,Perempuan,AB,Jl. Kusuma No. 142,005/010,Sukajadi,Serpong,Bekasi,Jawa Barat,KATOLIK,Menikah,Wiraswasta,WNI,SEUMUR HIDUP
DKC002651,3674010612962651,Gunawan Firmansyah,Tangerang Selatan,1996-12-06,Laki-Laki,AB,Jl. Wijaya No. 61,006/001,Bintaro,Bekasi Timur,Tangerang Selatan,Jawa Barat,BUDDHA,Cerai Hidup,Wiraswasta,WNI,SEUMUR HIDUP
DKC002652,3671014907812652,Retno Halim,Tangerang,1981-07-09,Perempuan,AB,Jl. Kusuma No. 131,002/001,Cempaka Putih,Serpong,Tangerang,Banten,KRISTEN,Cerai Mati,Wiraswasta,WNI,SEUMUR HIDUP
DKC002653,3674014806992653,Tri Gunawan,Tangerang Selatan,1999-06-08,Perempuan,O,Jl. Tanjung No. 128,008/005,Rawa Bunga,Sukmajaya,Tangerang Selatan,Jawa Barat,KRISTEN,Cerai Hidup,Wiraswasta,WNI,SEUMUR HIDUP
DKC002654,3171016309742654,Melati Hutapea,Jakarta Pusat,1974-09-23,Perempuan,O,Jl. Setiawan No. 74,012/010,Kebon Baru,Bekasi Timur,Jakarta Pusat,DKI Jakarta,BUDDHA,Cerai Mati,Wiraswasta,WNI,SEUMUR HIDUP
DKC002655,3175010611792655,Budi Handoko,Jakarta Timur,1979-11-06,Laki-Laki,AB,Jl. Simanjuntak No. 73,009/005,Cipete,Bekasi Timur,Jakarta Timur,DKI Jakarta,KATOLIK,Menikah,Wiraswasta,WNI,SEUMUR HIDUP
DKC002656,3172015704802656,Ika Setiawan,Jakarta Utara,1980-04-17,Perempuan,O,Jl. Lubis No. 126,002/003,Rawa Bunga,Cengkareng,Jakarta Utara,DKI Jakarta,BUDDHA,Belum Menikah,Wiraswasta,WNI,SEUMUR HIDUP
DKC002657,3173014105842657,Melati Santoso,Jakarta Barat,1984-05-01,Perempuan,O,Jl. Firmansyah No. 6,007/005,Sukajadi,Kramat Jati,Jakarta Barat,DKI Jakarta,KRISTEN,Cerai Mati,Wiraswasta,WNI,SEUMUR HIDUP
DKC002658,3271010811732658,Sutrisno Handoko,Bogor,1973-11-08,Laki-Laki,A,Jl. Susanto No. 95,002/004,Duren Sawit,Tebet,Bogor,Jawa Barat,HINDU,Menikah,Wiraswasta,WNI,SEUMUR HIDUP
DKC002659,3271010512892659,Eko Susanto,Bogor,1989-12-05,Laki-Laki,B,Jl. Susanto No. 91,006/010,Rawa Bunga,Cengkareng,Bogor,Jawa Barat,HINDU,Belum Menikah,Wiraswasta,WNI,SEUMUR HIDUP
DKC002660,3671011702742660,Joko Rahman,Tangerang,1974-02-17,Laki-Laki,AB,Jl. Lubis No. 124,012/007,Cipete,Sukmajaya,Tangerang,Banten,ISLAM,Cerai Hidup,Wiraswasta,WNI,SEUMUR HIDUP
DKC002661,3671010705662661,Bambang Panjaitan,Tangerang,1966-05-07,Laki-Laki,O,Jl. Situmorang No. 14,005/004,Sukajadi,Bekasi Timur,Tangerang,Banten,ISLAM,Cerai Hidup,Wiraswasta,WNI,SEUMUR HIDUP
DKC002662,3671015205992662,Yanti Handoko,Tangerang,1999-05-12,Perempuan,B,Jl. Kurniawan No. 149,008/010,Kebon Baru,Kramat Jati,Tangerang,Banten,HINDU,Cerai Mati,Wiraswasta,WNI,SEUMUR HIDUP
DKC002663,3671012901682663,Doni Simanjuntak,Tangerang,1968-01-29,Laki-Laki,O,Jl. Wijaya No. 135,010/009,Rawa Bunga,Serpong,Tangerang,Banten,KONGHUCU,Menikah,Wiraswasta,WNI,SEUMUR HIDUP
DKC002664,3276011610912664,Agus Halim,Depok,1991-10-16,Laki-Laki,A,Jl. Kurniawan No. 28,006/004,Cempaka Putih,Tebet,Depok,Jawa Barat,KRISTEN,Cerai Mati,Wiraswasta,WNI,SEUMUR HIDUP
DKC002665,3671014910952665,Dewi Wijaya,Tangerang,1995-10-09,Perempuan,B,Jl. Hutapea No. 56,010/007,Kebon Baru,Bekasi Timur,Tangerang,Banten,BUDDHA,Menikah,Wiraswasta,WNI,SEUMUR HIDUP
DKC002666,3671011705892666,Krisna Santoso,Tangerang,1989-05-17,Laki-Laki,O,Jl. Kusuma No. 44,011/002,Kebon Baru,Sukmajaya,Tangerang,Banten,KATOLIK,Cerai Hidup,Wiraswasta,WNI,SEUMUR HIDUP
DKC002667,3674016305842667,Ayu Saputra,Tangerang Selatan,1984-05-23,Perempuan,O,Jl. Nugroho No. 70,003/001,Kebon Baru,Cengkareng,Tangerang Selatan,Jawa Barat,BUDDHA,Menikah,Wiraswasta,WNI,SEUMUR HIDUP
DKC002668,3671010607842668,Bambang Pratama,Tangerang,1984-07-06,Laki-Laki,AB,Jl. Handoko No. 72,003/007,Duren Sawit,Cengkareng,Tangerang,Banten,ISLAM,Cerai Hidup,Wiraswasta,WNI,SEUMUR HIDUP
DKC002669,3171014203992669,Sari Rahman,Jakarta Pusat,1999-03-02,Perempuan,O,Jl. Simanjuntak No. 112,007/004,Bintaro,Sukmajaya,Jakarta Pusat,DKI Jakarta,KONGHUCU,Cerai Hidup,Wiraswasta,WNI,SEUMUR HIDUP
DKC002670,3671012511842670,Sutrisno Hutapea,Tangerang,1984-11-25,Laki-Laki,AB,Jl. Firmansyah No. 146,003/005,Cipete,Sukmajaya,Tangerang,Banten,HINDU,Menikah,Wiraswasta,WNI,SEUMUR HIDUP
DKC002671,3276017107002671,Suryani Firmansyah,Depok,2000-07-31,Perempuan,AB,Jl. Nugroho No. 24,006/006,Cipete,Bekasi Timur,Depok,Jawa Barat,KATOLIK,Belum Menikah,Wiraswasta,WNI,SEUMUR HIDUP
DKC002672,3171010902932672,Iwan Firmansyah,Jakarta Pusat,1993-02-09,Laki-Laki,O,Jl. Siregar No. 3,009/010,Cipete,Cengkareng,Jakarta Pusat,DKI Jakarta,BUDDHA,Cerai Mati,Wiraswasta,WNI,SEUMUR HIDUP
DKC002673,3671015806702673,Ika Lubis,Tangerang,1970-06-18,Perempuan,B,Jl. Setiawan No. 148,003/004,Cempaka Putih,Cengkareng,Tangerang,Banten,HINDU,Cerai Mati,Wiraswasta,WNI,SEUMUR HIDUP
DKC002674,3173012804742674,Hendra Wijaya,Jakarta Barat,1974-04-28,Laki-Laki,B,Jl. Handoko No. 143,005/001,Cipete,Serpong,Jakarta Barat,DKI Jakarta,KONGHUCU,Menikah,Wiraswasta,WNI,SEUMUR HIDUP
DKC002675,3271011509962675,Dimas Permana,Bogor,1996-09-15,Laki-Laki,AB,Jl. Handoko No. 129,004/001,Duren Sawit,Cengkareng,Bogor,Jawa Barat,KATOLIK,Cerai Mati,Wiraswasta,WNI,SEUMUR HIDUP
DKC002676,3674016703942676,Yanti Situmorang,Tangerang Selatan,1994-03-27,Perempuan,AB,Jl. Suryadi No. 129,007/009,Sukamaju,Tebet,Tangerang Selatan,Jawa Barat,KATOLIK,Cerai Hidup,Wiraswasta,WNI,SEUMUR HIDUP
DKC002677,3173010108932677,Irfan Panjaitan,Jakarta Barat,1993-08-01,Laki-Laki,O,Jl. Tanjung No. 109,005/005,Duren Sawit,Kramat Jati,Jakarta Barat,DKI Jakarta,HINDU,Belum Menikah,Wiraswasta,WNI,SEUMUR HIDUP
DKC002678,3674012610692678,Hadi Wijaya,Tangerang Selatan,1969-10-26,Laki-Laki,AB,Jl. Permana No. 91,004/005,Duren Sawit,Kramat Jati,Tangerang Selatan,Jawa Barat,ISLAM,Menikah,Wiraswasta,WNI,SEUMUR HIDUP
DKC002679,3671015611842679,Wulan Kurniawan,Tangerang,1984-11-16,Perempuan,AB,Jl. Suryadi No. 26,006/003,Sukamaju,Kramat Jati,Tangerang,Banten,KATOLIK,Menikah,Wiraswasta,WNI,SEUMUR HIDUP
DKC002680,3275010102012680,Taufik Kusuma,Bekasi,2001-02-01,Laki-Laki,AB,Jl. Permana No. 96,011/002,Kebon Baru,Kramat Jati,Bekasi,Jawa Barat,KATOLIK,Cerai Hidup,Wiraswasta,WNI,SEUMUR HIDUP
DKC002681,3671013105732681,Arif Kurniawan,Tangerang,1973-05-31,Laki-Laki,B,Jl. Pratama No. 145,009/008,Cipete,Bekasi Timur,Tangerang,Banten,KONGHUCU,Belum Menikah,Wiraswasta,WNI,SEUMUR HIDUP
DKC002682,3671011812992682,Irfan Handoko,Tangerang,1999-12-18,Laki-Laki,AB,Jl. Setiawan No. 54,004/009,Sukajadi,Tebet,Tangerang,Banten,HINDU,Menikah,Wiraswasta,WNI,SEUMUR HIDUP
DKC002683,3174012404812683,Rian Handoko,Jakarta Selatan,1981-04-24,Laki-Laki,B,Jl. Setiawan No. 21,009/005,Rawa Bunga,Bekasi Timur,Jakarta Selatan,DKI Jakarta,KONGHUCU,Cerai Hidup,Wiraswasta,WNI,SEUMUR HIDUP
DKC002684,3671016212792684,Maya Simanjuntak,Tangerang,1979-12-22,Perempuan,B,Jl. Handoko No. 5,012/003,Rawa Bunga,Sukmajaya,Tangerang,Banten,BUDDHA,Cerai Mati,Wiraswasta,WNI,SEUMUR HIDUP
DKC002685,3175010808872685,Rizky Susanto,Jakarta Timur,1987-08-08,Laki-Laki,B,Jl. Wijaya No. 80,001/008,Bintaro,Serpong,Jakarta Timur,DKI Jakarta,KONGHUCU,Cerai Hidup,Wiraswasta,WNI,SEUMUR HIDUP
DKC002686,3275012706652686,Fajar Wijaya,Bekasi,1965-06-27,Laki-Laki,B,Jl. Setiawan No. 28,007/009,Bintaro,Cengkareng,Bekasi,Jawa Barat,KATOLIK,Belum Menikah,Wiraswasta,WNI,SEUMUR HIDUP
DKC002687,3276014606022687,Ani Susanto,Depok,2002-06-06,Perempuan,B,Jl. Wijaya No. 73,004/002,Cempaka Putih,Bekasi Timur,Depok,Jawa Barat,KATOLIK,Belum Menikah,Wiraswasta,WNI,SEUMUR HIDUP
DKC002688,3674010610802688,Hendra Permana,Tangerang Selatan,1980-10-06,Laki-Laki,O,Jl. Wijaya No. 45,004/004,Cipete,Tebet,Tangerang Selatan,Jawa Barat,HINDU,Cerai Hidup,Wiraswasta,WNI,SEUMUR HIDUP
DKC002689,3276016803762689,Ayu Santoso,Depok,1976-03-28,Perempuan,O,Jl. Gunawan No. 85,006/003,Cipete,Bekasi Timur,Depok,Jawa Barat,KRISTEN,Menikah,Wiraswasta,WNI,SEUMUR HIDUP
DKC002690,3275011706712690,Slamet Tanjung,Bekasi,1971-06-17,Laki-Laki,O,Jl. Panjaitan No. 81,002/001,Sukamaju,Cengkareng,Bekasi,Jawa Barat,KONGHUCU,Cerai Mati,Wiraswasta,WNI,SEUMUR HIDUP
DKC002691,3671016704792691,Dewi Permana,Tangerang,1979-04-27,Perempuan,O,Jl. Kurniawan No. 19,003/002,Sukajadi,Bekasi Timur,Tangerang,Banten,HINDU,Belum Menikah,Wiraswasta,WNI,SEUMUR HIDUP
DKC002692,3172011501012692,Fajar Halim,Jakarta Utara,2001-01-15,Laki-Laki,B,Jl. Situmorang No. 60,001/006,Duren Sawit,Sukmajaya,Jakarta Utara,DKI Jakarta,KATOLIK,Cerai Hidup,Wiraswasta,WNI,SEUMUR HIDUP
DKC002693,3674010609012693,Irfan Permana,Tangerang Selatan,2001-09-06,Laki-Laki,A,Jl. Suryadi No. 149,005/004,Cempaka Putih,Tebet,Tangerang Selatan,Jawa Barat,KONGHUCU,Belum Menikah,Wiraswasta,WNI,SEUMUR HIDUP
DKC002694,3173012808952694,Dedi Firmansyah,Jakarta Barat,1995-08-28,Laki-Laki,AB,Jl. Permana No. 136,006/006,Sukajadi,Sukmajaya,Jakarta Barat,DKI Jakarta,ISLAM,Belum Menikah,Wiraswasta,WNI,SEUMUR HIDUP
DKC002695,3671012806792695,Bambang Kurniawan,Tangerang,1979-06-28,Laki-Laki,AB,Jl. Rahman No. 130,001/006,Sukajadi,Tebet,Tangerang,Banten,BUDDHA,Belum Menikah,Wiraswasta,WNI,SEUMUR HIDUP
DKC002696,3276012301752696,Bambang Wibowo,Depok,1975-01-23,Laki-Laki,O,Jl. Hidayat No. 61,001/006,Bintaro,Serpong,Depok,Jawa Barat,KATOLIK,Cerai Hidup,Wiraswasta,WNI,SEUMUR HIDUP
DKC002697,3174013011902697,Hadi Hutapea,Jakarta Selatan,1990-11-30,Laki-Laki,AB,Jl. Saputra No. 104,005/004,Bintaro,Bekasi Timur,Jakarta Selatan,DKI Jakarta,ISLAM,Belum Menikah,Wiraswasta,WNI,SEUMUR HIDUP
DKC002698,3175011010842698,Yudi Suryadi,Jakarta Timur,1984-10-10,Laki-Laki,A,Jl. Saputra No. 48,006/010,Cempaka Putih,Sukmajaya,Jakarta Timur,DKI Jakarta,KONGHUCU,Belum Menikah,Wiraswasta,WNI,SEUMUR HIDUP
DKC002699,3671012502692699,Krisna Tanjung,Tangerang,1969-02-25,Laki-Laki,O,Jl. Tanjung No. 139,006/007,Sukajadi,Bekasi Timur,Tangerang,Banten,HINDU,Cerai Mati,Wiraswasta,WNI,SEUMUR HIDUP
DKC002700,3671016102872700,Dewi Halim,Tangerang,1987-02-21,Perempuan,B,Jl. Hutapea No. 145,004/001,Sukajadi,Tebet,Tangerang,Banten,KONGHUCU,Cerai Hidup,Wiraswasta,WNI,SEUMUR HIDUP
DKC002701,3173015803922701,Melati Siregar,Jakarta Barat,1992-03-18,Perempuan,B,Jl. Nugroho No. 19,008/010,Kebon Baru,Bekasi Timur,Jakarta Barat,DKI Jakarta,KATOLIK,Cerai Mati,Wiraswasta,WNI,SEUMUR HIDUP
DKC002702,3671010206972702,Dimas Simanjuntak,Tangerang,1997-06-02,Laki-Laki,AB,Jl. Wijaya No. 99,006/005,Rawa Bunga,Kramat Jati,Tangerang,Banten,KONGHUCU,Cerai Hidup,Wiraswasta,WNI,SEUMUR HIDUP
DKC002703,3275011410942703,Krisna Halim,Bekasi,1994-10-14,Laki-Laki,O,Jl. Wibowo No. 95,001/010,Duren Sawit,Bekasi Timur,Bekasi,Jawa Barat,KRISTEN,Menikah,Wiraswasta,WNI,SEUMUR HIDUP
DKC002704,3674014908712704,Dian Tanjung,Tangerang Selatan,1971-08-09,Perempuan,B,Jl. Suryadi No. 29,010/003,Cipete,Tebet,Tangerang Selatan,Jawa Barat,KRISTEN,Cerai Mati,Wiraswasta,WNI,SEUMUR HIDUP
DKC002705,3275010503982705,Rizky Rahman,Bekasi,1998-03-05,Laki-Laki,A,Jl. Santoso No. 57,007/001,Sukajadi,Sukmajaya,Bekasi,Jawa Barat,KATOLIK,Menikah,Wiraswasta,WNI,SEUMUR HIDUP
DKC002706,3174012210732706,Gunawan Suryadi,Jakarta Selatan,1973-10-22,Laki-Laki,B,Jl. Handoko No. 104,011/003,Sukamaju,Cengkareng,Jakarta Selatan,DKI Jakarta,KONGHUCU,Cerai Mati,Wiraswasta,WNI,SEUMUR HIDUP
DKC002707,3275015810682707,Kartika Handoko,Bekasi,1968-10-18,Perempuan,AB,Jl. Lubis No. 119,003/007,Cempaka Putih,Tebet,Bekasi,Jawa Barat,ISLAM,Cerai Hidup,Wiraswasta,WNI,SEUMUR HIDUP
DKC002708,3671016209782708,Sari Tanjung,Tangerang,1978-09-22,Perempuan,O,Jl. Santoso No. 126,008/004,Rawa Bunga,Sukmajaya,Tangerang,Banten,KATOLIK,Cerai Mati,Wiraswasta,WNI,SEUMUR HIDUP
DKC002709,3174011911802709,Taufik Pratama,Jakarta Selatan,1980-11-19,Laki-Laki,A,Jl. Hidayat No. 95,007/004,Bintaro,Cengkareng,Jakarta Selatan,DKI Jakarta,KONGHUCU,Belum Menikah,Wiraswasta,WNI,SEUMUR HIDUP
DKC002710,3271014110692710,Dewi Wijaya,Bogor,1969-10-01,Perempuan,O,Jl. Suryadi No. 69,012/009,Cipete,Serpong,Bogor,Jawa Barat,HINDU,Belum Menikah,Wiraswasta,WNI,SEUMUR HIDUP
DKC002711,3671015310972711,Dian Saputra,Tangerang,1997-10-13,Perempuan,A,Jl. Handoko No. 128,005/009,Bintaro,Cengkareng,Tangerang,Banten,HINDU,Cerai Mati,Wiraswasta,WNI,SEUMUR HIDUP
DKC002712,3671011405942712,Rudi Simanjuntak,Tangerang,1994-05-14,Laki-Laki,AB,Jl. Hidayat No. 138,004/006,Cipete,Sukmajaya,Tangerang,Banten,BUDDHA,Cerai Mati,Wiraswasta,WNI,SEUMUR HIDUP
DKC002713,3174011510022713,Hendra Halim,Jakarta Selatan,2002-10-15,Laki-Laki,A,Jl. Simanjuntak No. 52,001/007,Duren Sawit,Bekasi Timur,Jakarta Selatan,DKI Jakarta,KONGHUCU,Menikah,Wiraswasta,WNI,SEUMUR HIDUP
DKC002714,3172012912682714,Slamet Handoko,Jakarta Utara,1968-12-29,Laki-Laki,O,Jl. Siregar No. 148,004/004,Rawa Bunga,Kramat Jati,Jakarta Utara,DKI Jakarta,KONGHUCU,Menikah,Wiraswasta,WNI,SEUMUR HIDUP
DKC002715,3172011706862715,Gunawan Kurniawan,Jakarta Utara,1986-06-17,Laki-Laki,B,Jl. Wijaya No. 83,011/007,Cempaka Putih,Sukmajaya,Jakarta Utara,DKI Jakarta,KONGHUCU,Cerai Mati,Wiraswasta,WNI,SEUMUR HIDUP
DKC002716,3271016512722716,Fitri Nugroho,Bogor,1972-12-25,Perempuan,O,Jl. Hutapea No. 44,001/003,Duren Sawit,Sukmajaya,Bogor,Jawa Barat,HINDU,Cerai Hidup,Wiraswasta,WNI,SEUMUR HIDUP
DKC002717,3171016001902717,Ayu Saputra,Jakarta Pusat,1990-01-20,Perempuan,B,Jl. Wibowo No. 51,005/006,Sukajadi,Bekasi Timur,Jakarta Pusat,DKI Jakarta,KRISTEN,Belum Menikah,Wiraswasta,WNI,SEUMUR HIDUP
DKC002718,3174010510842718,Dedi Siregar,Jakarta Selatan,1984-10-05,Laki-Laki,O,Jl. Kusuma No. 111,006/001,Kebon Baru,Sukmajaya,Jakarta Selatan,DKI Jakarta,KONGHUCU,Cerai Hidup,Wiraswasta,WNI,SEUMUR HIDUP
DKC002719,3671015003792719,Maya Situmorang,Tangerang,1979-03-10,Perempuan,AB,Jl. Handoko No. 127,012/008,Sukajadi,Bekasi Timur,Tangerang,Banten,KATOLIK,Belum Menikah,Wiraswasta,WNI,SEUMUR HIDUP
DKC002720,3671010107742720,Krisna Setiawan,Tangerang,1974-07-01,Laki-Laki,AB,Jl. Tanjung No. 82,004/006,Kebon Baru,Sukmajaya,Tangerang,Banten,KONGHUCU,Menikah,Wiraswasta,WNI,SEUMUR HIDUP
DKC002721,3271010306662721,Anton Gunawan,Bogor,1966-06-03,Laki-Laki,B,Jl. Suryadi No. 41,001/010,Duren Sawit,Sukmajaya,Bogor,Jawa Barat,ISLAM,Belum Menikah,Wiraswasta,WNI,SEUMUR HIDUP
DKC002722,3674015511932722,Rita Hutapea,Tangerang Selatan,1993-11-15,Perempuan,AB,Jl. Permana No. 48,010/005,Kebon Baru,Kramat Jati,Tangerang Selatan,Jawa Barat,BUDDHA,Menikah,Wiraswasta,WNI,SEUMUR HIDUP
DKC002723,3275014803012723,Dian Wibowo,Bekasi,2001-03-08,Perempuan,AB,Jl. Gunawan No. 5,007/010,Duren Sawit,Kramat Jati,Bekasi,Jawa Barat,BUDDHA,Cerai Hidup,Wiraswasta,WNI,SEUMUR HIDUP
DKC002724,3174015409652724,Retno Saputra,Jakarta Selatan,1965-09-14,Perempuan,AB,Jl. Setiawan No. 125,012/010,Bintaro,Cengkareng,Jakarta Selatan,DKI Jakarta,BUDDHA,Belum Menikah,Wiraswasta,WNI,SEUMUR HIDUP
DKC002725,3174016301652725,Indah Siregar,Jakarta Selatan,1965-01-23,Perempuan,A,Jl. Kusuma No. 19,009/009,Cipete,Sukmajaya,Jakarta Selatan,DKI Jakarta,BUDDHA,Menikah,Wiraswasta,WNI,SEUMUR HIDUP
DKC002726,3671010208812726,Dedi Situmorang,Tangerang,1981-08-02,Laki-Laki,O,Jl. Gunawan No. 54,009/005,Sukajadi,Tebet,Tangerang,Banten,ISLAM,Cerai Hidup,Wiraswasta,WNI,SEUMUR HIDUP
DKC002727,3674016807812727,Dewi Hidayat,Tangerang Selatan,1981-07-28,Perempuan,O,Jl. Wijaya No. 24,007/005,Cempaka Putih,Bekasi Timur,Tangerang Selatan,Jawa Barat,KRISTEN,Cerai Hidup,Wiraswasta,WNI,SEUMUR HIDUP
DKC002728,3674015904722728,Suryani Gunawan,Tangerang Selatan,1972-04-19,Perempuan,A,Jl. Pratama No. 32,004/006,Duren Sawit,Bekasi Timur,Tangerang Selatan,Jawa Barat,BUDDHA,Belum Menikah,Wiraswasta,WNI,SEUMUR HIDUP
DKC002729,3671010603652729,Sutrisno Nugroho,Tangerang,1965-03-06,Laki-Laki,O,Jl. Kurniawan No. 114,004/005,Kebon Baru,Cengkareng,Tangerang,Banten,HINDU,Cerai Mati,Wiraswasta,WNI,SEUMUR HIDUP
DKC002730,3271010903862730,Krisna Simanjuntak,Bogor,1986-03-09,Laki-Laki,A,Jl. Panjaitan No. 13,007/001,Kebon Baru,Sukmajaya,Bogor,Jawa Barat,BUDDHA,Menikah,Wiraswasta,WNI,SEUMUR HIDUP
DKC002731,3275012007822731,Hadi Siregar,Bekasi,1982-07-20,Laki-Laki,B,Jl. Gunawan No. 35,002/005,Sukajadi,Serpong,Bekasi,Jawa Barat,KRISTEN,Menikah,Wiraswasta,WNI,SEUMUR HIDUP
DKC002732,3671011511862732,Hendra Susanto,Tangerang,1986-11-15,Laki-Laki,AB,Jl. Wibowo No. 18,007/009,Sukamaju,Sukmajaya,Tangerang,Banten,KATOLIK,Cerai Mati,Wiraswasta,WNI,SEUMUR HIDUP
DKC002733,3671014702772733,Yanti Kurniawan,Tangerang,1977-02-07,Perempuan,A,Jl. Hidayat No. 56,011/004,Cipete,Bekasi Timur,Tangerang,Banten,KATOLIK,Menikah,Wiraswasta,WNI,SEUMUR HIDUP
DKC002734,3671010110792734,Dimas Gunawan,Tangerang,1979-10-01,Laki-Laki,O,Jl. Hutapea No. 82,009/002,Bintaro,Serpong,Tangerang,Banten,BUDDHA,Menikah,Wiraswasta,WNI,SEUMUR HIDUP
DKC002735,3671016005902735,Desi Handoko,Tangerang,1990-05-20,Perempuan,A,Jl. Hutapea No. 85,003/005,Cempaka Putih,Kramat Jati,Tangerang,Banten,ISLAM,Menikah,Wiraswasta,WNI,SEUMUR HIDUP
DKC002736,3172012402912736,Gunawan Susanto,Jakarta Utara,1991-02-24,Laki-Laki,AB,Jl. Kusuma No. 29,005/002,Duren Sawit,Tebet,Jakarta Utara,DKI Jakarta,ISLAM,Belum Menikah,Wiraswasta,WNI,SEUMUR HIDUP
DKC002737,3276015501912737,Lina Hutapea,Depok,1991-01-15,Perempuan,A,Jl. Susanto No. 44,007/006,Cempaka Putih,Tebet,Depok,Jawa Barat,ISLAM,Belum Menikah,Wiraswasta,WNI,SEUMUR HIDUP
DKC002738,3275012910712738,Rizky Suryadi,Bekasi,1971-10-29,Laki-Laki,A,Jl. Simanjuntak No. 130,011/005,Duren Sawit,Bekasi Timur,Bekasi,Jawa Barat,BUDDHA,Cerai Mati,Wiraswasta,WNI,SEUMUR HIDUP
DKC002739,3275017112952739,Maya Simanjuntak,Bekasi,1995-12-31,Perempuan,B,Jl. Suryadi No. 48,010/002,Kebon Baru,Serpong,Bekasi,Jawa Barat,HINDU,Cerai Mati,Wiraswasta,WNI,SEUMUR HIDUP
DKC002740,3271014204772740,Nina Saputra,Bogor,1977-04-02,Perempuan,A,Jl. Gunawan No. 49,003/002,Sukamaju,Tebet,Bogor,Jawa Barat,ISLAM,Belum Menikah,Wiraswasta,WNI,SEUMUR HIDUP
DKC002741,3171010408692741,Dimas Gunawan,Jakarta Pusat,1969-08-04,Laki-Laki,AB,Jl. Wibowo No. 137,003/004,Duren Sawit,Kramat Jati,Jakarta Pusat,DKI Jakarta,BUDDHA,Cerai Hidup,Wiraswasta,WNI,SEUMUR HIDUP
DKC002742,3175011309822742,Rian Setiawan,Jakarta Timur,1982-09-13,Laki-Laki,B,Jl. Wibowo No. 123,002/004,Cempaka Putih,Tebet,Jakarta Timur,DKI Jakarta,KRISTEN,Cerai Hidup,Wiraswasta,WNI,SEUMUR HIDUP
DKC002743,3276010511752743,Krisna Situmorang,Depok,1975-11-05,Laki-Laki,O,Jl. Suryadi No. 11,008/008,Cipete,Tebet,Depok,Jawa Barat,KATOLIK,Belum Menikah,Wiraswasta,WNI,SEUMUR HIDUP
DKC002744,3671011309932744,Gunawan Tanjung,Tangerang,1993-09-13,Laki-Laki,O,Jl. Hutapea No. 102,008/005,Sukamaju,Sukmajaya,Tangerang,Banten,KONGHUCU,Cerai Mati,Wiraswasta,WNI,SEUMUR HIDUP
DKC002745,3174015802852745,Anggi Setiawan,Jakarta Selatan,1985-02-18,Perempuan,AB,Jl. Pratama No. 75,012/001,Sukamaju,Kramat Jati,Jakarta Selatan,DKI Jakarta,KRISTEN,Menikah,Wiraswasta,WNI,SEUMUR HIDUP
DKC002746,3172016201972746,Anggi Kurniawan,Jakarta Utara,1997-01-22,Perempuan,O,Jl. Setiawan No. 73,008/003,Rawa Bunga,Cengkareng,Jakarta Utara,DKI Jakarta,KRISTEN,Cerai Mati,Wiraswasta,WNI,SEUMUR HIDUP
DKC002747,3276015708912747,Lestari Kurniawan,Depok,1991-08-17,Perempuan,B,Jl. Handoko No. 112,012/004,Rawa Bunga,Serpong,Depok,Jawa Barat,KRISTEN,Belum Menikah,Wiraswasta,WNI,SEUMUR HIDUP
DKC002748,3172011211902748,Yudi Rahman,Jakarta Utara,1990-11-12,Laki-Laki,B,Jl. Wibowo No. 50,011/003,Bintaro,Sukmajaya,Jakarta Utara,DKI Jakarta,KONGHUCU,Cerai Mati,Wiraswasta,WNI,SEUMUR HIDUP
DKC002749,3175010702732749,Ahmad Panjaitan,Jakarta Timur,1973-02-07,Laki-Laki,B,Jl. Halim No. 117,011/004,Sukajadi,Sukmajaya,Jakarta Timur,DKI Jakarta,BUDDHA,Cerai Hidup,Wiraswasta,WNI,SEUMUR HIDUP
DKC002750,3671013107952750,Andi Kurniawan,Tangerang,1995-07-31,Laki-Laki,B,Jl. Lubis No. 21,011/004,Rawa Bunga,Kramat Jati,Tangerang,Banten,KATOLIK,Cerai Mati,Wiraswasta,WNI,SEUMUR HIDUP
DKC002751,3275012703872751,Rudi Santoso,Bekasi,1987-03-27,Laki-Laki,O,Jl. Halim No. 2,012/009,Duren Sawit,Sukmajaya,Bekasi,Jawa Barat,KATOLIK,Cerai Mati,Wiraswasta,WNI,SEUMUR HIDUP
DKC002752,3674012008872752,Yudi Halim,Tangerang Selatan,1987-08-20,Laki-Laki,O,Jl. Hutapea No. 107,003/002,Kebon Baru,Sukmajaya,Tangerang Selatan,Jawa Barat,ISLAM,Cerai Hidup,Wiraswasta,WNI,SEUMUR HIDUP
DKC002753,3271015003982753,Rina Simanjuntak,Bogor,1998-03-10,Perempuan,AB,Jl. Firmansyah No. 44,003/006,Rawa Bunga,Cengkareng,Bogor,Jawa Barat,ISLAM,Belum Menikah,Wiraswasta,WNI,SEUMUR HIDUP
DKC002754,3671012006922754,Anton Wijaya,Tangerang,1992-06-20,Laki-Laki,A,Jl. Halim No. 76,002/010,Cipete,Kramat Jati,Tangerang,Banten,KONGHUCU,Cerai Hidup,Wiraswasta,WNI,SEUMUR HIDUP
DKC002755,3671010103662755,Krisna Panjaitan,Tangerang,1966-03-01,Laki-Laki,O,Jl. Handoko No. 80,006/002,Kebon Baru,Bekasi Timur,Tangerang,Banten,KRISTEN,Cerai Mati,Wiraswasta,WNI,SEUMUR HIDUP
DKC002756,3175014412972756,Desi Simanjuntak,Jakarta Timur,1997-12-04,Perempuan,A,Jl. Firmansyah No. 17,008/004,Bintaro,Kramat Jati,Jakarta Timur,DKI Jakarta,KRISTEN,Belum Menikah,Wiraswasta,WNI,SEUMUR HIDUP
DKC002757,3671017010022757,Wulan Permana,Tangerang,2002-10-30,Perempuan,O,Jl. Wijaya No. 51,011/003,Kebon Baru,Serpong,Tangerang,Banten,BUDDHA,Menikah,Wiraswasta,WNI,SEUMUR HIDUP
DKC002758,3275011907002758,Dimas Kurniawan,Bekasi,2000-07-19,Laki-Laki,B,Jl. Halim No. 79,011/008,Rawa Bunga,Kramat Jati,Bekasi,Jawa Barat,ISLAM,Menikah,Wiraswasta,WNI,SEUMUR HIDUP
DKC002759,3674011512752759,Hadi Panjaitan,Tangerang Selatan,1975-12-15,Laki-Laki,O,Jl. Hidayat No. 19,002/005,Kebon Baru,Kramat Jati,Tangerang Selatan,Jawa Barat,ISLAM,Menikah,Wiraswasta,WNI,SEUMUR HIDUP
DKC002760,3173014211972760,Sri Nugroho,Jakarta Barat,1997-11-02,Perempuan,AB,Jl. Siregar No. 67,011/001,Sukamaju,Kramat Jati,Jakarta Barat,DKI Jakarta,BUDDHA,Menikah,Wiraswasta,WNI,SEUMUR HIDUP
DKC002761,3271011807892761,Fajar Hutapea,Bogor,1989-07-18,Laki-Laki,AB,Jl. Hutapea No. 24,011/001,Sukamaju,Kramat Jati,Bogor,Jawa Barat,ISLAM,Belum Menikah,Wiraswasta,WNI,SEUMUR HIDUP
DKC002762,3275016705892762,Rina Hutapea,Bekasi,1989-05-27,Perempuan,A,Jl. Suryadi No. 12,003/009,Duren Sawit,Bekasi Timur,Bekasi,Jawa Barat,ISLAM,Cerai Mati,Wiraswasta,WNI,SEUMUR HIDUP
DKC002763,3671017003732763,Dian Suryadi,Tangerang,1973-03-30,Perempuan,A,Jl. Susanto No. 146,010/010,Bintaro,Tebet,Tangerang,Banten,KRISTEN,Belum Menikah,Wiraswasta,WNI,SEUMUR HIDUP
DKC002764,3671011910942764,Wahyu Hidayat,Tangerang,1994-10-19,Laki-Laki,O,Jl. Firmansyah No. 55,012/004,Duren Sawit,Cengkareng,Tangerang,Banten,KRISTEN,Menikah,Wiraswasta,WNI,SEUMUR HIDUP
DKC002765,3174010602012765,Joko Halim,Jakarta Selatan,2001-02-06,Laki-Laki,A,Jl. Susanto No. 102,001/002,Sukamaju,Serpong,Jakarta Selatan,DKI Jakarta,KATOLIK,Menikah,Wiraswasta,WNI,SEUMUR HIDUP
DKC002766,3271012512792766,Rizky Nugroho,Bogor,1979-12-25,Laki-Laki,O,Jl. Siregar No. 78,003/001,Bintaro,Kramat Jati,Bogor,Jawa Barat,KONGHUCU,Belum Menikah,Wiraswasta,WNI,SEUMUR HIDUP
DKC002767,3674010811702767,Iwan Halim,Tangerang Selatan,1970-11-08,Laki-Laki,A,Jl. Handoko No. 97,002/009,Bintaro,Serpong,Tangerang Selatan,Jawa Barat,BUDDHA,Cerai Mati,Wiraswasta,WNI,SEUMUR HIDUP
DKC002768,3671016408812768,Ika Handoko,Tangerang,1981-08-24,Perempuan,A,Jl. Hidayat No. 129,008/008,Sukajadi,Kramat Jati,Tangerang,Banten,KRISTEN,Menikah,Wiraswasta,WNI,SEUMUR HIDUP
DKC002769,3671011511662769,Iwan Suryadi,Tangerang,1966-11-15,Laki-Laki,AB,Jl. Kusuma No. 122,004/001,Duren Sawit,Cengkareng,Tangerang,Banten,ISLAM,Cerai Hidup,Wiraswasta,WNI,SEUMUR HIDUP
DKC002770,3671015411872770,Ratna Panjaitan,Tangerang,1987-11-14,Perempuan,A,Jl. Tanjung No. 117,012/004,Duren Sawit,Tebet,Tangerang,Banten,BUDDHA,Menikah,Wiraswasta,WNI,SEUMUR HIDUP
DKC002771,3271016708972771,Rita Lubis,Bogor,1997-08-27,Perempuan,A,Jl. Nugroho No. 28,006/008,Rawa Bunga,Sukmajaya,Bogor,Jawa Barat,KATOLIK,Belum Menikah,Wiraswasta,WNI,SEUMUR HIDUP
DKC002772,3671011209752772,Doni Rahman,Tangerang,1975-09-12,Laki-Laki,O,Jl. Panjaitan No. 36,001/006,Duren Sawit,Cengkareng,Tangerang,Banten,BUDDHA,Belum Menikah,Wiraswasta,WNI,SEUMUR HIDUP
DKC002773,3275010104952773,Taufik Pratama,Bekasi,1995-04-01,Laki-Laki,AB,Jl. Firmansyah No. 8,007/004,Rawa Bunga,Bekasi Timur,Bekasi,Jawa Barat,HINDU,Menikah,Wiraswasta,WNI,SEUMUR HIDUP
DKC002774,3275011006992774,Agus Panjaitan,Bekasi,1999-06-10,Laki-Laki,AB,Jl. Hidayat No. 118,009/005,Cempaka Putih,Tebet,Bekasi,Jawa Barat,KONGHUCU,Cerai Hidup,Wiraswasta,WNI,SEUMUR HIDUP
DKC002775,3271016611982775,Yanti Tanjung,Bogor,1998-11-26,Perempuan,B,Jl. Lubis No. 82,005/005,Sukamaju,Bekasi Timur,Bogor,Jawa Barat,BUDDHA,Cerai Mati,Wiraswasta,WNI,SEUMUR HIDUP
DKC002776,3671016611932776,Novi Hutapea,Tangerang,1993-11-26,Perempuan,B,Jl. Saputra No. 9,012/001,Bintaro,Kramat Jati,Tangerang,Banten,KONGHUCU,Menikah,Wiraswasta,WNI,SEUMUR HIDUP
DKC002777,3671014803872777,Siti Situmorang,Tangerang,1987-03-08,Perempuan,A,Jl. Saputra No. 45,005/007,Sukajadi,Serpong,Tangerang,Banten,HINDU,Cerai Hidup,Wiraswasta,WNI,SEUMUR HIDUP
DKC002778,3175014204692778,Dian Hutapea,Jakarta Timur,1969-04-02,Perempuan,A,Jl. Hutapea No. 80,009/007,Cipete,Bekasi Timur,Jakarta Timur,DKI Jakarta,ISLAM,Cerai Mati,Wiraswasta,WNI,SEUMUR HIDUP
DKC002779,3276015007992779,Indah Setiawan,Depok,1999-07-10,Perempuan,AB,Jl. Susanto No. 128,001/005,Cipete,Bekasi Timur,Depok,Jawa Barat,ISLAM,Menikah,Wiraswasta,WNI,SEUMUR HIDUP
DKC002780,3674010512992780,Rizky Kusuma,Tangerang Selatan,1999-12-05,Laki-Laki,A,Jl. Nugroho No. 63,003/006,Bintaro,Tebet,Tangerang Selatan,Jawa Barat,KONGHUCU,Cerai Hidup,Wiraswasta,WNI,SEUMUR HIDUP
DKC002781,3173015712752781,Fitri Situmorang,Jakarta Barat,1975-12-17,Perempuan,B,Jl. Susanto No. 97,011/007,Bintaro,Serpong,Jakarta Barat,DKI Jakarta,KATOLIK,Menikah,Wiraswasta,WNI,SEUMUR HIDUP
DKC002782,3175011910002782,Gunawan Situmorang,Jakarta Timur,2000-10-19,Laki-Laki,B,Jl. Kusuma No. 26,008/008,Cempaka Putih,Cengkareng,Jakarta Timur,DKI Jakarta,HINDU,Belum Menikah,Wiraswasta,WNI,SEUMUR HIDUP
DKC002783,3275016109692783,Novi Santoso,Bekasi,1969-09-21,Perempuan,B,Jl. Wijaya No. 24,009/007,Duren Sawit,Kramat Jati,Bekasi,Jawa Barat,KRISTEN,Belum Menikah,Wiraswasta,WNI,SEUMUR HIDUP
DKC002784,3674010208012784,Fauzi Firmansyah,Tangerang Selatan,2001-08-02,Laki-Laki,AB,Jl. Saputra No. 131,002/003,Bintaro,Cengkareng,Tangerang Selatan,Jawa Barat,BUDDHA,Menikah,Wiraswasta,WNI,SEUMUR HIDUP
DKC002785,3175015011752785,Dewi Santoso,Jakarta Timur,1975-11-10,Perempuan,O,Jl. Firmansyah No. 51,012/003,Rawa Bunga,Bekasi Timur,Jakarta Timur,DKI Jakarta,KONGHUCU,Cerai Mati,Wiraswasta,WNI,SEUMUR HIDUP
DKC002786,3276015601822786,Siti Hutapea,Depok,1982-01-16,Perempuan,B,Jl. Gunawan No. 24,011/003,Kebon Baru,Tebet,Depok,Jawa Barat,ISLAM,Cerai Hidup,Wiraswasta,WNI,SEUMUR HIDUP
DKC002787,3174016107912787,Ani Tanjung,Jakarta Selatan,1991-07-21,Perempuan,A,Jl. Tanjung No. 36,001/007,Sukamaju,Bekasi Timur,Jakarta Selatan,DKI Jakarta,ISLAM,Belum Menikah,Wiraswasta,WNI,SEUMUR HIDUP
DKC002788,3174014403002788,Sari Siregar,Jakarta Selatan,2000-03-04,Perempuan,A,Jl. Halim No. 33,003/002,Duren Sawit,Cengkareng,Jakarta Selatan,DKI Jakarta,KRISTEN,Cerai Mati,Wiraswasta,WNI,SEUMUR HIDUP
DKC002789,3671015408012789,Sari Nugroho,Tangerang,2001-08-14,Perempuan,B,Jl. Rahman No. 68,011/003,Rawa Bunga,Bekasi Timur,Tangerang,Banten,ISLAM,Menikah,Wiraswasta,WNI,SEUMUR HIDUP
DKC002790,3271015202772790,Ani Lubis,Bogor,1977-02-12,Perempuan,B,Jl. Permana No. 22,009/005,Rawa Bunga,Cengkareng,Bogor,Jawa Barat,KRISTEN,Cerai Mati,Wiraswasta,WNI,SEUMUR HIDUP
DKC002791,3276015604972791,Dian Setiawan,Depok,1997-04-16,Perempuan,AB,Jl. Wijaya No. 137,002/005,Duren Sawit,Tebet,Depok,Jawa Barat,KRISTEN,Belum Menikah,Wiraswasta,WNI,SEUMUR HIDUP
DKC002792,3671011108912792,Yusuf Halim,Tangerang,1991-08-11,Laki-Laki,B,Jl. Halim No. 131,001/004,Rawa Bunga,Serpong,Tangerang,Banten,KRISTEN,Menikah,Wiraswasta,WNI,SEUMUR HIDUP
DKC002793,3275016004872793,Siti Handoko,Bekasi,1987-04-20,Perempuan,A,Jl. Siregar No. 116,004/006,Duren Sawit,Cengkareng,Bekasi,Jawa Barat,KRISTEN,Cerai Hidup,Wiraswasta,WNI,SEUMUR HIDUP
DKC002794,3671010102872794,Wahyu Hutapea,Tangerang,1987-02-01,Laki-Laki,O,Jl. Handoko No. 65,005/005,Cipete,Cengkareng,Tangerang,Banten,BUDDHA,Belum Menikah,Wiraswasta,WNI,SEUMUR HIDUP
DKC002795,3275011103672795,Bambang Permana,Bekasi,1967-03-11,Laki-Laki,O,Jl. Santoso No. 99,010/009,Cempaka Putih,Bekasi Timur,Bekasi,Jawa Barat,KATOLIK,Cerai Mati,Wiraswasta,WNI,SEUMUR HIDUP
DKC002796,3271010203012796,Rian Lubis,Bogor,2001-03-02,Laki-Laki,AB,Jl. Hidayat No. 128,008/010,Kebon Baru,Sukmajaya,Bogor,Jawa Barat,KATOLIK,Cerai Hidup,Wiraswasta,WNI,SEUMUR HIDUP
DKC002797,3171015106702797,Siti Siregar,Jakarta Pusat,1970-06-11,Perempuan,A,Jl. Firmansyah No. 7,008/003,Rawa Bunga,Cengkareng,Jakarta Pusat,DKI Jakarta,KATOLIK,Belum Menikah,Wiraswasta,WNI,SEUMUR HIDUP
DKC002798,3275016309902798,Dewi Kurniawan,Bekasi,1990-09-23,Perempuan,B,Jl. Setiawan No. 65,008/001,Bintaro,Sukmajaya,Bekasi,Jawa Barat,KRISTEN,Cerai Mati,Wiraswasta,WNI,SEUMUR HIDUP
DKC002799,3173012304782799,Rudi Lubis,Jakarta Barat,1978-04-23,Laki-Laki,B,Jl. Saputra No. 101,001/004,Cempaka Putih,Cengkareng,Jakarta Barat,DKI Jakarta,ISLAM,Belum Menikah,Wiraswasta,WNI,SEUMUR HIDUP
DKC002800,3671017012762800,Fitri Lubis,Tangerang,1976-12-30,Perempuan,B,Jl. Suryadi No. 143,010/006,Cempaka Putih,Serpong,Tangerang,Banten,KRISTEN,Cerai Mati,Wiraswasta,WNI,SEUMUR HIDUP
DKC002801,3671012607902801,Yudi Handoko,Tangerang,1990-07-26,Laki-Laki,O,Jl. Panjaitan No. 68,006/005,Rawa Bunga,Serpong,Tangerang,Banten,BUDDHA,Cerai Hidup,Wiraswasta,WNI,SEUMUR HIDUP
DKC002802,3171015502852802,Desi Kusuma,Jakarta Pusat,1985-02-15,Perempuan,B,Jl. Panjaitan No. 28,008/005,Cempaka Putih,Bekasi Timur,Jakarta Pusat,DKI Jakarta,KONGHUCU,Menikah,Wiraswasta,WNI,SEUMUR HIDUP
DKC002803,3671012301662803,Dedi Setiawan,Tangerang,1966-01-23,Laki-Laki,B,Jl. Hidayat No. 54,007/003,Bintaro,Bekasi Timur,Tangerang,Banten,ISLAM,Cerai Mati,Wiraswasta,WNI,SEUMUR HIDUP
DKC002804,3671016005992804,Suryani Firmansyah,Tangerang,1999-05-20,Perempuan,AB,Jl. Wijaya No. 72,012/007,Rawa Bunga,Serpong,Tangerang,Banten,KATOLIK,Menikah,Wiraswasta,WNI,SEUMUR HIDUP
DKC002805,3276012208872805,Hendra Rahman,Depok,1987-08-22,Laki-Laki,A,Jl. Saputra No. 5,006/001,Cempaka Putih,Serpong,Depok,Jawa Barat,KRISTEN,Belum Menikah,Wiraswasta,WNI,SEUMUR HIDUP
DKC002806,3671012006952806,Ahmad Situmorang,Tangerang,1995-06-20,Laki-Laki,AB,Jl. Siregar No. 92,003/009,Cempaka Putih,Bekasi Timur,Tangerang,Banten,HINDU,Cerai Mati,Wiraswasta,WNI,SEUMUR HIDUP
DKC002807,3171015301932807,Retno Firmansyah,Jakarta Pusat,1993-01-13,Perempuan,B,Jl. Gunawan No. 68,004/004,Bintaro,Kramat Jati,Jakarta Pusat,DKI Jakarta,KONGHUCU,Belum Menikah,Wiraswasta,WNI,SEUMUR HIDUP
DKC002808,3671015307992808,Ayu Hidayat,Tangerang,1999-07-13,Perempuan,B,Jl. Kurniawan No. 89,002/001,Sukamaju,Kramat Jati,Tangerang,Banten,HINDU,Menikah,Wiraswasta,WNI,SEUMUR HIDUP
DKC002809,3174016007762809,Novi Situmorang,Jakarta Selatan,1976-07-20,Perempuan,B,Jl. Tanjung No. 65,012/009,Cipete,Sukmajaya,Jakarta Selatan,DKI Jakarta,KONGHUCU,Cerai Mati,Wiraswasta,WNI,SEUMUR HIDUP
DKC002810,3175016812802810,Yuni Handoko,Jakarta Timur,1980-12-28,Perempuan,O,Jl. Nugroho No. 29,001/006,Cempaka Putih,Tebet,Jakarta Timur,DKI Jakarta,BUDDHA,Belum Menikah,Wiraswasta,WNI,SEUMUR HIDUP
DKC002811,3174010411942811,Arif Suryadi,Jakarta Selatan,1994-11-04,Laki-Laki,AB,Jl. Wijaya No. 122,010/004,Kebon Baru,Bekasi Timur,Jakarta Selatan,DKI Jakarta,HINDU,Belum Menikah,Wiraswasta,WNI,SEUMUR HIDUP
DKC002812,3276010605772812,Dedi Simanjuntak,Depok,1977-05-06,Laki-Laki,A,Jl. Panjaitan No. 80,009/006,Sukamaju,Kramat Jati,Depok,Jawa Barat,KONGHUCU,Cerai Mati,Wiraswasta,WNI,SEUMUR HIDUP
DKC002813,3671016807882813,Nina Tanjung,Tangerang,1988-07-28,Perempuan,B,Jl. Permana No. 140,012/001,Sukamaju,Sukmajaya,Tangerang,Banten,ISLAM,Cerai Mati,Wiraswasta,WNI,SEUMUR HIDUP
DKC002814,3671013110682814,Hendra Santoso,Tangerang,1968-10-31,Laki-Laki,B,Jl. Situmorang No. 32,009/010,Duren Sawit,Cengkareng,Tangerang,Banten,KRISTEN,Belum Menikah,Wiraswasta,WNI,SEUMUR HIDUP
DKC002815,3171015107752815,Rita Permana,Jakarta Pusat,1975-07-11,Perempuan,B,Jl. Kurniawan No. 84,010/010,Bintaro,Cengkareng,Jakarta Pusat,DKI Jakarta,ISLAM,Cerai Mati,Wiraswasta,WNI,SEUMUR HIDUP
DKC002816,3171014407722816,Novi Simanjuntak,Jakarta Pusat,1972-07-04,Perempuan,B,Jl. Santoso No. 142,009/009,Sukamaju,Bekasi Timur,Jakarta Pusat,DKI Jakarta,ISLAM,Cerai Hidup,Wiraswasta,WNI,SEUMUR HIDUP
DKC002817,3171010409002817,Hadi Gunawan,Jakarta Pusat,2000-09-04,Laki-Laki,AB,Jl. Saputra No. 57,001/001,Bintaro,Sukmajaya,Jakarta Pusat,DKI Jakarta,KONGHUCU,Cerai Mati,Wiraswasta,WNI,SEUMUR HIDUP
DKC002818,3671016407792818,Sari Halim,Tangerang,1979-07-24,Perempuan,AB,Jl. Lubis No. 139,006/001,Rawa Bunga,Sukmajaya,Tangerang,Banten,ISLAM,Cerai Hidup,Wiraswasta,WNI,SEUMUR HIDUP
DKC002819,3671016311722819,Dewi Susanto,Tangerang,1972-11-23,Perempuan,B,Jl. Wibowo No. 106,010/005,Cipete,Kramat Jati,Tangerang,Banten,HINDU,Belum Menikah,Wiraswasta,WNI,SEUMUR HIDUP
DKC002820,3671014312772820,Ratna Saputra,Tangerang,1977-12-03,Perempuan,B,Jl. Wijaya No. 79,004/009,Duren Sawit,Serpong,Tangerang,Banten,KATOLIK,Menikah,Wiraswasta,WNI,SEUMUR HIDUP
DKC002821,3174014511862821,Suryani Wibowo,Jakarta Selatan,1986-11-05,Perempuan,O,Jl. Firmansyah No. 50,005/010,Kebon Baru,Sukmajaya,Jakarta Selatan,DKI Jakarta,KATOLIK,Menikah,Wiraswasta,WNI,SEUMUR HIDUP
DKC002822,3674014307762822,Retno Hutapea,Tangerang Selatan,1976-07-03,Perempuan,A,Jl. Suryadi No. 143,011/009,Cipete,Sukmajaya,Tangerang Selatan,Jawa Barat,BUDDHA,Cerai Hidup,Wiraswasta,WNI,SEUMUR HIDUP
DKC002823,3671015609982823,Novi Firmansyah,Tangerang,1998-09-16,Perempuan,A,Jl. Wijaya No. 102,011/007,Bintaro,Serpong,Tangerang,Banten,KRISTEN,Cerai Mati,Wiraswasta,WNI,SEUMUR HIDUP
DKC002824,3276015904942824,Rina Kusuma,Depok,1994-04-19,Perempuan,O,Jl. Rahman No. 82,004/008,Bintaro,Tebet,Depok,Jawa Barat,ISLAM,Belum Menikah,Wiraswasta,WNI,SEUMUR HIDUP
DKC002825,3173016103982825,Rita Hidayat,Jakarta Barat,1998-03-21,Perempuan,AB,Jl. Halim No. 134,003/005,Kebon Baru,Bekasi Timur,Jakarta Barat,DKI Jakarta,BUDDHA,Menikah,Wiraswasta,WNI,SEUMUR HIDUP
DKC002826,3275016308862826,Novi Santoso,Bekasi,1986-08-23,Perempuan,B,Jl. Wibowo No. 89,002/009,Bintaro,Cengkareng,Bekasi,Jawa Barat,HINDU,Belum Menikah,Wiraswasta,WNI,SEUMUR HIDUP
DKC002827,3671015412982827,Melati Hutapea,Tangerang,1998-12-14,Perempuan,A,Jl. Situmorang No. 57,011/003,Bintaro,Kramat Jati,Tangerang,Banten,KATOLIK,Cerai Mati,Wiraswasta,WNI,SEUMUR HIDUP
DKC002828,3674011304732828,Dedi Halim,Tangerang Selatan,1973-04-13,Laki-Laki,A,Jl. Setiawan No. 64,001/001,Rawa Bunga,Bekasi Timur,Tangerang Selatan,Jawa Barat,KONGHUCU,Cerai Hidup,Wiraswasta,WNI,SEUMUR HIDUP
DKC002829,3175012302732829,Rudi Nugroho,Jakarta Timur,1973-02-23,Laki-Laki,AB,Jl. Situmorang No. 100,007/001,Sukamaju,Sukmajaya,Jakarta Timur,DKI Jakarta,BUDDHA,Menikah,Wiraswasta,WNI,SEUMUR HIDUP
DKC002830,3671014904832830,Suryani Handoko,Tangerang,1983-04-09,Perempuan,A,Jl. Hutapea No. 53,001/004,Duren Sawit,Tebet,Tangerang,Banten,KRISTEN,Cerai Mati,Wiraswasta,WNI,SEUMUR HIDUP
DKC002831,3172015702882831,Sari Hidayat,Jakarta Utara,1988-02-17,Perempuan,AB,Jl. Permana No. 138,005/010,Bintaro,Serpong,Jakarta Utara,DKI Jakarta,HINDU,Menikah,Wiraswasta,WNI,SEUMUR HIDUP
DKC002832,3275015202662832,Retno Wijaya,Bekasi,1966-02-12,Perempuan,O,Jl. Firmansyah No. 97,002/005,Kebon Baru,Kramat Jati,Bekasi,Jawa Barat,HINDU,Menikah,Wiraswasta,WNI,SEUMUR HIDUP
DKC002833,3671012309972833,Yudi Firmansyah,Tangerang,1997-09-23,Laki-Laki,O,Jl. Susanto No. 73,004/007,Bintaro,Tebet,Tangerang,Banten,KONGHUCU,Cerai Mati,Wiraswasta,WNI,SEUMUR HIDUP
DKC002834,3674011305732834,Dimas Hutapea,Tangerang Selatan,1973-05-13,Laki-Laki,A,Jl. Halim No. 123,012/008,Duren Sawit,Tebet,Tangerang Selatan,Jawa Barat,KONGHUCU,Cerai Hidup,Wiraswasta,WNI,SEUMUR HIDUP
DKC002835,3674016106702835,Maya Kusuma,Tangerang Selatan,1970-06-21,Perempuan,B,Jl. Susanto No. 139,012/008,Duren Sawit,Tebet,Tangerang Selatan,Jawa Barat,KATOLIK,Belum Menikah,Wiraswasta,WNI,SEUMUR HIDUP
DKC002836,3174017103762836,Ayu Halim,Jakarta Selatan,1976-03-31,Perempuan,A,Jl. Panjaitan No. 129,009/008,Cempaka Putih,Bekasi Timur,Jakarta Selatan,DKI Jakarta,KRISTEN,Cerai Hidup,Wiraswasta,WNI,SEUMUR HIDUP
DKC002837,3171011203742837,Andi Tanjung,Jakarta Pusat,1974-03-12,Laki-Laki,B,Jl. Siregar No. 150,009/003,Sukajadi,Cengkareng,Jakarta Pusat,DKI Jakarta,BUDDHA,Menikah,Wiraswasta,WNI,SEUMUR HIDUP
DKC002838,3171011908032838,Hadi Hutapea,Jakarta Pusat,2003-08-19,Laki-Laki,B,Jl. Lubis No. 2,005/005,Duren Sawit,Cengkareng,Jakarta Pusat,DKI Jakarta,HINDU,Cerai Mati,Wiraswasta,WNI,SEUMUR HIDUP
DKC002839,3671015512692839,Rina Halim,Tangerang,1969-12-15,Perempuan,O,Jl. Tanjung No. 98,007/001,Duren Sawit,Cengkareng,Tangerang,Banten,HINDU,Belum Menikah,Wiraswasta,WNI,SEUMUR HIDUP
DKC002840,3271011608812840,Bayu Saputra,Bogor,1981-08-16,Laki-Laki,O,Jl. Tanjung No. 103,008/008,Cipete,Cengkareng,Bogor,Jawa Barat,HINDU,Cerai Mati,Wiraswasta,WNI,SEUMUR HIDUP
DKC002841,3674014702672841,Putri Firmansyah,Tangerang Selatan,1967-02-07,Perempuan,AB,Jl. Setiawan No. 3,009/006,Cempaka Putih,Sukmajaya,Tangerang Selatan,Jawa Barat,HINDU,Cerai Hidup,Wiraswasta,WNI,SEUMUR HIDUP
DKC002842,3174015001872842,Melati Gunawan,Jakarta Selatan,1987-01-10,Perempuan,AB,Jl. Wijaya No. 74,010/010,Bintaro,Sukmajaya,Jakarta Selatan,DKI Jakarta,KRISTEN,Cerai Mati,Wiraswasta,WNI,SEUMUR HIDUP
DKC002843,3271011205712843,Hadi Halim,Bogor,1971-05-12,Laki-Laki,B,Jl. Santoso No. 111,002/009,Rawa Bunga,Serpong,Bogor,Jawa Barat,ISLAM,Cerai Mati,Wiraswasta,WNI,SEUMUR HIDUP
DKC002844,3276011312932844,Iwan Rahman,Depok,1993-12-13,Laki-Laki,O,Jl. Lubis No. 71,001/001,Cipete,Bekasi Timur,Depok,Jawa Barat,KRISTEN,Cerai Hidup,Wiraswasta,WNI,SEUMUR HIDUP
DKC002845,3172014609662845,Anggi Permana,Jakarta Utara,1966-09-06,Perempuan,B,Jl. Pratama No. 23,005/004,Sukamaju,Kramat Jati,Jakarta Utara,DKI Jakarta,ISLAM,Belum Menikah,Wiraswasta,WNI,SEUMUR HIDUP
DKC002846,3174011001702846,Fajar Santoso,Jakarta Selatan,1970-01-10,Laki-Laki,AB,Jl. Lubis No. 6,007/006,Duren Sawit,Sukmajaya,Jakarta Selatan,DKI Jakarta,BUDDHA,Cerai Hidup,Wiraswasta,WNI,SEUMUR HIDUP
DKC002847,3271016712702847,Ayu Handoko,Bogor,1970-12-27,Perempuan,AB,Jl. Halim No. 40,010/007,Sukajadi,Cengkareng,Bogor,Jawa Barat,ISLAM,Cerai Hidup,Wiraswasta,WNI,SEUMUR HIDUP
DKC002848,3271011707802848,Joko Simanjuntak,Bogor,1980-07-17,Laki-Laki,O,Jl. Hutapea No. 134,004/006,Sukajadi,Bekasi Timur,Bogor,Jawa Barat,BUDDHA,Belum Menikah,Wiraswasta,WNI,SEUMUR HIDUP
DKC002849,3671016109792849,Lina Kurniawan,Tangerang,1979-09-21,Perempuan,AB,Jl. Wibowo No. 109,010/007,Kebon Baru,Serpong,Tangerang,Banten,KRISTEN,Cerai Hidup,Wiraswasta,WNI,SEUMUR HIDUP
DKC002850,3173016304942850,Yanti Firmansyah,Jakarta Barat,1994-04-23,Perempuan,B,Jl. Gunawan No. 100,001/002,Sukajadi,Serpong,Jakarta Barat,DKI Jakarta,HINDU,Belum Menikah,Wiraswasta,WNI,SEUMUR HIDUP
DKC002851,3671014706932851,Anggi Permana,Tangerang,1993-06-07,Perempuan,O,Jl. Permana No. 44,010/004,Cipete,Serpong,Tangerang,Banten,BUDDHA,Cerai Hidup,Wiraswasta,WNI,SEUMUR HIDUP
DKC002852,3275010810862852,Joko Kusuma,Bekasi,1986-10-08,Laki-Laki,O,Jl. Hidayat No. 112,008/010,Sukamaju,Tebet,Bekasi,Jawa Barat,ISLAM,Belum Menikah,Wiraswasta,WNI,SEUMUR HIDUP
DKC002853,3671016806952853,Kartika Kurniawan,Tangerang,1995-06-28,Perempuan,AB,Jl. Panjaitan No. 33,001/004,Bintaro,Kramat Jati,Tangerang,Banten,ISLAM,Belum Menikah,Wiraswasta,WNI,SEUMUR HIDUP
DKC002854,3671013108902854,Doni Halim,Tangerang,1990-08-31,Laki-Laki,A,Jl. Tanjung No. 71,006/007,Cempaka Putih,Cengkareng,Tangerang,Banten,KONGHUCU,Cerai Hidup,Wiraswasta,WNI,SEUMUR HIDUP
DKC002855,3174015803692855,Lina Pratama,Jakarta Selatan,1969-03-18,Perempuan,O,Jl. Gunawan No. 109,007/004,Kebon Baru,Sukmajaya,Jakarta Selatan,DKI Jakarta,KRISTEN,Cerai Hidup,Wiraswasta,WNI,SEUMUR HIDUP
DKC002856,3276012910972856,Dimas Setiawan,Depok,1997-10-29,Laki-Laki,B,Jl. Wibowo No. 33,006/004,Sukajadi,Cengkareng,Depok,Jawa Barat,ISLAM,Belum Menikah,Wiraswasta,WNI,SEUMUR HIDUP
DKC002857,3271011205032857,Gunawan Handoko,Bogor,2003-05-12,Laki-Laki,AB,Jl. Kurniawan No. 71,003/001,Cempaka Putih,Cengkareng,Bogor,Jawa Barat,BUDDHA,Cerai Hidup,Wiraswasta,WNI,SEUMUR HIDUP
DKC002858,3173012407772858,Doni Halim,Jakarta Barat,1977-07-24,Laki-Laki,AB,Jl. Santoso No. 55,012/004,Cempaka Putih,Sukmajaya,Jakarta Barat,DKI Jakarta,ISLAM,Cerai Mati,Wiraswasta,WNI,SEUMUR HIDUP
DKC002859,3275012407782859,Dedi Firmansyah,Bekasi,1978-07-24,Laki-Laki,B,Jl. Kurniawan No. 7,010/001,Bintaro,Bekasi Timur,Bekasi,Jawa Barat,ISLAM,Belum Menikah,Wiraswasta,WNI,SEUMUR HIDUP
DKC002860,3671011910702860,Sutrisno Gunawan,Tangerang,1970-10-19,Laki-Laki,O,Jl. Handoko No. 57,008/007,Rawa Bunga,Cengkareng,Tangerang,Banten,KATOLIK,Cerai Mati,Wiraswasta,WNI,SEUMUR HIDUP
DKC002861,3173014501812861,Rina Suryadi,Jakarta Barat,1981-01-05,Perempuan,O,Jl. Nugroho No. 87,006/005,Sukajadi,Cengkareng,Jakarta Barat,DKI Jakarta,HINDU,Menikah,Wiraswasta,WNI,SEUMUR HIDUP
DKC002862,3674012909692862,Krisna Wibowo,Tangerang Selatan,1969-09-29,Laki-Laki,AB,Jl. Lubis No. 64,010/004,Cempaka Putih,Sukmajaya,Tangerang Selatan,Jawa Barat,KATOLIK,Belum Menikah,Wiraswasta,WNI,SEUMUR HIDUP
DKC002863,3174014507802863,Lina Wijaya,Jakarta Selatan,1980-07-05,Perempuan,A,Jl. Tanjung No. 26,004/005,Kebon Baru,Serpong,Jakarta Selatan,DKI Jakarta,KRISTEN,Menikah,Wiraswasta,WNI,SEUMUR HIDUP
DKC002864,3671015508872864,Sri Handoko,Tangerang,1987-08-15,Perempuan,B,Jl. Susanto No. 115,008/004,Kebon Baru,Serpong,Tangerang,Banten,BUDDHA,Menikah,Wiraswasta,WNI,SEUMUR HIDUP
DKC002865,3171010803852865,Iwan Simanjuntak,Jakarta Pusat,1985-03-08,Laki-Laki,A,Jl. Hutapea No. 29,003/008,Rawa Bunga,Sukmajaya,Jakarta Pusat,DKI Jakarta,KRISTEN,Cerai Hidup,Wiraswasta,WNI,SEUMUR HIDUP
DKC002866,3175016312002866,Novi Lubis,Jakarta Timur,2000-12-23,Perempuan,B,Jl. Kurniawan No. 23,007/003,Cempaka Putih,Tebet,Jakarta Timur,DKI Jakarta,KONGHUCU,Cerai Mati,Wiraswasta,WNI,SEUMUR HIDUP
DKC002867,3174014303972867,Nina Kurniawan,Jakarta Selatan,1997-03-03,Perempuan,AB,Jl. Firmansyah No. 49,007/005,Kebon Baru,Bekasi Timur,Jakarta Selatan,DKI Jakarta,KATOLIK,Cerai Hidup,Wiraswasta,WNI,SEUMUR HIDUP
DKC002868,3671016205912868,Yuni Pratama,Tangerang,1991-05-22,Perempuan,A,Jl. Firmansyah No. 38,003/001,Sukamaju,Bekasi Timur,Tangerang,Banten,KONGHUCU,Belum Menikah,Wiraswasta,WNI,SEUMUR HIDUP
DKC002869,3276012604792869,Krisna Suryadi,Depok,1979-04-26,Laki-Laki,B,Jl. Suryadi No. 131,001/009,Bintaro,Sukmajaya,Depok,Jawa Barat,KATOLIK,Cerai Mati,Wiraswasta,WNI,SEUMUR HIDUP
DKC002870,3171013003892870,Agus Simanjuntak,Jakarta Pusat,1989-03-30,Laki-Laki,AB,Jl. Hidayat No. 11,001/001,Sukamaju,Tebet,Jakarta Pusat,DKI Jakarta,KONGHUCU,Cerai Mati,Wiraswasta,WNI,SEUMUR HIDUP
DKC002871,3674011412932871,Gunawan Setiawan,Tangerang Selatan,1993-12-14,Laki-Laki,O,Jl. Suryadi No. 85,005/007,Rawa Bunga,Sukmajaya,Tangerang Selatan,Jawa Barat,HINDU,Menikah,Wiraswasta,WNI,SEUMUR HIDUP
DKC002872,3671017009852872,Sri Rahman,Tangerang,1985-09-30,Perempuan,A,Jl. Nugroho No. 75,005/007,Kebon Baru,Kramat Jati,Tangerang,Banten,KRISTEN,Cerai Hidup,Wiraswasta,WNI,SEUMUR HIDUP
DKC002873,3671016105032873,Maya Tanjung,Tangerang,2003-05-21,Perempuan,AB,Jl. Situmorang No. 17,006/005,Cipete,Serpong,Tangerang,Banten,KRISTEN,Cerai Hidup,Wiraswasta,WNI,SEUMUR HIDUP
DKC002874,3276012501792874,Hadi Gunawan,Depok,1979-01-25,Laki-Laki,A,Jl. Kusuma No. 94,002/008,Cipete,Sukmajaya,Depok,Jawa Barat,KONGHUCU,Cerai Mati,Wiraswasta,WNI,SEUMUR HIDUP
DKC002875,3674014509792875,Lina Siregar,Tangerang Selatan,1979-09-05,Perempuan,O,Jl. Santoso No. 11,011/004,Kebon Baru,Bekasi Timur,Tangerang Selatan,Jawa Barat,KONGHUCU,Cerai Hidup,Wiraswasta,WNI,SEUMUR HIDUP
DKC002876,3271012102882876,Hendra Siregar,Bogor,1988-02-21,Laki-Laki,AB,Jl. Tanjung No. 36,002/001,Cempaka Putih,Kramat Jati,Bogor,Jawa Barat,KRISTEN,Cerai Hidup,Wiraswasta,WNI,SEUMUR HIDUP
DKC002877,3271011307862877,Rian Firmansyah,Bogor,1986-07-13,Laki-Laki,AB,Jl. Panjaitan No. 51,008/003,Kebon Baru,Bekasi Timur,Bogor,Jawa Barat,HINDU,Cerai Mati,Wiraswasta,WNI,SEUMUR HIDUP
DKC002878,3276011004842878,Wahyu Kurniawan,Depok,1984-04-10,Laki-Laki,AB,Jl. Hidayat No. 15,003/010,Bintaro,Tebet,Depok,Jawa Barat,BUDDHA,Menikah,Wiraswasta,WNI,SEUMUR HIDUP
DKC002879,3171012606912879,Yudi Handoko,Jakarta Pusat,1991-06-26,Laki-Laki,B,Jl. Saputra No. 5,010/004,Rawa Bunga,Serpong,Jakarta Pusat,DKI Jakarta,KRISTEN,Cerai Hidup,Wiraswasta,WNI,SEUMUR HIDUP
DKC002880,3172011408932880,Iwan Setiawan,Jakarta Utara,1993-08-14,Laki-Laki,AB,Jl. Wijaya No. 23,012/005,Cipete,Kramat Jati,Jakarta Utara,DKI Jakarta,BUDDHA,Cerai Hidup,Wiraswasta,WNI,SEUMUR HIDUP
DKC002881,3671012111732881,Hadi Permana,Tangerang,1973-11-21,Laki-Laki,A,Jl. Rahman No. 120,009/004,Duren Sawit,Bekasi Timur,Tangerang,Banten,HINDU,Cerai Mati,Wiraswasta,WNI,SEUMUR HIDUP
DKC002882,3671010912782882,Agus Suryadi,Tangerang,1978-12-09,Laki-Laki,AB,Jl. Wibowo No. 111,007/007,Duren Sawit,Serpong,Tangerang,Banten,BUDDHA,Belum Menikah,Wiraswasta,WNI,SEUMUR HIDUP
DKC002883,3172014606932883,Suryani Lubis,Jakarta Utara,1993-06-06,Perempuan,AB,Jl. Hidayat No. 133,007/009,Cempaka Putih,Serpong,Jakarta Utara,DKI Jakarta,KONGHUCU,Cerai Hidup,Wiraswasta,WNI,SEUMUR HIDUP
DKC002884,3276012912792884,Dimas Gunawan,Depok,1979-12-29,Laki-Laki,O,Jl. Pratama No. 147,008/003,Cipete,Bekasi Timur,Depok,Jawa Barat,BUDDHA,Belum Menikah,Wiraswasta,WNI,SEUMUR HIDUP
DKC002885,3175010302852885,Yudi Situmorang,Jakarta Timur,1985-02-03,Laki-Laki,B,Jl. Handoko No. 63,011/005,Cipete,Sukmajaya,Jakarta Timur,DKI Jakarta,KONGHUCU,Belum Menikah,Wiraswasta,WNI,SEUMUR HIDUP
DKC002886,3671016112852886,Dewi Panjaitan,Tangerang,1985-12-21,Perempuan,B,Jl. Hidayat No. 62,005/005,Cipete,Bekasi Timur,Tangerang,Banten,HINDU,Menikah,Wiraswasta,WNI,SEUMUR HIDUP
DKC002887,3674012511682887,Rudi Saputra,Tangerang Selatan,1968-11-25,Laki-Laki,A,Jl. Wibowo No. 132,007/003,Cipete,Serpong,Tangerang Selatan,Jawa Barat,KONGHUCU,Cerai Mati,Wiraswasta,WNI,SEUMUR HIDUP
DKC002888,3671010811652888,Wahyu Firmansyah,Tangerang,1965-11-08,Laki-Laki,B,Jl. Lubis No. 93,002/009,Cipete,Sukmajaya,Tangerang,Banten,KONGHUCU,Cerai Hidup,Wiraswasta,WNI,SEUMUR HIDUP
DKC002889,3175014204772889,Retno Kurniawan,Jakarta Timur,1977-04-02,Perempuan,A,Jl. Rahman No. 139,004/004,Sukajadi,Sukmajaya,Jakarta Timur,DKI Jakarta,KRISTEN,Menikah,Wiraswasta,WNI,SEUMUR HIDUP
DKC002890,3671010601772890,Slamet Siregar,Tangerang,1977-01-06,Laki-Laki,O,Jl. Permana No. 150,002/003,Kebon Baru,Bekasi Timur,Tangerang,Banten,HINDU,Belum Menikah,Wiraswasta,WNI,SEUMUR HIDUP
DKC002891,3671010503722891,Andi Situmorang,Tangerang,1972-03-05,Laki-Laki,A,Jl. Kurniawan No. 99,004/002,Rawa Bunga,Kramat Jati,Tangerang,Banten,ISLAM,Menikah,Wiraswasta,WNI,SEUMUR HIDUP
DKC002892,3175012510712892,Fajar Siregar,Jakarta Timur,1971-10-25,Laki-Laki,B,Jl. Kurniawan No. 50,004/007,Kebon Baru,Serpong,Jakarta Timur,DKI Jakarta,ISLAM,Cerai Hidup,Wiraswasta,WNI,SEUMUR HIDUP
DKC002893,3174011407722893,Taufik Rahman,Jakarta Selatan,1972-07-14,Laki-Laki,O,Jl. Wijaya No. 47,004/002,Cipete,Bekasi Timur,Jakarta Selatan,DKI Jakarta,KRISTEN,Menikah,Wiraswasta,WNI,SEUMUR HIDUP
DKC002894,3275011801032894,Hendra Simanjuntak,Bekasi,2003-01-18,Laki-Laki,B,Jl. Saputra No. 117,008/006,Cipete,Sukmajaya,Bekasi,Jawa Barat,KONGHUCU,Menikah,Wiraswasta,WNI,SEUMUR HIDUP
DKC002895,3671010806942895,Anton Santoso,Tangerang,1994-06-08,Laki-Laki,A,Jl. Suryadi No. 97,006/004,Cempaka Putih,Cengkareng,Tangerang,Banten,KATOLIK,Belum Menikah,Wiraswasta,WNI,SEUMUR HIDUP
DKC002896,3275016009812896,Yuni Kusuma,Bekasi,1981-09-20,Perempuan,A,Jl. Gunawan No. 73,012/008,Duren Sawit,Bekasi Timur,Bekasi,Jawa Barat,BUDDHA,Menikah,Wiraswasta,WNI,SEUMUR HIDUP
DKC002897,3172011404852897,Hadi Tanjung,Jakarta Utara,1985-04-14,Laki-Laki,A,Jl. Setiawan No. 124,003/009,Cempaka Putih,Tebet,Jakarta Utara,DKI Jakarta,KATOLIK,Menikah,Wiraswasta,WNI,SEUMUR HIDUP
DKC002898,3671011708032898,Iwan Nugroho,Tangerang,2003-08-17,Laki-Laki,B,Jl. Susanto No. 146,011/002,Cempaka Putih,Kramat Jati,Tangerang,Banten,KRISTEN,Menikah,Wiraswasta,WNI,SEUMUR HIDUP
DKC002899,3174016210812899,Yanti Lubis,Jakarta Selatan,1981-10-22,Perempuan,B,Jl. Pratama No. 68,012/002,Kebon Baru,Kramat Jati,Jakarta Selatan,DKI Jakarta,KONGHUCU,Cerai Hidup,Wiraswasta,WNI,SEUMUR HIDUP
DKC002900,3276011103812900,Anton Suryadi,Depok,1981-03-11,Laki-Laki,B,Jl. Tanjung No. 11,003/002,Kebon Baru,Tebet,Depok,Jawa Barat,ISLAM,Cerai Mati,Wiraswasta,WNI,SEUMUR HIDUP
DKC002901,3671014606722901,Rita Halim,Tangerang,1972-06-06,Perempuan,B,Jl. Pratama No. 99,008/001,Sukajadi,Serpong,Tangerang,Banten,ISLAM,Cerai Mati,Wiraswasta,WNI,SEUMUR HIDUP
DKC002902,3173014301862902,Ayu Saputra,Jakarta Barat,1986-01-03,Perempuan,O,Jl. Panjaitan No. 35,010/001,Cempaka Putih,Cengkareng,Jakarta Barat,DKI Jakarta,ISLAM,Cerai Hidup,Wiraswasta,WNI,SEUMUR HIDUP
DKC002903,3276012305842903,Dimas Wibowo,Depok,1984-05-23,Laki-Laki,O,Jl. Nugroho No. 5,003/003,Sukamaju,Sukmajaya,Depok,Jawa Barat,BUDDHA,Cerai Hidup,Wiraswasta,WNI,SEUMUR HIDUP
DKC002904,3276012809932904,Ahmad Lubis,Depok,1993-09-28,Laki-Laki,A,Jl. Susanto No. 4,006/004,Sukajadi,Sukmajaya,Depok,Jawa Barat,BUDDHA,Cerai Hidup,Wiraswasta,WNI,SEUMUR HIDUP
DKC002905,3275012501852905,Agus Lubis,Bekasi,1985-01-25,Laki-Laki,AB,Jl. Gunawan No. 1,009/005,Rawa Bunga,Kramat Jati,Bekasi,Jawa Barat,BUDDHA,Cerai Hidup,Wiraswasta,WNI,SEUMUR HIDUP
DKC002906,3275015006752906,Suryani Handoko,Bekasi,1975-06-10,Perempuan,O,Jl. Kusuma No. 65,007/008,Bintaro,Tebet,Bekasi,Jawa Barat,KONGHUCU,Menikah,Wiraswasta,WNI,SEUMUR HIDUP
DKC002907,3674012503772907,Budi Tanjung,Tangerang Selatan,1977-03-25,Laki-Laki,AB,Jl. Wijaya No. 87,009/004,Rawa Bunga,Cengkareng,Tangerang Selatan,Jawa Barat,KONGHUCU,Menikah,Wiraswasta,WNI,SEUMUR HIDUP
DKC002908,3276012305852908,Ahmad Pratama,Depok,1985-05-23,Laki-Laki,O,Jl. Nugroho No. 36,009/003,Sukamaju,Tebet,Depok,Jawa Barat,KONGHUCU,Belum Menikah,Wiraswasta,WNI,SEUMUR HIDUP
DKC002909,3174011609982909,Budi Halim,Jakarta Selatan,1998-09-16,Laki-Laki,B,Jl. Kurniawan No. 50,005/001,Cipete,Kramat Jati,Jakarta Selatan,DKI Jakarta,HINDU,Menikah,Wiraswasta,WNI,SEUMUR HIDUP
DKC002910,3671012804812910,Bayu Simanjuntak,Tangerang,1981-04-28,Laki-Laki,A,Jl. Pratama No. 78,001/007,Rawa Bunga,Tebet,Tangerang,Banten,ISLAM,Cerai Mati,Wiraswasta,WNI,SEUMUR HIDUP
DKC002911,3174014409852911,Anggi Handoko,Jakarta Selatan,1985-09-04,Perempuan,A,Jl. Lubis No. 101,005/009,Rawa Bunga,Bekasi Timur,Jakarta Selatan,DKI Jakarta,BUDDHA,Cerai Mati,Wiraswasta,WNI,SEUMUR HIDUP
DKC002912,3671014305722912,Yuni Tanjung,Tangerang,1972-05-03,Perempuan,AB,Jl. Wijaya No. 115,012/010,Sukamaju,Cengkareng,Tangerang,Banten,KONGHUCU,Cerai Hidup,Wiraswasta,WNI,SEUMUR HIDUP
DKC002913,3671012811902913,Fajar Rahman,Tangerang,1990-11-28,Laki-Laki,A,Jl. Saputra No. 26,005/006,Cipete,Bekasi Timur,Tangerang,Banten,KONGHUCU,Cerai Mati,Wiraswasta,WNI,SEUMUR HIDUP
DKC002914,3172014808032914,Novi Permana,Jakarta Utara,2003-08-08,Perempuan,AB,Jl. Setiawan No. 69,010/007,Sukamaju,Tebet,Jakarta Utara,DKI Jakarta,HINDU,Menikah,Wiraswasta,WNI,SEUMUR HIDUP
DKC002915,3674013009782915,Yudi Saputra,Tangerang Selatan,1978-09-30,Laki-Laki,AB,Jl. Kurniawan No. 124,008/001,Cempaka Putih,Kramat Jati,Tangerang Selatan,Jawa Barat,KONGHUCU,Belum Menikah,Wiraswasta,WNI,SEUMUR HIDUP
DKC002916,3276011209782916,Wahyu Hutapea,Depok,1978-09-12,Laki-Laki,O,Jl. Kusuma No. 42,008/008,Cempaka Putih,Cengkareng,Depok,Jawa Barat,KRISTEN,Belum Menikah,Wiraswasta,WNI,SEUMUR HIDUP
DKC002917,3671011411882917,Iwan Halim,Tangerang,1988-11-14,Laki-Laki,AB,Jl. Kusuma No. 145,009/008,Kebon Baru,Cengkareng,Tangerang,Banten,KONGHUCU,Cerai Mati,Wiraswasta,WNI,SEUMUR HIDUP
DKC002918,3671012308742918,Hadi Pratama,Tangerang,1974-08-23,Laki-Laki,AB,Jl. Hutapea No. 121,011/001,Cempaka Putih,Serpong,Tangerang,Banten,KATOLIK,Menikah,Wiraswasta,WNI,SEUMUR HIDUP
DKC002919,3674010810732919,Taufik Kusuma,Tangerang Selatan,1973-10-08,Laki-Laki,AB,Jl. Situmorang No. 99,005/009,Duren Sawit,Cengkareng,Tangerang Selatan,Jawa Barat,KRISTEN,Cerai Mati,Wiraswasta,WNI,SEUMUR HIDUP
DKC002920,3175010406972920,Taufik Rahman,Jakarta Timur,1997-06-04,Laki-Laki,O,Jl. Lubis No. 89,003/004,Sukajadi,Sukmajaya,Jakarta Timur,DKI Jakarta,KONGHUCU,Cerai Mati,Wiraswasta,WNI,SEUMUR HIDUP
DKC002921,3173014203762921,Putri Pratama,Jakarta Barat,1976-03-02,Perempuan,AB,Jl. Nugroho No. 61,005/001,Cipete,Serpong,Jakarta Barat,DKI Jakarta,KRISTEN,Menikah,Wiraswasta,WNI,SEUMUR HIDUP
DKC002922,3171011302772922,Joko Permana,Jakarta Pusat,1977-02-13,Laki-Laki,A,Jl. Saputra No. 68,012/003,Sukajadi,Cengkareng,Jakarta Pusat,DKI Jakarta,HINDU,Belum Menikah,Wiraswasta,WNI,SEUMUR HIDUP
DKC002923,3276016408832923,Melati Hutapea,Depok,1983-08-24,Perempuan,B,Jl. Wibowo No. 44,009/009,Cipete,Kramat Jati,Depok,Jawa Barat,KRISTEN,Belum Menikah,Wiraswasta,WNI,SEUMUR HIDUP
DKC002924,3271015212762924,Novi Wijaya,Bogor,1976-12-12,Perempuan,AB,Jl. Halim No. 31,012/005,Kebon Baru,Cengkareng,Bogor,Jawa Barat,KATOLIK,Belum Menikah,Wiraswasta,WNI,SEUMUR HIDUP
DKC002925,3271012311762925,Andi Saputra,Bogor,1976-11-23,Laki-Laki,AB,Jl. Susanto No. 146,006/008,Duren Sawit,Kramat Jati,Bogor,Jawa Barat,ISLAM,Cerai Hidup,Wiraswasta,WNI,SEUMUR HIDUP
DKC002926,3674013008752926,Irfan Tanjung,Tangerang Selatan,1975-08-30,Laki-Laki,A,Jl. Halim No. 20,003/010,Sukajadi,Tebet,Tangerang Selatan,Jawa Barat,HINDU,Cerai Hidup,Wiraswasta,WNI,SEUMUR HIDUP
DKC002927,3175016008942927,Sari Simanjuntak,Jakarta Timur,1994-08-20,Perempuan,O,Jl. Susanto No. 46,010/010,Bintaro,Kramat Jati,Jakarta Timur,DKI Jakarta,KATOLIK,Cerai Mati,Wiraswasta,WNI,SEUMUR HIDUP
DKC002928,3671012210812928,Eko Hidayat,Tangerang,1981-10-22,Laki-Laki,A,Jl. Halim No. 62,001/001,Bintaro,Cengkareng,Tangerang,Banten,ISLAM,Cerai Hidup,Wiraswasta,WNI,SEUMUR HIDUP
DKC002929,3671014606032929,Sari Kurniawan,Tangerang,2003-06-06,Perempuan,AB,Jl. Handoko No. 146,003/004,Sukamaju,Cengkareng,Tangerang,Banten,HINDU,Belum Menikah,Wiraswasta,WNI,SEUMUR HIDUP
DKC002930,3174016602662930,Ratna Panjaitan,Jakarta Selatan,1966-02-26,Perempuan,A,Jl. Setiawan No. 65,007/005,Kebon Baru,Serpong,Jakarta Selatan,DKI Jakarta,HINDU,Cerai Mati,Wiraswasta,WNI,SEUMUR HIDUP
DKC002931,3671011009012931,Bambang Hidayat,Tangerang,2001-09-10,Laki-Laki,A,Jl. Firmansyah No. 107,001/007,Cipete,Serpong,Tangerang,Banten,KONGHUCU,Cerai Mati,Wiraswasta,WNI,SEUMUR HIDUP
DKC002932,3674011511752932,Rian Santoso,Tangerang Selatan,1975-11-15,Laki-Laki,O,Jl. Susanto No. 27,003/002,Bintaro,Sukmajaya,Tangerang Selatan,Jawa Barat,KONGHUCU,Menikah,Wiraswasta,WNI,SEUMUR HIDUP
DKC002933,3275014902032933,Ratna Santoso,Bekasi,2003-02-09,Perempuan,AB,Jl. Suryadi No. 22,006/010,Sukamaju,Tebet,Bekasi,Jawa Barat,ISLAM,Belum Menikah,Wiraswasta,WNI,SEUMUR HIDUP
DKC002934,3671016608682934,Siti Setiawan,Tangerang,1968-08-26,Perempuan,O,Jl. Wijaya No. 1,005/001,Cempaka Putih,Bekasi Timur,Tangerang,Banten,KRISTEN,Cerai Mati,Wiraswasta,WNI,SEUMUR HIDUP
DKC002935,3171011209672935,Gunawan Setiawan,Jakarta Pusat,1967-09-12,Laki-Laki,O,Jl. Kurniawan No. 68,012/010,Duren Sawit,Kramat Jati,Jakarta Pusat,DKI Jakarta,KATOLIK,Menikah,Wiraswasta,WNI,SEUMUR HIDUP
DKC002936,3674014109872936,Nina Wibowo,Tangerang Selatan,1987-09-01,Perempuan,AB,Jl. Pratama No. 9,001/002,Duren Sawit,Tebet,Tangerang Selatan,Jawa Barat,KATOLIK,Cerai Hidup,Wiraswasta,WNI,SEUMUR HIDUP
DKC002937,3173013012742937,Wahyu Wibowo,Jakarta Barat,1974-12-30,Laki-Laki,O,Jl. Pratama No. 64,012/009,Cipete,Tebet,Jakarta Barat,DKI Jakarta,KONGHUCU,Cerai Hidup,Wiraswasta,WNI,SEUMUR HIDUP
DKC002938,3671015003982938,Sri Kusuma,Tangerang,1998-03-10,Perempuan,AB,Jl. Suryadi No. 83,011/008,Cipete,Kramat Jati,Tangerang,Banten,HINDU,Belum Menikah,Wiraswasta,WNI,SEUMUR HIDUP
DKC002939,3674010906862939,Budi Gunawan,Tangerang Selatan,1986-06-09,Laki-Laki,O,Jl. Lubis No. 137,004/007,Bintaro,Bekasi Timur,Tangerang Selatan,Jawa Barat,ISLAM,Cerai Mati,Wiraswasta,WNI,SEUMUR HIDUP
DKC002940,3174016107812940,Desi Tanjung,Jakarta Selatan,1981-07-21,Perempuan,B,Jl. Simanjuntak No. 70,012/009,Sukajadi,Cengkareng,Jakarta Selatan,DKI Jakarta,ISLAM,Cerai Hidup,Wiraswasta,WNI,SEUMUR HIDUP
DKC002941,3175010804012941,Taufik Wijaya,Jakarta Timur,2001-04-08,Laki-Laki,O,Jl. Panjaitan No. 7,003/009,Rawa Bunga,Sukmajaya,Jakarta Timur,DKI Jakarta,KONGHUCU,Cerai Mati,Wiraswasta,WNI,SEUMUR HIDUP
DKC002942,3172016110832942,Ika Hutapea,Jakarta Utara,1983-10-21,Perempuan,B,Jl. Halim No. 79,011/008,Cipete,Tebet,Jakarta Utara,DKI Jakarta,HINDU,Cerai Hidup,Wiraswasta,WNI,SEUMUR HIDUP
DKC002943,3174012212682943,Yudi Pratama,Jakarta Selatan,1968-12-22,Laki-Laki,AB,Jl. Setiawan No. 100,003/003,Cipete,Cengkareng,Jakarta Selatan,DKI Jakarta,KONGHUCU,Cerai Hidup,Wiraswasta,WNI,SEUMUR HIDUP
DKC002944,3175012706802944,Dimas Santoso,Jakarta Timur,1980-06-27,Laki-Laki,AB,Jl. Wijaya No. 129,006/010,Kebon Baru,Cengkareng,Jakarta Timur,DKI Jakarta,HINDU,Cerai Hidup,Wiraswasta,WNI,SEUMUR HIDUP
DKC002945,3276011002862945,Eko Pratama,Depok,1986-02-10,Laki-Laki,O,Jl. Situmorang No. 85,001/008,Cipete,Serpong,Depok,Jawa Barat,KATOLIK,Cerai Hidup,Wiraswasta,WNI,SEUMUR HIDUP
DKC002946,3271015602902946,Melati Nugroho,Bogor,1990-02-16,Perempuan,AB,Jl. Panjaitan No. 40,006/002,Cempaka Putih,Kramat Jati,Bogor,Jawa Barat,KATOLIK,Cerai Hidup,Wiraswasta,WNI,SEUMUR HIDUP
DKC002947,3671015009682947,Novi Siregar,Tangerang,1968-09-10,Perempuan,O,Jl. Gunawan No. 44,003/008,Cempaka Putih,Sukmajaya,Tangerang,Banten,KATOLIK,Cerai Mati,Wiraswasta,WNI,SEUMUR HIDUP
DKC002948,3172017010822948,Melati Pratama,Jakarta Utara,1982-10-30,Perempuan,O,Jl. Firmansyah No. 150,010/010,Sukamaju,Kramat Jati,Jakarta Utara,DKI Jakarta,ISLAM,Belum Menikah,Wiraswasta,WNI,SEUMUR HIDUP
DKC002949,3275016308672949,Indah Wijaya,Bekasi,1967-08-23,Perempuan,AB,Jl. Situmorang No. 23,006/010,Sukajadi,Kramat Jati,Bekasi,Jawa Barat,KATOLIK,Belum Menikah,Wiraswasta,WNI,SEUMUR HIDUP
DKC002950,3674015305792950,Rita Panjaitan,Tangerang Selatan,1979-05-13,Perempuan,B,Jl. Hutapea No. 140,006/002,Kebon Baru,Serpong,Tangerang Selatan,Jawa Barat,BUDDHA,Cerai Mati,Wiraswasta,WNI,SEUMUR HIDUP
DKC002951,3276014308922951,Lina Nugroho,Depok,1992-08-03,Perempuan,AB,Jl. Permana No. 19,005/003,Cipete,Serpong,Depok,Jawa Barat,KRISTEN,Menikah,Wiraswasta,WNI,SEUMUR HIDUP
DKC002952,3276014301662952,Dewi Kusuma,Depok,1966-01-03,Perempuan,O,Jl. Nugroho No. 53,005/007,Sukajadi,Tebet,Depok,Jawa Barat,BUDDHA,Cerai Mati,Wiraswasta,WNI,SEUMUR HIDUP
DKC002953,3172016001732953,Yuni Suryadi,Jakarta Utara,1973-01-20,Perempuan,O,Jl. Halim No. 49,011/004,Sukamaju,Cengkareng,Jakarta Utara,DKI Jakarta,ISLAM,Menikah,Wiraswasta,WNI,SEUMUR HIDUP
DKC002954,3171016901742954,Rina Wibowo,Jakarta Pusat,1974-01-29,Perempuan,B,Jl. Wijaya No. 130,006/005,Duren Sawit,Tebet,Jakarta Pusat,DKI Jakarta,BUDDHA,Cerai Hidup,Wiraswasta,WNI,SEUMUR HIDUP
DKC002955,3275013010942955,Joko Tanjung,Bekasi,1994-10-30,Laki-Laki,B,Jl. Lubis No. 5,011/010,Kebon Baru,Tebet,Bekasi,Jawa Barat,KRISTEN,Cerai Mati,Wiraswasta,WNI,SEUMUR HIDUP
DKC002956,3671013005662956,Rian Pratama,Tangerang,1966-05-30,Laki-Laki,B,Jl. Permana No. 125,012/007,Bintaro,Bekasi Timur,Tangerang,Banten,HINDU,Cerai Mati,Wiraswasta,WNI,SEUMUR HIDUP
DKC002957,3674010712812957,Irfan Permana,Tangerang Selatan,1981-12-07,Laki-Laki,AB,Jl. Halim No. 90,005/006,Sukamaju,Kramat Jati,Tangerang Selatan,Jawa Barat,KATOLIK,Menikah,Wiraswasta,WNI,SEUMUR HIDUP
DKC002958,3276016601812958,Retno Hutapea,Depok,1981-01-26,Perempuan,A,Jl. Saputra No. 13,003/007,Kebon Baru,Sukmajaya,Depok,Jawa Barat,KATOLIK,Cerai Hidup,Wiraswasta,WNI,SEUMUR HIDUP
DKC002959,3671011508732959,Fajar Wijaya,Tangerang,1973-08-15,Laki-Laki,B,Jl. Hidayat No. 22,004/006,Sukajadi,Cengkareng,Tangerang,Banten,KONGHUCU,Cerai Hidup,Wiraswasta,WNI,SEUMUR HIDUP
DKC002960,3275014606712960,Desi Santoso,Bekasi,1971-06-06,Perempuan,O,Jl. Firmansyah No. 5,007/003,Cipete,Tebet,Bekasi,Jawa Barat,HINDU,Cerai Mati,Wiraswasta,WNI,SEUMUR HIDUP
DKC002961,3275016506982961,Lina Saputra,Bekasi,1998-06-25,Perempuan,AB,Jl. Susanto No. 130,008/007,Cempaka Putih,Tebet,Bekasi,Jawa Barat,HINDU,Cerai Hidup,Wiraswasta,WNI,SEUMUR HIDUP
DKC002962,3671013004852962,Rian Firmansyah,Tangerang,1985-04-30,Laki-Laki,O,Jl. Nugroho No. 14,003/010,Duren Sawit,Tebet,Tangerang,Banten,HINDU,Cerai Hidup,Wiraswasta,WNI,SEUMUR HIDUP
DKC002963,3276016811942963,Suryani Pratama,Depok,1994-11-28,Perempuan,A,Jl. Pratama No. 59,012/006,Kebon Baru,Bekasi Timur,Depok,Jawa Barat,HINDU,Menikah,Wiraswasta,WNI,SEUMUR HIDUP
DKC002964,3172011211762964,Rudi Rahman,Jakarta Utara,1976-11-12,Laki-Laki,A,Jl. Siregar No. 77,010/006,Sukajadi,Bekasi Timur,Jakarta Utara,DKI Jakarta,KONGHUCU,Cerai Hidup,Wiraswasta,WNI,SEUMUR HIDUP
DKC002965,3671012501792965,Rian Hutapea,Tangerang,1979-01-25,Laki-Laki,O,Jl. Lubis No. 76,005/007,Duren Sawit,Cengkareng,Tangerang,Banten,KRISTEN,Belum Menikah,Wiraswasta,WNI,SEUMUR HIDUP
DKC002966,3175011508722966,Budi Firmansyah,Jakarta Timur,1972-08-15,Laki-Laki,AB,Jl. Setiawan No. 135,007/008,Rawa Bunga,Cengkareng,Jakarta Timur,DKI Jakarta,KATOLIK,Cerai Mati,Wiraswasta,WNI,SEUMUR HIDUP
DKC002967,3671011003992967,Yudi Kurniawan,Tangerang,1999-03-10,Laki-Laki,O,Jl. Simanjuntak No. 89,001/002,Duren Sawit,Bekasi Timur,Tangerang,Banten,HINDU,Menikah,Wiraswasta,WNI,SEUMUR HIDUP
DKC002968,3175013012662968,Joko Handoko,Jakarta Timur,1966-12-30,Laki-Laki,B,Jl. Kusuma No. 8,001/005,Sukajadi,Bekasi Timur,Jakarta Timur,DKI Jakarta,HINDU,Menikah,Wiraswasta,WNI,SEUMUR HIDUP
DKC002969,3671014412662969,Fitri Firmansyah,Tangerang,1966-12-04,Perempuan,B,Jl. Saputra No. 106,002/004,Duren Sawit,Tebet,Tangerang,Banten,KONGHUCU,Cerai Mati,Wiraswasta,WNI,SEUMUR HIDUP
DKC002970,3671011504822970,Yudi Lubis,Tangerang,1982-04-15,Laki-Laki,AB,Jl. Halim No. 124,006/003,Bintaro,Cengkareng,Tangerang,Banten,KATOLIK,Belum Menikah,Wiraswasta,WNI,SEUMUR HIDUP
DKC002971,3671012312862971,Irfan Setiawan,Tangerang,1986-12-23,Laki-Laki,AB,Jl. Kurniawan No. 91,011/001,Cipete,Bekasi Timur,Tangerang,Banten,BUDDHA,Menikah,Wiraswasta,WNI,SEUMUR HIDUP
DKC002972,3275016601962972,Maya Panjaitan,Bekasi,1996-01-26,Perempuan,AB,Jl. Halim No. 107,011/007,Sukajadi,Bekasi Timur,Bekasi,Jawa Barat,HINDU,Cerai Hidup,Wiraswasta,WNI,SEUMUR HIDUP
DKC002973,3276012905822973,Taufik Nugroho,Depok,1982-05-29,Laki-Laki,AB,Jl. Permana No. 4,006/010,Rawa Bunga,Cengkareng,Depok,Jawa Barat,ISLAM,Cerai Mati,Wiraswasta,WNI,SEUMUR HIDUP
DKC002974,3171010205912974,Irfan Kurniawan,Jakarta Pusat,1991-05-02,Laki-Laki,AB,Jl. Permana No. 49,003/003,Duren Sawit,Cengkareng,Jakarta Pusat,DKI Jakarta,ISLAM,Belum Menikah,Wiraswasta,WNI,SEUMUR HIDUP
DKC002975,3275015608912975,Putri Simanjuntak,Bekasi,1991-08-16,Perempuan,B,Jl. Kurniawan No. 38,011/007,Bintaro,Serpong,Bekasi,Jawa Barat,KATOLIK,Cerai Mati,Wiraswasta,WNI,SEUMUR HIDUP
DKC002976,3671015408902976,Dian Susanto,Tangerang,1990-08-14,Perempuan,O,Jl. Panjaitan No. 51,002/010,Cipete,Kramat Jati,Tangerang,Banten,ISLAM,Cerai Hidup,Wiraswasta,WNI,SEUMUR HIDUP
DKC002977,3175011510962977,Ahmad Tanjung,Jakarta Timur,1996-10-15,Laki-Laki,B,Jl. Wibowo No. 147,003/003,Rawa Bunga,Sukmajaya,Jakarta Timur,DKI Jakarta,KONGHUCU,Menikah,Wiraswasta,WNI,SEUMUR HIDUP
DKC002978,3174016905702978,Indah Setiawan,Jakarta Selatan,1970-05-29,Perempuan,B,Jl. Handoko No. 73,007/010,Sukamaju,Tebet,Jakarta Selatan,DKI Jakarta,HINDU,Cerai Mati,Wiraswasta,WNI,SEUMUR HIDUP
DKC002979,3671010708902979,Rizky Situmorang,Tangerang,1990-08-07,Laki-Laki,O,Jl. Nugroho No. 120,011/001,Rawa Bunga,Serpong,Tangerang,Banten,KATOLIK,Belum Menikah,Wiraswasta,WNI,SEUMUR HIDUP
DKC002980,3171016308732980,Siti Permana,Jakarta Pusat,1973-08-23,Perempuan,A,Jl. Permana No. 49,006/007,Bintaro,Kramat Jati,Jakarta Pusat,DKI Jakarta,KONGHUCU,Cerai Hidup,Wiraswasta,WNI,SEUMUR HIDUP
DKC002981,3271015606722981,Novi Halim,Bogor,1972-06-16,Perempuan,AB,Jl. Kurniawan No. 1,005/001,Sukamaju,Kramat Jati,Bogor,Jawa Barat,KONGHUCU,Belum Menikah,Wiraswasta,WNI,SEUMUR HIDUP
DKC002982,3171014411782982,Yuni Santoso,Jakarta Pusat,1978-11-04,Perempuan,B,Jl. Hutapea No. 114,005/007,Kebon Baru,Serpong,Jakarta Pusat,DKI Jakarta,KATOLIK,Belum Menikah,Wiraswasta,WNI,SEUMUR HIDUP
DKC002983,3275011503702983,Yudi Gunawan,Bekasi,1970-03-15,Laki-Laki,B,Jl. Santoso No. 63,009/001,Cipete,Serpong,Bekasi,Jawa Barat,KONGHUCU,Cerai Hidup,Wiraswasta,WNI,SEUMUR HIDUP
DKC002984,3172014901802984,Wulan Lubis,Jakarta Utara,1980-01-09,Perempuan,B,Jl. Tanjung No. 17,012/002,Sukajadi,Serpong,Jakarta Utara,DKI Jakarta,KRISTEN,Menikah,Wiraswasta,WNI,SEUMUR HIDUP
DKC002985,3171014708932985,Wati Simanjuntak,Jakarta Pusat,1993-08-07,Perempuan,O,Jl. Permana No. 99,007/004,Cipete,Serpong,Jakarta Pusat,DKI Jakarta,KONGHUCU,Cerai Hidup,Wiraswasta,WNI,SEUMUR HIDUP
DKC002986,3171014802722986,Sri Kusuma,Jakarta Pusat,1972-02-08,Perempuan,O,Jl. Gunawan No. 149,009/005,Rawa Bunga,Tebet,Jakarta Pusat,DKI Jakarta,KRISTEN,Belum Menikah,Wiraswasta,WNI,SEUMUR HIDUP
DKC002987,3671015612942987,Nina Wijaya,Tangerang,1994-12-16,Perempuan,AB,Jl. Santoso No. 58,008/006,Kebon Baru,Cengkareng,Tangerang,Banten,KONGHUCU,Belum Menikah,Wiraswasta,WNI,SEUMUR HIDUP
DKC002988,3175010703982988,Sutrisno Hidayat,Jakarta Timur,1998-03-07,Laki-Laki,AB,Jl. Setiawan No. 115,012/006,Cipete,Bekasi Timur,Jakarta Timur,DKI Jakarta,ISLAM,Cerai Hidup,Wiraswasta,WNI,SEUMUR HIDUP
DKC002989,3174012407812989,Fauzi Panjaitan,Jakarta Selatan,1981-07-24,Laki-Laki,O,Jl. Kusuma No. 117,009/001,Bintaro,Tebet,Jakarta Selatan,DKI Jakarta,KRISTEN,Cerai Mati,Wiraswasta,WNI,SEUMUR HIDUP
DKC002990,3671014709002990,Wulan Susanto,Tangerang,2000-09-07,Perempuan,A,Jl. Kusuma No. 92,003/010,Kebon Baru,Sukmajaya,Tangerang,Banten,BUDDHA,Belum Menikah,Wiraswasta,WNI,SEUMUR HIDUP
DKC002991,3175010306702991,Krisna Hutapea,Jakarta Timur,1970-06-03,Laki-Laki,AB,Jl. Siregar No. 120,008/008,Cipete,Cengkareng,Jakarta Timur,DKI Jakarta,BUDDHA,Menikah,Wiraswasta,WNI,SEUMUR HIDUP
DKC002992,3173011406032992,Slamet Panjaitan,Jakarta Barat,2003-06-14,Laki-Laki,AB,Jl. Suryadi No. 106,006/003,Cempaka Putih,Kramat Jati,Jakarta Barat,DKI Jakarta,KONGHUCU,Cerai Mati,Wiraswasta,WNI,SEUMUR HIDUP
DKC002993,3671011406942993,Fauzi Siregar,Tangerang,1994-06-14,Laki-Laki,AB,Jl. Hutapea No. 145,011/001,Cempaka Putih,Sukmajaya,Tangerang,Banten,KATOLIK,Cerai Hidup,Wiraswasta,WNI,SEUMUR HIDUP
DKC002994,3671015803982994,Yuni Lubis,Tangerang,1998-03-18,Perempuan,AB,Jl. Suryadi No. 123,007/007,Sukajadi,Serpong,Tangerang,Banten,KRISTEN,Cerai Mati,Wiraswasta,WNI,SEUMUR HIDUP
DKC002995,3174015909962995,Sari Gunawan,Jakarta Selatan,1996-09-19,Perempuan,A,Jl. Hutapea No. 95,010/006,Cipete,Serpong,Jakarta Selatan,DKI Jakarta,HINDU,Belum Menikah,Wiraswasta,WNI,SEUMUR HIDUP
DKC002996,3671011312982996,Yusuf Siregar,Tangerang,1998-12-13,Laki-Laki,B,Jl. Wibowo No. 4,002/010,Duren Sawit,Tebet,Tangerang,Banten,KRISTEN,Cerai Mati,Wiraswasta,WNI,SEUMUR HIDUP
DKC002997,3172010710992997,Joko Wibowo,Jakarta Utara,1999-10-07,Laki-Laki,AB,Jl. Lubis No. 59,007/001,Bintaro,Sukmajaya,Jakarta Utara,DKI Jakarta,ISLAM,Cerai Mati,Wiraswasta,WNI,SEUMUR HIDUP
DKC002998,3174012706032998,Budi Lubis,Jakarta Selatan,2003-06-27,Laki-Laki,B,Jl. Tanjung No. 55,009/009,Sukajadi,Tebet,Jakarta Selatan,DKI Jakarta,KRISTEN,Menikah,Wiraswasta,WNI,SEUMUR HIDUP
DKC002999,3276015311842999,Putri Handoko,Depok,1984-11-13,Perempuan,B,Jl. Santoso No. 52,011/008,Kebon Baru,Cengkareng,Depok,Jawa Barat,KATOLIK,Belum Menikah,Wiraswasta,WNI,SEUMUR HIDUP
DKC003000,3275016008853000,Maya Permana,Bekasi,1985-08-20,Perempuan,A,Jl. Siregar No. 1,006/007,Rawa Bunga,Bekasi Timur,Bekasi,Jawa Barat,KATOLIK,Belum Menikah,Wiraswasta,WNI,SEUMUR HIDUP
