laporan_id,NIK,year,revenue,net_profit,total_asset,total_liability,operating_cashflow
FIN000001,3276010601750001,2024,29666491,3405584,48148218,27015813,3039455
FIN000002,3276010601750001,2025,32065651,3318494,37084511,18787312,4499938
FIN000003,3172010301920002,2024,22347316,2907631,27256315,17484128,3572130
FIN000004,3172010301920002,2025,21695009,2602253,35323008,9380894,2863796
FIN000005,3671010604800003,2024,23914503,5615079,34076107,17322819,7404291
FIN000006,3671010604800003,2025,20384842,3670504,37104928,11862908,4126254
FIN000007,3173016001890004,2024,14154253,1445890,26952196,13692145,1184829
FIN000008,3173016001890004,2025,13621260,1322488,16955332,11385685,1403260
FIN000009,3275011505030005,2024,8112679,1549571,15109683,8408746,1311581
FIN000010,3275011505030005,2025,10353267,2045818,17096758,6675415,2032795
FIN000011,3671012904920006,2024,17971780,1275756,35152022,18879700,1372760
FIN000012,3671012904920006,2025,19815331,1592113,35685285,15709659,1346060
FIN000013,3171015211010007,2024,18215499,1669185,32175202,7001202,1720544
FIN000014,3171015211010007,2025,20743187,1882141,38651400,21601682,2517712
FIN000015,3674013005710008,2024,34398538,6437085,56547222,39185570,5409081
FIN000016,3674013005710008,2025,33415035,5549945,61696917,12972525,5939956
FIN000017,3172016002870009,2024,13286666,963766,22729468,6820403,902195
FIN000018,3172016002870009,2025,16465604,1364470,32447234,21315927,1799324
FIN000019,3271016610890010,2024,11149235,1471248,16173298,9525336,1191292
FIN000020,3271016610890010,2025,8319906,1043222,11677948,3789781,1248844
FIN000021,3275016305970011,2024,16731451,1929388,27194430,14312299,2655435
FIN000022,3275016305970011,2025,19058239,2141915,23366002,4734197,2110112
FIN000023,3172010612990012,2024,26492317,2935082,36601006,17239000,3494391
FIN000024,3172010612990012,2025,38934737,4131747,66970741,29641861,4618512
FIN000025,3174013110970013,2024,18067081,1231165,34941815,19194788,1671152
FIN000026,3174013110970013,2025,22400033,1846034,24644132,17043269,1588554
FIN000027,3671016412960014,2024,40212029,4007724,58206932,13778668,4323458
FIN000028,3671016412960014,2025,50262710,4614035,58754685,31445170,6396908
FIN000029,3671012605910015,2024,8102533,790221,11422612,5905302,686642
FIN000030,3671012605910015,2025,7635443,690566,14793851,8870309,667731
FIN000031,3674011208740016,2024,17856140,3777800,33451068,12673807,4520134
FIN000032,3674011208740016,2025,24149069,5193517,41762551,27607878,5696315
FIN000033,3271010101840017,2024,16185979,2014670,21141644,14568170,2278539
FIN000034,3271010101840017,2025,18256054,2354090,35626085,14394668,3081225
FIN000035,3172011502850018,2024,24205649,2532375,36993224,13052384,2865683
FIN000036,3172011502850018,2025,31258429,3273759,59658338,32933255,4242413
FIN000037,3174012110980019,2024,12507497,859424,18102923,9539342,964435
FIN000038,3174012110980019,2025,16310035,1321025,23168219,7011604,1217529
FIN000039,3674015810770020,2024,12183629,1501336,15735760,8361671,1755440
FIN000040,3674015810770020,2025,10864141,1332093,13209120,4040780,1443090
FIN000041,3671012107980021,2024,14015337,1644021,24868249,11123651,2129195
FIN000042,3671012107980021,2025,13918651,1827092,15375859,8324462,2347417
FIN000043,3171011102830022,2024,22912069,3137872,32829585,19439222,3441140
FIN000044,3171011102830022,2025,26361498,4315381,29108913,6884292,5215993
FIN000045,3175015609750023,2024,12156280,922481,14952113,8472484,900019
FIN000046,3175015609750023,2025,9915061,634859,18235169,8681780,586164
FIN000047,3174015202890024,2024,23682449,906292,45114192,12194088,907446
FIN000048,3174015202890024,2025,17210849,743323,31480282,11954112,831687
FIN000049,3671010906920025,2024,6778815,890783,10993957,4913085,751140
FIN000050,3671010906920025,2025,6675891,710382,8816953,4026688,989121
FIN000051,3671011103970026,2024,9227956,1150751,16881847,6873134,1148551
FIN000052,3671011103970026,2025,9998537,1200264,15670090,5211978,1246386
FIN000053,3276017107930027,2024,77593543,11341413,108606543,62439727,13508411
FIN000054,3276017107930027,2025,106562878,20395180,173614259,90118900,24942658
FIN000055,3671011204840028,2024,21127920,1467823,31312657,6481821,1917182
FIN000056,3671011204840028,2025,26124704,2193575,30152398,15606884,3019384
FIN000057,3671010311920029,2024,42443075,3797129,84166739,49733199,5055490
FIN000058,3671010311920029,2025,51412655,4804082,89721501,50762852,5483158
FIN000059,3671016012760030,2024,14785336,1211293,17066486,6989492,1114757
FIN000060,3671016012760030,2025,16126681,1638579,26154347,9946404,1592578
FIN000061,3174015008940031,2024,6384657,753695,8614240,2973700,807713
FIN000062,3174015008940031,2025,9452702,1225626,13997046,8675235,1292935
FIN000063,3276015701910032,2024,15248500,1676519,22506828,12249129,1980478
FIN000064,3276015701910032,2025,21825967,2040401,38173860,18933300,2562670
FIN000065,3175012912660033,2024,14459719,1095506,17642243,6390498,1032533
FIN000066,3175012912660033,2025,12885957,784089,17313458,11353397,639940
FIN000067,3671014110870034,2024,24608988,1938121,32976241,13058887,2382342
FIN000068,3671014110870034,2025,21276976,1479181,41781398,9244733,1899154
FIN000069,3671015108920035,2024,11161331,491160,21704786,8728071,444873
FIN000070,3671015108920035,2025,14694160,849647,20911532,9025957,1035865
FIN000071,3671014712870036,2024,36154774,981452,55628224,24531339,1149392
FIN000072,3671014712870036,2025,40359203,1068742,68572532,35197137,1093326
FIN000073,3175012901750037,2024,12186115,577422,16278708,7373724,731245
FIN000074,3175012901750037,2025,14293300,656458,18536348,5773902,882118
FIN000075,3671016303970038,2024,15872560,2890621,21676456,12744169,2844741
FIN000076,3671016303970038,2025,19931968,4176473,34445540,8121790,5427591
FIN000077,3671010304670039,2024,23040851,1889800,33916152,13167118,2492913
FIN000078,3671010304670039,2025,26555204,1653637,42500895,29020161,1422257
FIN000079,3671015003850040,2024,30693889,3979327,49999534,15864936,3916557
FIN000080,3671015003850040,2025,27675499,3228227,48509982,21526164,2949177
FIN000081,3276015003770041,2024,13334717,1243002,18805020,10051974,1657558
FIN000082,3276015003770041,2025,15890265,1501908,27081272,15672078,1652290
FIN000083,3271010505890042,2024,41539269,3584613,57425498,19406090,3942921
FIN000084,3271010505890042,2025,51656906,3892879,97652987,58033865,3834443
FIN000085,3271015910980043,2024,12327825,1167306,15978207,9916083,1488876
FIN000086,3271015910980043,2025,12689331,1215247,15892399,10743168,1202506
FIN000087,3271014201950044,2024,36400483,7379593,55818260,36995221,9447753
FIN000088,3271014201950044,2025,39241634,6808223,58365652,14608625,9137200
FIN000089,3173012502730045,2024,89212746,12822367,148405728,63498421,11369046
FIN000090,3173012502730045,2025,98368751,11383315,151086456,65202973,12674561
FIN000091,3275014502860046,2024,8284586,1011478,10695318,6697028,927159
FIN000092,3275014502860046,2025,5735258,644676,7396585,3766536,700494
FIN000093,3172010211710047,2024,15070216,2207046,27335312,14423882,2226892
FIN000094,3172010211710047,2025,9978306,1854055,12565193,4462454,1900229
FIN000095,3671016211990048,2024,17081268,2068331,31953510,20849238,2233545
FIN000096,3671016211990048,2025,20737759,2422410,27477489,13760541,2112382
FIN000097,3172016512950049,2024,32262648,5168603,56680106,26346670,5750788
FIN000098,3172016512950049,2025,37933663,4866575,56558078,26085984,5265392
FIN000099,3172015801940050,2024,41590298,6026890,73510707,47812184,6171975
FIN000100,3172015801940050,2025,41854014,5031436,74615902,36876330,6176064
FIN000101,3671011808920051,2024,9154252,893896,15247403,6012145,800234
FIN000102,3671011808920051,2025,9572438,818115,16934391,6620938,881566
FIN000103,3173016507900052,2024,14047432,1560779,21116057,7499593,1685192
FIN000104,3173016507900052,2025,17892915,2275830,27445186,16941040,2576137
FIN000105,3671014712890053,2024,43281152,7004477,78243172,49103153,8095149
FIN000106,3671014712890053,2025,43902736,5905203,87460513,28163164,7816660
FIN000107,3674016707000054,2024,3841629,696141,5921809,1975388,797053
FIN000108,3674016707000054,2025,5267409,775765,8993177,3970222,854427
FIN000109,3674015806980055,2024,51468616,9939903,95905405,32997146,9401806
FIN000110,3674015806980055,2025,69140685,12163511,77953815,50694304,17022978
FIN000111,3671014508730056,2024,19655498,3242082,35325144,16071971,4421146
FIN000112,3671014508730056,2025,20657154,3327814,28743111,20103290,4615361
FIN000113,3275010510960057,2024,17216007,1350152,27404335,17268333,1159084
FIN000114,3275010510960057,2025,22495512,1941609,37089803,18170253,1807829
FIN000115,3671012101860058,2024,31771916,3978377,36164449,11926408,3357827
FIN000116,3671012101860058,2025,44963191,5126256,58138009,30045087,6616267
FIN000117,3671016210710059,2024,11782965,936882,13260405,8987258,1191176
FIN000118,3671016210710059,2025,12555164,1075510,18064312,4149629,962313
FIN000119,3674015309780060,2024,23525413,779611,33295497,22551048,784036
FIN000120,3674015309780060,2025,21982639,796331,38620722,25101490,973032
FIN000121,3171011302650061,2024,24681484,1329318,35713780,9410099,1372605
FIN000122,3171011302650061,2025,41407529,2675636,77981269,40660618,2552787
FIN000123,3175014405000062,2024,10469742,660698,20717527,5274521,726971
FIN000124,3175014405000062,2025,10046428,668639,13272284,9085623,674933
FIN000125,3671011309840063,2024,21672529,2622982,39034725,19910288,2945953
FIN000126,3671011309840063,2025,27210589,2803565,35112156,8120123,2562705
FIN000127,3173015312970064,2024,17207153,156812,34016747,8110445,134368
FIN000128,3173015312970064,2025,20280248,213912,36089825,24765766,239210
FIN000129,3173015204880065,2024,48842617,2342990,92822273,41602259,2704015
FIN000130,3173015204880065,2025,57528716,2714442,77903339,40652420,3001310
FIN000131,3671016406030066,2024,35189531,3911547,40462168,20683223,4103320
FIN000132,3671016406030066,2025,41922983,4137658,60220133,26326992,4113082
FIN000133,3271015503700067,2024,15978280,1410516,18184390,6876120,1202559
FIN000134,3271015503700067,2025,15701673,1367525,29115282,14752840,1653853
FIN000135,3674014302990068,2024,21511975,2403581,25682388,17118635,2114762
FIN000136,3674014302990068,2025,27627086,3505806,41215354,9757435,4622269
FIN000137,3671010311960069,2024,56815495,7680346,68811887,36042655,10562975
FIN000138,3671010311960069,2025,54257392,7714100,67577383,39184884,10089884
FIN000139,3173016202970070,2024,11470608,1560995,13111765,5241243,1364893
FIN000140,3173016202970070,2025,12094858,1919687,14860588,9056825,1659700
FIN000141,3671015802680071,2024,4750297,649654,5229446,1379276,721292
FIN000142,3671015802680071,2025,4940857,603071,5774308,1783398,764643
FIN000143,3674016506800072,2024,87049222,8864650,123769721,46875900,11001697
FIN000144,3674016506800072,2025,73854313,9905685,105967102,57653133,11698052
FIN000145,3275015104790073,2024,13015471,132114,15785911,8873574,168135
FIN000146,3275015104790073,2025,14251546,137746,17924858,9173745,189193
FIN000147,3172010107850074,2024,15606326,1947080,30023948,15528725,1729574
FIN000148,3172010107850074,2025,15283255,2099998,21674207,9639976,2202957
FIN000149,3674015703790075,2024,11592135,2235233,14856131,5575981,1807450
FIN000150,3674015703790075,2025,14634571,2682622,19798340,4077130,2829691
FIN000151,3275010902990076,2024,13355624,123246,15512251,8484632,157759
FIN000152,3275010902990076,2025,12717575,141677,24694461,16248503,115670
FIN000153,3276015512750077,2024,19101793,1911579,21204357,4796865,2299185
FIN000154,3276015512750077,2025,22270821,2581588,28995724,7160770,2396525
FIN000155,3171014809850078,2024,35652212,1952849,46774776,30901167,2605357
FIN000156,3171014809850078,2025,35044739,2064824,69991498,24439390,2546131
FIN000157,3671013008930079,2024,14150042,1590546,17792204,12196074,1310412
FIN000158,3671013008930079,2025,16370251,2092592,31537550,21188168,2903665
FIN000159,3271011405960080,2024,18193025,2126357,31621026,15488190,2834310
FIN000160,3271011405960080,2025,17216685,2089736,29525234,7559935,1791562
FIN000161,3671016910740081,2024,7444465,981275,12865313,3700561,965091
FIN000162,3671016910740081,2025,7269185,826175,11930192,5768733,910435
FIN000163,3172015405810082,2024,10945841,866869,12521698,6613951,703677
FIN000164,3172015405810082,2025,10051735,647146,13675738,8796823,571198
FIN000165,3674014603010083,2024,11894836,1293742,19353632,6118337,1246814
FIN000166,3674014603010083,2025,17411639,2217691,31594014,14430577,2328443
FIN000167,3175016601890084,2024,34127377,5857214,53371939,16884459,5395560
FIN000168,3175016601890084,2025,40295484,8138013,79488188,32623029,9026333
FIN000169,3671011405920085,2024,27408888,2471825,54635978,31380217,2048300
FIN000170,3671011405920085,2025,35018155,3823657,67765822,24845287,4531748
FIN000171,3674011803700086,2024,12244585,2013650,19637208,13292857,2229965
FIN000172,3674011803700086,2025,16519682,2267931,19367394,4051432,2396646
FIN000173,3671012605020087,2024,27158556,3410927,37148699,15344596,3366731
FIN000174,3671012605020087,2025,28769959,2850541,55573252,28229163,2507140
FIN000175,3175010406890088,2024,20599870,696447,27702553,15284141,941767
FIN000176,3175010406890088,2025,22092491,973901,34641605,12335100,1317150
FIN000177,3171012004000089,2024,25386649,2295595,49362164,23052305,2794140
FIN000178,3171012004000089,2025,35386704,3504135,43248475,14528931,2895129
FIN000179,3172013003760090,2024,41777835,5115886,49184225,30551855,5738933
FIN000180,3172013003760090,2025,48151680,5602299,58590442,23302597,7453707
FIN000181,3171011004980091,2024,10685731,653699,20515803,11627228,853843
FIN000182,3171011004980091,2025,11529155,729121,12833609,3364781,768514
FIN000183,3671015608970092,2024,12943136,938895,19086177,7560886,1057259
FIN000184,3671015608970092,2025,15334190,1326568,29936337,10046407,1591339
FIN000185,3174015406790093,2024,19237472,1902935,21868601,11516923,2243065
FIN000186,3174015406790093,2025,19899921,2204803,31673407,16200153,2133481
FIN000187,3275017007000094,2024,19986627,1889054,38863970,26995415,2471583
FIN000188,3275017007000094,2025,23234102,2434229,39096062,9616637,2078587
FIN000189,3674016309970095,2024,13803062,1404502,22489802,11246599,1697903
FIN000190,3674016309970095,2025,17390483,1916693,25091445,5315204,2574221
FIN000191,3173010205690096,2024,12882435,131024,17821144,6312970,125327
FIN000192,3173010205690096,2025,14647326,135195,16512753,11211454,156445
FIN000193,3275016611770097,2024,22468113,1776196,42626995,23441094,2414825
FIN000194,3275016611770097,2025,21091023,1714977,33662393,22012624,1932777
FIN000195,3271012602700098,2024,10465789,712974,19116365,4621731,760718
FIN000196,3271012602700098,2025,10900107,755716,17701167,6672178,866276
FIN000197,3671013003800099,2024,15762025,3433412,17466971,9276640,2890011
FIN000198,3671013003800099,2025,19987054,3906713,35472706,10101458,4915704
FIN000199,3173010111830100,2024,17136667,568702,28859564,6039510,506921
FIN000200,3173010111830100,2025,22309020,782374,43410186,20916501,906132
FIN000201,3671012703950101,2024,14307254,2045171,27138167,11410276,2254877
FIN000202,3671012703950101,2025,20217458,3502019,27231848,13580352,4257837
FIN000203,3671016606800102,2024,12802579,708758,20504892,4319296,882835
FIN000204,3671016606800102,2025,14480615,760843,24913149,14559430,952247
FIN000205,3671010605650103,2024,14086530,336607,25703704,15710008,329249
FIN000206,3671010605650103,2025,18407775,382533,31463345,20894562,364371
FIN000207,3171016101820104,2024,18144229,2927027,27142004,16378262,4046017
FIN000208,3171016101820104,2025,20977446,2846458,30354438,19160581,2578902
FIN000209,3175017010900105,2024,9749983,451184,15034672,5240552,545004
FIN000210,3175017010900105,2025,10320819,437546,19525139,8604147,500416
FIN000211,3271015412680106,2024,30155920,3833411,58844685,27065847,3965745
FIN000212,3271015412680106,2025,30286549,3879833,52950509,27824852,5351108
FIN000213,3175015412990107,2024,7956701,897835,9985065,2125639,1207996
FIN000214,3175015412990107,2025,9696279,984148,14732959,3617463,1012657
FIN000215,3276011310720108,2024,15306273,1727488,19440526,9293176,2139924
FIN000216,3276011310720108,2025,19824628,1890455,28844629,19973194,2374108
FIN000217,3276016309840109,2024,43931343,4658012,62532521,17789928,6447493
FIN000218,3276016309840109,2025,27660027,2643372,45387895,30854747,2709348
FIN000219,3275012207670110,2024,80973082,13842841,115314860,60039794,17096120
FIN000220,3275012207670110,2025,99908653,14203398,120481946,43078947,14116431
FIN000221,3671014406790111,2024,23628437,3776319,47060299,27803691,4852699
FIN000222,3671014406790111,2025,29506490,4622797,36308635,14333542,4625300
FIN000223,3671011709840112,2024,14819727,2033521,24680387,9689094,1871580
FIN000224,3671011709840112,2025,14730811,2242771,18044596,6349932,2812301
FIN000225,3172014706950113,2024,48618773,5004206,88256254,43149222,5545906
FIN000226,3172014706950113,2025,61109199,6295982,88231056,57072448,5838462
FIN000227,3671015410700114,2024,6275323,980906,9557062,2650871,1293777
FIN000228,3671015410700114,2025,7420114,974718,9964984,2539609,842255
FIN000229,3175014911780115,2024,10187387,2295656,13953676,4947822,2175872
FIN000230,3175014911780115,2025,10682994,2342361,15866960,7556021,2400383
FIN000231,3671015109940116,2024,40140320,6412274,78376548,34443418,8817858
FIN000232,3671015109940116,2025,41781571,5059957,49406103,15891712,4683072
FIN000233,3276014412840117,2024,16384660,1768368,19078179,11000566,2107997
FIN000234,3276014412840117,2025,13022753,1621967,25333299,12486343,2063191
FIN000235,3674014807990118,2024,12949078,582844,20551384,11491690,744621
FIN000236,3674014807990118,2025,13493742,632060,15416883,5790710,722737
FIN000237,3271015611890119,2024,13697169,192921,15756341,6488907,242059
FIN000238,3271015611890119,2025,15369820,244565,25143472,16853824,342177
FIN000239,3171012008010120,2024,8100949,545202,12378913,2961107,445697
FIN000240,3171012008010120,2025,12120849,997745,22697022,8080873,1071749
FIN000241,3174015904790121,2024,150800407,18414071,170182130,91605766,23900110
FIN000242,3174015904790121,2025,137377091,19782352,234497857,69326831,22826229
FIN000243,3174014811650122,2024,14854633,2433202,17645985,9952801,2121622
FIN000244,3174014811650122,2025,15899888,2498170,18887320,6853500,3162976
FIN000245,3173017008930123,2024,36431630,4747758,63289832,26250290,5266338
FIN000246,3173017008930123,2025,40031679,5065343,78535155,37535338,4985767
FIN000247,3172012910800124,2024,32863523,920867,48597035,29995713,997476
FIN000248,3172012910800124,2025,35879407,1116055,42377030,24623750,1216213
FIN000249,3173017009810125,2024,42326763,4647463,56542531,37151160,5401217
FIN000250,3173017009810125,2025,33955077,3451842,49561302,28299489,3930546
FIN000251,3271016906010126,2024,11623490,2019381,22655326,7701891,2804114
FIN000252,3271016906010126,2025,11598353,1848877,13160409,4985828,1645104
FIN000253,3171011811660127,2024,13874179,1208338,18960005,12712304,1654984
FIN000254,3171011811660127,2025,14745003,1642708,16380615,3506462,1324375
FIN000255,3175014404770128,2024,18002215,2185767,23861604,9666274,2829819
FIN000256,3175014404770128,2025,20551568,2402816,25059683,6362363,2706129
FIN000257,3275015308970129,2024,12600525,674226,22380744,5119385,621398
FIN000258,3275015308970129,2025,12614177,656471,13930644,6542820,600028
FIN000259,3674015301920130,2024,25725219,6082193,51023604,15814104,7295751
FIN000260,3674015301920130,2025,28970821,7173778,56830541,29049907,6302167
FIN000261,3173015904810131,2024,19136637,2220627,31566692,11556806,2018449
FIN000262,3173015904810131,2025,21010487,2705933,37395444,17034562,2776350
FIN000263,3671016202920132,2024,31490969,3173371,41745543,17644742,2988559
FIN000264,3671016202920132,2025,31962805,3156061,57180659,36981746,2651988
FIN000265,3671015303760133,2024,29238084,3405286,34203888,21369370,4425637
FIN000266,3671015303760133,2025,28704178,3341700,55246767,12365173,3136447
FIN000267,3172016310770134,2024,44604197,4360654,79461214,46614031,4250661
FIN000268,3172016310770134,2025,40795204,3931272,49392861,12516163,4522670
FIN000269,3271013010960135,2024,16775673,1483627,23706535,8910379,1603464
FIN000270,3271013010960135,2025,11931405,1221788,23175755,10952417,1311682
FIN000271,3171015307000136,2024,41457266,7391474,72863246,49268098,9843577
FIN000272,3171015307000136,2025,51298194,9081241,74505154,29288435,11303619
FIN000273,3674013107880137,2024,17043759,1677538,26056617,8971158,2115303
FIN000274,3674013107880137,2025,17110995,1999312,30874950,8475900,2002579
FIN000275,3671014410700138,2024,30845818,5463055,42467743,11360471,7080428
FIN000276,3671014410700138,2025,31597048,5357325,44377569,9039443,5688659
FIN000277,3276015007800139,2024,44106825,3400790,58869519,31142761,4649886
FIN000278,3276015007800139,2025,41584352,3686610,46732538,24551362,5039046
FIN000279,3172011801910140,2024,42737795,4519216,54313410,14808703,4093415
FIN000280,3172011801910140,2025,52798121,5628601,86090988,36827295,5392272
FIN000281,3275010505870141,2024,18885691,1776987,36460865,10712275,1639053
FIN000282,3275010505870141,2025,21564694,2240963,34724725,10000001,2000192
FIN000283,3674010111850142,2024,18752959,1968644,28402168,16232498,1827155
FIN000284,3674010111850142,2025,22473323,2767331,34303799,14250292,3284818
FIN000285,3275013112760143,2024,43707183,4818228,78651074,22434815,4129195
FIN000286,3275013112760143,2025,47785700,5634507,80378523,49633656,7736897
FIN000287,3271010807730144,2024,30150026,2886506,50643525,22973336,3407439
FIN000288,3271010807730144,2025,21848938,2363021,27294364,7100137,2597223
FIN000289,3171014303910145,2024,28635901,3029998,54763074,23884810,3183811
FIN000290,3171014303910145,2025,30197984,3429807,43431323,20338010,4710291
FIN000291,3271010804990146,2024,17417296,584215,32361570,7961227,500589
FIN000292,3271010804990146,2025,18826340,823769,27643965,15028579,1083015
FIN000293,3271010801020147,2024,8581698,1021631,14338809,5141482,1030485
FIN000294,3271010801020147,2025,8354361,993550,12336229,3467281,985426
FIN000295,3275011301670148,2024,9931142,1615771,15330005,3885543,2206879
FIN000296,3275011301670148,2025,9762795,1382321,15632857,4574133,1382301
FIN000297,3276015808820149,2024,13029951,2199862,24155169,5511403,2085804
FIN000298,3276015808820149,2025,15574936,3521490,18268414,11197995,4194796
FIN000299,3271016403950150,2024,29111464,5235570,49545960,33483946,4430448
FIN000300,3271016403950150,2025,41291108,7836847,62970035,19907698,9753229
FIN000301,3172012003930151,2024,12865533,148953,23974461,5450282,160934
FIN000302,3172012003930151,2025,15319288,191667,24711699,7383784,253522
FIN000303,3276017005830152,2024,36730643,4617291,69389466,48162288,5749117
FIN000304,3276017005830152,2025,41534501,5352277,54510638,15170829,5036297
FIN000305,3271014407890153,2024,10584822,461033,14895655,4435871,435987
FIN000306,3271014407890153,2025,12803578,568875,18785821,8577221,735444
FIN000307,3276011812950154,2024,19175694,4657815,24795219,8541853,6273420
FIN000308,3276011812950154,2025,19551687,4622708,23795414,15823321,3726371
FIN000309,3175016111660155,2024,14123766,1564370,25525997,17447898,1759289
FIN000310,3175016111660155,2025,18128690,1799908,20154187,5850837,1977329
FIN000311,3271012802710156,2024,8856493,1138675,15421028,9472594,1167008
FIN000312,3271012802710156,2025,11164106,1625245,16674185,11552311,1306698
FIN000313,3671010607690157,2024,7758865,681988,13704038,6147838,713524
FIN000314,3671010607690157,2025,7812704,584780,8755221,5941828,693518
FIN000315,3671016606990158,2024,31272249,5090463,42689247,9466161,6487949
FIN000316,3671016606990158,2025,34533515,6202530,52930264,33142206,6617522
FIN000317,3276010708980159,2024,38958112,3612916,74539587,34177006,4072098
FIN000318,3276010708980159,2025,30240254,2768139,35987700,21185920,2936911
FIN000319,3671016903770160,2024,38730234,1923181,63983474,36612689,2002529
FIN000320,3671016903770160,2025,40037913,1875864,44990554,13902704,2325119
FIN000321,3671015511720161,2024,21513961,3228056,42709406,23052368,3273817
FIN000322,3671015511720161,2025,23686465,3362728,44527670,15987621,2779693
FIN000323,3174011209760162,2024,24840761,1917627,41035436,18474807,2351989
FIN000324,3174011209760162,2025,23736421,1840570,28669503,8031299,2352929
FIN000325,3671015510670163,2024,29375968,2162470,44144934,24437795,2813989
FIN000326,3671015510670163,2025,26660006,1611240,44873231,11329544,1655267
FIN000327,3171015406860164,2024,22899346,1096459,41538201,21599061,1347302
FIN000328,3171015406860164,2025,26618224,1114604,29945192,20505592,1177266
FIN000329,3671012807880165,2024,15314428,1222614,24976355,14317296,1294699
FIN000330,3671012807880165,2025,16857341,1175505,19580062,11101633,1010312
FIN000331,3671012003700166,2024,53724436,6928020,103478679,45094335,6063026
FIN000332,3671012003700166,2025,52747937,8254310,79499440,21089266,8539032
FIN000333,3172016809850167,2024,6834438,623612,8876952,2147112,668124
FIN000334,3172016809850167,2025,9225328,1038287,12683033,4174859,1352298
FIN000335,3671011104890168,2024,24090009,284518,32723015,8680760,245683
FIN000336,3671011104890168,2025,25876026,348305,34922263,9890801,385536
FIN000337,3674014711810169,2024,30168189,2189188,48312898,27596725,1753144
FIN000338,3674014711810169,2025,38924381,2313771,70911389,44359286,2327802
FIN000339,3174012105780170,2024,11614112,1466804,17183522,8263630,1739576
FIN000340,3174012105780170,2025,12946307,1302575,14673348,6065964,1167386
FIN000341,3174015206660171,2024,6148590,671708,7462820,4105164,750106
FIN000342,3174015206660171,2025,9413857,1122640,11882373,6192402,1036598
FIN000343,3671016412750172,2024,12219313,109099,14745229,9329992,128513
FIN000344,3671016412750172,2025,13344631,131863,15113428,9989688,135246
FIN000345,3671012711900173,2024,7321230,625529,11351578,6705903,639793
FIN000346,3671012711900173,2025,7238121,716675,9943745,5567315,860894
FIN000347,3671013001930174,2024,31403016,5017032,59640354,29395321,5164695
FIN000348,3671013001930174,2025,42079365,6758745,75962637,34526852,6004306
FIN000349,3276014411980175,2024,82529543,6558645,160766655,95723978,8304784
FIN000350,3276014411980175,2025,101041691,9698084,177079571,80282517,10036760
FIN000351,3173016311750176,2024,81918417,15683356,133539426,70465256,21662205
FIN000352,3173016311750176,2025,104789447,21311566,131907847,57166801,25721889
FIN000353,3671010704680177,2024,22108834,3861648,28075535,16926529,5337123
FIN000354,3671010704680177,2025,21630561,3619539,24034145,5673168,3405350
FIN000355,3671010307980178,2024,41817000,4611117,81586176,32337598,5886505
FIN000356,3671010307980178,2025,24811145,2489869,32721487,21779049,2379594
FIN000357,3674016711850179,2024,24224278,3968218,45251837,21499792,5518953
FIN000358,3674016711850179,2025,31538733,5423547,45310263,26356164,5998109
FIN000359,3175012710890180,2024,24948708,3391646,47027556,18891604,2830079
FIN000360,3175012710890180,2025,30262921,4168621,54110304,12791716,5263075
FIN000361,3671015807760181,2024,11893225,689562,21688325,5430637,741716
FIN000362,3671015807760181,2025,14051789,888077,27351249,15552815,784659
FIN000363,3671010307880182,2024,20993181,2725494,25524352,17018135,3139015
FIN000364,3671010307880182,2025,23413243,3626421,29418255,13912416,3140233
FIN000365,3671012809810183,2024,35866268,3561112,41915413,17897565,3560531
FIN000366,3671012809810183,2025,40613470,4211092,46468648,29354140,5146709
FIN000367,3671011201890184,2024,14319902,1277571,22890609,8524207,1056143
FIN000368,3671011201890184,2025,13358102,944688,21885227,9991805,1185173
FIN000369,3671012707010185,2024,16027926,1895152,31764347,19000637,1890307
FIN000370,3671012707010185,2025,21607513,2460409,28349455,12927330,3017532
FIN000371,3174011203690186,2024,17813215,3252979,21278828,5772464,3391217
FIN000372,3174011203690186,2025,14302216,2525347,24667993,9454297,3075784
FIN000373,3671012005900187,2024,18183865,1052810,21424127,8189062,1363343
FIN000374,3671012005900187,2025,19301025,1346287,36211160,7906779,1879542
FIN000375,3671015701730188,2024,27875365,3450956,43570545,9827113,3997870
FIN000376,3671015701730188,2025,37263355,3908553,47924029,13957897,4438391
FIN000377,3671012103820189,2024,23299996,1492953,27368411,16040854,1633602
FIN000378,3671012103820189,2025,19050494,1015830,30393738,9131286,1222718
FIN000379,3671011309990190,2024,29247251,4896095,49411639,22031887,6426298
FIN000380,3671011309990190,2025,38560033,6463699,69546029,46680274,8969420
FIN000381,3671014511680191,2024,12740526,1260686,22178639,13870916,1762274
FIN000382,3671014511680191,2025,12801231,1497002,18460463,5228868,2079422
FIN000383,3174016703650192,2024,19705631,3205845,23373735,7698373,4200142
FIN000384,3174016703650192,2025,16578513,2685005,33037991,17245559,2636259
FIN000385,3671016008690193,2024,29538218,3828077,42316330,28252650,3152704
FIN000386,3671016008690193,2025,33508849,5097117,47310360,24748148,4573815
FIN000387,3172016211750194,2024,24080081,488239,35894824,14465479,556019
FIN000388,3172016211750194,2025,25567045,559503,35686192,18019684,752579
FIN000389,3271012211830195,2024,30960242,1951748,53806646,26856347,1683672
FIN000390,3271012211830195,2025,27773170,1899763,31575407,10041053,2221632
FIN000391,3175012104650196,2024,20479164,2075134,35842923,14529917,2529747
FIN000392,3175012104650196,2025,21891878,2449534,42971939,13606310,2849339
FIN000393,3671016806860197,2024,28612813,2799718,54333096,24677104,3450043
FIN000394,3671016806860197,2025,29832199,3049527,56224939,25728745,4162892
FIN000395,3275015804900198,2024,30331008,4042675,41511820,16025334,5196114
FIN000396,3275015804900198,2025,27766226,4088430,52280154,18972562,4383595
FIN000397,3671016609010199,2024,19147372,2093024,25647502,16459078,2162608
FIN000398,3671016609010199,2025,22911870,2708502,30826142,11951372,2563266
FIN000399,3173016810910200,2024,23242979,251825,30851127,10946624,203617
FIN000400,3173016810910200,2025,20710952,232138,35560731,11785648,309326
FIN000401,3175011806720201,2024,17242524,2208332,23584937,13653809,2303881
FIN000402,3175011806720201,2025,16836082,1828895,29738604,19507676,1863012
FIN000403,3671013012840202,2024,109910914,18166030,140487489,68134912,22602503
FIN000404,3671013012840202,2025,160245179,21915036,244411287,105629925,28568597
FIN000405,3174011704020203,2024,12930287,2059572,16305220,6613237,2668099
FIN000406,3174011704020203,2025,16376432,2126501,23524828,12286324,2685031
FIN000407,3671016304790204,2024,11366434,2518055,12927945,5783677,2785052
FIN000408,3671016304790204,2025,10195812,1814593,16342222,5066557,1934442
FIN000409,3172012910720205,2024,47782788,8696737,89497949,35927949,10280026
FIN000410,3172012910720205,2025,49999606,7942230,71489594,23259494,8457719
FIN000411,3674012404660206,2024,21929768,3219868,29858585,15681692,3916220
FIN000412,3674012404660206,2025,26444075,3097541,37820150,14036132,4310371
FIN000413,3175011608790207,2024,7070101,706397,9336530,6401395,582818
FIN000414,3175011608790207,2025,7639405,684205,13663415,3767313,949410
FIN000415,3276010307010208,2024,24918494,2560130,41631471,27380445,2836541
FIN000416,3276010307010208,2025,30718509,2919928,39806901,10838149,3723087
FIN000417,3671010112870209,2024,16743008,3073233,31048335,9430686,3913729
FIN000418,3671010112870209,2025,15489822,3365137,19731905,11932039,4133209
FIN000419,3171011102790210,2024,11143581,1678949,21404990,12736436,1364299
FIN000420,3171011102790210,2025,12544591,2324804,24508025,9255506,1873817
FIN000421,3674014811960211,2024,32841233,4281690,40106400,18314054,3653491
FIN000422,3674014811960211,2025,37487331,4649378,56152425,18662203,6099279
FIN000423,3276014901000212,2024,10935054,777557,13786534,3578388,625701
FIN000424,3276014901000212,2025,15544569,957438,28514339,16720321,1266770
FIN000425,3173014507890213,2024,19481069,2577729,31743819,7380475,2717470
FIN000426,3173014507890213,2025,19704628,2864667,25646620,9129828,2292635
FIN000427,3275015710990214,2024,5903087,654460,6888309,4660306,716539
FIN000428,3275015710990214,2025,5956538,588602,10777243,5902586,554602
FIN000429,3172012609800215,2024,23184806,2468176,29234230,6240776,2897507
FIN000430,3172012609800215,2025,21341632,2470405,32344381,9602584,2327070
FIN000431,3275011006770216,2024,29668614,2811041,57551849,15814177,3262132
FIN000432,3275011006770216,2025,30988084,3086870,51742146,32394279,3000211
FIN000433,3671014103930217,2024,29950398,2783284,50577809,33101470,2707072
FIN000434,3671014103930217,2025,16789777,1662842,27802874,16351993,2197238
FIN000435,3275016309990218,2024,20297605,1269364,32279905,9536330,1126689
FIN000436,3275016309990218,2025,26132270,1961092,41615100,8418517,2502475
FIN000437,3271016606790219,2024,10250658,95580,20321945,9590790,127921
FIN000438,3271016606790219,2025,13942180,142991,23996790,5153819,158305
FIN000439,3275012907700220,2024,7180199,970936,8442801,5095327,1346368
FIN000440,3275012907700220,2025,7140835,951427,8350279,4119833,1184068
FIN000441,3175012603760221,2024,14929709,2049031,25195165,11347469,2714458
FIN000442,3175012603760221,2025,17768609,2212802,22585680,15164398,2265852
FIN000443,3671015801650222,2024,22387852,2669677,35729548,17053616,2727998
FIN000444,3671015801650222,2025,19652931,2503717,28236469,16873346,2540373
FIN000445,3275010508030223,2024,22235102,2084347,30737325,10907758,1795516
FIN000446,3275010508030223,2025,26880830,2913992,44195327,24944264,2420386
FIN000447,3276010303820224,2024,23698654,1151528,45294119,14946422,1257928
FIN000448,3276010303820224,2025,22476995,955122,35379618,12137239,1029386
FIN000449,3171016106830225,2024,25873743,3875587,47940764,11547956,4223010
FIN000450,3171016106830225,2025,25056160,4069131,34998889,14778739,3463012
FIN000451,3171014406770226,2024,5398803,668154,7757112,2862993,769247
FIN000452,3171014406770226,2025,5722028,695215,8382243,2843024,768144
FIN000453,3671011907980227,2024,14699535,1826452,18320692,4581700,2327678
FIN000454,3671011907980227,2025,15611472,2397511,22905638,13988482,3319055
FIN000455,3271010312700228,2024,34864665,4107306,63819557,22609474,4118200
FIN000456,3271010312700228,2025,36103684,4276191,62937393,26142852,3945040
FIN000457,3174011809670229,2024,87982405,8254172,163672289,107135790,9781615
FIN000458,3174011809670229,2025,97881958,8910284,173743937,60110224,8301995
FIN000459,3671011306770230,2024,16536569,2735040,26769985,17356515,2231483
FIN000460,3671011306770230,2025,20680828,2841971,37722019,15535025,2681779
FIN000461,3276010708670231,2024,27300404,587363,48982328,31019625,697388
FIN000462,3276010708670231,2025,33272566,597997,53061142,20757112,488099
FIN000463,3174010805720232,2024,4796228,338200,7232652,3283751,339555
FIN000464,3174010805720232,2025,4824880,378730,7693479,2002164,430755
FIN000465,3674011503770233,2024,29739601,4990509,46171300,30462797,5848897
FIN000466,3674011503770233,2025,35573896,5553070,61956907,42126886,7501682
FIN000467,3175012201720234,2024,11916559,289681,15022512,9255362,348732
FIN000468,3175012201720234,2025,8535098,221810,12821149,5054879,282115
FIN000469,3174010103860235,2024,82531998,7826570,94783901,51623815,7551766
FIN000470,3174010103860235,2025,102233498,12425529,168168887,87881867,11407800
FIN000471,3271016001020236,2024,11271507,708534,12964156,5886839,651303
FIN000472,3271016001020236,2025,12791566,773372,21921596,5449780,904693
FIN000473,3271014709790237,2024,20023215,1648470,32186003,12467222,1530751
FIN000474,3271014709790237,2025,23848701,1943157,39692009,9082864,1623834
FIN000475,3671012908990238,2024,14904181,1636110,24761551,10145197,2083130
FIN000476,3671012908990238,2025,17108796,1987021,24714720,7011458,1890639
FIN000477,3175016401650239,2024,15777020,2313935,18611980,8961833,2370604
FIN000478,3175016401650239,2025,18674995,3354361,29915839,6447186,4059471
FIN000479,3174012105750240,2024,32211907,2056604,57792287,21551165,1755386
FIN000480,3174012105750240,2025,31968598,2060100,60202918,41067786,2040933
FIN000481,3173011909940241,2024,12103562,471674,16803560,11655679,558324
FIN000482,3173011909940241,2025,13067498,531042,20416361,10249918,702915
FIN000483,3174014402740242,2024,19711762,1057130,31819949,14601075,864691
FIN000484,3174014402740242,2025,23260994,1350371,40434412,13060308,1166884
FIN000485,3671016307990243,2024,27896800,4319037,39853037,18492808,4647327
FIN000486,3671016307990243,2025,24482137,4109777,33806882,9578691,5268691
FIN000487,3174012511960244,2024,18682689,1472640,32931894,12604899,1204664
FIN000488,3174012511960244,2025,20501042,1609593,26215477,15557778,2059495
FIN000489,3671014104690245,2024,18349456,2892021,24693276,8996169,2922878
FIN000490,3671014104690245,2025,19622967,3001410,31793464,21841734,3530551
FIN000491,3671015402910246,2024,11806325,1649162,19660492,9045602,1702665
FIN000492,3671015402910246,2025,11996537,1288508,14635923,3012769,1802901
FIN000493,3171012909900247,2024,28872301,2630196,33637447,22139734,2104653
FIN000494,3171012909900247,2025,35842012,3947872,59702777,26902828,5467686
FIN000495,3271014301850248,2024,56686785,4695148,112069128,74754133,4118315
FIN000496,3271014301850248,2025,70196821,5205696,130967620,41167085,5346894
FIN000497,3276012210830249,2024,36165113,6894795,63788093,44386204,6990993
FIN000498,3276012210830249,2025,55073631,8481780,77872782,51068033,7209796
FIN000499,3271014406820250,2024,33957501,7768913,65732076,38954293,6674368
FIN000500,3271014406820250,2025,31419901,5471417,38424373,13867817,5169718
FIN000501,3671016902720251,2024,10954776,1548690,21480937,5588743,1337276
FIN000502,3671016902720251,2025,11482245,1482719,22777575,9298920,2008289
FIN000503,3171017107910252,2024,26161207,2229333,46068825,31659921,3031480
FIN000504,3171017107910252,2025,31686930,3148026,36287413,18284681,4096428
FIN000505,3671011611720253,2024,49145323,5047596,73393621,22687849,4894777
FIN000506,3671011611720253,2025,48549074,4950805,85098454,25853513,6798031
FIN000507,3171011404800254,2024,16936729,300428,27189711,15991325,388843
FIN000508,3171011404800254,2025,18324047,277616,31750224,12685127,358445
FIN000509,3671011604910255,2024,27638852,3138146,35274837,18531486,2604282
FIN000510,3671011604910255,2025,32161401,3947036,57452756,38522747,4148555
FIN000511,3671014601750256,2024,11858932,1167512,23033422,14776706,1350161
FIN000512,3671014601750256,2025,13088140,1370862,25633233,16028353,1638580
FIN000513,3671014303730257,2024,7659051,1023690,11692480,6846840,1233981
FIN000514,3671014303730257,2025,12626905,1894527,17568493,8865225,2211456
FIN000515,3276011607930258,2024,28325972,3143474,52845708,13976584,3942129
FIN000516,3276011607930258,2025,34734604,3798006,47845169,12831167,3903547
FIN000517,3671016802670259,2024,10146895,541208,17082440,6068557,549873
FIN000518,3671016802670259,2025,10996197,608442,21478955,8788875,734695
FIN000519,3671011804720260,2024,37775836,2897552,47906541,29268621,3132464
FIN000520,3671011804720260,2025,43030271,3088396,57957074,20289254,2626692
FIN000521,3174015607890261,2024,17793681,1742538,29697424,17488547,2360726
FIN000522,3174015607890261,2025,22217800,2329068,32851141,13500939,2665912
FIN000523,3276011007730262,2024,17803787,2476312,20529400,9245706,2014529
FIN000524,3276011007730262,2025,27571074,3463847,39941799,18998482,3155186
FIN000525,3674012211710263,2024,12233269,1705280,24040724,13609462,1702769
FIN000526,3674012211710263,2025,10218023,1441804,16239811,7959852,1860844
FIN000527,3171011808930264,2024,27031749,2843396,52410662,12745805,3969802
FIN000528,3171011808930264,2025,39826416,4708249,60653893,21555851,4911104
FIN000529,3276012308810265,2024,14949691,1212840,21654633,11355526,1694859
FIN000530,3276012308810265,2025,17835776,1653691,33751351,17647032,1591455
FIN000531,3671011310710266,2024,15977231,1102791,23844870,15469777,1374414
FIN000532,3671011310710266,2025,13418080,1191276,17112553,7705304,1519863
FIN000533,3276015405860267,2024,5556922,598200,7454952,4832500,578506
FIN000534,3276015405860267,2025,5582329,500937,8253618,3779380,526452
FIN000535,3174012912830268,2024,42852621,5257086,66865854,27783761,4382529
FIN000536,3174012912830268,2025,50806770,7101994,64194351,42822181,7376607
FIN000537,3271010506030269,2024,39550593,4315935,61647655,30189967,3890749
FIN000538,3271010506030269,2025,47806313,5800229,72159672,33265596,7789593
FIN000539,3671012709690270,2024,8988100,134579,14927390,5728515,172372
FIN000540,3671012709690270,2025,5042729,71292,6906480,3414391,68150
FIN000541,3674015506710271,2024,24848618,258343,39265739,8360251,355062
FIN000542,3674015506710271,2025,25144215,256741,47448205,26918082,257896
FIN000543,3271017007770272,2024,17024545,1965143,31604884,10612166,2362908
FIN000544,3271017007770272,2025,19457633,2029037,36564609,20648632,1808969
FIN000545,3671014706730273,2024,19078782,1101701,37035985,18479854,1089978
FIN000546,3671014706730273,2025,20375591,1152790,37147224,9029642,1251692
FIN000547,3671010102710274,2024,35196527,5101439,69673652,27429097,7033534
FIN000548,3671010102710274,2025,39173575,4479408,48736139,16486056,4840151
FIN000549,3271015012010275,2024,14471712,1619540,23669182,14321738,1427507
FIN000550,3271015012010275,2025,13201678,1304662,14989065,5770633,1524757
FIN000551,3671015106800276,2024,11405018,1142040,15676890,9181948,927731
FIN000552,3671015106800276,2025,11235613,1340296,14216776,9555921,1418206
FIN000553,3671012601770277,2024,36889976,7024515,54535150,32517870,5832973
FIN000554,3671012601770277,2025,41007284,7804767,68591944,33152717,7733669
FIN000555,3671012112960278,2024,37030603,2538972,47993897,10639447,2851924
FIN000556,3671012112960278,2025,43782311,2688198,84783458,23342236,2202213
FIN000557,3172015809940279,2024,12608715,888860,25158517,6919369,756419
FIN000558,3172015809940279,2025,12736892,915507,18654214,10823400,1257235
FIN000559,3271015406730280,2024,34573699,6177137,61846379,16684087,6652269
FIN000560,3271015406730280,2025,44155900,6882697,60684747,17121455,8445375
FIN000561,3271011110830281,2024,31998966,3456620,47057125,26635897,4598324
FIN000562,3271011110830281,2025,26676973,3037783,43996357,27814713,2691274
FIN000563,3271014412020282,2024,5836397,321502,11601219,5592321,358264
FIN000564,3271014412020282,2025,6035110,360976,11392108,3665683,399448
FIN000565,3671012112740283,2024,33527098,1872736,63753197,20231106,1808617
FIN000566,3671012112740283,2025,32734737,1542667,49317339,30306570,1367763
FIN000567,3275015606930284,2024,17675403,2848701,24826776,11585116,3853861
FIN000568,3275015606930284,2025,16298082,3001874,26832723,6825453,2545231
FIN000569,3171011605800285,2024,8633229,90066,12271136,6844315,120947
FIN000570,3171011605800285,2025,13513288,135088,19521711,8998502,156990
FIN000571,3174011204850286,2024,9239821,1311922,15408885,10685123,1721953
FIN000572,3174011204850286,2025,9742200,1722177,12263985,7043324,1461931
FIN000573,3674015803650287,2024,4905022,319463,8360949,2963561,300715
FIN000574,3674015803650287,2025,5386232,319805,7246946,2126273,380121
FIN000575,3671012502750288,2024,36847857,5573137,62540638,41962163,7145096
FIN000576,3671012502750288,2025,34445865,5031927,64068160,26962892,4418414
FIN000577,3671015506840289,2024,37940445,3159788,45235326,20774373,3907607
FIN000578,3671015506840289,2025,38196644,3353027,65209657,31653107,4575035
FIN000579,3174011506910290,2024,75142753,3131196,100346984,37995999,3058305
FIN000580,3174011506910290,2025,90494632,3903125,144994923,91748442,4952221
FIN000581,3671010203670291,2024,25398609,2741950,32719071,19456711,2940074
FIN000582,3671010203670291,2025,27476573,3077904,40320049,12335982,4110665
FIN000583,3671010507780292,2024,34906112,4790962,49669587,13131147,4706774
FIN000584,3671010507780292,2025,37312164,6213779,50847219,24005021,5414215
FIN000585,3671014609770293,2024,16202362,180105,23546850,11276293,249623
FIN000586,3671014609770293,2025,17790319,185519,27582553,6869775,239798
FIN000587,3276014810660294,2024,29101205,3349469,46092896,10257108,4123149
FIN000588,3276014810660294,2025,27919193,3194767,43016205,13800532,3493516
FIN000589,3671011009710295,2024,24860419,2657136,48948366,29340167,2296980
FIN000590,3671011009710295,2025,21579409,2126159,37371772,10461446,2913436
FIN000591,3174016406010296,2024,7461852,628615,13577453,4663911,648527
FIN000592,3174016406010296,2025,8331874,634181,11734382,8060663,865841
FIN000593,3671012909790297,2024,24564865,3354462,36366343,13179801,4427191
FIN000594,3671012909790297,2025,28603643,3887854,50103003,27705714,3427698
FIN000595,3674015312950298,2024,9290521,940932,17425754,10723988,968222
FIN000596,3674015312950298,2025,12971474,1361843,18365054,3992770,1651366
FIN000597,3671015702730299,2024,28017753,3165765,33071126,20114629,4228955
FIN000598,3671015702730299,2025,29454501,3516291,41756478,16499569,4559129
FIN000599,3175016005940300,2024,27228281,3640495,30190715,16761677,4582581
FIN000600,3175016005940300,2025,26815363,3771640,44596050,12945968,4813548
FIN000601,3173014507800301,2024,23145109,1479775,25811745,5293583,1447550
FIN000602,3173014507800301,2025,29548617,2315429,49026910,19270200,1867413
FIN000603,3173016105790302,2024,14068510,1983901,24593529,5548777,2609655
FIN000604,3173016105790302,2025,15691295,1945985,23653930,13693872,2461438
FIN000605,3173014412840303,2024,29073665,5781826,50049923,12546452,6864764
FIN000606,3173014412840303,2025,36811437,5955234,40964785,12579604,5315898
FIN000607,3172011908890304,2024,38701033,3870057,47846970,16254531,5068828
FIN000608,3172011908890304,2025,42028681,4604283,58830736,38209124,5301541
FIN000609,3173016311790305,2024,30740529,3395274,36190581,11389392,3405817
FIN000610,3173016311790305,2025,29565870,3408011,45788407,20723128,3690398
FIN000611,3671012707890306,2024,28348124,2624556,56332947,29683939,2792177
FIN000612,3671012707890306,2025,27441913,2279041,35452862,17277018,2504038
FIN000613,3171010206700307,2024,11252863,1216820,17841294,7226836,1391951
FIN000614,3171010206700307,2025,11755296,1171037,14200538,6593243,986954
FIN000615,3671015805870308,2024,20680378,2302128,38222759,17337149,1880218
FIN000616,3671015805870308,2025,24858694,2204155,47915282,29621403,2261272
FIN000617,3671011308870309,2024,29949244,4456366,45400723,22224602,5252693
FIN000618,3671011308870309,2025,36219035,6689018,67415874,15345906,6030016
FIN000619,3671012610020310,2024,24370626,3207569,41429718,19397902,4115677
FIN000620,3671012610020310,2025,21400805,2967673,29891221,8227438,3535552
FIN000621,3171014908870311,2024,12723936,1052128,16390821,4525887,885798
FIN000622,3171014908870311,2025,15331417,1297342,18575258,3990588,1087929
FIN000623,3172015110690312,2024,14918349,356940,22524712,14858488,448086
FIN000624,3172015110690312,2025,20403781,479551,25277900,14524333,548661
FIN000625,3671016502740313,2024,12688170,1840770,20121004,9842568,1722102
FIN000626,3671016502740313,2025,14488513,1962662,16081760,8593559,1961448
FIN000627,3275011202820314,2024,58137783,7208142,81118283,24625832,6855124
FIN000628,3275011202820314,2025,71881166,9941625,118878996,49961603,9331061
FIN000629,3671015511980315,2024,14191666,768772,19102540,9811093,725651
FIN000630,3671015511980315,2025,19702744,1023108,28039410,13807333,855452
FIN000631,3173012810660316,2024,12847845,1479656,24214261,16511803,1797425
FIN000632,3173012810660316,2025,12734411,1411164,21962650,13777699,1812296
FIN000633,3174016411710317,2024,64122747,9246663,116778994,71097889,9837939
FIN000634,3174016411710317,2025,61581589,9310631,122107379,84134493,10720788
FIN000635,3276010104730318,2024,11786616,2466504,16505765,5081729,3387580
FIN000636,3276010104730318,2025,9392005,2166156,18230041,7174666,2120487
FIN000637,3271010303780319,2024,15516832,1832654,25004206,16161334,1678150
FIN000638,3271010303780319,2025,15072210,2058165,25616351,16078745,2295357
FIN000639,3671015610660320,2024,34572234,1034535,64545520,33872814,1003204
FIN000640,3671015610660320,2025,41398535,1326990,79175751,49124876,1669175
FIN000641,3276015605790321,2024,36271796,5551133,47388817,24898589,6922215
FIN000642,3276015605790321,2025,38946906,5923968,72376525,35912240,5080468
FIN000643,3275012303740322,2024,18317816,2581007,28752752,16272142,3570196
FIN000644,3275012303740322,2025,19144059,2370192,28979313,17762086,2052924
FIN000645,3171011708000323,2024,20730976,1991217,34990431,21969838,2665592
FIN000646,3171011708000323,2025,21743836,1619814,42074317,26643965,1339919
FIN000647,3173015603950324,2024,12942209,1931196,23832676,10011323,2137708
FIN000648,3173015603950324,2025,14402018,1754309,22153585,5621387,2359863
FIN000649,3175011904000325,2024,33740515,1934851,47111396,9660328,2261882
FIN000650,3175011904000325,2025,41986581,2633741,73035526,22770008,3401423
FIN000651,3171014107980326,2024,20856173,1784984,23253329,6598936,1928141
FIN000652,3171014107980326,2025,19066760,1290340,23836931,12327845,1666369
FIN000653,3174011611660327,2024,12843671,1675594,21852251,15055615,2332139
FIN000654,3174011611660327,2025,15134280,1988653,17900141,6573581,2084386
FIN000655,3671012203720328,2024,6982389,727057,11053255,3819163,982747
FIN000656,3671012203720328,2025,8606810,1106823,16212351,5988385,1069999
FIN000657,3175015702950329,2024,50793775,8731920,62402939,32116247,11719244
FIN000658,3175015702950329,2025,52448883,11110752,58178241,37072843,12626933
FIN000659,3671010609730330,2024,11125922,536659,15003919,5077988,654384
FIN000660,3671010609730330,2025,13810482,500430,25390468,13362101,652918
FIN000661,3276016103650331,2024,27811048,1740766,48238593,13706637,1650078
FIN000662,3276016103650331,2025,28697148,1492001,56447313,36300622,1503649
FIN000663,3271014511860332,2024,18058201,1859472,22484054,8303521,2163798
FIN000664,3271014511860332,2025,13709402,1464845,22922055,15354641,1989970
FIN000665,3671011506010333,2024,10973916,628388,19556719,12229129,659846
FIN000666,3671011506010333,2025,14416022,875082,20867475,9174387,969147
FIN000667,3172012211970334,2024,28219232,4876364,42156327,10183700,5914541
FIN000668,3172012211970334,2025,37686100,5697039,69980058,19123602,6762091
FIN000669,3671012012980335,2024,4872150,1084871,6390314,2214546,1224981
FIN000670,3671012012980335,2025,4308114,827954,6942569,2083294,815194
FIN000671,3276016710670336,2024,29107946,3523222,44248830,10401252,3235713
FIN000672,3276016710670336,2025,33771449,4553969,53125099,36853897,5260166
FIN000673,3275012707960337,2024,8363525,741937,11294379,5904832,652761
FIN000674,3275012707960337,2025,8065903,702429,12194549,2948957,727549
FIN000675,3172015404760338,2024,30027119,900336,38038237,16022170,915562
FIN000676,3172015404760338,2025,27755139,909313,47883728,30467022,1092454
FIN000677,3174013101880339,2024,20011074,2611341,26037456,16432768,2849606
FIN000678,3174013101880339,2025,18199418,2588541,28112708,8058969,3045630
FIN000679,3671010808860340,2024,26483094,2965326,46177783,11341833,4092511
FIN000680,3671010808860340,2025,32018384,4150808,57565008,29411623,5691430
FIN000681,3171012903930341,2024,33506985,2286848,52337023,33539797,2691463
FIN000682,3171012903930341,2025,13736727,956450,18779791,12920731,795489
FIN000683,3671010511680342,2024,17053745,1801963,33226331,10176811,2032123
FIN000684,3671010511680342,2025,20448951,2404076,31925154,10653100,3049290
FIN000685,3671011007720343,2024,121214323,19829902,175685128,111039003,25111858
FIN000686,3671011007720343,2025,146409195,22066701,167328230,80786055,28796382
FIN000687,3671012801020344,2024,26662065,1869130,37383887,10707049,2543094
FIN000688,3671012801020344,2025,34152557,2255408,46149319,16878832,2189544
FIN000689,3172011103890345,2024,15182824,3246130,27351438,9730676,4384773
FIN000690,3172011103890345,2025,13906569,3145357,26096943,9819400,3470901
FIN000691,3271010406910346,2024,8538963,285521,14718062,9349454,325903
FIN000692,3271010406910346,2025,7215868,213200,14364067,7783697,218498
FIN000693,3671014512900347,2024,20960875,3500914,28442695,8065337,4749742
FIN000694,3671014512900347,2025,22477114,4060793,29630174,8414038,4163144
FIN000695,3671012109760348,2024,35080429,2968306,67160207,43961062,3450853
FIN000696,3671012109760348,2025,29796428,2497666,46024406,12580488,2949797
FIN000697,3671012005760349,2024,8859421,762564,12722228,7540623,796118
FIN000698,3671012005760349,2025,10511830,1129676,18079878,8292409,1403764
FIN000699,3174015508740350,2024,9885100,1320616,17117435,4802283,1809777
FIN000700,3174015508740350,2025,11570369,1332619,16361160,7509662,1166986
FIN000701,3674011512680351,2024,9438536,83132,17376064,6771192,78792
FIN000702,3674011512680351,2025,11257433,129301,19154159,4538219,165606
FIN000703,3171016109930352,2024,60747593,9872425,94019075,54687084,8348210
FIN000704,3171016109930352,2025,61019501,10049926,101111362,48510437,13497580
FIN000705,3276012005940353,2024,47682441,5284393,85223566,41354411,5751752
FIN000706,3276012005940353,2025,51749825,5057341,65037529,41477111,4477402
FIN000707,3671011701690354,2024,17904770,1632831,21750564,11881344,1631109
FIN000708,3671011701690354,2025,23504711,2350602,39089136,15224746,3008547
FIN000709,3671015709760355,2024,5670666,91524,6303942,1434822,115577
FIN000710,3671015709760355,2025,7090368,110702,12868775,5661902,142092
FIN000711,3271012102960356,2024,12760809,1754895,22125957,8082801,1607451
FIN000712,3271012102960356,2025,11519952,1628738,15509119,7710685,1568541
FIN000713,3275010203820357,2024,16855321,1683724,20516238,12087879,1549246
FIN000714,3275010203820357,2025,21216813,2279428,31978009,7907195,2320738
FIN000715,3173016203950358,2024,26466717,5670926,47112229,10657745,6229995
FIN000716,3173016203950358,2025,30359957,6912811,35756911,9583258,7229367
FIN000717,3173012401980359,2024,13320977,1155783,16474524,9659105,1066603
FIN000718,3173012401980359,2025,15062918,1165251,23064094,8617561,948714
FIN000719,3174012604950360,2024,19595308,2360938,23891901,16421053,2063069
FIN000720,3174012604950360,2025,20912267,2698238,24276201,13782483,3124697
FIN000721,3674015603730361,2024,39515278,5653386,56068480,12243866,6982866
FIN000722,3674015603730361,2025,45117226,5989548,73959855,47199264,4819160
FIN000723,3276010507850362,2024,20875062,3458310,33905525,15810399,4514426
FIN000724,3276010507850362,2025,21783036,4093781,40181352,18975427,4372843
FIN000725,3271016706920363,2024,10176155,1977442,14970833,6149444,1776381
FIN000726,3271016706920363,2025,10507541,1839122,19576254,6341954,1481315
FIN000727,3276016010830364,2024,77705688,3015117,103699825,62181863,2956503
FIN000728,3276016010830364,2025,113993039,4140150,165239411,43925997,5027128
FIN000729,3172012205840365,2024,10260924,1673056,12999022,7970733,2080463
FIN000730,3172012205840365,2025,13667839,2629240,20394438,8732580,2646331
FIN000731,3671016403000366,2024,35580866,4255634,45004586,18123743,4582130
FIN000732,3671016403000366,2025,55615963,6056457,88305670,53060548,8065689
FIN000733,3275010703850367,2024,26618727,235310,30817091,21230063,278941
FIN000734,3275010703850367,2025,25587950,252227,45689516,11219808,293710
FIN000735,3671011711900368,2024,13346432,2596897,26147347,9166409,2271969
FIN000736,3671011711900368,2025,13351558,2916009,21588010,12464621,3651631
FIN000737,3276014807720369,2024,9329929,775344,12794591,5650297,716658
FIN000738,3276014807720369,2025,11410047,1025846,17826190,6443627,875653
FIN000739,3271016702920370,2024,26263409,2402410,32398363,17511623,3227272
FIN000740,3271016702920370,2025,32426147,2453056,59875385,39066766,2403256
FIN000741,3175011505980371,2024,10720183,1867083,20487900,9192881,2599040
FIN000742,3175011505980371,2025,11863733,1901526,21492778,8187699,2595155
FIN000743,3671013008690372,2024,13256101,1419468,25209518,15246193,1416710
FIN000744,3671013008690372,2025,13473641,1645346,25161670,6333583,1452649
FIN000745,3172015308020373,2024,15176012,757195,16727047,4310432,650737
FIN000746,3172015308020373,2025,17688088,773934,23157803,7274824,791143
FIN000747,3671014407910374,2024,12556928,1291384,24568432,12372231,1619670
FIN000748,3671014407910374,2025,13395341,1534428,16581374,7128415,1763224
FIN000749,3674012708760375,2024,35979008,6449426,44191927,12570214,6020043
FIN000750,3674012708760375,2025,29010960,4389942,46650902,16969040,6022025
FIN000751,3271013005650376,2024,24892812,2360540,40473174,19172718,2730217
FIN000752,3271013005650376,2025,26252599,2075169,46868830,21009706,1713172
FIN000753,3671016802020377,2024,25812555,4583730,35397113,9327768,5886275
FIN000754,3671016802020377,2025,26573145,4691413,36424281,16814813,5475545
FIN000755,3671015107830378,2024,13215258,1749733,24350170,8402786,1570084
FIN000756,3671015107830378,2025,13121427,1688722,15890247,9995302,1837460
FIN000757,3276016105790379,2024,22936923,2234519,42058124,26535630,2703336
FIN000758,3276016105790379,2025,28956804,2623708,45627574,12105494,2461211
FIN000759,3671011206750380,2024,6691778,743979,8099593,4441974,820905
FIN000760,3671011206750380,2025,6894775,755576,12182600,7064312,794117
FIN000761,3175014708680381,2024,21434058,471297,37771284,7556018,616216
FIN000762,3175014708680381,2025,23941521,451809,47148420,30774512,413132
FIN000763,3171014604820382,2024,30244856,4182245,57060010,16570982,4402150
FIN000764,3171014604820382,2025,25385129,4491961,29645233,14090149,5135599
FIN000765,3271015202720383,2024,29240028,6183841,55487035,25019633,7199338
FIN000766,3271015202720383,2025,35813845,7093353,65797121,29863112,6150930
FIN000767,3671012501700384,2024,14761193,1092299,26247507,11810771,988140
FIN000768,3671012501700384,2025,20913965,1319920,32063948,9710964,1833845
FIN000769,3174016501910385,2024,23687221,3640218,26313723,10251444,4320461
FIN000770,3174016501910385,2025,20102970,3220324,23088258,15341142,3053494
FIN000771,3671014709670386,2024,11606488,1468320,17008986,8345878,1613270
FIN000772,3671014709670386,2025,12524025,1320825,17736514,3646779,1598225
FIN000773,3674016111970387,2024,16151197,1133800,19784802,4597017,1024071
FIN000774,3674016111970387,2025,21432120,1731534,42520983,27196721,2392638
FIN000775,3276014306900388,2024,20288555,2787210,35676136,16294411,3157352
FIN000776,3276014306900388,2025,19753030,2732032,30027802,10368427,3229849
FIN000777,3271010410010389,2024,19527216,2553276,35603665,8746439,3383058
FIN000778,3271010410010389,2025,25008927,3643121,48376396,31336062,3745701
FIN000779,3175014505970390,2024,31970020,4757647,59035705,38606982,4047465
FIN000780,3175014505970390,2025,37068366,6943093,60834320,12954589,7811513
FIN000781,3275016704690391,2024,21763460,3467839,27443352,11349610,3005572
FIN000782,3275016704690391,2025,30586737,4512266,59927189,17434226,4702586
FIN000783,3671010707940392,2024,24619213,2063635,37123764,19107627,2518844
FIN000784,3671010707940392,2025,26967259,2068817,42253559,11256257,2534402
FIN000785,3671012904020393,2024,17378078,1436172,21259439,7312670,1786942
FIN000786,3671012904020393,2025,28426887,2236533,48692741,27796421,2516517
FIN000787,3671014706020394,2024,16513415,2616367,24013740,12462869,3240853
FIN000788,3671014706020394,2025,17949844,2591351,26736596,13906168,3609265
FIN000789,3671012807900395,2024,39630607,3222925,66752852,30517391,3883695
FIN000790,3671012807900395,2025,37822593,3169063,67356726,42361232,3086703
FIN000791,3671012208870396,2024,16903937,2433100,19251316,10880406,2343430
FIN000792,3671012208870396,2025,17101808,2709063,28394479,16206280,3075682
FIN000793,3671016201020397,2024,23600516,2348143,32274599,17115030,3110890
FIN000794,3671016201020397,2025,27083295,2490520,49442628,32813764,3437322
FIN000795,3275017107970398,2024,28054911,708154,55356217,12536560,968320
FIN000796,3275017107970398,2025,29812200,802337,57198328,14539363,1046584
FIN000797,3175010211890399,2024,15694947,2518732,31253788,12866532,2662074
FIN000798,3175010211890399,2025,17312710,2209637,26809130,17963203,1986989
FIN000799,3275010408900400,2024,6754598,661760,9439258,5723706,572673
FIN000800,3275010408900400,2025,8271808,864728,12955318,7494226,960744
FIN000801,3275011310970401,2024,30388906,2702766,44093854,25248191,3108569
FIN000802,3275011310970401,2025,26196580,2214196,36519525,23979501,1824607
FIN000803,3671010606670402,2024,14036052,2554768,23674456,14802036,3154237
FIN000804,3671010606670402,2025,13211498,2623948,20432668,8879817,2824494
FIN000805,3671012712840403,2024,22166018,3560541,43133558,18006753,4267801
FIN000806,3671012712840403,2025,19803863,3236335,33982544,11332751,3088595
FIN000807,3172016811820404,2024,7899848,1009689,12166091,3984969,1267775
FIN000808,3172016811820404,2025,10677207,1443873,13791944,8268917,1304492
FIN000809,3671014503900405,2024,23239457,3678515,35650157,18082529,4870111
FIN000810,3671014503900405,2025,29554942,5140860,41674158,18500658,4954847
FIN000811,3271011608800406,2024,51149342,4506145,74293210,46437383,3608356
FIN000812,3271011608800406,2025,70895146,7064582,89559511,30204481,7184436
FIN000813,3171012909950407,2024,12790692,3514458,25226448,15732890,4042461
FIN000814,3171012909950407,2025,19270660,4507468,25191607,11770222,4540726
FIN000815,3175011003850408,2024,27161932,1958658,44822175,10618684,2134675
FIN000816,3175011003850408,2025,30183145,2230751,59308603,12604436,2689771
FIN000817,3174016311810409,2024,14545787,1709741,21646641,6678321,1811485
FIN000818,3174016311810409,2025,13447876,1531363,16909284,4721647,1937769
FIN000819,3174010806820410,2024,22641537,1321874,41978667,14156614,1093105
FIN000820,3174010806820410,2025,26597122,1700077,53189389,32263010,1941756
FIN000821,3175016809860411,2024,17663307,2309604,26128778,15006708,2590504
FIN000822,3175016809860411,2025,19242709,2471824,25526392,6669580,2859594
FIN000823,3671016910650412,2024,27079526,4182664,52425067,20826297,3690493
FIN000824,3671016910650412,2025,33262523,4272531,65178276,32229491,5496508
FIN000825,3172016707770413,2024,4857969,550554,9279740,2807180,443592
FIN000826,3172016707770413,2025,6237323,716731,11820712,2799778,726152
FIN000827,3173014601790414,2024,16095746,1962157,20151928,12940722,2101619
FIN000828,3173014601790414,2025,18263333,1876248,30614374,9439863,2491265
FIN000829,3671011704840415,2024,11052498,1427392,15788255,6901089,1643795
FIN000830,3671011704840415,2025,13110154,1827419,25251311,5610640,2086194
FIN000831,3671010305990416,2024,103629746,14657449,136842124,84385880,17547957
FIN000832,3671010305990416,2025,106010375,13584967,199545252,136612120,18995568
FIN000833,3671010203920417,2024,10112172,1220573,19608798,11252022,1308084
FIN000834,3671010203920417,2025,13901533,1747682,27752126,10736036,1496800
FIN000835,3271010304730418,2024,32887490,3879704,59650631,13566483,4671307
FIN000836,3271010304730418,2025,43466471,4369572,69577693,31232293,5974790
FIN000837,3276012004980419,2024,17618025,2489321,32711067,10989836,3276755
FIN000838,3276012004980419,2025,18984762,2374274,36850980,21116518,2487380
FIN000839,3674016710990420,2024,13960265,1663696,18228081,8866812,2200851
FIN000840,3674016710990420,2025,17603225,2346501,28617122,7950482,2963752
FIN000841,3171010804880421,2024,19689564,2799818,38870253,24067191,2429666
FIN000842,3171010804880421,2025,22596687,4049506,44030493,15770726,4743937
FIN000843,3674016006720422,2024,5508446,674866,10660417,2490840,559039
FIN000844,3674016006720422,2025,5456722,550719,10569467,6177931,664111
FIN000845,3171010712990423,2024,13287386,928258,21889614,6661094,985844
FIN000846,3171010712990423,2025,16501528,1181282,22749954,5408540,1084929
FIN000847,3276016303970424,2024,10048284,496276,19054306,4614830,575058
FIN000848,3276016303970424,2025,12096663,774705,13985927,5476224,772201
FIN000849,3275011906990425,2024,37778756,3388462,42503772,9510468,4247324
FIN000850,3275011906990425,2025,29653308,3010678,55153885,19447676,3809089
FIN000851,3671015512770426,2024,10216022,752915,13781949,8373286,625788
FIN000852,3671015512770426,2025,11874717,1036531,21457508,8106746,1445754
FIN000853,3671014309750427,2024,15311641,2157614,27405165,7197747,2161286
FIN000854,3671014309750427,2025,13167551,1719100,20313676,11187763,1765808
FIN000855,3276011303670428,2024,11871106,2320651,18258953,4281898,2496900
FIN000856,3276011303670428,2025,16107414,3313481,18134470,8286303,4117385
FIN000857,3174015509830429,2024,68271315,12618196,95473891,58600384,10606513
FIN000858,3174015509830429,2025,67244248,11593080,109765206,68934005,9776272
FIN000859,3271011407810430,2024,21877940,1756116,40675125,27636779,1423046
FIN000860,3271011407810430,2025,23286715,1675557,43740120,11713975,1681592
FIN000861,3276015903960431,2024,11167259,582071,18603601,8584557,765497
FIN000862,3276015903960431,2025,10315054,572761,13363108,6304978,727580
FIN000863,3271016710700432,2024,9352445,1301983,14706949,8086162,1299582
FIN000864,3271016710700432,2025,9739315,1274082,16898079,6753617,1022341
FIN000865,3275013001980433,2024,23810957,1178504,27457243,8744606,980472
FIN000866,3275013001980433,2025,25041979,1120757,47152473,30869133,1104688
FIN000867,3671013105760434,2024,9672093,907869,17833073,11169419,751313
FIN000868,3671013105760434,2025,10242654,906263,13139822,8070677,973123
FIN000869,3671016904020435,2024,25651364,2383196,32164326,8235417,2879622
FIN000870,3671016904020435,2025,28088507,2985301,44969139,11205811,3809139
FIN000871,3271017009850436,2024,31423485,3842668,62318060,26210368,3340788
FIN000872,3271017009850436,2025,29635690,2970453,33289521,19480997,3613261
FIN000873,3271012112670437,2024,47421069,2993272,88479564,43123309,2611235
FIN000874,3271012112670437,2025,57495763,3687826,104463989,69990774,4309803
FIN000875,3271010411960438,2024,47849908,3699627,76994763,15568985,3556106
FIN000876,3271010411960438,2025,39756962,3309487,67821666,35708335,4533883
FIN000877,3174011510810439,2024,7388124,602623,11828935,4075271,625340
FIN000878,3174011510810439,2025,8996502,842207,17960197,9381792,813478
FIN000879,3671011610990440,2024,40922272,2585171,62131438,32929157,2861985
FIN000880,3671011610990440,2025,43836736,3590536,67712199,29196825,3539573
FIN000881,3174015412780441,2024,9343596,1530512,14166816,9154748,1884374
FIN000882,3174015412780441,2025,10911368,1460912,14034345,8520710,1541870
FIN000883,3276012505790442,2024,33461758,1001996,63663104,15009831,1013965
FIN000884,3276012505790442,2025,34311590,1163152,64721304,38235692,946171
FIN000885,3275014709650443,2024,26071422,3586812,42806685,29946417,3960565
FIN000886,3275014709650443,2025,34855368,4605154,40548511,24596689,5408577
FIN000887,3271010104890444,2024,11026425,1523113,19735166,9704921,1693751
FIN000888,3271010104890444,2025,16209872,1958398,24714344,11593927,2300616
FIN000889,3172010408910445,2024,9882609,1380821,13178948,5573756,1358969
FIN000890,3172010408910445,2025,10783268,1299544,15026993,4979112,1103906
FIN000891,3173015305690446,2024,12714355,1675982,21083898,7836655,1839863
FIN000892,3173015305690446,2025,6532028,817713,12579339,8690401,1054299
FIN000893,3671016005000447,2024,31075658,4227473,38231576,9084013,4601372
FIN000894,3671016005000447,2025,35483858,4502544,47032279,16936721,5542715
FIN000895,3271015202920448,2024,11479313,876652,18769045,6077018,728427
FIN000896,3271015202920448,2025,14034564,960711,26142193,6559994,1197910
FIN000897,3674015409750449,2024,34782931,6640756,44482761,12413958,5682088
FIN000898,3674015409750449,2025,38429815,7257895,61231585,14901281,7149030
FIN000899,3671014610720450,2024,11140846,989316,17796913,8550564,891177
FIN000900,3671014610720450,2025,11197926,972150,20934237,5934175,804400
FIN000901,3275014211910451,2024,25989560,2026881,34393575,13691246,2282980
FIN000902,3275014211910451,2025,21205727,1321948,39306160,17924607,1305756
FIN000903,3671012704850452,2024,12486526,1373781,19798061,13007241,1481640
FIN000904,3671012704850452,2025,12494606,1417413,15861848,3620541,1940529
FIN000905,3671014201690453,2024,30242850,2463104,54454234,33859989,3248641
FIN000906,3671014201690453,2025,30752155,2329411,44904149,25841641,2659330
FIN000907,3275012008030454,2024,14849043,1649328,24209495,9120559,1658571
FIN000908,3275012008030454,2025,16334113,2143326,31518357,10510714,2202816
FIN000909,3671016009940455,2024,31454074,4838357,48593964,29579422,6767541
FIN000910,3671016009940455,2025,28970133,4099824,41605780,20949261,4960170
FIN000911,3171015007650456,2024,18282231,3530684,33634410,22842142,4654816
FIN000912,3171015007650456,2025,19594004,4202460,27904509,14265945,3617040
FIN000913,3671015612920457,2024,48549324,4678544,90041872,33776145,5377167
FIN000914,3671015612920457,2025,56127938,5976927,91928600,52592258,5953550
FIN000915,3172010705870458,2024,7260157,879876,8359096,4048974,902577
FIN000916,3172010705870458,2025,10232953,1247528,11409753,4167964,1062764
FIN000917,3275015705710459,2024,20811745,2747322,38510854,22647582,3406587
FIN000918,3275015705710459,2025,24464120,3619742,47359350,20016128,3510038
FIN000919,3275015201860460,2024,41254986,5195829,81910454,43113766,6482821
FIN000920,3275015201860460,2025,38727320,4082797,72793447,47326752,3454623
FIN000921,3671011108970461,2024,15636289,933895,22573755,11418215,1294179
FIN000922,3671011108970461,2025,15625849,1105601,25040004,5626316,1227332
FIN000923,3172015306680462,2024,27946353,1601416,39479906,9124986,1835387
FIN000924,3172015306680462,2025,27669527,1480109,46886711,26509801,1615744
FIN000925,3671012707940463,2024,39295332,2675559,45854308,27455926,2365046
FIN000926,3671012707940463,2025,31913043,2689329,55464242,38720307,3273875
FIN000927,3671016907020464,2024,6332440,404151,12194075,6646685,449047
FIN000928,3671016907020464,2025,7494976,492604,11235823,5103352,607581
FIN000929,3275012310930465,2024,22209870,2430156,29004972,12776913,1955007
FIN000930,3275012310930465,2025,21734165,2959834,24538463,12221528,2996490
FIN000931,3671015401820466,2024,20916911,2248970,27616287,6823044,2837771
FIN000932,3671015401820466,2025,21345579,1975112,39687823,24575315,2756127
FIN000933,3671015505690467,2024,13936646,2067762,19053160,5812555,2543631
FIN000934,3671015505690467,2025,17337097,2259417,19844984,7751883,2816037
FIN000935,3671014912970468,2024,88802894,16085710,99704524,42642103,14155958
FIN000936,3671014912970468,2025,101562329,17108729,195902502,39884815,20546431
FIN000937,3172013008690469,2024,29536696,2634381,42080257,10878784,3243111
FIN000938,3172013008690469,2025,37803884,3278143,45428116,30081690,3230126
FIN000939,3671012111910470,2024,52233787,5839811,102792321,66121602,5447425
FIN000940,3671012111910470,2025,56135086,7111319,76554962,47932379,8800515
FIN000941,3271011212850471,2024,29968540,281056,58293617,33768938,283850
FIN000942,3271011212850471,2025,32069329,298293,41384037,13335853,258497
FIN000943,3674014412790472,2024,17950779,1670356,29731253,7261551,2183365
FIN000944,3674014412790472,2025,18010631,1732016,28608125,15384071,1623754
FIN000945,3171010204890473,2024,19214344,3022013,33407301,11533577,3125135
FIN000946,3171010204890473,2025,25372124,3808247,32140287,14384586,4732255
FIN000947,3173014509710474,2024,16570535,2882583,32668114,14020885,2409808
FIN000948,3173014509710474,2025,22779134,3901384,27475493,8509770,4650061
FIN000949,3275016503890475,2024,32903805,5448521,55848100,23486239,5875116
FIN000950,3275016503890475,2025,43901564,5968171,79098964,50068196,7736952
FIN000951,3275015305930476,2024,18409031,2372178,34040570,23520899,3050621
FIN000952,3275015305930476,2025,25126409,2773412,46201855,17917890,3077698
FIN000953,3276012905780477,2024,13535192,541330,24608919,11321208,704690
FIN000954,3276012905780477,2025,17926146,806708,29247375,11467142,1027554
FIN000955,3671011212860478,2024,9529328,1898911,14451324,5177838,2302764
FIN000956,3671011212860478,2025,8538834,1358834,15776176,8522003,1796432
FIN000957,3275011103830479,2024,33564734,2271620,43496010,25401473,2094150
FIN000958,3275011103830479,2025,34737889,2636593,58612818,34401544,3349339
FIN000959,3173010105940480,2024,19794197,2900358,26942923,15830282,3622128
FIN000960,3173010105940480,2025,18554518,2466050,31119795,7133091,3110008
FIN000961,3276016206020481,2024,13454453,1567717,19048890,6296426,1606306
FIN000962,3276016206020481,2025,18232878,2304983,28424544,6183812,1920281
FIN000963,3671015907790482,2024,23900275,4373310,34598204,15145275,5166427
FIN000964,3671015907790482,2025,23289166,4303172,46469430,20323534,5200273
FIN000965,3276016512980483,2024,34198307,3680686,59220984,22581825,4645305
FIN000966,3276016512980483,2025,53983058,7181647,101189156,44653437,6716016
FIN000967,3671012011990484,2024,16103306,143064,25036822,7175109,145846
FIN000968,3671012011990484,2025,16631677,165905,32481979,16642029,169744
FIN000969,3276014104740485,2024,23882499,1805865,33796002,13584155,2353607
FIN000970,3276014104740485,2025,24397616,1570189,34311279,13101215,1259288
FIN000971,3671011802930486,2024,19099977,2483231,36462751,12267648,2315310
FIN000972,3671011802930486,2025,22429979,2421143,36623929,16414029,3114166
FIN000973,3671016810850487,2024,8340572,950445,13186648,3407027,1245667
FIN000974,3671016810850487,2025,9190086,1025854,13793294,2937923,838978
FIN000975,3174010512930488,2024,44611652,2731004,49383178,30829202,3772171
FIN000976,3174010512930488,2025,61763512,3799297,72001879,24891471,4860834
FIN000977,3671010302720489,2024,5212432,353970,7939042,4259856,338837
FIN000978,3671010302720489,2025,6681835,533537,10265436,4132665,616968
FIN000979,3671016804750490,2024,16192526,1629585,27597517,16725783,1870532
FIN000980,3671016804750490,2025,17062787,1884955,31563031,18513771,1869855
FIN000981,3275012107840491,2024,7543963,169747,9544679,4589812,210077
FIN000982,3275012107840491,2025,9205950,219967,10700113,7085224,176698
FIN000983,3276015006660492,2024,57775208,6659771,75853529,28405902,8965254
FIN000984,3276015006660492,2025,68084553,10214364,80234339,31970661,9086383
FIN000985,3671010106000493,2024,19541812,2215065,37831927,23043697,2182513
FIN000986,3671010106000493,2025,23238309,2381535,46435807,25152976,2513559
FIN000987,3275017009970494,2024,8956987,1551799,11360141,2817149,1847069
FIN000988,3275017009970494,2025,13055037,2094105,24649442,11502243,2234186
FIN000989,3173012611970495,2024,48919786,7849872,63762211,31190586,8569127
FIN000990,3173012611970495,2025,54163873,7724409,61885489,40658326,10604151
FIN000991,3173011210740496,2024,24323089,4037413,42754199,20833913,3642327
FIN000992,3173011210740496,2025,21801678,3033122,35546861,9399030,3743958
FIN000993,3671012805850497,2024,16535864,1952554,20328166,9467655,2725052
FIN000994,3671012805850497,2025,20430532,2133513,27325956,12824266,2722399
FIN000995,3173012712950498,2024,12662530,1325443,19131313,11685246,1643323
FIN000996,3173012712950498,2025,14695101,1567437,20001008,10194702,1386654
FIN000997,3671010302880499,2024,21128280,1599503,36342161,8329578,1513756
FIN000998,3671010302880499,2025,29251156,2796035,35671264,13832529,3823158
FIN000999,3671016602900500,2024,27658653,2750572,53051575,30122072,3666609
FIN001000,3671016602900500,2025,30745483,2422275,36583699,20811123,3032682
FIN001001,3674010706770501,2024,48654315,6467193,83919639,36588211,6809378
FIN001002,3674010706770501,2025,61167425,7706457,101991929,62084699,9776347
FIN001003,3671015104850502,2024,39021175,4630996,49976590,25450257,4265554
FIN001004,3671015104850502,2025,48954108,5571021,88653002,53746119,6632273
FIN001005,3175015001700503,2024,18113298,2913515,25645463,15348714,2419046
FIN001006,3175015001700503,2025,25698823,4711829,36134053,18602102,5707313
FIN001007,3275016901780504,2024,21465592,2133667,29947415,18727404,2507162
FIN001008,3275016901780504,2025,25011959,2642162,49850805,13217353,3302063
FIN001009,3671015807850505,2024,26817757,4488104,31159417,6722905,4887057
FIN001010,3671015807850505,2025,31908247,5564421,46133211,28875518,6094561
FIN001011,3175014410770506,2024,17003664,1584660,23254171,10281651,2081789
FIN001012,3175014410770506,2025,26479067,2388518,47723374,23368962,2626890
FIN001013,3175011010900507,2024,14303659,1614676,27662106,10897841,1844559
FIN001014,3175011010900507,2025,10461249,1248298,17236631,4793282,1127325
FIN001015,3674016103890508,2024,15144664,1247944,26740944,6162795,1612677
FIN001016,3674016103890508,2025,15868693,1280364,26216371,12489064,1142613
FIN001017,3671015301940509,2024,10811105,2144901,12825295,8584398,2438572
FIN001018,3671015301940509,2025,9840141,1626249,13344386,4063635,1844564
FIN001019,3172017003700510,2024,27313167,2344367,51350603,16996088,2224296
FIN001020,3172017003700510,2025,23031073,2459151,33336011,6812491,3031424
FIN001021,3172011308880511,2024,49974264,638030,93918782,28508325,882273
FIN001022,3172011308880511,2025,56929496,771761,104996894,62407434,831687
FIN001023,3275016911940512,2024,33957869,2437851,56667613,24656516,2765236
FIN001024,3275016911940512,2025,48936226,3158480,56269649,21267781,3409633
FIN001025,3674014203900513,2024,17763021,3285313,33473981,13852219,4463007
FIN001026,3674014203900513,2025,22893987,4324109,34776725,20486294,4901620
FIN001027,3671015206710514,2024,12982765,1923451,20212245,6088735,1684527
FIN001028,3671015206710514,2025,11278164,1943250,20271022,13501078,2238491
FIN001029,3674010511720515,2024,11520521,1204835,15923330,7355567,1528998
FIN001030,3674010511720515,2025,12486197,1363964,24847913,11127503,1524667
FIN001031,3671010203870516,2024,39906774,3697694,56485188,32934023,5127074
FIN001032,3671010203870516,2025,43599822,3184395,61065638,26697109,3001053
FIN001033,3674011701730517,2024,19545884,4747987,25951818,5982362,4054310
FIN001034,3674011701730517,2025,20705089,4576424,39961087,27617324,4224180
FIN001035,3674016202960518,2024,29195763,1766515,53348214,31331588,2391154
FIN001036,3674016202960518,2025,30298316,2052403,45293354,9489474,1933269
FIN001037,3671011201810519,2024,20176805,1544993,26911226,17052173,1894405
FIN001038,3671011201810519,2025,32526197,2765317,36391836,22220789,3128896
FIN001039,3671012104990520,2024,15830290,2059577,29267441,18780068,2300246
FIN001040,3671012104990520,2025,15813005,1820022,18433880,5473803,1702342
FIN001041,3671014712010521,2024,21208785,1338427,30454297,18165763,1309515
FIN001042,3671014712010521,2025,27965404,1806405,31325654,16038910,1917486
FIN001043,3172010212740522,2024,34344022,914286,45427530,22912978,874142
FIN001044,3172010212740522,2025,39420232,1134362,69346151,34765242,1024781
FIN001045,3173011508800523,2024,43588080,6288377,60824429,28553540,6082086
FIN001046,3173011508800523,2025,52120348,7030646,78962832,15868535,8833690
FIN001047,3171010906030524,2024,30586432,6254068,50836957,27895644,5245872
FIN001048,3171010906030524,2025,36300362,7699423,60967843,30807990,7948457
FIN001049,3674012811660525,2024,22769163,4127109,40561421,22138572,5720716
FIN001050,3674012811660525,2025,31449307,5151557,34773237,14414078,4419743
FIN001051,3671010611980526,2024,5484000,445183,8409384,2395917,439410
FIN001052,3671010611980526,2025,5780059,453916,8258102,2097519,471348
FIN001053,3271011910800527,2024,11519379,1879254,13164063,5703161,2487506
FIN001054,3271011910800527,2025,13181547,2899280,15607669,3264671,2717384
FIN001055,3276012810980528,2024,21407466,1317902,40665993,19562349,1340344
FIN001056,3276012810980528,2025,34577755,1764010,55855600,31316917,1921006
FIN001057,3175015101820529,2024,33785102,363023,45744995,20240445,495237
FIN001058,3175015101820529,2025,27415030,292476,39729168,18795427,305137
FIN001059,3271011208960530,2024,52211922,4159205,79105333,38945039,3780168
FIN001060,3271011208960530,2025,55086281,3789177,106662712,38091680,3600994
FIN001061,3674015802750531,2024,57572828,8035863,67068132,41605559,8902519
FIN001062,3674015802750531,2025,75346524,9380768,92093382,42038627,8881205
FIN001063,3671011310820532,2024,70974218,12270903,124967346,75648913,12679858
FIN001064,3671011310820532,2025,79461994,10694983,136732376,55176381,14644952
FIN001065,3175012612730533,2024,26526424,2907533,31008194,15301392,3682194
FIN001066,3175012612730533,2025,23421327,2057505,26983048,6474550,2040093
FIN001067,3671016609860534,2024,36443280,2695194,42873347,29914891,3281358
FIN001068,3671016609860534,2025,35711337,2297495,61520412,36660868,2100961
FIN001069,3671013103020535,2024,24551662,3604014,30503400,10917119,4014681
FIN001070,3671013103020535,2025,32887042,4019687,50338346,21276009,3775105
FIN001071,3671012407000536,2024,32700234,2439917,48182393,19609248,2217982
FIN001072,3671012407000536,2025,32479396,2551897,56200446,23297194,2259248
FIN001073,3275011803820537,2024,27567028,3476520,32498365,18293768,2929623
FIN001074,3275011803820537,2025,32517962,4450754,43998025,21243561,3989087
FIN001075,3175010802970538,2024,9663604,925701,12485005,3670157,800075
FIN001076,3175010802970538,2025,9251591,966282,15501670,4316470,1046926
FIN001077,3674010309920539,2024,32256620,3389569,35935672,11562777,4226591
FIN001078,3674010309920539,2025,38365919,3727400,45120058,23160020,3541148
FIN001079,3671016904990540,2024,14296195,1800454,23434744,10714434,2323423
FIN001080,3671016904990540,2025,17702100,2039599,25869663,16751013,2517248
FIN001081,3671010108910541,2024,34545228,5629789,55867921,33505864,6988023
FIN001082,3671010108910541,2025,35216648,5601800,69443279,14663523,4575113
FIN001083,3674011712760542,2024,9077008,1044495,16845126,9836776,1147849
FIN001084,3674011712760542,2025,11138607,1292340,16623593,5420943,1699721
FIN001085,3275016912950543,2024,19999869,1788902,37980597,10035319,2224078
FIN001086,3275016912950543,2025,22346389,2008400,34615442,10474754,2008198
FIN001087,3671015209020544,2024,19040137,1060280,27207134,5966173,934824
FIN001088,3671015209020544,2025,21915858,1350773,29873249,12577671,1699057
FIN001089,3275013005900545,2024,8072219,1490571,11932057,3135890,1414891
FIN001090,3275013005900545,2025,8555470,1739249,15353880,3743060,1397154
FIN001091,3271015301930546,2024,22692602,2781087,41844536,9078515,2937083
FIN001092,3271015301930546,2025,30733826,3666514,60957218,21349526,3850390
FIN001093,3671016505900547,2024,26304889,2889244,44406808,27779468,3917140
FIN001094,3671016505900547,2025,31161801,2775657,48278313,23844593,3556901
FIN001095,3171015312020548,2024,34892108,3270616,56982339,36990055,3901903
FIN001096,3171015312020548,2025,29822102,2227631,58749132,29172196,2578542
FIN001097,3171017003660549,2024,23167385,1610845,27120636,7733446,2080764
FIN001098,3171017003660549,2025,29000842,1765800,36553869,12540936,2465779
FIN001099,3174010408760550,2024,19174243,3958383,29369709,10395929,3556739
FIN001100,3174010408760550,2025,14693902,2925713,24048052,5920077,3379152
FIN001101,3173016104810551,2024,33406791,5726587,38982339,26897957,5239343
FIN001102,3173016104810551,2025,30258891,5726959,37031320,12612812,6505436
FIN001103,3172016706700552,2024,37394436,4340241,72156728,37546629,4042281
FIN001104,3172016706700552,2025,45760517,4836287,81864654,19021998,6373599
FIN001105,3674012704830553,2024,45735929,6076246,65829532,29709414,6853752
FIN001106,3674012704830553,2025,58733576,10087268,66851582,42330200,11410118
FIN001107,3175014703000554,2024,26140987,3784344,43963176,12953617,4564690
FIN001108,3175014703000554,2025,19377902,2501173,33328209,16863123,3075370
FIN001109,3175011710890555,2024,15759044,1596566,30632687,7316281,1613166
FIN001110,3175011710890555,2025,21052310,2165146,40199629,14725269,2780535
FIN001111,3275016711010556,2024,20997837,3300606,26707380,14595080,3755632
FIN001112,3275016711010556,2025,19427207,2874912,32211539,14473444,2459643
FIN001113,3674016201980557,2024,29060388,1751586,48707749,21797179,1797183
FIN001114,3674016201980557,2025,27048943,1992927,34451415,15287440,2280102
FIN001115,3671014205850558,2024,19083352,1246562,30291597,17892291,1042845
FIN001116,3671014205850558,2025,25876090,1364384,39223572,25907559,1526684
FIN001117,3271017110900559,2024,64654209,7228526,104682533,58328586,7567576
FIN001118,3271017110900559,2025,55148685,7886349,68209484,19472391,8755020
FIN001119,3671015009760560,2024,11904984,1920233,20525709,12136392,2616745
FIN001120,3671015009760560,2025,12935623,1889979,21699348,10621727,2402003
FIN001121,3671014612650561,2024,33453251,4245665,60118490,16004322,5847058
FIN001122,3671014612650561,2025,32856538,4231930,57441378,21839949,5253579
FIN001123,3271011209710562,2024,50440802,5579678,99359864,20063065,7614562
FIN001124,3271011209710562,2025,79605825,10297783,106070235,55036014,12395835
FIN001125,3275016601750563,2024,20220065,3035684,26741843,6495319,4029992
FIN001126,3275016601750563,2025,23258726,3576729,41068849,13844282,3174680
FIN001127,3671010710830564,2024,6148933,1106096,7956021,3549215,906742
FIN001128,3671010710830564,2025,5872834,1073722,7400819,2570685,1168016
FIN001129,3671010511680565,2024,9756690,1751081,12215258,6500196,1504247
FIN001130,3671010511680565,2025,8506253,1243300,11215328,6223407,1660461
FIN001131,3671014405670566,2024,42833760,8419758,74577569,37784050,9410599
FIN001132,3671014405670566,2025,41551962,7492144,68779502,14397894,8511318
FIN001133,3276014602900567,2024,15162819,1189176,21237582,8826604,1537188
FIN001134,3276014602900567,2025,18327068,1451813,32049655,21301658,1492039
FIN001135,3671011305710568,2024,32632473,4466453,60119942,17465799,4170511
FIN001136,3671011305710568,2025,31492199,3813875,62913585,19802730,3661896
FIN001137,3671015103880569,2024,32517860,2748664,44406336,16756019,3491078
FIN001138,3671015103880569,2025,30359214,2512883,51161821,16078470,2586966
FIN001139,3171012003730570,2024,21991433,892785,40733322,26128505,1167025
FIN001140,3171012003730570,2025,24699259,1278776,47501165,16145359,1264296
FIN001141,3671015407850571,2024,4971797,571965,8043500,5455426,713075
FIN001142,3671015407850571,2025,6218012,627965,7942649,4982496,845624
FIN001143,3276010603910572,2024,21734877,3019380,33794166,22231541,2659888
FIN001144,3276010603910572,2025,26635547,3903286,37821370,20376066,4607602
FIN001145,3671014709820573,2024,7097398,1076554,8887252,2114243,1342935
FIN001146,3671014709820573,2025,8609757,1084751,11121251,5144277,1307264
FIN001147,3671015210790574,2024,14378955,755212,25458319,16207495,750976
FIN001148,3671015210790574,2025,12620080,600901,16791240,4065827,707985
FIN001149,3671015807890575,2024,14932128,1026007,23196345,11025071,1240925
FIN001150,3671015807890575,2025,21482935,1374379,23679265,14359636,1778614
FIN001151,3271011201940576,2024,17031601,1125012,33051515,6850414,1161598
FIN001152,3271011201940576,2025,17607817,930132,31863324,18275694,1165067
FIN001153,3276015812860577,2024,8296318,675293,9473664,3429502,860292
FIN001154,3276015812860577,2025,6479305,444378,12666951,4637017,582071
FIN001155,3275012510660578,2024,8892834,665847,13485929,8803139,606020
FIN001156,3275012510660578,2025,7171751,488774,8586451,4888486,660196
FIN001157,3173016306780579,2024,14039237,476718,17493654,11634644,476548
FIN001158,3173016306780579,2025,15242758,513403,29785817,20646986,658263
FIN001159,3671012811870580,2024,29664668,3314439,57755943,29173329,2898164
FIN001160,3671012811870580,2025,36009138,4024618,41747552,11338954,4987606
FIN001161,3671012001730581,2024,23936429,3378848,38603373,25339698,3300942
FIN001162,3671012001730581,2025,19860532,2487196,37447359,8884815,2272823
FIN001163,3276016106740582,2024,23777322,1343651,28119685,12332700,1726770
FIN001164,3276016106740582,2025,18187521,1021167,30345591,9700876,1058112
FIN001165,3173016308850583,2024,20225357,4520856,23373370,9212760,5219701
FIN001166,3173016308850583,2025,17238588,3535539,19299181,5686591,4622530
FIN001167,3174016407730584,2024,39810365,5935831,46476884,30728433,4847615
FIN001168,3174016407730584,2025,23910243,3242801,38246395,19870307,2651884
FIN001169,3671015111680585,2024,10813566,990133,15691347,3807799,963804
FIN001170,3671015111680585,2025,12283067,949594,20853143,9983080,991957
FIN001171,3674012402860586,2024,14490625,2416077,23491861,9124155,2714217
FIN001172,3674012402860586,2025,16329408,2184352,27878840,19266135,2071777
FIN001173,3671016508830587,2024,11541475,2061019,15837432,7433065,2377893
FIN001174,3671016508830587,2025,9025748,1828823,13465874,7483491,1687427
FIN001175,3671016805750588,2024,18223129,448386,21396063,5516664,569202
FIN001176,3671016805750588,2025,18794024,405488,36970441,25165870,491276
FIN001177,3173014712920589,2024,34193360,4095379,61452659,39906455,5489770
FIN001178,3173014712920589,2025,47259830,4830700,82683363,43464161,6432068
FIN001179,3671015305910590,2024,8938159,626458,13005351,2833807,862555
FIN001180,3671015305910590,2025,11047076,834284,18024764,5868555,997026
FIN001181,3671014209770591,2024,19263476,2047724,27681607,9557833,2049498
FIN001182,3671014209770591,2025,22700028,2659445,25309273,17306875,3353871
FIN001183,3271011307750592,2024,21753452,2629533,27643302,12665077,3226483
FIN001184,3271011307750592,2025,24860508,3343442,34598817,15750779,3918476
FIN001185,3174012502800593,2024,13853445,2707112,21561890,14579680,3507708
FIN001186,3174012502800593,2025,15841182,3040213,24776253,12272624,2839380
FIN001187,3671015310710594,2024,18913788,4013550,36996003,11926626,3461821
FIN001188,3671015310710594,2025,28654167,6609696,49212564,14644474,6013071
FIN001189,3174012003740595,2024,11645137,1002216,13726881,7751325,1049725
FIN001190,3174012003740595,2025,10556987,1017551,11711924,4088737,1315400
FIN001191,3171015209840596,2024,7446018,759392,11300941,6791354,1055415
FIN001192,3171015209840596,2025,8731613,885433,10547286,4867875,1022725
FIN001193,3671010603810597,2024,18674481,1963650,27691948,11210346,1871145
FIN001194,3671010603810597,2025,22820332,3192493,33387688,21613639,3540686
FIN001195,3671014305660598,2024,13043768,2620423,21861697,6076972,2106449
FIN001196,3671014305660598,2025,14094152,2785071,24215456,6130029,3470456
FIN001197,3275016308820599,2024,29353194,1602642,44602361,29814302,1825057
FIN001198,3275016308820599,2025,29466174,1990013,44863016,17588110,2573733
FIN001199,3175014409880600,2024,23345413,2267693,37475110,15038333,2312674
FIN001200,3175014409880600,2025,20829628,2279984,34841477,12438862,2315679
FIN001201,3174010902890601,2024,22731460,1066419,27899599,10841424,1183303
FIN001202,3174010902890601,2025,26090585,1331514,44926092,10165692,1513726
FIN001203,3174014204660602,2024,10816782,827844,13392578,4882265,978994
FIN001204,3174014204660602,2025,10291077,755686,11765574,2779963,901698
FIN001205,3275016202670603,2024,15904263,822355,22773424,7191049,960121
FIN001206,3275016202670603,2025,17069637,816942,24209459,12085852,711500
FIN001207,3671015601970604,2024,11331465,962557,22221529,5921421,1239883
FIN001208,3671015601970604,2025,19200782,1765732,34798473,23496965,1938229
FIN001209,3275012002690605,2024,34967253,5156717,61447764,41706841,5891078
FIN001210,3275012002690605,2025,34132781,4393189,58451311,13710174,4828266
FIN001211,3671016007930606,2024,33317787,4358861,47153266,17328095,5188683
FIN001212,3671016007930606,2025,33304997,4488006,60534622,13857870,4812694
FIN001213,3172016609880607,2024,16266554,1743698,27233799,16091843,1446797
FIN001214,3172016609880607,2025,18959060,1912297,28589568,18526345,2375845
FIN001215,3174013107810608,2024,11645654,113830,17433920,9014055,105853
FIN001216,3174013107810608,2025,16547817,157196,22360123,13425045,214599
FIN001217,3171016802000609,2024,12591572,1218204,15507035,9359452,1340123
FIN001218,3171016802000609,2025,13718570,1209688,16309298,6898543,1052552
FIN001219,3174012509830610,2024,12105210,2241867,17879626,9068816,2884863
FIN001220,3174012509830610,2025,8600409,1331013,13422656,3496199,1410423
FIN001221,3674010612940611,2024,10106903,1106500,19641246,6302162,1084703
FIN001222,3674010612940611,2025,7409062,622633,8920680,3323487,754050
FIN001223,3671014501980612,2024,11621328,1237510,17665452,8119017,1232083
FIN001224,3671014501980612,2025,12026943,1238365,22871655,10907017,1427228
FIN001225,3671013107900613,2024,12933421,2019229,19932961,10174613,2292072
FIN001226,3671013107900613,2025,13930801,2318674,18130423,11682214,2812743
FIN001227,3172010512840614,2024,18311276,1145306,21509162,10262012,1094476
FIN001228,3172010512840614,2025,19343315,1217934,28916151,13325635,1592722
FIN001229,3172016803790615,2024,25420824,5142957,44371977,13420200,5580675
FIN001230,3172016803790615,2025,30072745,6612921,54133678,17537952,6010677
FIN001231,3175014904830616,2024,40806603,3586318,79890582,55716195,4554863
FIN001232,3175014904830616,2025,49306982,5256828,96540995,33332483,4612285
FIN001233,3271014511810617,2024,15503155,1328676,23240081,11670095,1805783
FIN001234,3271014511810617,2025,18598771,1684704,23990060,9469177,2342064
FIN001235,3674012410890618,2024,3518359,340283,5638071,2290589,430299
FIN001236,3674012410890618,2025,3706617,398013,5943603,2148594,450196
FIN001237,3671013108780619,2024,9835791,806915,12392502,6546468,658547
FIN001238,3671013108780619,2025,11841222,812962,22522109,9701082,898093
FIN001239,3671011611660620,2024,47972288,7785647,62352440,15013630,7879161
FIN001240,3671011611660620,2025,53409038,9026090,80228578,22790948,10172934
FIN001241,3271015610020621,2024,23574768,3954911,44522553,11811078,4823396
FIN001242,3271015610020621,2025,26625033,4646834,42346248,17046583,5521559
FIN001243,3671014304020622,2024,18945377,2150879,27432599,12515247,2376956
FIN001244,3671014304020622,2025,14748776,1857366,20568933,7718431,1782156
FIN001245,3671014104770623,2024,38788922,5234821,64696672,26087699,7193249
FIN001246,3671014104770623,2025,45432804,7622119,52970927,12977602,8005009
FIN001247,3671011203650624,2024,43636903,5454268,76495939,38843382,7140665
FIN001248,3671011203650624,2025,57258608,7232618,102340843,64098700,8168548
FIN001249,3671012702950625,2024,28175979,4203443,49171164,20156896,5803039
FIN001250,3671012702950625,2025,30918232,4173684,61316249,40410978,4358522
FIN001251,3173010306650626,2024,11154404,1202989,15464352,7968251,1295043
FIN001252,3173010306650626,2025,16022008,1973604,27377300,10686662,2509595
FIN001253,3275010508770627,2024,37036546,4003412,48286308,27971463,3493571
FIN001254,3275010508770627,2025,49859067,4714180,73391917,19644990,3804279
FIN001255,3671010712670628,2024,9717608,555282,11145724,3524642,618923
FIN001256,3671010712670628,2025,14323250,878199,25989899,11947147,1043017
FIN001257,3172012507920629,2024,18657236,902614,25018645,16286364,756669
FIN001258,3172012507920629,2025,17450022,884038,25356537,15938619,1139590
FIN001259,3275014607950630,2024,17703321,2845793,20544838,7437026,2298232
FIN001260,3275014607950630,2025,16362927,2201595,25970139,13697463,2720864
FIN001261,3276014601800631,2024,12289019,1211902,20456946,10201689,1394635
FIN001262,3276014601800631,2025,16066544,1391548,23703039,6498478,1390946
FIN001263,3174010204660632,2024,13416122,1449988,18788329,6946240,1608098
FIN001264,3174010204660632,2025,21653047,2854505,36197602,17571858,2782717
FIN001265,3276010904680633,2024,25867633,3948411,38595574,25565115,3210762
FIN001266,3276010904680633,2025,31723229,4336730,42212293,13975591,5752795
FIN001267,3171015310670634,2024,10455574,1023125,14195218,6171393,1328311
FIN001268,3171015310670634,2025,12700844,1323829,17899512,7021038,1360605
FIN001269,3275010909920635,2024,15039631,1596905,29823232,18221951,1505970
FIN001270,3275010909920635,2025,16454955,1629894,26935882,16474690,1802418
FIN001271,3173015503880636,2024,11982279,2201864,23501517,10413845,2178702
FIN001272,3173015503880636,2025,13773447,2384937,15296407,3995047,1970638
FIN001273,3172013006760637,2024,12158723,2211621,22250440,11568083,2340152
FIN001274,3172013006760637,2025,12727206,2444636,19017753,7571086,2871542
FIN001275,3674010801880638,2024,25517212,3780532,39375595,25785756,4559499
FIN001276,3674010801880638,2025,28109169,3974719,46273662,12865447,3995253
FIN001277,3671016907670639,2024,25633240,1616324,40674690,12990602,1580907
FIN001278,3671016907670639,2025,37099089,2119773,66279519,46310839,1932080
FIN001279,3671010203960640,2024,8481697,1532924,16707344,6037646,1389115
FIN001280,3671010203960640,2025,10576796,2108389,12288333,7478186,2432115
FIN001281,3275014104870641,2024,14835049,1780460,25415908,6711709,2281411
FIN001282,3275014104870641,2025,14863195,2245968,23831363,16279013,2322844
FIN001283,3674015803740642,2024,12508323,1026871,15231037,9715807,1305009
FIN001284,3674015803740642,2025,12278171,1033282,21478409,4832537,952801
FIN001285,3172010505990643,2024,15256520,1127776,27816522,13161042,1144066
FIN001286,3172010505990643,2025,24186624,1542840,32381525,14936510,1470806
FIN001287,3171011710730644,2024,22299501,2847806,34483269,9291383,3978365
FIN001288,3171011710730644,2025,22956781,3200183,33238647,18030412,3936061
FIN001289,3674015010750645,2024,11821630,1484724,13031060,4061613,1641059
FIN001290,3674015010750645,2025,17779515,2469115,29616385,12111062,2046272
FIN001291,3171012111880646,2024,25109903,4201548,44941642,27049034,5540022
FIN001292,3171012111880646,2025,19575301,3371345,37487800,20442622,4282783
FIN001293,3276011309790647,2024,31385683,4051906,37122817,16549772,3971445
FIN001294,3276011309790647,2025,37562100,5582641,64229708,20121976,6810574
FIN001295,3671014607720648,2024,12500311,589580,19034803,8882651,815641
FIN001296,3671014607720648,2025,15121219,895764,26240822,12233532,992422
FIN001297,3271016701910649,2024,12558544,1088020,24695555,13342860,1345693
FIN001298,3271016701910649,2025,13044082,1272575,24905122,14544825,1030433
FIN001299,3674010112810650,2024,6182757,733612,12258869,8537310,777239
FIN001300,3674010112810650,2025,6232809,835115,10176888,4627580,874503
FIN001301,3173016412870651,2024,23146913,2387706,34860147,12403411,2816954
FIN001302,3173016412870651,2025,29855421,2711512,56652064,23096960,3472139
FIN001303,3173016806750652,2024,5625276,1008879,9034141,6089337,919556
FIN001304,3173016806750652,2025,6059734,1107337,12081322,7807983,1250992
FIN001305,3174015403680653,2024,14363298,665610,24532507,8959966,600690
FIN001306,3174015403680653,2025,21323953,1077065,24056996,13456922,1031771
FIN001307,3671016107730654,2024,5582550,249674,8072595,2027520,272168
FIN001308,3671016107730654,2025,5733433,261521,6977571,3415903,307325
FIN001309,3671014503860655,2024,21935835,2336918,43081197,15825266,2052673
FIN001310,3671014503860655,2025,23228046,1932470,43126316,18526265,1557000
FIN001311,3276016703840656,2024,21359654,3304710,39327365,23961744,2794076
FIN001312,3276016703840656,2025,24600073,3680328,42474982,10313359,3435367
FIN001313,3271017003800657,2024,34152306,5106182,45026093,19537155,5453575
FIN001314,3271017003800657,2025,36574127,5023016,68215793,30413423,5499796
FIN001315,3175012806900658,2024,26786005,3473598,52652544,12953933,2827023
FIN001316,3175012806900658,2025,37781917,5153819,65411510,45070982,7007423
FIN001317,3671014803690659,2024,13692913,1662662,20956356,11451618,1340403
FIN001318,3671014803690659,2025,20320138,2559544,32738202,21294862,3571072
FIN001319,3276011606750660,2024,20802120,2089262,36011459,14414565,2612798
FIN001320,3276011606750660,2025,26030171,3299404,29891795,19959850,2774448
FIN001321,3276012012690661,2024,19506244,1786182,37829607,22547719,2271068
FIN001322,3276012012690661,2025,21899583,2207420,35312894,23861453,2867397
FIN001323,3671015502720662,2024,25240366,2613609,47550336,9539144,3248015
FIN001324,3671015502720662,2025,36435885,3674197,50827234,35007050,3824030
FIN001325,3671014308880663,2024,9789520,1151885,14001040,7046789,1194278
FIN001326,3671014308880663,2025,10430935,1322160,20428369,10148208,1725901
FIN001327,3671015807820664,2024,11428256,1528315,14164687,9345041,1465711
FIN001328,3671015807820664,2025,13831292,1882893,17282419,8014324,2271143
FIN001329,3171010102720665,2024,9846241,944903,16258074,5451335,859763
FIN001330,3171010102720665,2025,12715274,1343889,23804689,8093074,1526748
FIN001331,3172016105990666,2024,13768664,1568572,15266759,4485193,1580083
FIN001332,3172016105990666,2025,12348232,1375393,22347686,10949071,1673871
FIN001333,3671010502820667,2024,26388737,7267586,49296560,31104943,7435259
FIN001334,3671010502820667,2025,28639131,7735367,33289539,14763319,7290151
FIN001335,3671013009860668,2024,16177698,1268113,19544978,4707848,1756372
FIN001336,3671013009860668,2025,18449000,1427791,24772963,13030560,1847604
FIN001337,3671011312720669,2024,23616573,2384396,40467651,12424926,2620929
FIN001338,3671011312720669,2025,26767790,2816919,50235670,14864820,2557400
FIN001339,3276016009740670,2024,5687669,757126,7181722,1488996,1003375
FIN001340,3276016009740670,2025,5848068,855758,8909705,2492842,1098665
FIN001341,3275014111910671,2024,45515013,3514964,81281378,50072116,3747401
FIN001342,3275014111910671,2025,39994997,2811389,49525181,18342836,3601587
FIN001343,3175012210010672,2024,6642042,839811,11359582,3730744,908217
FIN001344,3175012210010672,2025,6793398,825288,13071283,8329373,694661
FIN001345,3271015903900673,2024,21983394,405203,38946669,21173696,368247
FIN001346,3271015903900673,2025,21298493,321241,35025731,20938320,436450
FIN001347,3174011501830674,2024,19402994,4005285,22551281,11276574,5354164
FIN001348,3174011501830674,2025,19009243,3863735,21039169,11513886,4775061
FIN001349,3173015207780675,2024,43940950,4313579,72209078,50342914,3630129
FIN001350,3173015207780675,2025,50739116,4210353,64906127,44668144,5564225
FIN001351,3671016411790676,2024,8976196,504220,14984059,5478132,481297
FIN001352,3671016411790676,2025,9407799,614625,17084530,6867277,771028
FIN001353,3671014208870677,2024,8294566,1575951,11171883,3268346,2156172
FIN001354,3671014208870677,2025,8836606,1595324,15330033,5677435,2204396
FIN001355,3171012010810678,2024,4903135,1049954,5931938,1420880,1133183
FIN001356,3171012010810678,2025,6663373,1720106,8810246,3572345,2038070
FIN001357,3175017103790679,2024,42032605,5062488,79039527,31881535,4064200
FIN001358,3175017103790679,2025,43477799,5129490,59046994,34125814,5862539
FIN001359,3671017110940680,2024,21274403,1149892,32486027,18645522,1199318
FIN001360,3671017110940680,2025,26542894,1520545,34925874,20568802,1900318
FIN001361,3171010405670681,2024,5482446,1183657,9788283,3722884,1023090
FIN001362,3171010405670681,2025,6601581,1414788,8800638,4473532,1573519
FIN001363,3276015605970682,2024,11727866,2084906,14165742,3684094,2468968
FIN001364,3276015605970682,2025,14040983,2840237,20686705,9627481,3279700
FIN001365,3175011211820683,2024,12934721,757450,23254553,4714256,801599
FIN001366,3175011211820683,2025,14392530,890040,22678059,7203762,1084550
FIN001367,3276015910890684,2024,23079778,3710019,36711257,14049821,4828820
FIN001368,3276015910890684,2025,23111557,4286683,31910106,13673138,5717118
FIN001369,3671011210730685,2024,25713019,1660860,34678085,16438792,2233415
FIN001370,3671011210730685,2025,25677859,1763163,32849815,14431827,1576227
FIN001371,3674016310780686,2024,15968297,1820477,25039272,11399492,2344048
FIN001372,3674016310780686,2025,22506297,2405551,42186517,10116220,3247392
FIN001373,3271016903960687,2024,21045396,2056297,31106899,14698530,2211883
FIN001374,3271016903960687,2025,18737327,1669411,35171983,8704264,2317771
FIN001375,3671012109760688,2024,11420454,1764171,13448973,7207541,1624635
FIN001376,3671012109760688,2025,13247882,2370881,24498745,17013951,2613965
FIN001377,3671014504880689,2024,15250871,575140,22845722,15846784,573957
FIN001378,3671014504880689,2025,20249211,836698,26438462,9744161,697040
FIN001379,3671016611690690,2024,12259802,1840163,19149327,11204241,2061819
FIN001380,3671016611690690,2025,13762909,2047583,23621569,11026111,1921355
FIN001381,3174011902680691,2024,24808531,2927933,45115804,12077335,3549765
FIN001382,3174011902680691,2025,26342363,3205247,45600655,23284280,3646059
FIN001383,3173010103730692,2024,10751852,1361187,19523917,5170826,1644088
FIN001384,3173010103730692,2025,11586634,1644212,12758680,4081899,1804593
FIN001385,3275012007930693,2024,12340027,2052724,16716064,8663020,2366923
FIN001386,3275012007930693,2025,9302095,1851007,15594580,5693195,2035259
FIN001387,3674010803950694,2024,29473473,3305093,54748625,20919291,3461540
FIN001388,3674010803950694,2025,32390486,3567114,61851996,32884889,3300534
FIN001389,3674016503860695,2024,31861366,5768096,57257947,13987657,5412698
FIN001390,3674016503860695,2025,34404291,5514858,38273810,19607625,6586652
FIN001391,3175016510790696,2024,29233082,5793050,54665670,31906512,6762893
FIN001392,3175016510790696,2025,35760763,6210175,61670726,29545241,7552154
FIN001393,3175015004850697,2024,37039567,5075081,56896270,17232107,5440903
FIN001394,3175015004850697,2025,36209361,5383175,66012951,18720259,6240342
FIN001395,3671017105950698,2024,17653414,187889,25092405,9623601,158969
FIN001396,3671017105950698,2025,21497396,218324,31713255,19222819,232200
FIN001397,3276010812960699,2024,13094453,2046951,21214727,8213408,2351714
FIN001398,3276010812960699,2025,10787407,1803989,18332281,9819986,2027149
FIN001399,3671015607720700,2024,25055895,2540133,28807805,13303983,2069570
FIN001400,3671015607720700,2025,27861658,3101780,30715238,6633517,4033095
FIN001401,3671011003720701,2024,16656943,1466386,25730522,12246860,1835633
FIN001402,3671011003720701,2025,18092715,1607916,22120743,7524145,1455807
FIN001403,3276014211900702,2024,18337572,1303008,22712604,10335907,1538082
FIN001404,3276014211900702,2025,20742807,1723607,23143664,10718809,1655081
FIN001405,3174010604800703,2024,26017204,3373099,30381259,6725730,4618593
FIN001406,3174010604800703,2025,28824737,3700471,39281184,26846920,4419972
FIN001407,3671014101030704,2024,14049430,1023187,26062399,15142725,874230
FIN001408,3671014101030704,2025,7860202,633002,14909773,4744598,738549
FIN001409,3276014406870705,2024,44215548,1631103,67331652,33851797,1979872
FIN001410,3276014406870705,2025,49072273,1921486,90332208,40428722,2042174
FIN001411,3671016304930706,2024,28274922,3876561,31930079,13644566,3332570
FIN001412,3671016304930706,2025,38845451,5503121,63173022,17418445,4496577
FIN001413,3171010806030707,2024,8005371,799104,9591241,3144437,1020437
FIN001414,3171010806030707,2025,12867645,1279567,17237860,6879203,1115590
FIN001415,3674015807820708,2024,6287862,529275,10540114,2949869,481631
FIN001416,3674015807820708,2025,7886775,765357,14648031,8718001,763638
FIN001417,3674011405940709,2024,16045635,1798606,21496648,12439609,2326966
FIN001418,3674011405940709,2025,27132846,2988799,34043363,15187503,3231195
FIN001419,3175012607970710,2024,22558275,2621495,36986937,9530200,3379004
FIN001420,3175012607970710,2025,33061151,3834486,38748899,26941361,5142325
FIN001421,3172014103940711,2024,14414079,1552842,18800978,8701752,2103169
FIN001422,3172014103940711,2025,12782651,1550974,14456558,6942586,1806985
FIN001423,3671015404940712,2024,33413021,4600831,41077594,23620615,4222697
FIN001424,3671015404940712,2025,48942411,6352605,69666559,42940869,5395045
FIN001425,3174016306700713,2024,18471935,3119096,34325747,10363684,3709700
FIN001426,3174016306700713,2025,15518465,2694951,17945559,3919516,3060266
FIN001427,3671012105780714,2024,11074589,1733173,16188055,8434693,2116426
FIN001428,3671012105780714,2025,8522716,1546104,13402163,7188078,1653684
FIN001429,3671015411670715,2024,11831785,1300116,18031583,10988784,1427668
FIN001430,3671015411670715,2025,11522120,1399372,15190120,4090142,1433178
FIN001431,3275010410660716,2024,53173008,2038148,72531025,23042442,2107506
FIN001432,3275010410660716,2025,65652657,2663330,83545865,35328348,2900417
FIN001433,3271010306890717,2024,17961344,2867403,27568951,5771019,3549704
FIN001434,3271010306890717,2025,21404873,3645118,26577312,6217951,3496117
FIN001435,3671011206880718,2024,36522013,3678159,69471140,40660077,4263542
FIN001436,3671011206880718,2025,38789591,4096267,52403332,11754185,4863161
FIN001437,3276010801710719,2024,10095474,1929950,14691322,6564012,2352543
FIN001438,3276010801710719,2025,13738138,2207007,25854798,16109886,2658495
FIN001439,3173015706850720,2024,8191888,967392,13753394,8780290,1096050
FIN001440,3173015706850720,2025,9746507,1001412,11929677,5195566,1110960
FIN001441,3671013010830721,2024,17141080,1005561,26112365,13348617,1196683
FIN001442,3671013010830721,2025,19940722,906828,37228841,10502934,941697
FIN001443,3275011110790722,2024,37723161,4552350,55412476,12851610,5625952
FIN001444,3275011110790722,2025,39202786,4621302,53829195,13035487,5215067
FIN001445,3174015911720723,2024,23643144,709161,37487289,21119619,951213
FIN001446,3174015911720723,2025,25868942,876082,45169804,21363358,819101
FIN001447,3171014804790724,2024,29802042,264794,39659468,27453327,332056
FIN001448,3171014804790724,2025,31628460,314577,41225461,20065414,295427
FIN001449,3671014107940725,2024,27644851,2390825,42589063,24750275,2725485
FIN001450,3671014107940725,2025,19558933,1810378,33770247,14368952,1821023
FIN001451,3674011903730726,2024,14930596,1780161,29234594,19439876,2354310
FIN001452,3674011903730726,2025,18226012,2368514,33863211,17406682,2186699
FIN001453,3674016707990727,2024,14859071,2365811,27904384,17573115,2679369
FIN001454,3674016707990727,2025,20787037,3089909,40617434,10750239,3966693
FIN001455,3671010504010728,2024,15845915,1834541,19748602,12002124,2208059
FIN001456,3671010504010728,2025,19054296,1894520,21113931,9962052,1790120
FIN001457,3174015301970729,2024,15670302,724027,19801517,8937629,830867
FIN001458,3174015301970729,2025,19343093,958485,36189944,19042194,1192493
FIN001459,3671014411720730,2024,43039130,778175,50407361,19787904,720466
FIN001460,3671014411720730,2025,41331015,955540,70628003,48390969,1272990
FIN001461,3276012404020731,2024,19228705,219071,28120785,7265875,208184
FIN001462,3276012404020731,2025,22174381,216742,36425737,18542275,272070
FIN001463,3671010910850732,2024,16678361,3153812,28778938,6985484,3410176
FIN001464,3671010910850732,2025,18259140,4497200,29893700,8952636,5777890
FIN001465,3671011401830733,2024,29475733,4563548,55085442,14152836,3909684
FIN001466,3671011401830733,2025,22884765,4022197,32838801,7464484,3618370
FIN001467,3171014807990734,2024,31962255,2790305,38165404,22991400,3056471
FIN001468,3171014807990734,2025,43764525,4129624,66312808,26884760,5241056
FIN001469,3671014504720735,2024,19464425,1474828,28890838,15070835,1765305
FIN001470,3671014504720735,2025,21042817,1964988,38582222,19247386,1988352
FIN001471,3271010206660736,2024,11782399,2070312,20779948,9500599,2103954
FIN001472,3271010206660736,2025,12137883,2057380,15641817,10054650,2157147
FIN001473,3674012411700737,2024,25903897,1958284,46911218,11828196,1674094
FIN001474,3674012411700737,2025,36985799,2978141,44610740,24197777,3718768
FIN001475,3275012606840738,2024,38887529,3311098,71934620,34988801,4378518
FIN001476,3275012606840738,2025,30978257,2152917,54668703,15564247,2091870
FIN001477,3175011106960739,2024,7364296,307656,11166255,4904541,361953
FIN001478,3175011106960739,2025,9024793,294641,10961228,4923702,406612
FIN001479,3671011704750740,2024,19783421,3710797,35067674,19927377,4604254
FIN001480,3671011704750740,2025,18613804,3431347,36365346,9761763,4802903
FIN001481,3674012007880741,2024,17915685,1977762,29421284,9996630,2064935
FIN001482,3674012007880741,2025,23829607,2758571,43451830,11385886,3109558
FIN001483,3271010208770742,2024,9601828,1265485,15574989,6945898,1352321
FIN001484,3271010208770742,2025,9663515,1175390,14616273,7739878,1284702
FIN001485,3276011910770743,2024,41504772,4835007,47938340,29629213,3990712
FIN001486,3276011910770743,2025,50206128,5868918,79003305,49591695,7853017
FIN001487,3671016108950744,2024,24035921,2948911,37855421,10114411,3117799
FIN001488,3671016108950744,2025,28592068,3598856,38750329,18954164,5002628
FIN001489,3174010811700745,2024,8674624,653780,9675096,3072283,712591
FIN001490,3174010811700745,2025,11793823,846034,19338214,5010015,1055118
FIN001491,3172014205970746,2024,24552009,3601999,37801796,22405039,5030244
FIN001492,3172014205970746,2025,26555652,4136416,34338508,18818878,4837366
FIN001493,3173015501680747,2024,13241713,2354745,21792823,14574411,2916652
FIN001494,3173015501680747,2025,12849423,2144872,23573353,8138511,2054992
FIN001495,3171016403980748,2024,27417815,3596638,43362511,13076149,3843629
FIN001496,3171016403980748,2025,29241236,3698430,38497853,26080001,4052108
FIN001497,3276014404730749,2024,85875295,9937099,113026830,56672624,10222192
FIN001498,3276014404730749,2025,106794031,12745250,146379558,81659913,14929042
FIN001499,3271014810890750,2024,36067669,4009499,67567406,19293007,3411408
FIN001500,3271014810890750,2025,33752859,3115225,38094721,23658139,3852191
FIN001501,3275016610930751,2024,16201850,1089426,19307626,11485859,902150
FIN001502,3275016610930751,2025,15025968,905429,26434417,15607518,993598
FIN001503,3671016305970752,2024,18744795,1195685,28788391,12826511,1283659
FIN001504,3671016305970752,2025,16878563,1317940,20082100,10744024,1371897
FIN001505,3671010106970753,2024,31516494,2877830,59875095,32845654,2847491
FIN001506,3671010106970753,2025,28314466,2273843,34372465,12613861,1911807
FIN001507,3671016612710754,2024,13096679,1801696,24496986,7037980,2144110
FIN001508,3671016612710754,2025,17363981,2485262,31340703,6321269,3303867
FIN001509,3172014201870755,2024,13147507,1037952,14503955,6269495,1453015
FIN001510,3172014201870755,2025,15699386,1281615,25566443,13984002,1489472
FIN001511,3276013105850756,2024,16012394,2004324,20235924,7816342,2546784
FIN001512,3276013105850756,2025,18403405,2339824,30658646,17079092,2116836
FIN001513,3671010612700757,2024,28446242,2166226,35188945,9148775,2988140
FIN001514,3671010612700757,2025,19187543,1791568,29451341,13967955,2334724
FIN001515,3674013107010758,2024,10127021,1668424,15542201,10683653,1963767
FIN001516,3674013107010758,2025,13971080,2201612,17141685,11894077,1854782
FIN001517,3172012404780759,2024,25472966,2791311,44126011,11516981,2816291
FIN001518,3172012404780759,2025,32942528,2783785,62706859,35962549,2955034
FIN001519,3671015802750760,2024,12778920,762319,22186885,15453580,684379
FIN001520,3671015802750760,2025,11823743,675450,16873616,9498361,899671
FIN001521,3275014403810761,2024,28041972,1394493,34046539,18446742,1451423
FIN001522,3275014403810761,2025,26575947,1372488,41755812,22840111,1835493
FIN001523,3671011001930762,2024,27326014,875350,37809114,17006278,721527
FIN001524,3671011001930762,2025,34320130,1052017,46108210,29139827,1067456
FIN001525,3671011505790763,2024,21419733,1985709,29848753,16948093,1725880
FIN001526,3671011505790763,2025,18078009,1318602,31886323,12250697,1365804
FIN001527,3276016702730764,2024,38476420,3879584,52707642,27637348,4735335
FIN001528,3276016702730764,2025,44966021,5340629,73558329,36348255,4747094
FIN001529,3173011310830765,2024,8590824,850086,13293224,8464632,985939
FIN001530,3173011310830765,2025,8930212,781378,13964163,4380459,708861
FIN001531,3175011602650766,2024,13153753,1928150,24809150,8958306,2455336
FIN001532,3175011602650766,2025,14620480,2227793,26925233,7935735,3069240
FIN001533,3175016708850767,2024,33955900,7582098,45981309,18139534,7491367
FIN001534,3175016708850767,2025,33052507,6243682,51537826,24396589,5282740
FIN001535,3173011911970768,2024,12327563,2741216,23385020,13096696,3597216
FIN001536,3173011911970768,2025,11778677,2642369,19076698,13085721,3628605
FIN001537,3174014408710769,2024,20474479,2809182,38823915,20382741,3012555
FIN001538,3174014408710769,2025,18872495,2150933,22884667,10134100,2795199
FIN001539,3172010305960770,2024,12872600,1783184,16540260,4964761,1916580
FIN001540,3172010305960770,2025,15723694,1807672,19949072,6660785,1470614
FIN001541,3174014702920771,2024,6194391,511668,10169719,6982922,487259
FIN001542,3174014702920771,2025,8591617,617010,15141982,4808863,672886
FIN001543,3276015203770772,2024,15768282,1250697,27936258,6178714,1055912
FIN001544,3276015203770772,2025,15641772,1338233,24529956,10720511,1484830
FIN001545,3671015808010773,2024,26601870,2084600,34992108,22205255,2141690
FIN001546,3671015808010773,2025,38154445,2761548,57564250,21706406,3227098
FIN001547,3174016806680774,2024,18790910,2153025,21251375,6307234,2156254
FIN001548,3174016806680774,2025,15198529,2090780,23928261,13170070,2517634
FIN001549,3175010306730775,2024,20273113,549112,36125714,9090193,597475
FIN001550,3175010306730775,2025,24154048,615610,29038626,10762989,690165
FIN001551,3275014511780776,2024,30417802,4740551,53555758,22018051,6468310
FIN001552,3275014511780776,2025,26018987,3509058,34714650,9258245,3946898
FIN001553,3175010904830777,2024,27614774,3066692,48681836,11948315,3726917
FIN001554,3175010904830777,2025,26828794,3633499,52459372,11922208,3041825
FIN001555,3671015407680778,2024,31065471,5023263,51317071,31117133,4121605
FIN001556,3671015407680778,2025,39388378,6410279,63991374,41833052,8729673
FIN001557,3271014103810779,2024,31020284,3714028,57116051,36277233,3601078
FIN001558,3271014103810779,2025,30583228,4114792,35008479,14312561,3464125
FIN001559,3175011807890780,2024,38389830,4354220,68335416,18262174,4995212
FIN001560,3175011807890780,2025,44352022,4542788,78093362,21752348,4402655
FIN001561,3275015103680781,2024,8318819,1696682,11244752,4187519,1893653
FIN001562,3275015103680781,2025,11037183,2368481,15616185,8580429,3260424
FIN001563,3175011407030782,2024,9457431,1441114,10409366,4694619,1254356
FIN001564,3175011407030782,2025,11765541,2305905,18033012,5720468,2077442
FIN001565,3674015610760783,2024,26913422,2440499,50665442,29535435,2125416
FIN001566,3674015610760783,2025,34386387,3411001,39983148,19130023,4662864
FIN001567,3275014301750784,2024,22804144,3987120,38902803,8849392,4029077
FIN001568,3275014301750784,2025,27995251,4325336,44561148,14028750,5747090
FIN001569,3671012210820785,2024,29843168,3411706,58380840,14359251,3138907
FIN001570,3671012210820785,2025,26377934,3018837,44848433,27075225,2846188
FIN001571,3275012706770786,2024,28230415,316461,40620413,11777814,341449
FIN001572,3275012706770786,2025,31025304,316055,34580329,7277229,305493
FIN001573,3275010904010787,2024,12618847,1120433,19348419,4773056,906386
FIN001574,3275010904010787,2025,17534929,1480327,30934799,13399558,1579657
FIN001575,3174015205710788,2024,17298365,3188102,31823740,21713608,3743532
FIN001576,3174015205710788,2025,19195129,2865494,30749049,13983478,2391365
FIN001577,3173014505800789,2024,12507684,1608743,13801232,8901360,1416299
FIN001578,3173014505800789,2025,9795703,1331566,14001680,3950303,1543666
FIN001579,3671014212010790,2024,25727585,4467859,32717631,20424019,4262985
FIN001580,3671014212010790,2025,28956897,4074294,34919768,22062886,5031897
FIN001581,3173011303790791,2024,9319558,272406,11313090,3064647,263166
FIN001582,3173011303790791,2025,7980194,249733,12677284,8519768,328898
FIN001583,3671010711830792,2024,54078176,5195095,101359582,34646227,5147582
FIN001584,3671010711830792,2025,56519770,5563211,73521034,23790971,5826107
FIN001585,3175014910780793,2024,8037204,309906,11359916,2626932,303656
FIN001586,3175014910780793,2025,11024621,540020,15767830,4677225,724297
FIN001587,3275016011720794,2024,17471387,1283810,31994358,8822900,1212747
FIN001588,3275016011720794,2025,16236671,1346897,28644741,19461829,1869616
FIN001589,3671015206930795,2024,9707636,93796,13633605,3871264,95643
FIN001590,3671015206930795,2025,13616925,155337,25789649,13118248,142240
FIN001591,3671010206930796,2024,7238420,1076208,13902221,5106912,1450735
FIN001592,3671010206930796,2025,7579546,1023345,14672734,5565848,1048683
FIN001593,3275016309800797,2024,5932467,674565,11657289,3973902,654833
FIN001594,3275016309800797,2025,7469418,937957,10851630,2567480,1021203
FIN001595,3671015003650798,2024,3204294,459626,6331472,3599500,566298
FIN001596,3671015003650798,2025,4965019,860214,5578272,2825791,1110281
FIN001597,3276014612890799,2024,20019437,864363,32290555,19173651,910159
FIN001598,3276014612890799,2025,22849065,912912,40474123,21158225,1156531
FIN001599,3671011508840800,2024,5154218,664946,8114057,5397685,864971
FIN001600,3671011508840800,2025,5437727,735705,8786317,4886555,819287
FIN001601,3174015508840801,2024,16797080,1861133,29638893,12295845,1539814
FIN001602,3174015508840801,2025,16319836,1832489,21163973,6500416,1881171
FIN001603,3671011505730802,2024,16070342,2549112,17899583,4084229,3317515
FIN001604,3671011505730802,2025,16004665,2397765,22982329,13105195,2082741
FIN001605,3174012108930803,2024,36085687,4706263,46266449,29804446,4994834
FIN001606,3174012108930803,2025,33636246,4588937,44659984,16676148,3806020
FIN001607,3271010908020804,2024,9015197,841640,17137430,9458746,904236
FIN001608,3271010908020804,2025,6228416,556826,12306892,2921442,490933
FIN001609,3271010306930805,2024,18963415,655554,21306276,13126510,633565
FIN001610,3271010306930805,2025,14395623,475748,17936230,6697553,396575
FIN001611,3275010902720806,2024,47199520,2353532,90627994,23549028,2081332
FIN001612,3275010902720806,2025,56983153,2981497,101964355,47910575,3238011
FIN001613,3171012904660807,2024,15777947,2981291,18203648,11363446,4062095
FIN001614,3171012904660807,2025,14302433,2845244,18028874,5157775,3515775
FIN001615,3671011412850808,2024,9271752,764146,16177287,6665818,625523
FIN001616,3671011412850808,2025,13104391,1254407,22659226,10516595,1096010
FIN001617,3671014706720809,2024,14114922,1313163,24136125,15108212,1561382
FIN001618,3671014706720809,2025,18549217,1797217,21678159,5086351,2096556
FIN001619,3671014404840810,2024,8423836,1084624,11762795,5799285,1073734
FIN001620,3671014404840810,2025,9586008,1293495,11687861,6031079,1602002
FIN001621,3671015311820811,2024,10484387,2548097,16247592,5690790,2629413
FIN001622,3671015311820811,2025,13556451,2953700,26824461,13792220,2637186
FIN001623,3276012012990812,2024,17752453,1969855,21128774,12530649,2641846
FIN001624,3276012012990812,2025,18644562,2234130,28867353,14393594,2348549
FIN001625,3271013012910813,2024,45380457,5147740,85044725,37025356,5616902
FIN001626,3271013012910813,2025,48310016,6019812,62358682,23810699,8114948
FIN001627,3271016706010814,2024,7258946,574230,10161426,4190872,634104
FIN001628,3271016706010814,2025,8515853,663090,13098138,3896200,569412
FIN001629,3172013108790815,2024,53767508,10786220,79086364,19700824,11101235
FIN001630,3172013108790815,2025,62664262,13628036,100233443,37156086,16984469
FIN001631,3275014612880816,2024,12333928,2537800,20060445,13603760,2805489
FIN001632,3275014612880816,2025,15641970,3174648,23846019,11925659,4236556
FIN001633,3674017007680817,2024,19139920,209833,25049382,11271195,284277
FIN001634,3674017007680817,2025,13273740,119248,14656599,4874957,161388
FIN001635,3171016302670818,2024,10263246,811117,12093832,8065632,765119
FIN001636,3171016302670818,2025,13744808,943647,19899403,10292894,1050077
FIN001637,3174016508760819,2024,21159639,1888152,29367420,10826028,2551288
FIN001638,3174016508760819,2025,26861575,2456238,36025976,12508255,3148901
FIN001639,3172014109850820,2024,25119981,5605918,48657578,28126957,6227075
FIN001640,3172014109850820,2025,16739140,2930688,29078479,17666809,3842791
FIN001641,3671010208770821,2024,59445774,7406938,95523399,36733341,9628246
FIN001642,3671010208770821,2025,81859535,10512855,157066445,41151927,8973731
FIN001643,3671014503960822,2024,24895776,2611535,30727583,6160945,2896099
FIN001644,3671014503960822,2025,26673982,2917740,44064144,13579781,3789070
FIN001645,3175015205740823,2024,16051100,1084183,19891756,11617597,930785
FIN001646,3175015205740823,2025,10345309,749944,18362083,8334199,828843
FIN001647,3674013110920824,2024,27002821,4690711,43327539,19684199,5618998
FIN001648,3674013110920824,2025,39094843,7044478,65470082,38899761,7665541
FIN001649,3174011710750825,2024,9444941,473374,10941553,5340612,460139
FIN001650,3174011710750825,2025,11229892,626721,16155743,10644803,679198
FIN001651,3671016411800826,2024,19320900,2856780,32271680,10627885,3412129
FIN001652,3671016411800826,2025,19841334,2788158,30473580,6450796,2361317
FIN001653,3174014502940827,2024,29453244,4867293,42330328,16244917,6334519
FIN001654,3174014502940827,2025,29505710,4252104,55219381,25012442,4485237
FIN001655,3174016912930828,2024,23742260,2173483,33065907,10737165,1960038
FIN001656,3174016912930828,2025,23514876,2064695,37630514,23274961,2667821
FIN001657,3276012710920829,2024,22804061,3293555,28069644,6775658,4375906
FIN001658,3276012710920829,2025,30583798,4534928,47369827,28494373,4643317
FIN001659,3271010212970830,2024,21380298,3438960,36360040,10932484,3008054
FIN001660,3271010212970830,2025,22273165,2958812,37548602,7752730,3539936
FIN001661,3171012805730831,2024,12986458,1112031,16997451,7549970,1543830
FIN001662,3171012805730831,2025,17144228,1447415,29034070,11166398,1765924
FIN001663,3174016508910832,2024,26864474,3072590,50624770,20442457,3685374
FIN001664,3174016508910832,2025,24846881,2242336,31742515,15399308,2162620
FIN001665,3276012507880833,2024,22608879,3332800,33888294,19697741,3361216
FIN001666,3276012507880833,2025,24703992,3723177,31881546,18546636,4211505
FIN001667,3671014510940834,2024,7421216,451775,12833975,6385493,584302
FIN001668,3671014510940834,2025,7032275,466157,9676326,6593788,620764
FIN001669,3671016108710835,2024,25932710,2020537,38944277,23305491,1829197
FIN001670,3671016108710835,2025,27789077,1897361,43034501,14855715,2159869
FIN001671,3171015212810836,2024,52132710,5322677,96693448,31598473,6836649
FIN001672,3171015212810836,2025,62178541,6102499,72978066,47039177,8092443
FIN001673,3271015611780837,2024,8246594,1731009,13271532,3514645,1702796
FIN001674,3271015611780837,2025,12889866,2577965,21682589,9962045,2434338
FIN001675,3276014212850838,2024,7772971,166167,10760460,6614767,183184
FIN001676,3276014212850838,2025,8518050,188220,12651437,6837487,170412
FIN001677,3173010211660839,2024,36429611,3743104,66393897,14268625,4245474
FIN001678,3173010211660839,2025,48437110,4639630,78241911,40934090,3806745
FIN001679,3175011609770840,2024,16167566,1627856,23621035,10998485,2074070
FIN001680,3175011609770840,2025,21450753,1995057,29420965,18371546,2692501
FIN001681,3276013105010841,2024,24744939,2626293,30283568,6061571,2713045
FIN001682,3276013105010841,2025,24313524,2540773,27766531,17378640,2658834
FIN001683,3671016708950842,2024,12487072,1977634,18166652,11682359,1591329
FIN001684,3671016708950842,2025,12965428,2639351,21925252,15299810,3562254
FIN001685,3276015211810843,2024,12109019,1744740,21350044,5931341,1873606
FIN001686,3276015211810843,2025,10088383,1650490,19002621,9798911,2265968
FIN001687,3674016805830844,2024,44181580,4605444,49725794,31219051,5065574
FIN001688,3674016805830844,2025,49516305,5725692,67144629,22889256,4830720
FIN001689,3276010711920845,2024,36075241,5196336,67734115,17413096,5561688
FIN001690,3276010711920845,2025,30569998,3615199,58251504,15927959,4639214
FIN001691,3275011712790846,2024,18193378,2623151,29839068,17013192,3114640
FIN001692,3275011712790846,2025,19986110,2534508,36121731,9886301,2711432
FIN001693,3671011302710847,2024,24536792,6116846,46806997,14955479,6412745
FIN001694,3671011302710847,2025,26583963,8698040,31967366,17878195,8316028
FIN001695,3172010706700848,2024,24166455,682997,26808479,10283787,895719
FIN001696,3172010706700848,2025,18688007,525117,25793041,8278981,565426
FIN001697,3674011309860849,2024,13309458,1345932,22687081,11663437,1579341
FIN001698,3674011309860849,2025,16155052,1970956,20405454,11197466,2626056
FIN001699,3171015105710850,2024,48618177,13739109,59878750,22181304,18029429
FIN001700,3171015105710850,2025,41059940,10650911,76223365,24843788,11010324
FIN001701,3671016406810851,2024,15768426,1696675,29092033,12445356,2112948
FIN001702,3671016406810851,2025,18805462,1801531,35127150,16125274,2509167
FIN001703,3172012106820852,2024,29290281,1868702,37260311,15057837,1906968
FIN001704,3172012106820852,2025,35114153,2095239,52142806,35246406,2263121
FIN001705,3271017005650853,2024,22956072,439616,29871637,9674663,437242
FIN001706,3271017005650853,2025,25207319,430906,40951585,18741179,537012
FIN001707,3175010406940854,2024,20374341,1853291,38828154,14073393,2554292
FIN001708,3175010406940854,2025,21448059,1709404,41443207,24886691,1766532
FIN001709,3671014311900855,2024,14873122,1905217,26643271,12360680,1918721
FIN001710,3671014311900855,2025,12841507,1807521,15027115,9082251,1890206
FIN001711,3671012505750856,2024,8379752,799252,10137490,4353700,807096
FIN001712,3671012505750856,2025,9149871,911517,11356651,6017563,1061624
FIN001713,3671012711980857,2024,22420063,748314,38043065,15994228,675333
FIN001714,3671012711980857,2025,22408166,1003580,31724531,11152119,1110148
FIN001715,3671016210720858,2024,14728049,1056687,19662429,9884960,869091
FIN001716,3671016210720858,2025,13667814,771071,15306205,7151646,844295
FIN001717,3171015704980859,2024,41322025,6931037,57620719,36688506,7806973
FIN001718,3171015704980859,2025,37711912,6197733,59920406,19976589,5647246
FIN001719,3175012709990860,2024,53697586,2103564,67017290,43826386,2311770
FIN001720,3175012709990860,2025,69166622,2934369,96668625,65616700,3671647
FIN001721,3671012006870861,2024,34202941,3244823,46813189,15368085,4337659
FIN001722,3671012006870861,2025,37601000,3317265,53053464,16759652,3008172
FIN001723,3172011905780862,2024,54413201,4433205,97887273,22698111,4715037
FIN001724,3172011905780862,2025,52715556,4669278,103542417,44810138,4186069
FIN001725,3275017101720863,2024,22744658,240024,29091219,11378412,196831
FIN001726,3275017101720863,2025,23596627,262702,34987459,20272174,354677
FIN001727,3275011306660864,2024,41915145,8027528,59699654,28874155,8503554
FIN001728,3275011306660864,2025,36734358,6078364,66198657,29670868,5556145
FIN001729,3172011305920865,2024,26042751,2271544,48145712,30602275,2841454
FIN001730,3172011305920865,2025,29466744,2619492,36707048,7987383,3194684
FIN001731,3174015204870866,2024,12784166,1442284,23607258,12102770,1646957
FIN001732,3174015204870866,2025,17675963,2374403,23276657,11810347,2241972
FIN001733,3671010408950867,2024,25757700,4042844,44443839,28702250,3569619
FIN001734,3671010408950867,2025,22954546,3121012,33511922,18711510,4156223
FIN001735,3173015804700868,2024,10878969,751676,12139720,3017287,760873
FIN001736,3173015804700868,2025,12494259,1028921,15484746,5202697,1436867
FIN001737,3671011912000869,2024,7068039,425175,7825600,5465307,357056
FIN001738,3671011912000869,2025,7718613,423913,13335139,6333058,415632
FIN001739,3276015202780870,2024,66393183,10345380,118943411,32462979,9548842
FIN001740,3276015202780870,2025,71463215,10965088,106579731,22399665,15297015
FIN001741,3276016311840871,2024,24876433,2126886,28135354,17356566,2458839
FIN001742,3276016311840871,2025,28266380,2421484,55771725,31698946,2962228
FIN001743,3671012007770872,2024,23317484,1321331,38105351,19953553,1753795
FIN001744,3671012007770872,2025,21928264,1062470,26416982,12741348,1168816
FIN001745,3174011907750873,2024,32597741,6545918,45951883,31881518,7683885
FIN001746,3174011907750873,2025,35206215,8083169,52904815,15655971,8041982
FIN001747,3175014305030874,2024,55577349,673345,80493581,20146624,739278
FIN001748,3175014305030874,2025,71295209,1092964,100172642,22524442,1273583
FIN001749,3275015708940875,2024,16108748,2809626,27479034,12382396,2361571
FIN001750,3275015708940875,2025,25305398,3667796,34328862,7865471,4790207
FIN001751,3671010603840876,2024,17207647,2739679,32206833,14656276,2240468
FIN001752,3671010603840876,2025,22285411,3662872,32345309,14899833,3898848
FIN001753,3671010112700877,2024,10922364,833242,20065329,4147211,670953
FIN001754,3671010112700877,2025,12215368,892289,24264296,10496811,945718
FIN001755,3271012807940878,2024,11976808,579028,14980195,6601582,593980
FIN001756,3271012807940878,2025,15594784,849333,27983716,15408498,846187
FIN001757,3173017008660879,2024,36497356,4794649,65493809,28247171,4338444
FIN001758,3173017008660879,2025,28266274,4533730,51956950,11435267,5556830
FIN001759,3175015205990880,2024,21659443,1270426,36793331,9568048,1472411
FIN001760,3175015205990880,2025,25742430,1273712,45589812,10571015,1598110
FIN001761,3171011409950881,2024,16008680,1552803,27496944,9474629,1422740
FIN001762,3171011409950881,2025,20076688,2010154,37243887,19737435,2029497
FIN001763,3275015012910882,2024,46198933,5503783,91243377,22437622,6786221
FIN001764,3275015012910882,2025,78347696,10634116,139763738,46187046,11028282
FIN001765,3671011203020883,2024,10565908,199337,18171269,11525821,204068
FIN001766,3671011203020883,2025,11982266,237320,15769532,8519079,256316
FIN001767,3674015103780884,2024,9475272,1658246,14567199,9433009,1998040
FIN001768,3674015103780884,2025,8456446,1630092,14780842,8344611,1592349
FIN001769,3671012208740885,2024,20427987,2286014,22607023,5777761,3148510
FIN001770,3671012208740885,2025,16419117,1959789,24236667,11997548,1750435
FIN001771,3671010603890886,2024,9761622,850850,14298462,5083480,1028686
FIN001772,3671010603890886,2025,13047985,1094738,25905813,14213597,1033541
FIN001773,3276014311000887,2024,17216120,429531,25196115,16082889,422676
FIN001774,3276014311000887,2025,18747913,456100,28291784,6116092,498139
FIN001775,3671014204810888,2024,14994694,919856,23639948,15231366,1252451
FIN001776,3671014204810888,2025,14601555,897419,27409774,8155427,760621
FIN001777,3671014103920889,2024,9442360,1396738,13996370,3533771,1463285
FIN001778,3671014103920889,2025,8345416,1201949,12052531,4015585,1544791
FIN001779,3171015505850890,2024,26078019,3232881,30233555,12255019,3852378
FIN001780,3171015505850890,2025,31873494,3962409,47921201,29363811,3256079
FIN001781,3171011104680891,2024,18106879,1504411,34973765,15617929,1633480
FIN001782,3171011104680891,2025,12686482,1006072,14484036,5065633,821281
FIN001783,3275016505970892,2024,6682044,1023428,12677526,6748854,1348394
FIN001784,3275016505970892,2025,6846740,1039333,12315313,5590708,1423916
FIN001785,3671015906970893,2024,17368254,2948213,25037751,11663088,2523067
FIN001786,3671015906970893,2025,20092782,3538306,31102983,18469775,4302696
FIN001787,3172017005970894,2024,4824446,360234,6769651,3272791,495957
FIN001788,3172017005970894,2025,5103749,311020,6488193,2856782,386616
FIN001789,3276014506710895,2024,12454507,2218396,24651352,14314370,2429931
FIN001790,3276014506710895,2025,13096501,2011112,25338648,11835813,2440034
FIN001791,3174013011770896,2024,8686853,893172,16122051,6314370,1072910
FIN001792,3174013011770896,2025,6930060,606177,13464302,9222586,625440
FIN001793,3174011204740897,2024,9371120,1276716,13189348,5104463,1409159
FIN001794,3174011204740897,2025,10484546,1557526,12945175,6158847,1300397
FIN001795,3671014311970898,2024,9261634,532312,11554777,4911337,466283
FIN001796,3671014311970898,2025,6159597,369445,7170365,2499925,413858
FIN001797,3271016411680899,2024,30351541,3756248,35587750,23577056,4221596
FIN001798,3271016411680899,2025,37192454,4768708,70974352,41723897,6196775
FIN001799,3674011604930900,2024,17763920,1684373,31339362,11163428,1595117
FIN001800,3674011604930900,2025,22356651,1972820,36166164,19276329,2167693
FIN001801,3671011806930901,2024,37681811,1868461,67419294,43383016,2056621
FIN001802,3671011806930901,2025,49933312,2883973,62778227,19598706,3104455
FIN001803,3173014509770902,2024,31871091,3924983,49034488,17656495,3448356
FIN001804,3173014509770902,2025,18315503,2618911,33251580,20198724,2668605
FIN001805,3173011111950903,2024,29353830,1401762,47851966,31300812,1383540
FIN001806,3173011111950903,2025,32024109,1349458,42887529,13791451,1604547
FIN001807,3175011912940904,2024,30210393,4566368,42559872,20142701,5473667
FIN001808,3175011912940904,2025,30907474,5251303,41139618,27111394,5580494
FIN001809,3674012201850905,2024,26735601,2980872,49575253,21201071,2759204
FIN001810,3674012201850905,2025,29707993,4199855,37279040,24640283,3361215
FIN001811,3671015609990906,2024,23935462,2877607,29040900,15581872,3391928
FIN001812,3671015609990906,2025,24622354,2854778,43635487,9435058,2949101
FIN001813,3271015304950907,2024,30754333,4154059,40152699,21983859,4590371
FIN001814,3271015304950907,2025,40428160,6451243,59619830,16886073,5804395
FIN001815,3275014311780908,2024,18161938,347316,27281935,17703183,302967
FIN001816,3275014311780908,2025,19304381,313412,22460095,10219630,267660
FIN001817,3174012912000909,2024,4259209,532098,5443994,3338700,636611
FIN001818,3174012912000909,2025,4094634,452121,6353555,2132592,609942
FIN001819,3172016909820910,2024,8921556,1441211,17286240,4703596,1542742
FIN001820,3172016909820910,2025,11303338,2195857,17466959,11200426,2857260
FIN001821,3671010107870911,2024,23916987,2863117,33723957,20008319,3411751
FIN001822,3671010107870911,2025,22089382,2472479,33349341,8489750,2765870
FIN001823,3173012505940912,2024,18930319,1202272,25773210,8337621,1305231
FIN001824,3173012505940912,2025,22859412,1416986,41561447,14628756,1476576
FIN001825,3671011504690913,2024,10196601,1911944,16744775,8506719,2133995
FIN001826,3671011504690913,2025,8087984,1559770,9464097,4454126,1914805
FIN001827,3671012211810914,2024,65652990,5103890,86252854,24278077,4834613
FIN001828,3671012211810914,2025,82303201,6721318,109089657,59084252,7578219
FIN001829,3671016009810915,2024,39592762,3966946,49295609,33241692,3494136
FIN001830,3671016009810915,2025,45561030,5777668,72276474,18575498,7809687
FIN001831,3671017011790916,2024,37354070,5180661,61512774,31610188,6078381
FIN001832,3671017011790916,2025,43184346,6629697,50112411,12591495,6428599
FIN001833,3671012406880917,2024,42642353,4555960,60549484,40431889,6093230
FIN001834,3671012406880917,2025,35866464,4806645,58544023,26382870,6293575
FIN001835,3671010204650918,2024,9196701,872938,15321298,9893921,849278
FIN001836,3671010204650918,2025,13938523,1250161,20730414,11444523,1296503
FIN001837,3275015809690919,2024,19494799,1633550,30399437,20328379,1435357
FIN001838,3275015809690919,2025,25660044,1771137,40276204,23453454,2105735
FIN001839,3174011101840920,2024,133338568,20769606,210101090,80164740,28521171
FIN001840,3174011101840920,2025,174202624,26261157,265442911,139512289,25398376
FIN001841,3671010906880921,2024,31630089,295750,40383680,13960069,351939
FIN001842,3671010906880921,2025,49630761,436400,69462119,47885111,420217
FIN001843,3674014610850922,2024,7876853,1287980,14246709,2899068,1298649
FIN001844,3674014610850922,2025,8370022,1553944,10946928,4009495,1328423
FIN001845,3174012812780923,2024,17073668,1474548,22307086,10075070,1980512
FIN001846,3174012812780923,2025,22917838,1921171,34562434,18385996,1748797
FIN001847,3671012206800924,2024,15463871,1708538,26909284,9907578,2292067
FIN001848,3671012206800924,2025,16649608,1874977,24282562,11053999,1902822
FIN001849,3671016306680925,2024,30316465,1196960,54184802,23770098,1010056
FIN001850,3671016306680925,2025,29754006,1220182,49556490,23448455,1152201
FIN001851,3671015903010926,2024,46601978,7012621,71775819,21936428,5903106
FIN001852,3671015903010926,2025,39223865,4911380,63827985,36964229,5961413
FIN001853,3175012806680927,2024,8824713,1188207,11484905,3798580,1597580
FIN001854,3175012806680927,2025,10646122,1344814,17017381,4345945,1394228
FIN001855,3674010609960928,2024,35344840,7795834,66612898,41511533,10361321
FIN001856,3674010609960928,2025,41978142,8084168,66029139,27204421,10057030
FIN001857,3674016612860929,2024,13000092,1307987,15584831,7331258,1706271
FIN001858,3674016612860929,2025,14948488,1622906,22204617,10363223,2108020
FIN001859,3674014408740930,2024,16151954,2187116,24320969,7950582,2877805
FIN001860,3674014408740930,2025,17573282,2353541,26439207,9517629,2050764
FIN001861,3275011907810931,2024,46932436,4792168,57697510,18785388,5085217
FIN001862,3275011907810931,2025,69022056,7096784,128975493,44523195,9389532
FIN001863,3671016004770932,2024,27478561,1029820,52142228,16972742,1353614
FIN001864,3671016004770932,2025,18076115,612983,35425484,15994885,857774
FIN001865,3172013012960933,2024,11368505,1809056,15138439,7475134,1770577
FIN001866,3172013012960933,2025,13324906,2386898,18264279,12357455,2003801
FIN001867,3671013103030934,2024,14718692,1925150,27891063,9581757,2680753
FIN001868,3671013103030934,2025,15678978,2251534,23968999,16496508,2107572
FIN001869,3275010112670935,2024,22078408,3068352,27364625,7548020,3185852
FIN001870,3275010112670935,2025,28348821,3629052,49351170,27704769,4130860
FIN001871,3671014410720936,2024,48765137,3289669,89152021,54014098,2769047
FIN001872,3671014410720936,2025,70852833,4354363,104715972,65286484,4794523
FIN001873,3171016209970937,2024,113344945,13708708,201638721,104262663,18822303
FIN001874,3171016209970937,2025,113213877,11785716,203160766,116970053,11333227
FIN001875,3175016407020938,2024,10598530,1733584,18562310,12349991,1704341
FIN001876,3175016407020938,2025,14050255,2798146,18291438,4889682,2367876
FIN001877,3674016002750939,2024,13562420,1304270,21250527,6672060,1078988
FIN001878,3674016002750939,2025,12089848,1064458,15805670,8598472,1000875
FIN001879,3671012508800940,2024,21677645,2321752,33095897,12327716,2836549
FIN001880,3671012508800940,2025,22624061,2463890,31563199,17508227,2485883
FIN001881,3671016204740941,2024,30604003,4368289,40064958,24778114,3952428
FIN001882,3671016204740941,2025,28643465,4625114,39413070,8252367,4218381
FIN001883,3174011203880942,2024,25256528,2557398,32393869,6785775,2504726
FIN001884,3174011203880942,2025,25166306,2404290,37190359,21552098,2658821
FIN001885,3175011005650943,2024,12916294,1589748,20986092,13483187,2099019
FIN001886,3175011005650943,2025,17476656,2484401,27535037,18207050,2706681
FIN001887,3174011009840944,2024,6095051,345613,8687866,6004884,439416
FIN001888,3174011009840944,2025,8321428,551285,9616186,1993526,475841
FIN001889,3674016006780945,2024,35933392,3982222,66080747,22832630,4770953
FIN001890,3674016006780945,2025,28623275,2837498,56538452,22755622,2944024
FIN001891,3175011010910946,2024,11902376,1277902,21969850,11117645,1765618
FIN001892,3175011010910946,2025,12241394,1276987,15245088,8770319,1055039
FIN001893,3173015401650947,2024,20078892,3200480,33922211,19080690,4468989
FIN001894,3173015401650947,2025,17511458,2497823,30525213,10658299,2802690
FIN001895,3171015909950948,2024,47086437,2139668,63858933,41112955,2705101
FIN001896,3171015909950948,2025,43180519,1592098,75470414,46577581,1411563
FIN001897,3671011704020949,2024,38578607,3921065,45813143,14020099,4234901
FIN001898,3671011704020949,2025,42197376,3991311,58751339,12524816,5415256
FIN001899,3671015210910950,2024,8621976,1237617,10019953,2621159,1437137
FIN001900,3671015210910950,2025,9170911,1557687,11379081,2917542,1892040
FIN001901,3275012205920951,2024,4958202,455961,5524266,1977712,366146
FIN001902,3275012205920951,2025,5856870,613509,7991963,2319747,524267
FIN001903,3276014502840952,2024,55925554,3162255,77501074,47788951,2935895
FIN001904,3276014502840952,2025,67069373,3161396,77913668,27286411,3407820
FIN001905,3671010911850953,2024,45708357,5675276,91301243,62042301,4888935
FIN001906,3671010911850953,2025,58413395,8389260,111741332,26857164,7335476
FIN001907,3173014105940954,2024,11174057,1202957,21096512,14226567,1110324
FIN001908,3173014105940954,2025,10919912,909987,16381673,10488802,1076576
FIN001909,3271015311020955,2024,14999809,1742310,24150694,6013760,2228396
FIN001910,3271015311020955,2025,16477841,1716947,18882906,11467622,2154070
FIN001911,3671011211730956,2024,32551967,3364287,48549818,13722967,3016228
FIN001912,3671011211730956,2025,34005202,3315613,48747116,29675880,4163132
FIN001913,3671016704760957,2024,19028694,1321156,21059704,11969082,1075811
FIN001914,3671016704760957,2025,18222863,1377595,30624308,15597739,1147657
FIN001915,3271015207930958,2024,19432893,827399,29523239,8961568,680663
FIN001916,3271015207930958,2025,24702239,1036414,42356574,24705096,1197595
FIN001917,3173010405840959,2024,45930272,6484640,83716434,19400294,8574474
FIN001918,3173010405840959,2025,34869077,5423631,55519594,19153774,5727345
FIN001919,3275010208710960,2024,32246964,4943186,54251363,14821695,6261483
FIN001920,3275010208710960,2025,33032714,5711788,40945878,23910027,5073461
FIN001921,3175015505970961,2024,18474462,1788278,32757056,16957161,2399389
FIN001922,3175015505970961,2025,22812675,2179437,44388239,23123347,2332565
FIN001923,3276011502990962,2024,47481668,6488349,93656169,58493091,8802922
FIN001924,3276011502990962,2025,56071209,7650970,103069336,35515539,9191413
FIN001925,3276014311650963,2024,45927651,4908031,54376778,18057639,4722218
FIN001926,3276014311650963,2025,55052657,6848609,62152673,31553193,7170664
FIN001927,3175010112740964,2024,12642365,688594,23321884,16202091,872736
FIN001928,3175010112740964,2025,15429080,950193,21903711,10235666,790189
FIN001929,3175015204800965,2024,34127116,4415807,48839476,27487054,5643524
FIN001930,3175015204800965,2025,46283273,5211672,63460324,25433721,4906304
FIN001931,3172015107680966,2024,7012306,1234333,7814904,2836306,1606980
FIN001932,3172015107680966,2025,8384544,1642788,9731447,5845900,1490720
FIN001933,3171015101930967,2024,21335350,1324270,36841506,12675068,1375896
FIN001934,3171015101930967,2025,24723205,1696389,36272941,12974476,1466235
FIN001935,3173012703920968,2024,32277908,883495,53089343,30292661,1114040
FIN001936,3173012703920968,2025,43396648,1521372,64708980,13991137,1997278
FIN001937,3671010409890969,2024,11451993,1511155,13366323,8508544,1502391
FIN001938,3671010409890969,2025,14754602,1966289,25681784,15120320,2083278
FIN001939,3671014602750970,2024,19193697,2404539,21491124,8663835,2449888
FIN001940,3671014602750970,2025,19954585,2836597,29095057,19014961,3010140
FIN001941,3276012808950971,2024,5529176,1059897,9535317,3480140,1058156
FIN001942,3276012808950971,2025,6718013,1130330,7618552,5116055,1037004
FIN001943,3671012411910972,2024,31510863,1354592,58422999,37279732,1406995
FIN001944,3671012411910972,2025,36458981,2070016,50744760,16751761,2885216
FIN001945,3671010610890973,2024,15965868,480236,27919244,15677006,615745
FIN001946,3671010610890973,2025,12779751,409428,16743666,6137469,548807
FIN001947,3174015504740974,2024,35903695,4693448,50178713,10618492,5116981
FIN001948,3174015504740974,2025,37306018,5053211,55955835,38855737,4582484
FIN001949,3276012612750975,2024,18115688,499653,26785968,7643049,588861
FIN001950,3276012612750975,2025,18654826,649823,34061644,10477596,890701
FIN001951,3275010902970976,2024,21918017,2994052,43174786,10723712,2882084
FIN001952,3275010902970976,2025,21726788,2789356,26159810,9146071,3390170
FIN001953,3671016303840977,2024,4199310,897596,6843958,3940580,918722
FIN001954,3671016303840977,2025,4077704,841831,6028043,4024089,1049008
FIN001955,3171014809000978,2024,15557065,2728052,18586851,8717458,3386130
FIN001956,3171014809000978,2025,14210076,2551890,22916424,7543204,3341233
FIN001957,3271010112950979,2024,14000407,1297987,16947342,8754334,1350613
FIN001958,3271010112950979,2025,16927341,1601335,32592720,19303100,1472533
FIN001959,3171012108810980,2024,20318461,3567160,36882334,8970822,3884515
FIN001960,3171012108810980,2025,25321414,4881577,46226208,19127651,5938861
FIN001961,3671016907710981,2024,92694425,7219344,112169278,32303854,9851285
FIN001962,3671016907710981,2025,91166577,6185396,126809625,65509491,6582576
FIN001963,3271010805970982,2024,13475614,1691862,16722227,9596263,1885023
FIN001964,3271010805970982,2025,12048461,1574725,15125816,5880462,2059896
FIN001965,3671015311720983,2024,22448116,2745317,31666386,8936282,2892083
FIN001966,3671015311720983,2025,18386906,2758912,29677328,12110223,2744896
FIN001967,3671012702940984,2024,22057929,3012895,28847558,14207484,3071157
FIN001968,3671012702940984,2025,31796253,5130585,47597088,19859619,6688643
FIN001969,3173010502930985,2024,23310069,1575322,39915042,17326762,1634384
FIN001970,3173010502930985,2025,31183114,2336831,36317840,19112933,2498899
FIN001971,3171013103750986,2024,9358490,1007548,12141077,6388249,1303135
FIN001972,3171013103750986,2025,11511211,1311865,19898079,10851327,1532226
FIN001973,3671012509670987,2024,20921724,1900375,40459255,11572036,1840105
FIN001974,3671012509670987,2025,21308979,1665808,33033608,20475046,1767639
FIN001975,3171015606860988,2024,41939940,4595454,67178209,44138475,5977136
FIN001976,3171015606860988,2025,45875593,4384807,76620939,40778626,5472583
FIN001977,3172015204840989,2024,9430600,1450213,13098742,8026494,1757905
FIN001978,3172015204840989,2025,8719549,1311680,13748109,9354643,1639499
FIN001979,3175014410870990,2024,27575335,1565590,51387025,26757718,2135463
FIN001980,3175014410870990,2025,26910498,1441906,30861051,16606360,1384193
FIN001981,3671016901930991,2024,39777355,5202491,56906264,23107319,6396582
FIN001982,3671016901930991,2025,51979503,5911503,70995563,36382014,5207304
FIN001983,3271013003690992,2024,18696767,1598976,21584291,14329904,1570820
FIN001984,3271013003690992,2025,16015933,1481542,21272126,9719108,1803190
FIN001985,3671015408690993,2024,23235240,2262253,40585775,27137101,2626094
FIN001986,3671015408690993,2025,37278049,3568220,66598276,38691094,3425914
FIN001987,3671011108790994,2024,47725109,3910232,87175946,33675033,3788183
FIN001988,3671011108790994,2025,43800514,3806027,51129437,35403626,3883012
FIN001989,3271015403020995,2024,21545863,3144339,31756727,19706436,3722704
FIN001990,3271015403020995,2025,23563896,3492053,28237838,18358413,4795714
FIN001991,3671013006850996,2024,41754581,6985580,82438550,45100088,5910085
FIN001992,3671013006850996,2025,54863373,7964375,107928064,72488777,9037189
FIN001993,3276014910000997,2024,25196429,2563508,37564753,20507464,2372980
FIN001994,3276014910000997,2025,21256129,2256757,24225336,14672673,2909560
FIN001995,3671016401670998,2024,43302981,4383456,65958796,43696613,4436456
FIN001996,3671016401670998,2025,42767892,4442640,48019387,28158420,5362045
FIN001997,3674014110770999,2024,33576051,4209283,41831170,20018191,3742465
FIN001998,3674014110770999,2025,37984332,4613259,53978345,15835817,5079368
FIN001999,3671011603901000,2024,88157660,14424470,138373950,60525536,13662268
FIN002000,3671011603901000,2025,120909573,20497256,204497537,67055254,25013650
FIN002001,3175011404031001,2024,23398027,1905520,32098068,9821114,2158530
FIN002002,3175011404031001,2025,31163521,2824815,54549116,20811642,2522086
FIN002003,3175015506761002,2024,12513144,396520,14244309,4344126,387813
FIN002004,3175015506761002,2025,14690343,504575,25816577,14173141,651445
FIN002005,3275011805901003,2024,9690520,1774928,11780800,6815673,2258081
FIN002006,3275011805901003,2025,10807811,1713050,17877126,12024417,1466995
FIN002007,3671011701901004,2024,9559737,718562,18737224,9596860,783176
FIN002008,3671011701901004,2025,11644404,875461,15314863,8040462,1011348
FIN002009,3271012211851005,2024,29549040,2359587,52596854,34111871,2080523
FIN002010,3271012211851005,2025,31749730,1924183,49009723,20783868,2543544
FIN002011,3671015812651006,2024,33180885,3327528,37162120,10078992,3412426
FIN002012,3671015812651006,2025,28448547,3678754,50766920,23610888,3892883
FIN002013,3276016003911007,2024,36138484,2883465,64891114,14086435,3175716
FIN002014,3276016003911007,2025,39640570,2922349,45780502,17237736,3474619
FIN002015,3175012302731008,2024,27363256,2007457,47755068,24651157,1864231
FIN002016,3175012302731008,2025,32346264,2323675,51955936,13285554,3163361
FIN002017,3171015801741009,2024,20039626,2571323,29422124,20070512,2626020
FIN002018,3171015801741009,2025,23589407,3090255,31223923,10199014,3132704
FIN002019,3173015605981010,2024,46331628,6851530,73721874,36239876,8852355
FIN002020,3173015605981010,2025,50284628,8202442,64760173,40813392,9257475
FIN002021,3671012204721011,2024,51642778,4240830,73530386,28140231,5445427
FIN002022,3671012204721011,2025,45810905,4109460,87250778,41384856,4732834
FIN002023,3671011106861012,2024,35128298,3722186,40431027,8706084,4540833
FIN002024,3671011106861012,2025,37023242,4235336,69295659,44448835,4293158
FIN002025,3275012306841013,2024,19711594,2336997,21809608,5602926,2341821
FIN002026,3275012306841013,2025,16536891,2311119,30358862,8239285,2060334
FIN002027,3172010106651014,2024,35269984,4136773,68834320,44910279,5418192
FIN002028,3172010106651014,2025,49767238,5231206,78182753,16678797,6311279
FIN002029,3276016210831015,2024,26527075,3447274,29289841,17457524,3096591
FIN002030,3276016210831015,2025,23816780,2558473,36921308,18277731,2205054
FIN002031,3271016909021016,2024,15875560,488228,21054010,6952961,583744
FIN002032,3271016909021016,2025,15295850,443440,16974415,4532430,449921
FIN002033,3172013011811017,2024,11232908,885946,16666590,9900631,1013817
FIN002034,3172013011811017,2025,13345015,1079733,22740472,11252083,874212
FIN002035,3674011201711018,2024,17295738,2070429,24687197,5841979,2717489
FIN002036,3674011201711018,2025,15924593,1937451,29051912,17374884,1965752
FIN002037,3671012408701019,2024,7659573,941759,10883948,5872883,1132675
FIN002038,3671012408701019,2025,8416991,1070582,10436175,5341591,1421397
FIN002039,3171016402751020,2024,52559543,6443614,68053791,22434097,8288253
FIN002040,3171016402751020,2025,62617963,7621880,101613719,59826552,8204024
FIN002041,3671016107981021,2024,22530266,4827568,24877258,9858301,6651399
FIN002042,3671016107981021,2025,30605967,5225962,40096989,19465706,6870718
FIN002043,3275013108901022,2024,34044576,6101574,66790468,32031035,7309979
FIN002044,3275013108901022,2025,43970787,8154035,84838528,28678673,10186612
FIN002045,3175016805941023,2024,21001919,904236,26479796,16484018,1079941
FIN002046,3175016805941023,2025,19252143,861103,30810787,11462253,910396
FIN002047,3275016901001024,2024,23994187,2909978,46788977,14898884,3192637
FIN002048,3275016901001024,2025,20788099,3054214,33270834,17215572,2742866
FIN002049,3276010508801025,2024,51589963,5606154,93398444,28782696,7774924
FIN002050,3276010508801025,2025,48673667,5873680,54079568,20765946,4938025
FIN002051,3174013011731026,2024,8183671,253796,9713996,5231562,331915
FIN002052,3174013011731026,2025,10699246,333972,14753933,2969192,397108
FIN002053,3171012506931027,2024,40152568,4341820,71897728,40359402,5950015
FIN002054,3171012506931027,2025,53042121,6590761,84984411,58659381,5866619
FIN002055,3671015805861028,2024,14053745,1003114,25332462,14474768,1280585
FIN002056,3671015805861028,2025,19308334,1294276,30206541,16805285,1256101
FIN002057,3671012908671029,2024,26086644,2308406,49320164,14468732,2708356
FIN002058,3671012908671029,2025,32131342,2683612,51321942,13889054,3073534
FIN002059,3175014103681030,2024,15785064,438762,29500166,17065517,573384
FIN002060,3175014103681030,2025,21782527,573130,26878209,12865720,758653
FIN002061,3174014905881031,2024,16790707,1702423,27412156,11134200,2082781
FIN002062,3174014905881031,2025,17465281,1899017,33480619,7473068,2149998
FIN002063,3671016311711032,2024,53425878,4943576,66575810,43551369,6738219
FIN002064,3671016311711032,2025,69399585,7652628,90207165,25798590,9556662
FIN002065,3671014901991033,2024,34127873,2268079,45768268,19734756,2522297
FIN002066,3671014901991033,2025,40471539,2642546,57062651,35902021,2751940
FIN002067,3671015607991034,2024,10571078,1324596,19902302,11114288,1203840
FIN002068,3671015607991034,2025,12010822,1286044,23828478,12262325,1396958
FIN002069,3173016211751035,2024,18015800,2963984,30796559,6319874,3837118
FIN002070,3173016211751035,2025,22081305,3887360,33219435,15953361,3867260
FIN002071,3172014808021036,2024,40860960,6661198,71973743,22259459,5778680
FIN002072,3172014808021036,2025,51480135,7387318,83286690,33294827,7014609
FIN002073,3175015001941037,2024,15498956,3793408,20800645,6906300,4328106
FIN002074,3175015001941037,2025,18289448,4354100,24721098,6499488,4178535
FIN002075,3174011404931038,2024,15135175,1214460,29493172,11479478,1571575
FIN002076,3174011404931038,2025,10691609,673855,17088752,10524139,708339
FIN002077,3275016307791039,2024,15171117,2791531,17829370,8434694,3694341
FIN002078,3275016307791039,2025,14777705,2588961,17119141,10469384,3479724
FIN002079,3175011210801040,2024,19437004,1266183,38595656,23880372,1629113
FIN002080,3175011210801040,2025,15682486,915649,29885312,14284368,1236242
FIN002081,3175012605031041,2024,36311659,4570927,45462632,22139900,5309793
FIN002082,3175012605031041,2025,44008166,5958066,51935652,16742730,5608152
FIN002083,3271011212981042,2024,11985556,430282,23630083,4913214,399966
FIN002084,3271011212981042,2025,15843472,592327,29966431,6501324,787894
FIN002085,3271015910821043,2024,48534553,8443494,76144304,51378075,10343843
FIN002086,3271015910821043,2025,54728751,8691894,63053653,27973937,9153785
FIN002087,3175010803661044,2024,22546504,2611212,31645280,13223973,3266865
FIN002088,3175010803661044,2025,26749553,3023283,32074607,14285947,4077510
FIN002089,3172010509861045,2024,27091619,4803156,52053098,20763352,3934801
FIN002090,3172010509861045,2025,41230120,6129637,52881790,14054718,8169373
FIN002091,3671015501011046,2024,42039007,2768461,73234334,21860778,3769225
FIN002092,3671015501011046,2025,48786653,4150405,79773124,45976279,5457335
FIN002093,3172012112901047,2024,43810823,4829463,65410770,13136541,4530030
FIN002094,3172012112901047,2025,32808286,3134251,45623500,14513643,3939706
FIN002095,3671015511851048,2024,31537097,3643825,53316739,34022616,4767271
FIN002096,3671015511851048,2025,43835450,4229082,71035963,28879315,4904815
FIN002097,3671012801901049,2024,16135855,544238,18313812,11963623,511434
FIN002098,3671012801901049,2025,20871951,856290,40911954,19978363,876296
FIN002099,3671014401971050,2024,9504218,1302362,11540416,7819614,1675642
FIN002100,3671014401971050,2025,10355947,1606664,20068461,13644859,1544114
FIN002101,3671016206711051,2024,29630868,1746650,41004499,20069229,1417630
FIN002102,3671016206711051,2025,37472430,1909660,62024544,24219338,2074394
FIN002103,3671016902761052,2024,22164029,1293092,43723883,18993364,1566746
FIN002104,3671016902761052,2025,22438428,1402157,40328873,8270053,1908790
FIN002105,3671014802011053,2024,15514766,931545,25447355,9023823,1056432
FIN002106,3671014802011053,2025,19386650,1102785,30219849,13861339,882496
FIN002107,3674012601691054,2024,31366781,787226,55652449,34696158,1016043
FIN002108,3674012601691054,2025,32066267,895133,55206302,13163560,823198
FIN002109,3172016507761055,2024,9385186,966919,18039339,9995653,1174222
FIN002110,3172016507761055,2025,11044971,1020579,13064277,6953025,912290
FIN002111,3271013003661056,2024,60782273,2096322,71518802,40885540,2790245
FIN002112,3271013003661056,2025,95055925,3047977,177630364,105574247,3469562
FIN002113,3172015410811057,2024,55166077,9343845,87843561,19183514,8484602
FIN002114,3172015410811057,2025,73746677,14113707,89190329,58154301,16676115
FIN002115,3275012808801058,2024,20839930,3790334,31561553,7009393,4513586
FIN002116,3275012808801058,2025,23650694,4187688,28177291,17130482,3539033
FIN002117,3671014403001059,2024,13874353,245199,20429559,5163847,219386
FIN002118,3671014403001059,2025,7613935,129307,14885691,9449416,113493
FIN002119,3175015908671060,2024,14731199,3182074,16961656,11871077,4387968
FIN002120,3175015908671060,2025,14333451,3219414,17883702,11625862,3555726
FIN002121,3173010204991061,2024,20089075,870212,37014168,13647551,1015907
FIN002122,3173010204991061,2025,24864963,921852,37734359,23650976,967257
FIN002123,3671014705921062,2024,25023878,2332458,27590776,6683747,2897522
FIN002124,3671014705921062,2025,32980802,2874422,64155702,40629151,3187477
FIN002125,3671011912881063,2024,55316445,5570339,106164205,23704798,5646377
FIN002126,3671011912881063,2025,69908725,7829732,132963902,31527347,9359447
FIN002127,3671011608741064,2024,56612804,5518999,98485399,28573652,6982857
FIN002128,3671011608741064,2025,85814022,9513226,167518239,48012730,11731702
FIN002129,3671011201671065,2024,9756911,282185,17479962,9609640,244263
FIN002130,3671011201671065,2025,9059636,288547,12664487,8681725,304424
FIN002131,3674014401671066,2024,12829585,1164549,14177606,6293313,1564545
FIN002132,3674014401671066,2025,14109249,1480016,24214127,9002021,1389998
FIN002133,3671011105831067,2024,12020156,1555674,14297395,5255630,1359119
FIN002134,3671011105831067,2025,12629621,1408903,23329904,5072466,1674239
FIN002135,3276016709941068,2024,11594618,882803,16943900,8788677,1221974
FIN002136,3276016709941068,2025,12728525,908554,20986692,7922251,1271704
FIN002137,3671011110771069,2024,24721476,1904550,42206861,29427552,2230692
FIN002138,3671011110771069,2025,24963394,1741640,48891394,25126303,1757627
FIN002139,3671015401861070,2024,27053815,1578101,42952150,17485920,2012418
FIN002140,3671015401861070,2025,31530744,2313767,47646864,25848839,2325528
FIN002141,3674011402981071,2024,8955164,984562,13550100,4780881,1056475
FIN002142,3674011402981071,2025,9982389,1089854,18199854,8716166,977446
FIN002143,3175012207031072,2024,9029507,612184,14994698,9095772,513027
FIN002144,3175012207031072,2025,6941702,447504,9939624,4182030,464123
FIN002145,3171015902931073,2024,12955693,2612959,20785320,5595660,3230881
FIN002146,3171015902931073,2025,15123837,2943104,19308027,10402247,3997644
FIN002147,3275013012691074,2024,19502558,3664232,22849216,10580496,4696119
FIN002148,3275013012691074,2025,19399946,4241004,28311766,11825364,3532156
FIN002149,3671010704651075,2024,30801012,6061290,55198298,19709730,7215913
FIN002150,3671010704651075,2025,40273493,7931320,47580767,16200127,10438572
FIN002151,3674010209771076,2024,12684573,662309,15553403,4171511,668119
FIN002152,3674010209771076,2025,13263182,823445,26124282,12694265,972599
FIN002153,3271015601751077,2024,29479447,3961728,44673820,16651227,4184297
FIN002154,3271015601751077,2025,39774954,6188582,78560893,29913390,5769949
FIN002155,3174015908851078,2024,75599298,12511608,133496198,51786688,11521866
FIN002156,3174015908851078,2025,82512753,11925481,108233388,56570021,12028172
FIN002157,3674016911841079,2024,7837058,1048250,9462038,5593217,917761
FIN002158,3674016911841079,2025,7945442,831892,9020238,3899935,728346
FIN002159,3172012409731080,2024,21924610,1654100,37106013,15036397,2195111
FIN002160,3172012409731080,2025,18862426,1082214,26423090,12083183,900754
FIN002161,3671016206781081,2024,75756464,4610735,107591343,25697995,4667032
FIN002162,3671016206781081,2025,63420377,3584343,118258427,73233208,3171741
FIN002163,3671012504821082,2024,11223975,2429526,15114094,3688720,3110517
FIN002164,3671012504821082,2025,11756272,2544644,21825049,7958500,2082840
FIN002165,3173014903791083,2024,33344701,3874858,41754335,16362454,4739376
FIN002166,3173014903791083,2025,35270135,3452172,48948469,23588937,4193446
FIN002167,3171012207741084,2024,22954084,713699,45578912,23068311,798056
FIN002168,3171012207741084,2025,19797948,636792,30473542,12910286,608223
FIN002169,3671016710711085,2024,8534739,985979,13660966,7734288,1325469
FIN002170,3671016710711085,2025,9125670,1186526,17488768,10716703,1323129
FIN002171,3171015612841086,2024,23187977,1010368,32786917,14212951,1110178
FIN002172,3171015612841086,2025,29647617,1262016,51125005,35580860,1194274
FIN002173,3674012803911087,2024,6773913,535974,9979773,4524641,582251
FIN002174,3674012803911087,2025,10500445,789476,14302371,6505447,695453
FIN002175,3671012205951088,2024,7015894,956837,12930198,2709279,1242457
FIN002176,3671012205951088,2025,7150305,938302,8488974,5933455,1097138
FIN002177,3172016506911089,2024,34477139,3585800,58998356,25514677,2883057
FIN002178,3172016506911089,2025,36970434,3812899,64059971,25606621,4588029
FIN002179,3171014406961090,2024,10018199,515254,18727289,12357977,666643
FIN002180,3171014406961090,2025,8024488,331309,9307151,2133282,459898
FIN002181,3171013112921091,2024,10702672,1879355,15109643,4440906,2603393
FIN002182,3171013112921091,2025,11993549,2266968,20646350,13610423,2987666
FIN002183,3671014504961092,2024,24822828,1771029,31888455,17814822,2304414
FIN002184,3671014504961092,2025,19884370,1434254,22032393,9913152,1455129
FIN002185,3671014512861093,2024,20210558,747603,28040813,17199588,998023
FIN002186,3671014512861093,2025,24225240,704303,37766857,15491471,729562
FIN002187,3171010405681094,2024,15240991,135501,28716453,13754935,136621
FIN002188,3171010405681094,2025,18766732,173199,31057202,18428281,184373
FIN002189,3671010401721095,2024,20073220,3249827,38868809,23383663,3575714
FIN002190,3671010401721095,2025,23839863,4123257,44215592,15287929,4639136
FIN002191,3171011102691096,2024,58433091,5175831,79620756,20596139,4690555
FIN002192,3171011102691096,2025,71983521,6133475,88902235,32010383,7995103
FIN002193,3671015005861097,2024,21671111,1357655,33914872,13194348,1131189
FIN002194,3671015005861097,2025,20866826,1188942,30554199,10346015,1065670
FIN002195,3174016111721098,2024,17013605,1680916,27296427,7776011,2038273
FIN002196,3174016111721098,2025,10575601,985248,12713046,2659900,1158508
FIN002197,3171011509821099,2024,39596620,4967476,58280516,13460602,5199997
FIN002198,3171011509821099,2025,47740721,5849962,87116573,46009167,7423686
FIN002199,3671011708771100,2024,24116445,4187695,41066434,11169455,4043241
FIN002200,3671011708771100,2025,35042614,5975352,68493057,44454981,7916754
FIN002201,3671011607651101,2024,21130614,1922995,32124226,7860878,2489924
FIN002202,3671011607651101,2025,25572951,2135206,46534791,30765470,2435626
FIN002203,3271014206871102,2024,28291673,1235921,34151844,19741105,1280194
FIN002204,3271014206871102,2025,30378743,1265154,34741677,21153401,1482531
FIN002205,3674011609851103,2024,14805087,2460487,16638920,10875323,3148188
FIN002206,3674011609851103,2025,18756571,2642024,20806483,12163103,3544877
FIN002207,3674015105931104,2024,7867713,409081,13430978,7035613,511998
FIN002208,3674015105931104,2025,6965803,318845,10921221,4949111,436790
FIN002209,3674012209711105,2024,21819236,2971630,28237110,14362136,4010623
FIN002210,3674012209711105,2025,25632142,3520058,42145662,13869622,4249360
FIN002211,3671010106841106,2024,27418748,2540832,39765678,27769714,3191463
FIN002212,3671010106841106,2025,27756015,2605748,49576429,18780572,3035040
FIN002213,3171014904881107,2024,31549856,4322252,41332791,15074402,5890878
FIN002214,3171014904881107,2025,40734299,5670734,61433428,13347564,7710694
FIN002215,3275015611911108,2024,16961323,958325,22098370,9489524,809307
FIN002216,3275015611911108,2025,19082902,1244512,25544423,8517961,1695300
FIN002217,3674011601761109,2024,26015875,4373975,51981248,23472223,5326083
FIN002218,3674011601761109,2025,30191066,4140114,58738014,23458422,5589072
FIN002219,3276010610961110,2024,21751411,1159537,32070639,7748007,1240134
FIN002220,3276010610961110,2025,24518855,1562691,45777791,15917681,1781601
FIN002221,3671016508681111,2024,7461636,312189,14752525,4323546,259959
FIN002222,3671016508681111,2025,7884052,321785,14949113,7213258,272848
FIN002223,3173016401761112,2024,3634278,219108,6761270,2111861,223204
FIN002224,3173016401761112,2025,5405530,386550,8736390,1774513,365836
FIN002225,3671016012011113,2024,23826893,1680879,30502957,15161104,1764312
FIN002226,3671016012011113,2025,25652768,2048087,35842818,11291823,2666473
FIN002227,3275011805781114,2024,55852780,6688720,66078272,31026514,7559668
FIN002228,3275011805781114,2025,65097511,9039173,124698051,65266576,12200063
FIN002229,3173012801931115,2024,24484372,2976357,39107956,26260487,3717800
FIN002230,3173012801931115,2025,24238261,2551271,27410135,14491625,2430257
FIN002231,3671015010771116,2024,31567712,4842796,56004496,21211347,4729809
FIN002232,3671015010771116,2025,24272928,3462738,32253552,13675600,3103414
FIN002233,3671014509891117,2024,15393292,1997315,22991384,8027700,2032824
FIN002234,3671014509891117,2025,16453347,2622793,24540806,12888749,3628158
FIN002235,3671015512871118,2024,18317807,2942671,31622364,17302715,3004060
FIN002236,3671015512871118,2025,14813982,2620512,23635979,16313794,3524208
FIN002237,3175010701811119,2024,40108067,8535153,72532579,22492392,9314987
FIN002238,3175010701811119,2025,29499135,5412878,52791080,34185498,5261840
FIN002239,3671014308891120,2024,21386778,1957529,42062760,25236898,2203512
FIN002240,3671014308891120,2025,31437123,3604655,58244256,26030386,3835508
FIN002241,3671012206861121,2024,21880880,3623235,29577508,10413886,4434044
FIN002242,3671012206861121,2025,25199096,3543449,47187121,14696320,3581376
FIN002243,3671015211651122,2024,9493053,748254,12606699,6166749,933245
FIN002244,3671015211651122,2025,8929534,530861,16907312,4673934,611997
FIN002245,3275010309801123,2024,43787125,6039193,70946974,27311702,5996331
FIN002246,3275010309801123,2025,61678279,8415824,115203665,40080617,7501949
FIN002247,3674014403721124,2024,21416377,3252435,35328113,8234927,2972992
FIN002248,3674014403721124,2025,25294167,4125370,40097616,12964931,5731183
FIN002249,3674014703741125,2024,52981737,4972778,98744061,26426844,5036439
FIN002250,3674014703741125,2025,52031855,4046614,98925127,57072941,4604993
FIN002251,3271012110851126,2024,7685934,883256,8549122,1822482,731347
FIN002252,3271012110851126,2025,9636989,1045752,15552047,10739361,1100080
FIN002253,3276013105871127,2024,34394412,3388814,48010421,26114333,3489531
FIN002254,3276013105871127,2025,43134402,3949873,71800354,26611201,4126826
FIN002255,3174010204031128,2024,45104643,5864872,70813388,40589614,5483474
FIN002256,3174010204031128,2025,57355987,7412717,104979313,67946971,8798471
FIN002257,3276012012931129,2024,49990399,4569127,81310815,56848449,5021053
FIN002258,3276012012931129,2025,40437044,4328345,55122218,37562477,4109605
FIN002259,3276011410761130,2024,7933781,973746,15810678,6164093,824353
FIN002260,3276011410761130,2025,9258106,960065,18163035,6998018,839926
FIN002261,3271011102771131,2024,19916888,2199045,26079555,6838590,2900272
FIN002262,3271011102771131,2025,32635582,3595615,40459348,20818521,4462711
FIN002263,3674014304021132,2024,12911368,1396589,14727098,4668519,1167254
FIN002264,3674014304021132,2025,12044085,1602505,13415485,6580409,2060661
FIN002265,3175014402661133,2024,17486877,2486001,33417128,18116962,2090225
FIN002266,3175014402661133,2025,22712929,2791610,44208581,27503682,2941332
FIN002267,3671014811771134,2024,21446262,2322291,26798973,10535747,3112991
FIN002268,3671014811771134,2025,22853110,1897757,38111378,14303116,1640934
FIN002269,3671010504831135,2024,13684019,1410909,24361183,12164546,1222259
FIN002270,3671010504831135,2025,22838223,2429048,28671872,16069701,2005302
FIN002271,3172015105761136,2024,14861689,127571,18642477,6701134,177260
FIN002272,3172015105761136,2025,15856166,171855,29438983,15713306,167634
FIN002273,3671011111911137,2024,35946968,1087485,50421710,17960138,920773
FIN002274,3671011111911137,2025,48892236,1736603,70029884,38748823,1680953
FIN002275,3671016204881138,2024,32821265,3319988,46871286,15672276,3359967
FIN002276,3671016204881138,2025,33938654,4396164,39589804,17077672,4039873
FIN002277,3671014808891139,2024,45076305,5527192,81719170,25449793,5577805
FIN002278,3671014808891139,2025,40405133,4196340,77013271,52228684,5515999
FIN002279,3276010506021140,2024,18089348,1285907,30278959,12588588,1354024
FIN002280,3276010506021140,2025,13287062,935485,23519687,13956475,1237013
FIN002281,3276012404891141,2024,13552909,906561,24153146,16715823,930978
FIN002282,3276012404891141,2025,13898183,850937,22068535,13465508,1018197
FIN002283,3275010512831142,2024,6607136,1022163,11781502,2799848,1129913
FIN002284,3275010512831142,2025,9898450,1690218,13583318,8444857,2146069
FIN002285,3671013006931143,2024,7873523,1399405,9389732,5793378,1882833
FIN002286,3671013006931143,2025,9605058,1747235,17370164,8778141,1998785
FIN002287,3671015812831144,2024,25885548,1555568,39062192,19878057,2079616
FIN002288,3671015812831144,2025,28052997,1535785,51775677,11107052,2014331
FIN002289,3171016806971145,2024,16358791,4071342,22515052,5463826,4377919
FIN002290,3171016806971145,2025,16042980,3351782,26312208,17402665,3975263
FIN002291,3671015909741146,2024,22237999,2756321,33189510,21428680,3163403
FIN002292,3671015909741146,2025,18144182,2415779,28818274,17777737,2915209
FIN002293,3671011112001147,2024,21509322,1854018,27297506,10986062,1927293
FIN002294,3671011112001147,2025,27239567,2253170,45967790,19155555,3010401
FIN002295,3671012202841148,2024,17768454,1403647,27453714,18752002,1270152
FIN002296,3671012202841148,2025,19345587,1333495,23302508,7535211,1604887
FIN002297,3671016708991149,2024,9343433,1559383,10388899,2363066,1657425
FIN002298,3671016708991149,2025,10374435,1812610,19689431,13605018,2516312
FIN002299,3671012207691150,2024,18766536,1941586,27979001,17902027,1578383
FIN002300,3671012207691150,2025,19098667,2167820,32240822,11094548,2144856
FIN002301,3671016406931151,2024,8109227,374079,9191181,3728470,458023
FIN002302,3671016406931151,2025,7889536,400765,12446469,5289415,461244
FIN002303,3271011704861152,2024,17353073,1525702,26122769,16028615,2059849
FIN002304,3271011704861152,2025,17004256,1365508,23277363,12567485,1445456
FIN002305,3671010101901153,2024,24442032,2349457,32085442,18781347,2643858
FIN002306,3671010101901153,2025,33503336,3071351,62124339,42990925,2614994
FIN002307,3276012906981154,2024,27494944,3011587,38503104,20791233,3135576
FIN002308,3276012906981154,2025,31840082,3314255,39651103,11749221,4051964
FIN002309,3276010908031155,2024,46148854,9039463,87591621,19425201,11764495
FIN002310,3276010908031155,2025,28079124,4263964,48329467,16568550,5389778
FIN002311,3671012207711156,2024,60228867,8906359,79635337,27911987,8407084
FIN002312,3671012207711156,2025,92891161,11866462,167539765,112921700,13735213
FIN002313,3276016102021157,2024,13206211,2202371,19751979,10102932,2016767
FIN002314,3276016102021157,2025,13352028,2930005,21284615,7932752,2376836
FIN002315,3671014108981158,2024,29764719,3394669,42887373,28327269,4113092
FIN002316,3671014108981158,2025,20850652,1817992,40438764,11493675,1943096
FIN002317,3275016109831159,2024,8239774,2460949,15174601,9569991,3424934
FIN002318,3275016109831159,2025,9126657,2388780,14846369,6342697,2090833
FIN002319,3271014807021160,2024,28057435,3844675,50630816,13277484,4233754
FIN002320,3271014807021160,2025,45646320,7121486,52467624,31586908,6996806
FIN002321,3671015205801161,2024,13981520,1994576,23241066,12681769,2192242
FIN002322,3671015205801161,2025,16557466,2701380,31437291,17254404,3629501
FIN002323,3175012203881162,2024,68773220,7641812,86569633,31825098,8302994
FIN002324,3175012203881162,2025,59476243,6629456,90883939,34733936,7512555
FIN002325,3271010403741163,2024,6983970,892110,12228959,4993974,888104
FIN002326,3271010403741163,2025,5193788,733899,9183264,4510956,735263
FIN002327,3271014801761164,2024,19705334,1335484,37190634,23821490,1665337
FIN002328,3271014801761164,2025,18655881,1279045,24465672,10750857,1556385
FIN002329,3671016302651165,2024,24771691,5113575,43365820,29010162,6483625
FIN002330,3671016302651165,2025,40334720,7439068,66757113,30186471,8389736
FIN002331,3674011409911166,2024,15196931,1830824,26231152,7620329,1634083
FIN002332,3674011409911166,2025,16069716,2602089,21534990,6501066,2379845
FIN002333,3174015106771167,2024,7186148,522266,10838649,3293074,661676
FIN002334,3174015106771167,2025,5702148,395133,9952274,6571335,399892
FIN002335,3671011106651168,2024,23233476,2447062,39434825,9910596,2625375
FIN002336,3671011106651168,2025,25678321,2697220,41438923,25004712,2226433
FIN002337,3174014211891169,2024,50874469,4877816,61463892,23661130,6801236
FIN002338,3174014211891169,2025,50957632,4609936,94708391,59657111,4414930
FIN002339,3671012504011170,2024,18459860,2213813,33817152,14584710,2726524
FIN002340,3671012504011170,2025,22826327,2272305,41286574,22126495,2307092
FIN002341,3275012102651171,2024,6863975,460395,10503586,2327081,521065
FIN002342,3275012102651171,2025,6528445,448081,7695173,2013028,462558
FIN002343,3674010711841172,2024,20514720,3734894,40895505,11978156,4829420
FIN002344,3674010711841172,2025,25686754,4201765,32407599,11268839,5562538
FIN002345,3271014612651173,2024,5551326,1222368,10915453,2921749,1326758
FIN002346,3271014612651173,2025,4958864,1089209,8546285,5824649,1059852
FIN002347,3171014502791174,2024,17928833,2259623,33279597,13936353,2399433
FIN002348,3171014502791174,2025,17314266,2081616,19843351,9058527,2632581
FIN002349,3174011504851175,2024,43892064,3318996,76650239,16693616,3810296
FIN002350,3174011504851175,2025,51223946,3431725,95954676,25081828,3961949
FIN002351,3173014806761176,2024,24988652,1491989,34959262,13915462,1594447
FIN002352,3173014806761176,2025,22584729,1684733,33045709,9835062,1750248
FIN002353,3271012602671177,2024,30271763,3168191,49701479,25213144,4386289
FIN002354,3271012602671177,2025,33191040,3034607,36586639,7884048,3668351
FIN002355,3173017006771178,2024,9618512,353883,16357388,3956415,444486
FIN002356,3173017006771178,2025,10561032,430897,14047978,5481844,537024
FIN002357,3674011407721179,2024,23278428,3343920,35927539,10501609,3292311
FIN002358,3674011407721179,2025,18538458,2453226,23689813,8838803,2587081
FIN002359,3671011106971180,2024,24291776,4223429,43243511,20168705,5759258
FIN002360,3671011106971180,2025,25429605,5320407,40192473,13955406,5011165
FIN002361,3173012101711181,2024,14764929,2031961,25926668,5817306,1713234
FIN002362,3173012101711181,2025,12356085,1621579,21920579,4676930,1579904
FIN002363,3174014101971182,2024,16449508,1397803,19711779,6207575,1592021
FIN002364,3174014101971182,2025,17184283,1455768,32166090,8854998,1487694
FIN002365,3674016107881183,2024,45954739,7247330,79321197,41722397,8723313
FIN002366,3674016107881183,2025,56143982,8961028,65485665,32868865,11380861
FIN002367,3174011304741184,2024,18530920,1982735,30749158,10806062,2021061
FIN002368,3174011304741184,2025,17093340,2100720,27648219,12691151,2089174
FIN002369,3276016908981185,2024,13500709,1650890,24609376,10895077,1597357
FIN002370,3276016908981185,2025,19733529,2138787,31684876,13067739,2220971
FIN002371,3174015003751186,2024,33034889,1714430,52311236,18521441,2002781
FIN002372,3174015003751186,2025,45792614,2294659,82084724,38150129,2234244
FIN002373,3171011709931187,2024,25953482,2333187,37580142,21532355,2508990
FIN002374,3171011709931187,2025,24924708,2226358,28069335,9254555,2510142
FIN002375,3674012610661188,2024,17769886,1275780,19955082,9982659,1660469
FIN002376,3674012610661188,2025,24005388,1541018,29416756,16742503,2065360
FIN002377,3671010909671189,2024,35063142,4360358,49436434,28318387,5846716
FIN002378,3671010909671189,2025,42305525,4682480,70388804,48233711,4451671
FIN002379,3271016211921190,2024,21042167,1552087,32630044,7349227,1768278
FIN002380,3271016211921190,2025,28745686,2311217,33757325,10868207,2449687
FIN002381,3671011811711191,2024,17497796,2168165,24502536,4913605,2292764
FIN002382,3671011811711191,2025,32009220,4338391,38744772,20479806,4422754
FIN002383,3174016312661192,2024,23379442,3805380,37266073,17388255,4158882
FIN002384,3174016312661192,2025,20752391,3440818,33179529,9283619,4044625
FIN002385,3174014105721193,2024,12470701,950276,21066789,9409022,1187151
FIN002386,3174014105721193,2025,14029823,935651,21069757,4375012,1303340
FIN002387,3271010109921194,2024,21624184,2295640,40037399,11182859,2717393
FIN002388,3271010109921194,2025,14020036,1260937,25390848,15432932,1295773
FIN002389,3671010103011195,2024,25791156,3859727,47411577,14930426,3324773
FIN002390,3671010103011195,2025,26488684,3659090,38556906,22868172,3819273
FIN002391,3172016206781196,2024,21277246,2202353,36183478,10983723,2032523
FIN002392,3172016206781196,2025,25651038,2441184,40472945,13277055,2133649
FIN002393,3671010607831197,2024,10862168,1058253,13426244,3671806,1283166
FIN002394,3671010607831197,2025,7980634,910209,14783587,4914424,843167
FIN002395,3173011803831198,2024,13566538,2257063,20030096,8265154,2580420
FIN002396,3173011803831198,2025,14510207,2230290,19199241,8321854,2509914
FIN002397,3276010803831199,2024,15623968,2097201,31108446,12958594,2414824
FIN002398,3276010803831199,2025,16131721,2551386,22768628,10755793,2934199
FIN002399,3174015009681200,2024,30077475,5012703,38264490,8134265,5970692
FIN002400,3174015009681200,2025,38118512,6412915,75054294,18700410,5409768
FIN002401,3174012712701201,2024,15143958,1481750,30281005,20692572,1509739
FIN002402,3174012712701201,2025,13474915,1506418,17752970,4063181,1241730
FIN002403,3671015010661202,2024,9086918,858204,12494102,4305115,845122
FIN002404,3671015010661202,2025,12048378,1015614,13426113,2758010,1260667
FIN002405,3276010112671203,2024,14224019,638494,21029722,12857097,874178
FIN002406,3276010112671203,2025,17558591,748685,33547458,7276296,806794
FIN002407,3276014403961204,2024,25905624,2826780,45352093,21603066,2401207
FIN002408,3276014403961204,2025,15198515,1993409,28858418,10871952,1889190
FIN002409,3271015206741205,2024,15176721,3143393,29974971,16768972,4276398
FIN002410,3271015206741205,2025,17374665,4155310,21171507,11312245,4811900
FIN002411,3171010306971206,2024,19216706,1781858,30618729,18586757,2053739
FIN002412,3171010306971206,2025,20949542,1903272,37222382,18069418,2531835
FIN002413,3671016310961207,2024,22432988,4751786,39357597,20086277,5976265
FIN002414,3671016310961207,2025,28785861,5101338,52946593,18807488,6791986
FIN002415,3276011306011208,2024,27758751,1656833,45675567,13534974,2074858
FIN002416,3276011306011208,2025,31855075,1995219,41382128,16530608,2455962
FIN002417,3671014205651209,2024,29054950,7584934,46148890,19437230,10265261
FIN002418,3671014205651209,2025,43321849,9868452,84274202,48474911,8888848
FIN002419,3271012701741210,2024,17312153,961983,27496664,17319356,1000477
FIN002420,3271012701741210,2025,17640174,1176405,34986359,10386301,1193862
FIN002421,3671012106741211,2024,29252989,2863455,47963241,17468651,2999304
FIN002422,3671012106741211,2025,39575185,3662951,77598680,51655971,5098412
FIN002423,3173014404971212,2024,46135857,6035924,80844443,34121742,7415238
FIN002424,3173014404971212,2025,54379367,7911188,101084342,57012802,7088514
FIN002425,3276016002791213,2024,11159748,2037236,14169095,6027034,1878820
FIN002426,3276016002791213,2025,8222572,1386677,10621325,6733352,1926988
FIN002427,3671016710661214,2024,37417778,2522776,53258640,15743959,3106861
FIN002428,3671016710661214,2025,50364582,3018333,68121813,44947165,3335315
FIN002429,3671016906991215,2024,25388509,1033270,49877377,18073100,1243921
FIN002430,3671016906991215,2025,31233033,1544313,39913153,21828562,1244078
FIN002431,3671016108651216,2024,14135975,962066,28094157,9663513,1121771
FIN002432,3671016108651216,2025,10686306,691061,13592890,7385088,659701
FIN002433,3271016308831217,2024,23337317,341823,34349118,20094825,455327
FIN002434,3271016308831217,2025,24921600,373029,34655917,19533195,501047
FIN002435,3174013009751218,2024,20053382,1979799,37717295,17238783,2608475
FIN002436,3174013009751218,2025,23257993,2294359,28616496,5794064,2689007
FIN002437,3671012703001219,2024,8828290,2029818,13336220,6790988,2248377
FIN002438,3671012703001219,2025,10642126,2498434,15897915,5699655,2942603
FIN002439,3174011204721220,2024,20533420,2021611,28963690,10982593,1722363
FIN002440,3174011204721220,2025,25931641,2117009,30109479,17421832,1922649
FIN002441,3275011903011221,2024,9694230,983358,18471573,11606618,904081
FIN002442,3275011903011221,2025,7211305,641270,8285810,3659389,668952
FIN002443,3674011705821222,2024,27256459,6300015,46413735,19229283,5183060
FIN002444,3674011705821222,2025,19795403,4072956,27550521,6741034,4001845
FIN002445,3271016308831223,2024,25915363,2211738,36354171,22149596,2827458
FIN002446,3271016308831223,2025,31077144,2395615,60732808,20818172,2816487
FIN002447,3671011705701224,2024,32535926,4307606,51413956,25987322,4601192
FIN002448,3671011705701224,2025,31027391,4234310,51866771,15376628,5299811
FIN002449,3175010408011225,2024,14161352,522024,18559443,7911289,434660
FIN002450,3175010408011225,2025,15869444,597865,23795316,14950518,721230
FIN002451,3674014801661226,2024,7434372,446293,10460988,5585790,564383
FIN002452,3674014801661226,2025,10061136,644176,15258460,5030015,828563
FIN002453,3271015304791227,2024,39791370,5719651,59860525,28384594,7662582
FIN002454,3271015304791227,2025,31976245,4404962,62866962,20936739,4766150
FIN002455,3671016805011228,2024,14391296,161749,18492291,11972809,184826
FIN002456,3671016805011228,2025,11625324,117538,17145608,8055384,150680
FIN002457,3171014102681229,2024,49837600,2290939,87266121,54617764,2893399
FIN002458,3171014102681229,2025,55386109,2514476,89793842,34141983,3074445
FIN002459,3671010509681230,2024,16220894,1271625,22808819,14577372,1264156
FIN002460,3671010509681230,2025,23085000,2052608,41822134,10342944,2026203
FIN002461,3171010602981231,2024,14004779,1602204,18422154,6826629,2148528
FIN002462,3171010602981231,2025,17076254,2022630,23166637,5601137,2745536
FIN002463,3173016006741232,2024,42072202,3686839,56957310,13685614,5125604
FIN002464,3173016006741232,2025,41296247,3557026,55549297,22773282,3730940
FIN002465,3671015609961233,2024,33304147,5149015,46499685,10514029,6136840
FIN002466,3671015609961233,2025,36359074,5963350,58033742,33448568,6751231
FIN002467,3671010702951234,2024,37055643,4997411,48044744,26397727,5155624
FIN002468,3671010702951234,2025,38556638,5352983,65816854,33667442,6769417
FIN002469,3172011602651235,2024,15704284,1351042,20967741,8811216,1168305
FIN002470,3172011602651235,2025,22585056,1622200,29924135,7254106,1564995
FIN002471,3671015707811236,2024,13425221,1524629,22024815,8404520,1427030
FIN002472,3671015707811236,2025,19292397,2190287,26880936,15989832,2448771
FIN002473,3276011411941237,2024,15111827,1653694,23096920,13234578,1561506
FIN002474,3276011411941237,2025,21187046,2106622,37278884,16472704,2264327
FIN002475,3173014807881238,2024,22289796,2872698,41016282,25537834,2502017
FIN002476,3173014807881238,2025,23041056,3306152,25597186,16069385,3170140
FIN002477,3275016304911239,2024,17922440,1697417,28675330,17702096,1980884
FIN002478,3275016304911239,2025,20166875,1858108,35759477,11562094,2130043
FIN002479,3173016311741240,2024,52797541,3244128,95069624,20699931,2777165
FIN002480,3173016311741240,2025,42688709,2716836,63739336,34025592,3510745
FIN002481,3271011312951241,2024,30420930,1465004,59836743,21106021,1540544
FIN002482,3271011312951241,2025,37692206,1975415,44038672,25477410,1905343
FIN002483,3276012812981242,2024,20376860,581651,34172799,22363561,606535
FIN002484,3276012812981242,2025,25108694,876434,48912653,14858907,928207
FIN002485,3171015311691243,2024,4121072,333589,5184301,1468789,318469
FIN002486,3171015311691243,2025,3836104,341699,6660257,2598529,364845
FIN002487,3671012712751244,2024,25105308,4710876,39319336,23389566,4287317
FIN002488,3671012712751244,2025,28747814,6011285,54376072,21757502,6306169
FIN002489,3174011808691245,2024,17733667,3327217,26753312,5847189,2927645
FIN002490,3174011808691245,2025,23993495,4600453,27378930,9678632,4887275
FIN002491,3276012611741246,2024,20450355,1681018,35169232,15702015,1363914
FIN002492,3276012611741246,2025,22859574,1823696,44027659,11542616,2287634
FIN002493,3671011905741247,2024,12274500,1366732,21731501,14187294,1542528
FIN002494,3671011905741247,2025,10972446,1401374,13532675,5038523,1818850
FIN002495,3276012706941248,2024,15405713,3269960,17205095,4132150,2791593
FIN002496,3276012706941248,2025,22944640,4469547,27185921,6886245,5283605
FIN002497,3671014401811249,2024,18690785,2209593,21081452,13460104,2774731
FIN002498,3671014401811249,2025,17094438,2019029,30909896,18950533,1745722
FIN002499,3174010911971250,2024,17598580,2906044,21795353,4366368,3445340
FIN002500,3174010911971250,2025,19408864,3581777,28128877,7935780,3176103
FIN002501,3174012207971251,2024,42659732,2694457,57946873,29051082,2552756
FIN002502,3174012207971251,2025,34570565,2051210,42061709,22198064,2346376
FIN002503,3175017007661252,2024,18098651,2101811,34521260,9066406,2568909
FIN002504,3175017007661252,2025,14831112,1509548,20827906,11286963,1715055
FIN002505,3171014912761253,2024,21732601,202955,35165963,15008465,283471
FIN002506,3171014912761253,2025,24603394,248659,34348450,17791776,205450
FIN002507,3276016511971254,2024,18967775,1212979,33760174,7797051,1402608
FIN002508,3276016511971254,2025,22453174,1705465,40452427,26004821,1683877
FIN002509,3172011406031255,2024,15400294,904471,22783890,7639844,1011302
FIN002510,3172011406031255,2025,17919453,1172912,21904570,13544515,1546837
FIN002511,3174012210871256,2024,35267500,4805978,44236710,23560570,6166012
FIN002512,3174012210871256,2025,35681738,5090570,56787444,31658400,4419300
FIN002513,3671016302021257,2024,12155465,1773663,16073665,5087191,1882546
FIN002514,3671016302021257,2025,10943268,1645011,13539103,9185896,1503953
FIN002515,3173010405971258,2024,20129302,1607729,38065098,16944928,1685016
FIN002516,3173010405971258,2025,25272914,2043902,33937967,20703091,1985830
FIN002517,3671012604011259,2024,20562254,3184824,25222810,9390028,3273890
FIN002518,3671012604011259,2025,20659768,2420466,23525364,5051426,2530180
FIN002519,3271016707671260,2024,33614919,4947366,44963829,9342810,4478493
FIN002520,3271016707671260,2025,40883768,5907892,58603268,19320362,8260873
FIN002521,3172015706011261,2024,7216109,213127,8755217,1754751,233369
FIN002522,3172015706011261,2025,7532420,232041,9349734,5762613,212337
FIN002523,3275010302791262,2024,13258206,1723210,17804420,5604730,2363459
FIN002524,3275010302791262,2025,13080031,1690335,20097052,11406825,1675933
FIN002525,3173012906801263,2024,29494324,7619021,55536770,33117647,8521407
FIN002526,3173012906801263,2025,30759443,6304567,57118484,14106753,8400679
FIN002527,3173015209711264,2024,17889134,2420907,21045952,11858913,3357411
FIN002528,3173015209711264,2025,22523600,3504944,41831943,21591695,3048462
FIN002529,3671015401931265,2024,15909819,2615278,18539814,6043599,3375307
FIN002530,3671015401931265,2025,19326859,3385189,25891806,15025664,3735155
FIN002531,3671016308701266,2024,12118775,1200047,20875615,10358954,1423434
FIN002532,3671016308701266,2025,15566282,1527337,24596251,15399339,1499227
FIN002533,3671011106031267,2024,11529800,2424070,20953212,6561737,2892894
FIN002534,3671011106031267,2025,15031413,3162336,18155059,4913707,3220335
FIN002535,3171011103951268,2024,12015371,975179,18601912,4710055,846007
FIN002536,3171011103951268,2025,15774450,1233979,29886101,17559178,1639886
FIN002537,3171017110831269,2024,8260909,1477856,15274011,4663563,1784756
FIN002538,3171017110831269,2025,9814269,1750685,15676878,9682276,2438572
FIN002539,3271014205931270,2024,18861428,1968538,33065780,14348014,2569519
FIN002540,3271014205931270,2025,21034489,2147080,33518936,11277225,2190894
FIN002541,3671014803781271,2024,31734319,3165111,48355991,23958974,4210228
FIN002542,3671014803781271,2025,38269392,3323023,58691056,15030085,4635112
FIN002543,3671016008991272,2024,13429574,1722868,15061315,3118250,1446232
FIN002544,3671016008991272,2025,16251608,2421299,25075470,17512151,2353315
FIN002545,3175014809661273,2024,12687059,2125661,23320466,4986833,2932596
FIN002546,3175014809661273,2025,17962484,2360763,34814499,17521159,2423267
FIN002547,3271011910961274,2024,17720930,3861318,27687126,10644442,3925050
FIN002548,3271011910961274,2025,20045672,3837664,30581842,7800268,4593775
FIN002549,3671015603921275,2024,31035533,5766435,61768888,19814723,4732366
FIN002550,3671015603921275,2025,22743502,3726243,43371234,21691072,3816100
FIN002551,3275015306971276,2024,20818146,3499837,32541362,15139557,3967044
FIN002552,3275015306971276,2025,26434857,4242440,33986880,10974121,4346020
FIN002553,3174011405011277,2024,18381594,1703409,28099177,8005643,2124951
FIN002554,3174011405011277,2025,24823247,2204846,43636711,28570535,2974004
FIN002555,3674012607931278,2024,13987715,1173381,16442456,3649975,1627326
FIN002556,3674012607931278,2025,13320922,1301455,18870450,11515922,1215631
FIN002557,3276014808671279,2024,51790080,10357774,57389410,38006728,10855655
FIN002558,3276014808671279,2025,51934817,8828484,57159123,35277183,11083220
FIN002559,3671012005801280,2024,22352035,1354681,31529886,11031149,1232240
FIN002560,3671012005801280,2025,21955157,1183856,33495793,14167046,1504775
FIN002561,3271011401801281,2024,27496870,522814,47883751,29477924,454243
FIN002562,3271011401801281,2025,35672668,650191,59768239,16265895,819911
FIN002563,3275011903021282,2024,15993000,3131367,17885224,5601746,3957308
FIN002564,3275011903021282,2025,18198595,3609779,35751533,7157421,4256356
FIN002565,3174012506981283,2024,27277704,5201958,43096208,19912931,5740434
FIN002566,3174012506981283,2025,32742342,5547400,58840633,13748994,5944008
FIN002567,3174017004821284,2024,20993701,2470645,31702460,18032081,2500235
FIN002568,3174017004821284,2025,17269406,2278368,25426737,13106115,2125735
FIN002569,3275014109011285,2024,21566233,974988,32213656,10431567,942268
FIN002570,3275014109011285,2025,32636160,1743479,44748600,22976349,1756039
FIN002571,3671015211921286,2024,9023511,1343265,15745680,9106863,1186069
FIN002572,3671015211921286,2025,11174596,1794978,20415802,4597117,1982948
FIN002573,3271016608751287,2024,9078504,828321,15929095,3474192,962459
FIN002574,3271016608751287,2025,12302248,1167658,15632530,7575701,1220985
FIN002575,3671012505671288,2024,20721432,2212864,29612739,17631573,1871959
FIN002576,3671012505671288,2025,14797210,1349591,21639485,8705344,1437013
FIN002577,3174016101971289,2024,34127651,5346584,63962554,38743081,4905046
FIN002578,3174016101971289,2025,50995501,9117591,66342589,44543099,9990780
FIN002579,3671014801691290,2024,20720958,1113248,34075050,10932757,1381684
FIN002580,3671014801691290,2025,25469941,1454329,49842671,26902075,1896659
FIN002581,3175011512651291,2024,6508544,1135270,12460164,3720090,1455097
FIN002582,3175011512651291,2025,7023600,1171914,11388355,6348393,1574131
FIN002583,3275011804831292,2024,19178045,1942807,22933878,8178978,2158649
FIN002584,3275011804831292,2025,21921925,2260759,39667128,20052440,2398536
FIN002585,3175015303901293,2024,22320807,1625542,42473098,21169300,1635542
FIN002586,3175015303901293,2025,29849776,2528100,44723879,17889012,2062177
FIN002587,3175011304831294,2024,39063206,7700011,47866931,13939224,7198873
FIN002588,3175011304831294,2025,46569119,10794646,71370549,39093115,11623578
FIN002589,3276016306841295,2024,43575216,3318487,74608151,30022448,2790844
FIN002590,3276016306841295,2025,47868538,3377427,68091783,37131456,4342395
FIN002591,3674012905691296,2024,30853300,1645114,51936583,24781774,1937171
FIN002592,3674012905691296,2025,44736895,2539692,86326373,21227630,2049662
FIN002593,3171015205911297,2024,4241424,81526,7095752,2988518,87467
FIN002594,3171015205911297,2025,5222638,99022,6765148,1402910,107627
FIN002595,3671010712911298,2024,5332369,506298,10087424,5635206,569140
FIN002596,3671010712911298,2025,4685548,466418,9222046,4392891,528549
FIN002597,3671011112011299,2024,98169502,5042376,109175443,73034515,4148380
FIN002598,3671011112011299,2025,93109098,5330983,183619846,85088539,5328056
FIN002599,3671012506031300,2024,27432440,2295224,41932840,23962482,2385284
FIN002600,3671012506031300,2025,28466100,2802856,45777119,9596646,2463920
FIN002601,3276010608931301,2024,9714675,578567,13234238,8083639,597851
FIN002602,3276010608931301,2025,11371270,697710,12706641,5038717,650345
FIN002603,3276012707971302,2024,70738794,6728312,83414948,19122716,5880652
FIN002604,3276012707971302,2025,88306620,8126998,151557495,39208057,7464355
FIN002605,3674016102671303,2024,12604950,2677787,24178615,5525906,2252040
FIN002606,3674016102671303,2025,19232611,4001483,33200319,10239184,3972417
FIN002607,3173013105751304,2024,46987272,6531494,85177200,26771962,6522799
FIN002608,3173013105751304,2025,64772746,7689733,128660243,77774490,9454318
FIN002609,3275015203741305,2024,28591575,3818453,41413218,24163872,4164954
FIN002610,3275015203741305,2025,26626178,3208939,52408415,14325051,4232049
FIN002611,3172011501951306,2024,24087206,230967,37404486,22786861,210136
FIN002612,3172011501951306,2025,27875619,300063,41849669,27933613,338529
FIN002613,3671011110781307,2024,19182795,1618606,34826719,22390293,1452999
FIN002614,3671011110781307,2025,23184112,2320142,42853569,18460155,2953586
FIN002615,3173015005771308,2024,30143893,5186158,44466493,26034573,6366580
FIN002616,3173015005771308,2025,42018253,6304641,60634715,38847287,5818198
FIN002617,3674010712941309,2024,29143259,4292784,37862094,20655776,5923897
FIN002618,3674010712941309,2025,30389094,5161199,60375504,32938671,4235729
FIN002619,3674011209721310,2024,5589930,774351,10316686,5829344,827826
FIN002620,3674011209721310,2025,8608631,1261909,11187994,7632712,1616815
FIN002621,3671011905891311,2024,23429685,3143255,45447602,24101090,3913101
FIN002622,3671011905891311,2025,26812234,3216802,37818560,13280094,3913200
FIN002623,3173015606861312,2024,16066615,1422612,29178593,17700358,1674026
FIN002624,3173015606861312,2025,21406490,1855434,29841656,11902964,2002513
FIN002625,3171014402731313,2024,11939906,330499,22577895,12768238,334659
FIN002626,3171014402731313,2025,16314635,378880,28412260,6498727,392001
FIN002627,3671011509691314,2024,14404461,2836797,23272202,7443468,3091907
FIN002628,3671011509691314,2025,17535061,3491291,22924494,15623279,3217986
FIN002629,3275014401901315,2024,18975261,1734307,30761147,15708898,1395494
FIN002630,3275014401901315,2025,21694571,1713092,28613278,15695606,1996177
FIN002631,3275012402921316,2024,14224373,3164438,27702323,14870141,3945983
FIN002632,3275012402921316,2025,19089719,4084993,34702694,23302602,4751101
FIN002633,3275015301941317,2024,27456331,3519596,54172247,25781279,4851407
FIN002634,3275015301941317,2025,27206822,4062510,51131515,18505561,3784880
FIN002635,3172010701831318,2024,22190820,4619202,34305840,8756128,5077804
FIN002636,3172010701831318,2025,18410270,3379900,20329648,6561286,2706637
FIN002637,3172014711671319,2024,6899401,756966,11884482,5781795,955997
FIN002638,3172014711671319,2025,8438046,958837,15900840,5737268,771987
FIN002639,3175016602881320,2024,16106420,1997513,25364659,10302276,1648906
FIN002640,3175016602881320,2025,20952121,2924149,40800579,16729825,2592730
FIN002641,3671015607811321,2024,34328889,1546550,47860610,10135921,2085037
FIN002642,3671015607811321,2025,38527473,1859347,74422320,40292153,1989210
FIN002643,3174015407721322,2024,26425762,2765000,32965236,14396937,3283579
FIN002644,3174015407721322,2025,21932097,2202369,42754226,22378547,2052499
FIN002645,3276015904711323,2024,15961846,1414283,26397449,6323213,1266718
FIN002646,3276015904711323,2025,16726862,1776909,27699897,7474586,2008011
FIN002647,3172014809901324,2024,16159484,1571137,19772361,9076205,2060295
FIN002648,3172014809901324,2025,14780515,1325631,22610247,5746689,1574591
FIN002649,3674012412721325,2024,16232434,1775291,27067823,7322432,1599707
FIN002650,3674012412721325,2025,15785113,1643208,27722669,14633875,2018568
FIN002651,3671014208691326,2024,22428527,3488048,29340590,8365468,4528125
FIN002652,3671014208691326,2025,36043451,5850018,71685000,26514872,4887168
FIN002653,3275015105921327,2024,5480724,580022,6616401,3324381,562278
FIN002654,3275015105921327,2025,3346986,388639,3727502,1428042,512714
FIN002655,3172016312011328,2024,14692719,2018907,25679110,16306532,1638799
FIN002656,3172016312011328,2025,19069104,2385292,37458827,10809900,2843832
FIN002657,3175010606741329,2024,24817942,1415787,48711678,33503064,1493318
FIN002658,3175010606741329,2025,31751405,1922045,47834953,20602846,2508845
FIN002659,3671010406811330,2024,42784365,4576280,84236092,45258383,4792765
FIN002660,3671010406811330,2025,56373526,6410526,73669768,50277979,5295462
FIN002661,3671016312021331,2024,17819185,2793210,30422549,10139808,3503167
FIN002662,3671016312021331,2025,14870966,2089695,19938235,7649149,2433911
FIN002663,3172016906881332,2024,25460326,2055133,33359158,21268307,2499954
FIN002664,3172016906881332,2025,21407833,1699749,41764475,16475009,1945672
FIN002665,3671011601831333,2024,10495597,676901,18984179,6669729,577649
FIN002666,3671011601831333,2025,11824667,901846,21546398,10537023,1216922
FIN002667,3271014807721334,2024,18197661,3279442,25409715,13165852,4545822
FIN002668,3271014807721334,2025,21020978,3854937,30208891,20124648,4992460
FIN002669,3671016212721335,2024,32809596,3801687,49423654,31926944,4858832
FIN002670,3671016212721335,2025,27866486,3103786,49748532,20190711,4334949
FIN002671,3271010309931336,2024,12815604,194221,20858337,6944530,261730
FIN002672,3271010309931336,2025,13645393,224764,26587215,14363979,204872
FIN002673,3175014104801337,2024,19267255,2055380,21457125,13288642,1863069
FIN002674,3175014104801337,2025,20701046,2194650,35994573,7220049,2731222
FIN002675,3671016304821338,2024,39548204,2122927,71164356,31482139,1909568
FIN002676,3671016304821338,2025,39660461,2034609,78846528,43931999,2457750
FIN002677,3174016710701339,2024,3569880,422554,6688094,3884279,461314
FIN002678,3174016710701339,2025,4086281,553065,7565002,4514649,488510
FIN002679,3171011707731340,2024,26328269,3171319,52016247,30585487,3535376
FIN002680,3171011707731340,2025,32005339,3714104,55640387,31404177,4637190
FIN002681,3174012204881341,2024,17547141,2407960,29268357,19538804,2539002
FIN002682,3174012204881341,2025,21229982,2297537,35674375,20951371,2791187
FIN002683,3173015502831342,2024,41370832,1063743,73202365,37340762,927566
FIN002684,3173015502831342,2025,32687389,709386,50423383,12981529,810676
FIN002685,3671015509861343,2024,27882807,3409210,31789178,16355350,4332259
FIN002686,3671015509861343,2025,28418034,3943582,43650740,11794955,3308225
FIN002687,3671016309971344,2024,39988398,4176937,50447624,27552855,4222740
FIN002688,3671016309971344,2025,43098279,4598361,53577576,11341455,3924847
FIN002689,3671012411731345,2024,20280431,2857717,24364648,10011100,3694559
FIN002690,3671012411731345,2025,24803850,3387613,32100389,19351840,3845960
FIN002691,3671012903981346,2024,20902407,3561036,36697521,23223050,3843566
FIN002692,3671012903981346,2025,25694877,3802348,41982922,10292880,3782250
FIN002693,3671015108751347,2024,5891843,406642,9813318,5229570,515599
FIN002694,3671015108751347,2025,7364021,491270,12202435,5064374,488190
FIN002695,3674016401981348,2024,8255762,86009,13236435,6825198,119406
FIN002696,3674016401981348,2025,5053865,55245,6887672,3214774,51799
FIN002697,3671014206921349,2024,59671717,5821002,97317624,23820461,5266110
FIN002698,3671014206921349,2025,68788650,7389322,104066216,42594958,9241027
FIN002699,3175016201761350,2024,49621542,5657910,54712695,18989485,5628942
FIN002700,3175016201761350,2025,46835351,5546377,63620260,30602547,4812677
FIN002701,3671011111701351,2024,23469758,3048542,28208344,13984684,4259477
FIN002702,3671011111701351,2025,19828177,2862443,35733277,20271418,3587595
FIN002703,3175012002991352,2024,22094587,1528298,25750137,16927595,1339725
FIN002704,3175012002991352,2025,24940061,1430632,30204879,12432867,1610756
FIN002705,3276015608751353,2024,21040259,2599055,40293613,26055935,2451032
FIN002706,3276015608751353,2025,22949416,2875226,45597279,16685121,2427270
FIN002707,3671012911691354,2024,8669945,1973349,14025196,6391958,2661866
FIN002708,3671012911691354,2025,9756611,1891521,15978419,9952204,2191426
FIN002709,3175014212731355,2024,26946576,2901894,48265941,10232748,3373013
FIN002710,3175014212731355,2025,20546036,2504121,39436050,18521938,3246343
FIN002711,3671014303691356,2024,19301067,3793186,23264216,4810098,3037727
FIN002712,3671014303691356,2025,19323909,3663775,31011578,21328128,4481300
FIN002713,3671012605831357,2024,22309358,5162472,27430482,18096707,5847661
FIN002714,3671012605831357,2025,22336738,5284803,32351881,8448556,6418699
FIN002715,3174014506701358,2024,17113492,2209988,28424262,11780887,2297113
FIN002716,3174014506701358,2025,19568408,3122809,34506415,15679258,3280514
FIN002717,3173012201821359,2024,12677869,957231,19583231,9872836,1192577
FIN002718,3173012201821359,2025,11113429,748729,15173424,5014490,833162
FIN002719,3276010407691360,2024,20451919,2352586,35147523,21460097,2038800
FIN002720,3276010407691360,2025,19535672,2087704,32103945,7206366,2871949
FIN002721,3674011210701361,2024,13363303,899391,15882382,10356063,1166253
FIN002722,3674011210701361,2025,16972345,1020563,28638108,9247404,1051803
FIN002723,3671010210701362,2024,24503764,813880,34706950,14624904,1077215
FIN002724,3671010210701362,2025,28161532,1003607,51421168,32101002,950673
FIN002725,3671015703891363,2024,29063885,1955197,36034650,21913667,2660580
FIN002726,3671015703891363,2025,39518775,2584965,59138838,26280776,2172170
FIN002727,3173011107701364,2024,19965963,477671,37724499,12037479,637250
FIN002728,3173011107701364,2025,26463845,586316,51064619,20714820,505625
FIN002729,3671010605841365,2024,21161425,206410,32337716,8076898,263079
FIN002730,3671010605841365,2025,19311483,185992,25492812,9155326,217076
FIN002731,3174015412741366,2024,29468155,3989694,43617911,27522293,5464203
FIN002732,3174015412741366,2025,29777230,4132712,48561441,28659881,4535583
FIN002733,3671015407811367,2024,21361705,1046609,27932756,15815661,1162806
FIN002734,3671015407811367,2025,22711103,1052426,42110213,22001879,1304892
FIN002735,3275012102711368,2024,23116363,2710197,41242681,18822989,2958565
FIN002736,3275012102711368,2025,25678810,3308889,33876584,17834068,4573457
FIN002737,3173010511891369,2024,17529146,890442,24381580,9422059,987841
FIN002738,3173010511891369,2025,14382139,644395,19180264,7243750,866564
FIN002739,3671011006011370,2024,55327216,4825801,94330840,54002632,4183098
FIN002740,3671011006011370,2025,70006446,6787386,77831622,51688995,7564931
FIN002741,3172012711661371,2024,20314601,2287061,32216906,18252464,2928221
FIN002742,3172012711661371,2025,22292669,2410164,30214715,19407572,2301849
FIN002743,3271012701871372,2024,27265376,3020888,40442032,18273219,3429245
FIN002744,3271012701871372,2025,40916854,3641395,58585182,24443679,2955334
FIN002745,3671011601851373,2024,28479662,3533384,54414081,33713278,3979383
FIN002746,3671011601851373,2025,31990091,3835721,35293935,18495277,4048674
FIN002747,3671012403921374,2024,22185280,3137327,41865560,12051667,2529552
FIN002748,3671012403921374,2025,30905339,4865204,36489911,24739745,4720645
FIN002749,3671014704021375,2024,12740049,1239184,14220503,8153825,1562162
FIN002750,3671014704021375,2025,12100214,1127996,23882642,14112176,985687
FIN002751,3275015511981376,2024,18209754,3296719,36259324,15926770,2965388
FIN002752,3275015511981376,2025,23985211,3950416,34483416,12352485,3232275
FIN002753,3671014804911377,2024,39394230,3689326,59416119,22539408,4767743
FIN002754,3671014804911377,2025,53974345,6027448,69380614,18073579,7857281
FIN002755,3175011003001378,2024,15012879,1440483,24703876,7506592,1184958
FIN002756,3175011003001378,2025,10672307,1163659,17475090,4992431,1385769
FIN002757,3671016908931379,2024,23306655,3177885,45626552,21032105,3010578
FIN002758,3671016908931379,2025,20954021,3156082,24099420,6146455,4195824
FIN002759,3671017107691380,2024,24373502,4260922,29449183,6540209,5622021
FIN002760,3671017107691380,2025,19166650,3333717,22982663,6897725,2872816
FIN002761,3171015004021381,2024,45967910,9180039,80024026,40233313,10395961
FIN002762,3171015004021381,2025,50551138,9528358,77153390,28274098,10507159
FIN002763,3174010112961382,2024,8453917,782332,12693232,7635290,742138
FIN002764,3174010112961382,2025,6089593,661384,10666316,3529974,534593
FIN002765,3174016912681383,2024,14904462,2961508,16766292,3882833,4103435
FIN002766,3174016912681383,2025,20274323,3967890,25644115,14364493,5274576
FIN002767,3671013007711384,2024,22213384,592976,40879221,9949991,606920
FIN002768,3671013007711384,2025,27078438,754428,45308509,13098912,818558
FIN002769,3271010201891385,2024,35307030,1710718,68203434,47049068,1540021
FIN002770,3271010201891385,2025,40452121,2394148,53625095,33057615,2054094
FIN002771,3671014910671386,2024,20743845,999478,38812854,11339069,1379551
FIN002772,3671014910671386,2025,31654241,1436632,53587328,34536846,1425394
FIN002773,3275010906781387,2024,22904462,2152127,32002546,16464944,2298745
FIN002774,3275010906781387,2025,25457013,1920537,48516562,22930381,2091631
FIN002775,3276011410851388,2024,30114726,4578608,57038728,21186492,5842859
FIN002776,3276011410851388,2025,31605155,4726191,39253285,8647333,5841739
FIN002777,3275011106001389,2024,31452925,3433290,55426063,32305162,4634693
FIN002778,3275011106001389,2025,31558250,3995484,37737277,23166258,3948883
FIN002779,3671011412791390,2024,8996429,1221821,14392942,7819168,1427263
FIN002780,3671011412791390,2025,11760799,1276467,17554312,9491479,1488567
FIN002781,3674016003821391,2024,20634802,3450875,28472552,18251672,3817785
FIN002782,3674016003821391,2025,22907776,4776907,25356469,13516783,4681163
FIN002783,3171012702901392,2024,10352748,1354037,15715947,9667652,1457444
FIN002784,3171012702901392,2025,9872318,1238218,16291462,8529250,1592309
FIN002785,3174015807871393,2024,25720679,2182951,40008327,10475197,2732444
FIN002786,3174015807871393,2025,40567369,3338069,47633454,20252999,3644827
FIN002787,3276011010981394,2024,35468426,5360178,40090993,23935785,7445056
FIN002788,3276011010981394,2025,49059857,9253504,76078087,35335717,12569456
FIN002789,3172015112981395,2024,6942130,731674,12530379,8370035,645843
FIN002790,3172015112981395,2025,8256197,806761,14921218,6228425,948857
FIN002791,3276016602761396,2024,66065783,11371990,83408134,51068710,14527347
FIN002792,3276016602761396,2025,72506210,13769873,105422895,51825402,12040268
FIN002793,3674012806711397,2024,13318797,1130558,25610454,13505142,1134125
FIN002794,3674012806711397,2025,10004144,663792,19463503,12849615,827032
FIN002795,3674016911021398,2024,16359336,1563041,30174014,19941024,1452619
FIN002796,3674016911021398,2025,18036757,1863037,27218122,7864268,2444321
FIN002797,3276010705691399,2024,97321781,13749160,133762790,34329897,15817365
FIN002798,3276010705691399,2025,126554649,17106313,162225044,52585625,15256117
FIN002799,3674016708921400,2024,7466930,1458082,11235154,3508258,1539199
FIN002800,3674016708921400,2025,8066318,1440504,8938312,2294149,1908465
FIN002801,3271016405911401,2024,7508863,972448,12539118,7144612,907909
FIN002802,3271016405911401,2025,6862766,881281,10737935,6400956,998162
FIN002803,3271012001761402,2024,14695690,1142096,26846700,9257596,1531242
FIN002804,3271012001761402,2025,15889231,1236550,20253961,9518753,1275912
FIN002805,3671011704741403,2024,29509562,2584163,52141896,17038981,3471747
FIN002806,3671011704741403,2025,34448397,2616059,52780497,26634662,2393060
FIN002807,3173015210861404,2024,31588794,4208927,45532516,23040809,5706170
FIN002808,3173015210861404,2025,45059033,7618623,56445477,28519300,6542955
FIN002809,3674011208951405,2024,31137548,3255277,58950434,13276738,2885245
FIN002810,3674011208951405,2025,24890397,2458368,35542139,24656413,2184203
FIN002811,3276016408651406,2024,42747898,3867491,72215522,26306372,3367293
FIN002812,3276016408651406,2025,55464562,5294287,73561748,45778818,7078488
FIN002813,3276015708731407,2024,39440739,5696899,50284378,29832390,7680647
FIN002814,3276015708731407,2025,42644794,6043340,76092626,45457636,7689803
FIN002815,3271010706671408,2024,16260938,1554140,23955513,6777165,2090976
FIN002816,3271010706671408,2025,23621185,2168397,31076243,9980069,2049684
FIN002817,3171016910711409,2024,34161815,2452430,52119889,14390226,2257603
FIN002818,3171016910711409,2025,43036023,2497492,60197642,33951153,3450108
FIN002819,3275016608691410,2024,41571281,2438689,74196358,48954155,2117760
FIN002820,3275016608691410,2025,43554492,3166990,58552204,18240869,2641209
FIN002821,3671015111691411,2024,64947118,4851106,118587108,31851305,4094542
FIN002822,3671015111691411,2025,64045291,4567045,72764117,34441906,3911177
FIN002823,3671010212841412,2024,13735231,1343231,25750429,17505175,1614927
FIN002824,3671010212841412,2025,16980122,1668910,26263315,15688237,2308100
FIN002825,3171012705671413,2024,11876904,927180,22555147,11931223,870975
FIN002826,3171012705671413,2025,10812173,695412,18040856,8148946,664201
FIN002827,3671014909851414,2024,4869325,376466,6501398,2681574,462337
FIN002828,3671014909851414,2025,5967649,417856,11727215,3105362,548482
FIN002829,3271013009001415,2024,38074440,4745805,57981906,35958820,6501265
FIN002830,3271013009001415,2025,34023993,3286370,52394451,28461256,4270002
FIN002831,3276017010731416,2024,13402540,600858,23854606,8165874,577600
FIN002832,3276017010731416,2025,15649918,843721,29074523,10806074,928651
FIN002833,3276012411751417,2024,37740919,3143021,45235978,30501527,3837155
FIN002834,3276012411751417,2025,48685177,3860982,70625207,17320269,4147289
FIN002835,3271011401971418,2024,44756542,5437364,75443432,44753568,6013089
FIN002836,3271011401971418,2025,53094502,5309867,100925839,40495048,7384957
FIN002837,3174014605821419,2024,55077858,2021609,91675512,38986006,1792157
FIN002838,3174014605821419,2025,51228670,1914463,97622945,40161351,1728519
FIN002839,3174012506031420,2024,17202135,1935188,25641213,11195875,1568559
FIN002840,3174012506031420,2025,23873413,2529024,37023317,12576699,2817317
FIN002841,3276010507771421,2024,21244465,3067136,30823493,16685579,3892477
FIN002842,3276010507771421,2025,23137539,3615595,32689239,9707867,3634029
FIN002843,3276015503851422,2024,38339692,3720241,69434560,37314561,3034194
FIN002844,3276015503851422,2025,42799545,3980297,67964489,34597230,5020459
FIN002845,3671016301011423,2024,5063955,584347,8234849,2499418,768112
FIN002846,3671016301011423,2025,6878123,864526,9761683,6218425,1195215
FIN002847,3175010209021424,2024,20861604,1844791,33883153,21759223,1860491
FIN002848,3175010209021424,2025,19707718,1623579,31916468,9387141,2265150
FIN002849,3171016204021425,2024,41599015,7281688,76215730,50291903,6474927
FIN002850,3171016204021425,2025,56896321,8193295,98951343,59753680,9869529
FIN002851,3671010805661426,2024,8916097,544759,10906906,2485870,519090
FIN002852,3671010805661426,2025,10489868,523237,12941197,3904190,585197
FIN002853,3174010209651427,2024,24164667,1633165,44091752,18168942,1744992
FIN002854,3174010209651427,2025,21757708,1140620,40471241,8174968,1011375
FIN002855,3174014405661428,2024,10093051,1232412,11135425,2775015,1551372
FIN002856,3174014405661428,2025,8561518,1028436,9567602,2898094,970204
FIN002857,3275014207971429,2024,23187980,1630441,28760055,13254666,1884108
FIN002858,3275014207971429,2025,31172691,2308015,56915173,16792981,3115163
FIN002859,3671017009731430,2024,20822299,1985804,26182975,6351084,1858018
FIN002860,3671017009731430,2025,23942204,2571389,40938517,13146190,3436010
FIN002861,3276012702651431,2024,25313943,689556,39254914,26133829,858770
FIN002862,3276012702651431,2025,24333403,748455,45940707,22288958,684957
FIN002863,3173010106841432,2024,14446897,1786910,26009522,11236057,1442889
FIN002864,3173010106841432,2025,16268651,2015214,24589651,9499233,2279302
FIN002865,3671014108961433,2024,23576290,1437370,43326328,13878255,1224741
FIN002866,3671014108961433,2025,20367805,1270845,34752147,20927553,1496723
FIN002867,3671016306811434,2024,28731299,3580493,50553053,19865821,3314742
FIN002868,3671016306811434,2025,29490800,3696096,52488862,32184154,3819596
FIN002869,3671015703001435,2024,17447413,1361627,27556263,10039855,1758348
FIN002870,3671015703001435,2025,22864284,2097350,45436109,16727254,2017958
FIN002871,3674010702731436,2024,30975738,2042517,37131850,22654787,2392651
FIN002872,3674010702731436,2025,31234643,2169181,49686448,17140801,2955565
FIN002873,3173012106961437,2024,30442826,3439967,50637485,28573568,3335907
FIN002874,3173012106961437,2025,27134311,2446999,50802544,17150725,3304716
FIN002875,3671013103711438,2024,25130353,4735597,36389886,12999712,5397807
FIN002876,3671013103711438,2025,19382008,3416423,38179938,8964932,3593070
FIN002877,3171016611861439,2024,45731749,4555903,79786185,27754381,4317906
FIN002878,3171016611861439,2025,50762349,4610790,101336451,44165779,3822009
FIN002879,3171012804711440,2024,15438723,1082133,27774162,5830049,1037841
FIN002880,3171012804711440,2025,19409401,1299018,28844551,6541369,1437899
FIN002881,3172015907801441,2024,11651439,1034390,22252418,8072470,1440016
FIN002882,3172015907801441,2025,11628539,902420,22862682,15853880,1169669
FIN002883,3275011111961442,2024,22935614,1472171,26828202,17353043,1930138
FIN002884,3275011111961442,2025,26719824,1812210,41759517,15123305,2000330
FIN002885,3171015002021443,2024,13955484,1082022,20285703,10784814,1150457
FIN002886,3171015002021443,2025,20068921,1345805,30824227,18089425,1839962
FIN002887,3173014205881444,2024,17342948,851616,19746016,7403722,983317
FIN002888,3173014205881444,2025,18277194,774370,28155061,18851329,630613
FIN002889,3275010708861445,2024,13881723,897004,15589549,6229054,854565
FIN002890,3275010708861445,2025,9094436,656438,14488298,9831275,838367
FIN002891,3275011308011446,2024,33902444,2579246,47150806,22514930,2830544
FIN002892,3275011308011446,2025,39540946,3607945,72321400,44455438,3012635
FIN002893,3171016012661447,2024,24536649,3282376,27961569,6824760,4138700
FIN002894,3171016012661447,2025,28022646,3309661,33962942,13165947,2775393
FIN002895,3671015408871448,2024,52663320,5079651,73211585,23203227,5167319
FIN002896,3671015408871448,2025,48877642,5284775,81479596,43999584,4631658
FIN002897,3671015906031449,2024,36035093,3516835,53200520,35665941,3533817
FIN002898,3671015906031449,2025,40149317,4605049,46795095,28356548,6175073
FIN002899,3671010904861450,2024,8998439,175432,10634092,6223078,206642
FIN002900,3671010904861450,2025,10775950,249390,16117775,5235103,263384
FIN002901,3671011312741451,2024,18077545,2548906,23875820,8077313,2882344
FIN002902,3671011312741451,2025,19158721,2880624,23358047,7684573,3033671
FIN002903,3275015303831452,2024,10871731,1143010,19435953,9694820,1227162
FIN002904,3275015303831452,2025,10991626,1208250,15740113,5839928,1257041
FIN002905,3671015807891453,2024,18713158,2970695,34717560,24175279,3275182
FIN002906,3671015807891453,2025,25042006,3939819,45707085,23977249,4601383
FIN002907,3674017105771454,2024,27881711,4374570,35861804,19512910,5896040
FIN002908,3674017105771454,2025,32976030,5076726,63084318,23327656,4191084
FIN002909,3671015609971455,2024,18783734,1738776,36721012,7708075,1637951
FIN002910,3671015609971455,2025,21002114,2195644,39767241,24553288,1877452
FIN002911,3671016406751456,2024,15466382,2233478,22964145,11891633,2361493
FIN002912,3671016406751456,2025,13734634,2129508,15420938,4561252,2767931
FIN002913,3671010508951457,2024,12360505,1127956,14118723,8793062,1254932
FIN002914,3671010508951457,2025,15305136,1581032,21322118,4785004,2091415
FIN002915,3671011508951458,2024,12747378,809375,19666041,4164098,903300
FIN002916,3671011508951458,2025,13181132,738621,18376566,12638225,715150
FIN002917,3275011707681459,2024,20319014,2945910,32098558,6899623,2946815
FIN002918,3275011707681459,2025,28316017,4322895,51435420,31242050,3555304
FIN002919,3275016608841460,2024,11699712,1080233,17012481,4391911,945265
FIN002920,3275016608841460,2025,12115360,897455,15296871,6860513,726081
FIN002921,3671015911931461,2024,35846068,2135681,71057026,36747311,2946087
FIN002922,3671015911931461,2025,49223304,2967071,81665803,47323322,2542315
FIN002923,3171015512951462,2024,9441078,1205621,16470317,6918066,1630840
FIN002924,3171015512951462,2025,8729382,1084103,10810493,3984596,1421426
FIN002925,3671015302931463,2024,15703577,2058855,29472215,14363027,2459027
FIN002926,3671015302931463,2025,20796800,3204295,33779808,9881625,3017276
FIN002927,3671012907711464,2024,15011600,2793152,19935847,8610518,2474852
FIN002928,3671012907711464,2025,11355985,1798086,22212362,12472853,1975806
FIN002929,3275012204681465,2024,29090594,3316370,37712119,8796904,2947170
FIN002930,3275012204681465,2025,49666101,5957648,63687500,22685294,5242715
FIN002931,3171015509941466,2024,23685215,1426760,45848377,16358872,1571384
FIN002932,3171015509941466,2025,20445055,1480484,33722724,14505167,1711880
FIN002933,3276016912791467,2024,14675584,3021466,21695620,7982760,4217633
FIN002934,3276016912791467,2025,22503792,4820299,28942085,10016445,6440947
FIN002935,3173016803731468,2024,14949957,2354356,21543141,6315320,2605569
FIN002936,3173016803731468,2025,12932191,2292230,20790488,10976774,2652641
FIN002937,3271012605031469,2024,31869794,1215844,62938744,37088218,1531424
FIN002938,3271012605031469,2025,33745223,1421312,39499881,13104485,1864392
FIN002939,3671016411871470,2024,9850911,1214226,19101690,6109277,1388419
FIN002940,3671016411871470,2025,14579203,1586811,22340946,15333868,1353357
FIN002941,3671011908771471,2024,89277815,9003920,177526818,103766111,11581281
FIN002942,3671011908771471,2025,102938791,11245400,160965740,67151210,10715606
FIN002943,3671012512781472,2024,25045481,2391089,34025084,12480904,2927913
FIN002944,3671012512781472,2025,26068467,2552017,47345434,28426235,2940491
FIN002945,3276012706681473,2024,2937209,211290,4757007,988904,194728
FIN002946,3276012706681473,2025,2802667,188949,5356393,3723440,236336
FIN002947,3171010601971474,2024,17972488,3410631,23535609,13393550,2850847
FIN002948,3171010601971474,2025,18277195,3311854,33780376,23306088,4033624
FIN002949,3172011209901475,2024,23890997,3549259,27333937,8474794,4632330
FIN002950,3172011209901475,2025,20346459,3131528,27777087,15148634,3083557
FIN002951,3271014709891476,2024,20556123,2747189,32199564,16419872,3526326
FIN002952,3271014709891476,2025,27653864,3638725,47150849,27716632,4668774
FIN002953,3174017008981477,2024,2535971,295106,4890694,1284295,407640
FIN002954,3174017008981477,2025,2790823,281783,3511635,903399,392829
FIN002955,3276011901011478,2024,11060356,1381999,21625695,14056361,1395805
FIN002956,3276011901011478,2025,8697386,999156,16091645,10575607,1301421
FIN002957,3172010408741479,2024,21652660,2798263,37874242,22780686,2622839
FIN002958,3172010408741479,2025,27810402,2846750,43353904,25265590,2491115
FIN002959,3674014407771480,2024,34437401,4824333,40988380,25574578,5627393
FIN002960,3674014407771480,2025,25170837,3604169,48883377,29547004,4029700
FIN002961,3671010201981481,2024,15627529,3007075,23354903,10247364,3743483
FIN002962,3671010201981481,2025,15906147,2598168,23833259,11591343,2996281
FIN002963,3173010505871482,2024,14017411,1671634,22364701,14032216,2099649
FIN002964,3173010505871482,2025,14177147,1428092,22688026,12375684,1639573
FIN002965,3271014410821483,2024,12621964,1720280,14179389,5928688,2400190
FIN002966,3271014410821483,2025,15005831,2025520,22586295,5624444,2056934
FIN002967,3172014602891484,2024,9623052,1418537,15841477,3220559,1608115
FIN002968,3172014602891484,2025,12378659,1778292,17120190,11365679,2486215
FIN002969,3275011008031485,2024,50728155,6877980,68178539,20514540,5800031
FIN002970,3275011008031485,2025,81932569,11034373,161824567,77269635,9661057
FIN002971,3276010810711486,2024,62451948,11544059,121732170,38013497,9911196
FIN002972,3276010810711486,2025,67456640,12392102,129566364,81484014,16563219
FIN002973,3674016808851487,2024,35407615,5268488,56571494,38730554,7174655
FIN002974,3674016808851487,2025,48486683,6832900,65735262,29878956,8525196
FIN002975,3271014812991488,2024,34198967,321337,50783207,34463907,298495
FIN002976,3271014812991488,2025,44300565,507959,57324306,20614852,432933
FIN002977,3671010306801489,2024,24728050,3289903,27676925,7870853,3390049
FIN002978,3671010306801489,2025,34568591,4519716,52235409,17892962,4602432
FIN002979,3175010408711490,2024,30132593,3775997,50870106,24300166,4183005
FIN002980,3175010408711490,2025,34340012,4579309,40092024,13802080,3949545
FIN002981,3172015902031491,2024,17778139,588074,29531422,10827823,582587
FIN002982,3172015902031491,2025,19087239,608370,23927820,8141987,615707
FIN002983,3671012410011492,2024,14130177,1268580,28132676,18471887,1413415
FIN002984,3671012410011492,2025,11995450,1295988,20471476,4863145,1439504
FIN002985,3671010409851493,2024,24177321,3707071,46107454,30131888,3176313
FIN002986,3671010409851493,2025,20989692,3004979,36332074,12138455,4194225
FIN002987,3671012406681494,2024,25706406,745625,34967589,17597532,918616
FIN002988,3671012406681494,2025,31808073,861448,46610546,31339879,1005642
FIN002989,3671015212951495,2024,29283045,1949977,36379035,8597694,1829312
FIN002990,3671015212951495,2025,29347218,1954248,44604034,30537326,2669427
FIN002991,3271012504901496,2024,23800066,4678409,29231301,10674255,5295942
FIN002992,3271012504901496,2025,30137267,5715182,50070295,30264218,5097057
FIN002993,3175016310771497,2024,28582056,2147034,33241863,9440348,2098697
FIN002994,3175016310771497,2025,27530209,2120408,40315039,13144897,2559453
FIN002995,3276017006791498,2024,6164514,718425,9023217,2518105,641142
FIN002996,3276017006791498,2025,6537748,684657,10719921,3061109,572207
FIN002997,3171010407811499,2024,26666248,5117046,44136968,26234098,4294553
FIN002998,3171010407811499,2025,30864884,5524170,60884420,13838641,5290373
FIN002999,3275010307781500,2024,19922882,2512849,34706326,20084904,2856390
FIN003000,3275010307781500,2025,19583545,2443631,34124325,9299895,2952665
FIN003001,3671014705661501,2024,22820906,2690750,25991182,15103453,2607234
FIN003002,3671014705661501,2025,28058153,3180467,55266402,38546366,3755001
FIN003003,3271014701721502,2024,13595752,1342968,20207094,11137002,1694264
FIN003004,3271014701721502,2025,11626256,1153549,18391284,9118445,1540965
FIN003005,3671014803671503,2024,21767609,1505621,36124402,18741470,1971526
FIN003006,3671014803671503,2025,25205281,1768119,48972852,13791618,1467397
FIN003007,3171015312841504,2024,20117680,991290,24914795,11811935,1254929
FIN003008,3171015312841504,2025,21921529,847359,24932847,11102486,770747
FIN003009,3174010207771505,2024,13934339,1761114,25779462,7206528,2220831
FIN003010,3174010207771505,2025,15430193,1812508,27560586,18172066,1814425
FIN003011,3275011908661506,2024,64916333,9473183,107197552,60096449,12389095
FIN003012,3275011908661506,2025,90954406,12454698,177188171,55788520,16747552
FIN003013,3174014102841507,2024,23822343,4014522,29274433,16200408,4672820
FIN003014,3174014102841507,2025,20033906,3823740,35715800,23122859,4984133
FIN003015,3174016011731508,2024,20851031,3694296,28708414,16184689,3087330
FIN003016,3174016011731508,2025,21862562,4872849,34209338,21685057,5827390
FIN003017,3671010403001509,2024,14553861,1183287,27855870,16355678,1205516
FIN003018,3671010403001509,2025,17651795,1700368,31791472,16786810,1805689
FIN003019,3173010603751510,2024,14193415,3025956,18494326,11887947,3495348
FIN003020,3173010603751510,2025,18918011,4060984,26723062,10581187,5532575
FIN003021,3173016402841511,2024,7997086,915717,10606444,6683582,821387
FIN003022,3173016402841511,2025,10571685,974118,17391721,10475363,1235212
FIN003023,3674010605001512,2024,12177527,1618867,19436536,5905806,2196827
FIN003024,3674010605001512,2025,18803210,2839157,30238939,9784448,2968017
FIN003025,3275016111801513,2024,12959949,1276811,24556569,9998984,1619960
FIN003026,3275016111801513,2025,16478374,1416589,25671849,5393456,1738435
FIN003027,3674016612731514,2024,12606404,1504422,19353251,11361388,1946968
FIN003028,3674016612731514,2025,12771879,1696229,16530161,6251217,1608673
FIN003029,3671012206931515,2024,45703324,7246966,83055665,33559182,7312053
FIN003030,3671012206931515,2025,63069029,8915732,99303007,32269501,12116319
FIN003031,3674012607671516,2024,13687238,1736130,21019405,14156452,1795454
FIN003032,3674012607671516,2025,13151924,1331825,23189369,9652509,1769829
FIN003033,3172012806671517,2024,5766831,546738,6902724,4325937,743069
FIN003034,3172012806671517,2025,5938504,682530,11819483,2631482,681783
FIN003035,3275012104941518,2024,8267783,814271,12421573,7634328,1065533
FIN003036,3275012104941518,2025,9813586,771659,14124567,4152822,927558
FIN003037,3671011404751519,2024,51042196,5738906,74917320,22989677,6413593
FIN003038,3671011404751519,2025,46333766,4425218,56179755,11887409,5515603
FIN003039,3275010811001520,2024,35855745,4564160,63341999,40129435,4537650
FIN003040,3275010811001520,2025,39440976,5291773,55349532,36207318,5560471
FIN003041,3671012010791521,2024,13857276,761153,16747228,6837929,863759
FIN003042,3671012010791521,2025,16115172,961374,23810997,13804337,911683
FIN003043,3276015409671522,2024,12599012,671194,22862924,7438520,792616
FIN003044,3276015409671522,2025,17896115,890615,21143566,8744283,878814
FIN003045,3275010602711523,2024,18793136,1195753,23547565,13632598,1607700
FIN003046,3275010602711523,2025,13236318,889324,24363189,10059401,949860
FIN003047,3671015903831524,2024,14500813,1753121,25666422,16534865,2078563
FIN003048,3671015903831524,2025,20103735,2367920,32188920,18874067,2896323
FIN003049,3671014112701525,2024,12085665,1578979,21611514,5905393,2161015
FIN003050,3671014112701525,2025,15397682,2145844,17256030,8425549,2119176
FIN003051,3671016104931526,2024,11084347,1172172,12288088,3573814,1443787
FIN003052,3671016104931526,2025,13516968,1434191,23598509,10917898,1994596
FIN003053,3671012402731527,2024,18032871,1698010,25723257,13652863,2037901
FIN003054,3671012402731527,2025,25339106,1815696,33935843,17921384,2446278
FIN003055,3674012003771528,2024,21003732,3495535,41040416,16491442,3110827
FIN003056,3674012003771528,2025,25238509,3911437,49344714,29061949,3636974
FIN003057,3674012609781529,2024,17190034,1294892,33508125,18435293,1321659
FIN003058,3674012609781529,2025,13783635,1184443,25547529,7048299,1364427
FIN003059,3276016004821530,2024,21729546,215278,33755581,15560446,181168
FIN003060,3276016004821530,2025,24850979,224480,39999585,26720420,280131
FIN003061,3173014812731531,2024,13167330,2523162,18695835,3877148,3436874
FIN003062,3173014812731531,2025,11373192,2053964,21050870,6406629,2438866
FIN003063,3671014103711532,2024,12942332,603452,15118167,9130898,699120
FIN003064,3671014103711532,2025,15565520,602691,22224902,4747047,574666
FIN003065,3171012409881533,2024,53596280,7958932,92650699,45875600,9137768
FIN003066,3171012409881533,2025,53737940,7956517,75338475,32026947,10977607
FIN003067,3671015006921534,2024,7491013,1634717,8944164,4436255,2128237
FIN003068,3671015006921534,2025,8754825,1879881,11024145,4675394,1817496
FIN003069,3271016803001535,2024,9413463,1627543,14510714,8579473,2254699
FIN003070,3271016803001535,2025,9354990,1459087,18541483,5988028,2002922
FIN003071,3276015610901536,2024,14464479,1772377,25126666,7432732,2046075
FIN003072,3276015610901536,2025,15325461,1986993,20883802,7314901,2205135
FIN003073,3172014606971537,2024,11525501,1486826,14558124,7238048,1750238
FIN003074,3172014606971537,2025,11610107,1517026,16665909,10559909,1855150
FIN003075,3671011610701538,2024,46785904,995231,51947464,32956699,1285175
FIN003076,3671011610701538,2025,62923729,1515557,115161893,67992883,1994707
FIN003077,3671015508811539,2024,19844367,1328407,37163173,8661666,1339316
FIN003078,3671015508811539,2025,26932924,1466352,32917957,13412302,1723546
FIN003079,3271015102821540,2024,41553096,2070432,60028759,26141855,2151642
FIN003080,3271015102821540,2025,35729598,2136365,48568754,27102400,2840643
FIN003081,3171010212971541,2024,7020380,432923,8033976,2372244,536576
FIN003082,3171010212971541,2025,9849222,704846,19409793,7006653,896536
FIN003083,3275016509901542,2024,32282804,1900847,59864570,32973502,1742296
FIN003084,3275016509901542,2025,37232573,2535804,68538802,25860731,3285434
FIN003085,3174017012741543,2024,68893504,7369118,95097951,45485530,7310832
FIN003086,3174017012741543,2025,98043424,10177827,190599782,41918343,10805826
FIN003087,3175011007851544,2024,15250684,2180785,17128171,11004836,2399142
FIN003088,3175011007851544,2025,8385164,1163464,12716051,5369406,1061102
FIN003089,3674016001001545,2024,3879608,324091,6932294,2839134,403734
FIN003090,3674016001001545,2025,4462872,377873,7713580,2657759,462166
FIN003091,3173012708841546,2024,19528035,1357372,32546981,12898337,1146390
FIN003092,3173012708841546,2025,20879846,1651392,23435692,14277933,2250861
FIN003093,3671010802671547,2024,12266275,1501554,23398323,15129101,1495055
FIN003094,3671010802671547,2025,11888965,1143370,20331908,8545265,1555401
FIN003095,3671014412731548,2024,45382579,12000835,70828639,46039636,9848569
FIN003096,3671014412731548,2025,59913454,13741344,110920790,33828102,14282481
FIN003097,3671010209741549,2024,39331912,3383088,58427612,24382157,4016851
FIN003098,3671010209741549,2025,37021602,3179345,68942143,39690079,3822174
FIN003099,3671016601951550,2024,61876901,7989360,115024574,64261023,9581217
FIN003100,3671016601951550,2025,46831695,6042378,92390404,22234352,7872928
FIN003101,3171016106771551,2024,14783818,3041883,18738128,4028852,3742514
FIN003102,3171016106771551,2025,12708804,2582641,18117764,6201160,3341490
FIN003103,3171016402771552,2024,12064190,1480372,22520996,15601870,1716479
FIN003104,3171016402771552,2025,14789656,1712586,25616259,12015394,2101735
FIN003105,3171011009941553,2024,25375044,6100176,40341121,14559321,6011127
FIN003106,3171011009941553,2025,22206879,5289534,37695439,15492876,5353662
FIN003107,3173016210931554,2024,33526815,6049363,54877629,27217729,5334328
FIN003108,3173016210931554,2025,27397089,4482928,37408878,15932991,5033968
FIN003109,3172014810841555,2024,45221633,5115189,89280988,61120215,7136149
FIN003110,3172014810841555,2025,49759761,7271297,61409404,32467685,7560798
FIN003111,3172012901001556,2024,15704699,2835468,30051822,13441379,3526911
FIN003112,3172012901001556,2025,15623594,3054693,26434146,9901142,2906445
FIN003113,3671010104851557,2024,17618341,2669616,26754125,9213846,3444340
FIN003114,3671010104851557,2025,19128122,2458844,23481150,14025047,1970637
FIN003115,3674012003011558,2024,7103381,314057,9449177,3748036,325944
FIN003116,3674012003011558,2025,8734435,500653,14918338,3259816,467014
FIN003117,3275011405911559,2024,48376911,8803775,79950397,38471717,11008973
FIN003118,3275011405911559,2025,62051534,10809793,80287951,35470006,11549827
FIN003119,3173012505821560,2024,16136643,2149396,30375765,6841000,2130834
FIN003120,3173012505821560,2025,18413734,2817684,33971914,9639494,3846312
FIN003121,3173016611721561,2024,18687521,2412646,33722939,8384692,2502808
FIN003122,3173016611721561,2025,18560585,2413585,33415264,12271445,3350544
FIN003123,3271011211841562,2024,20951036,3888606,35152566,18860459,4695528
FIN003124,3271011211841562,2025,24471468,4908687,35739007,21741023,4687621
FIN003125,3175011507921563,2024,14531012,1936585,28451499,7497313,2194374
FIN003126,3175011507921563,2025,22882363,3072990,43130196,12850843,3345933
FIN003127,3671016710821564,2024,34025048,2885017,44115516,17845476,2690803
FIN003128,3671016710821564,2025,40128554,4566505,52954600,20184041,4130143
FIN003129,3271012608001565,2024,18063984,1224896,35764536,24573314,1701391
FIN003130,3271012608001565,2025,22854226,1459527,43948158,18554704,1614733
FIN003131,3172014201711566,2024,12066677,1216981,22896332,14840904,1121078
FIN003132,3172014201711566,2025,11743141,1233753,21687563,6551466,1639034
FIN003133,3276012011661567,2024,26147903,1484288,50935866,34831856,1836180
FIN003134,3276012011661567,2025,31843636,1852079,61922866,21402934,1649441
FIN003135,3173016409721568,2024,24307738,2354964,31655095,9384930,2568983
FIN003136,3173016409721568,2025,28049329,3238597,40493889,10125921,4029208
FIN003137,3671011005691569,2024,15037741,1741998,18686653,7629160,1615460
FIN003138,3671011005691569,2025,24075083,2488264,36876893,10592827,3189525
FIN003139,3171012502031570,2024,27300651,2791590,34370027,17906292,2272210
FIN003140,3171012502031570,2025,35060738,3720724,69308131,37348678,5044916
FIN003141,3674015301891571,2024,13517366,918488,20891898,9301364,1103178
FIN003142,3674015301891571,2025,10535148,592500,19270267,7379276,502312
FIN003143,3276012207021572,2024,17698404,1155948,23326556,16280209,1297709
FIN003144,3276012207021572,2025,17692122,1318618,22104963,4907530,1300435
FIN003145,3671012210991573,2024,24078238,2851279,29116135,17688435,3648282
FIN003146,3671012210991573,2025,34218556,3465918,68075720,24097726,3429419
FIN003147,3671010601701574,2024,11306807,625231,18588844,4096356,616574
FIN003148,3671010601701574,2025,11797560,591564,13044318,7958988,739390
FIN003149,3175016604721575,2024,12445721,672645,19990765,10991135,645360
FIN003150,3175016604721575,2025,17143913,1035617,33709113,15065213,1081458
FIN003151,3276011001021576,2024,33174727,1600057,64680657,21368959,1502259
FIN003152,3276011001021576,2025,32718357,1780698,53830189,30555901,2311021
FIN003153,3174010311741577,2024,19416407,2802441,22341064,7530108,3922882
FIN003154,3174010311741577,2025,18472128,1998572,22639446,5442197,2515079
FIN003155,3671010409731578,2024,10940507,1730238,20258518,11880397,1886181
FIN003156,3671010409731578,2025,14001123,2196249,22931807,8788874,2859395
FIN003157,3172010311961579,2024,14151035,788340,15993819,7066220,656913
FIN003158,3172010311961579,2025,17241940,877592,26160925,15436936,1065225
FIN003159,3671011105721580,2024,16005663,2983975,27965447,16492634,3462623
FIN003160,3671011105721580,2025,18421524,3337739,26923859,6528794,3504463
FIN003161,3275010709871581,2024,25714815,2455832,37877157,14313524,3269285
FIN003162,3275010709871581,2025,23118986,2072873,36503826,13271491,2022080
FIN003163,3671010811991582,2024,16752838,3837576,21203117,12912799,4653630
FIN003164,3671010811991582,2025,18922527,5334530,29598998,20636242,5742600
FIN003165,3671010209801583,2024,8276790,862109,16191576,9688617,782696
FIN003166,3671010209801583,2025,9558790,1004005,10550858,5180484,1120307
FIN003167,3674014604691584,2024,24602291,1700119,41432577,26164664,2215233
FIN003168,3674014604691584,2025,25252209,1736445,28721525,9513586,1822128
FIN003169,3172015909701585,2024,41749874,3002420,55341856,37773912,4141165
FIN003170,3172015909701585,2025,60233118,3902463,104479428,32818447,4801822
FIN003171,3671014904891586,2024,13741372,1577389,16544761,7997940,1751652
FIN003172,3671014904891586,2025,17117514,2396292,25778588,10486079,2943562
FIN003173,3671014504991587,2024,11625925,1487136,15183290,6787130,1309137
FIN003174,3671014504991587,2025,13045672,1412617,21021639,7146438,1907425
FIN003175,3671016805801588,2024,26776723,3430728,34960632,23858427,4547375
FIN003176,3671016805801588,2025,27554156,3551856,34674562,20504477,3950299
FIN003177,3173011001771589,2024,48769079,4975955,71800937,27532982,6461939
FIN003178,3173011001771589,2025,62132397,6276341,91626869,21147634,7720620
FIN003179,3172016701001590,2024,19630330,1476482,38970095,15785707,1471011
FIN003180,3172016701001590,2025,19302955,1218111,34912029,11543443,1536408
FIN003181,3671014301011591,2024,34188964,2643666,58847716,22579781,2521097
FIN003182,3671014301011591,2025,38264163,3108688,52735146,24885111,2735646
FIN003183,3671013101821592,2024,15450470,1999933,22861054,5715372,2720240
FIN003184,3671013101821592,2025,11206255,1452430,14096851,8573877,1913090
FIN003185,3671011206651593,2024,10782014,368544,19515044,11989440,515623
FIN003186,3671011206651593,2025,11151265,386078,14509108,4904820,409894
FIN003187,3671016410651594,2024,39672287,6729445,45249377,18779803,6057952
FIN003188,3671016410651594,2025,41367536,7515488,74970052,20194711,7824456
FIN003189,3276010510921595,2024,21868668,2604301,35332371,17811069,2605866
FIN003190,3276010510921595,2025,23245907,2854186,32345431,14482857,3942958
FIN003191,3174015101651596,2024,14318452,1210496,15856347,6475240,1183606
FIN003192,3174015101651596,2025,12200710,1063637,15311377,5741046,1289105
FIN003193,3271011005691597,2024,12781346,667190,22430833,5551778,674756
FIN003194,3271011005691597,2025,14800295,851934,16930899,3761154,936395
FIN003195,3174016310881598,2024,12741826,1930061,14132494,8004018,1734065
FIN003196,3174016310881598,2025,13948111,2303096,19717826,4387103,2295589
FIN003197,3174015205751599,2024,40138722,6648298,79022039,24769873,5997160
FIN003198,3174015205751599,2025,50586899,8416802,99901521,23224787,10639403
FIN003199,3271016405721600,2024,33887664,2954240,59437636,13343767,2956477
FIN003200,3271016405721600,2025,39509597,3652090,44195734,12835509,3291552
FIN003201,3276014704731601,2024,10164509,854875,13921208,5730588,1043707
FIN003202,3276014704731601,2025,11269914,796573,21550455,10657090,908365
FIN003203,3674015410781602,2024,12658372,1607967,20442034,4635427,2106785
FIN003204,3674015410781602,2025,11700278,1461250,15912381,5458259,1611510
FIN003205,3171016112881603,2024,18830644,3131989,29047350,7421511,3824611
FIN003206,3171016112881603,2025,23636676,4582487,27423628,17584297,4695728
FIN003207,3671012402651604,2024,21783066,2726973,31161940,9972777,2761613
FIN003208,3671012402651604,2025,26733940,3638848,50196379,23772588,4432160
FIN003209,3671013005931605,2024,46413699,8040138,81549628,42295502,7819680
FIN003210,3671013005931605,2025,55963700,8793799,89682112,57130919,9422782
FIN003211,3171016103911606,2024,19932926,2449895,33471080,16165455,3397891
FIN003212,3171016103911606,2025,13660554,1967395,21603524,7369631,1691486
FIN003213,3173016712671607,2024,34002700,3499237,45441986,14832063,4889957
FIN003214,3173016712671607,2025,42217169,4523779,56173821,23407611,5152499
FIN003215,3271016602861608,2024,36144682,392127,61051213,34677367,347737
FIN003216,3271016602861608,2025,37928008,418508,69787660,40787833,540198
FIN003217,3175015701911609,2024,15071008,573776,23292230,8310149,524464
FIN003218,3175015701911609,2025,15792759,480420,25725280,6973531,631758
FIN003219,3275012112741610,2024,5512994,622101,8957048,4361538,547457
FIN003220,3275012112741610,2025,6140676,817789,8501499,5294274,942707
FIN003221,3671012802841611,2024,26821588,4000506,40167949,9718398,4215152
FIN003222,3671012802841611,2025,29645926,5321324,54741677,37654229,6650806
FIN003223,3276010706651612,2024,19506693,1497785,33068613,12933913,1570312
FIN003224,3276010706651612,2025,18946513,1783626,33232158,10123741,1610009
FIN003225,3271016404021613,2024,33304865,4471507,41341623,9516141,5259688
FIN003226,3271016404021613,2025,36299221,4051404,47638659,14440002,4279345
FIN003227,3276015402781614,2024,22717368,3068822,45074357,26229296,4151436
FIN003228,3276015402781614,2025,29071250,3775496,55803459,14067360,5198651
FIN003229,3276014206741615,2024,24949595,6545778,39561021,21535990,7335416
FIN003230,3276014206741615,2025,20451852,4318532,34044763,16259801,4972818
FIN003231,3174011611881616,2024,30410814,3606307,42553848,17976491,3149989
FIN003232,3174011611881616,2025,34034141,3573710,49560536,31794090,2934961
FIN003233,3172010109911617,2024,20991087,3054486,27038874,17229520,4146974
FIN003234,3172010109911617,2025,25973193,4587743,29535117,15536493,4912016
FIN003235,3671015110921618,2024,20715439,3016595,29040160,10501347,2736222
FIN003236,3671015110921618,2025,21423902,2360628,29596454,8114224,2933986
FIN003237,3172012204671619,2024,29626403,3664362,43464933,27679847,5014852
FIN003238,3172012204671619,2025,36305240,3685135,40267577,22943845,4228347
FIN003239,3671010509931620,2024,17382694,578760,32748312,10513265,496728
FIN003240,3671010509931620,2025,15137308,624807,23259489,13524193,837945
FIN003241,3674015202991621,2024,14200373,1884511,24271587,13735560,2334704
FIN003242,3674015202991621,2025,15489621,1610114,17695363,9718287,1324238
FIN003243,3671012509981622,2024,18133207,2773980,30706115,15449890,2845509
FIN003244,3671012509981622,2025,21645934,4102666,29744706,11569347,4996940
FIN003245,3671017110011623,2024,11991321,1766860,20320827,11271147,2072088
FIN003246,3671017110011623,2025,15656074,2236017,22170257,10494358,2688577
FIN003247,3671016212831624,2024,16973451,1938582,28811082,6837889,2260662
FIN003248,3671016212831624,2025,24233052,2594075,32833998,11849261,3001942
FIN003249,3671016411651625,2024,30149650,2409837,37201323,21519872,2313128
FIN003250,3671016411651625,2025,36130693,2684034,42872933,11028972,2545192
FIN003251,3671014609801626,2024,24790222,3414137,46918578,19760111,3773635
FIN003252,3671014609801626,2025,24321274,3049901,28550667,16282394,3050138
FIN003253,3671010112661627,2024,17222079,3684018,20044176,7364428,3540855
FIN003254,3671010112661627,2025,15380535,3271669,22032361,11323024,3577985
FIN003255,3671016403741628,2024,7450103,1100906,8595676,2464678,994735
FIN003256,3671016403741628,2025,5451989,988027,10596719,3474671,853048
FIN003257,3175014911751629,2024,33755607,3763357,51066605,14880950,3123076
FIN003258,3175014911751629,2025,33376625,3810759,60707304,34886888,5107093
FIN003259,3174015003941630,2024,38118227,5182626,56706979,21217140,6411684
FIN003260,3174015003941630,2025,38187823,5106133,74416960,50498165,4355566
FIN003261,3173014701781631,2024,34100673,5044370,44679977,9073751,6046592
FIN003262,3173014701781631,2025,37168159,5352387,62618616,17421862,6220762
FIN003263,3671014805991632,2024,11202619,2486462,16237841,6115716,2796283
FIN003264,3671014805991632,2025,7704155,1789190,10861561,4590802,1717254
FIN003265,3275016508011633,2024,10359142,666766,13318502,7840620,569245
FIN003266,3275016508011633,2025,14552914,933124,22653812,5525547,752689
FIN003267,3674016502021634,2024,25797926,4121338,29504625,9137151,5537872
FIN003268,3674016502021634,2025,33639062,6592446,61374477,35581182,9162281
FIN003269,3175012805711635,2024,19745026,1935911,37870493,22231869,2190038
FIN003270,3175012805711635,2025,20412819,2257648,31061058,15786284,2544831
FIN003271,3671016207911636,2024,6836476,738267,11476107,4541023,774142
FIN003272,3671016207911636,2025,10406412,915645,15329590,9088855,769034
FIN003273,3671016207901637,2024,24388131,4683080,37555753,21811936,6208012
FIN003274,3671016207901637,2025,25700929,5956097,47955954,11209301,5991917
FIN003275,3175011202891638,2024,30780062,5625908,55862189,34450739,7172160
FIN003276,3175011202891638,2025,31375498,5591365,40951684,15535895,6826107
FIN003277,3271011810991639,2024,14498577,1642808,17134295,6041944,1774658
FIN003278,3271011810991639,2025,15781903,1569298,30766997,12231705,1480439
FIN003279,3671016012871640,2024,11605099,646513,23149068,11012211,696511
FIN003280,3671016012871640,2025,8063403,445380,15980208,8188258,389155
FIN003281,3671016202921641,2024,21983411,1694129,43190462,10168112,2132327
FIN003282,3671016202921641,2025,28144204,2328330,33013190,13763979,1863040
FIN003283,3276015010661642,2024,13926733,2418676,25712993,11819238,2798841
FIN003284,3276015010661642,2025,16085299,3102304,28125365,14892932,3792520
FIN003285,3175014101991643,2024,14211403,554176,18885389,10578363,678895
FIN003286,3175014101991643,2025,14947376,755989,25525706,10717309,722952
FIN003287,3172010811931644,2024,27953621,5619220,52174392,19606291,5654591
FIN003288,3172010811931644,2025,28503029,5883776,41544125,22990629,6040815
FIN003289,3671010704661645,2024,12454294,969982,21205182,6285984,940632
FIN003290,3671010704661645,2025,15309087,1279082,29864304,10038635,1136528
FIN003291,3276016804731646,2024,42110662,8351569,69043913,28139336,7574872
FIN003292,3276016804731646,2025,42423306,6870963,79385564,18137473,6143367
FIN003293,3674010308881647,2024,24037916,3688767,45593461,10979799,3001680
FIN003294,3674010308881647,2025,25035248,4530404,29938877,18948344,5313098
FIN003295,3174015810711648,2024,20068833,1121764,34479163,22705005,1406763
FIN003296,3174015810711648,2025,17601722,1165251,21242416,13038906,1607149
FIN003297,3671015306651649,2024,14391930,1610941,16550543,4763808,2053146
FIN003298,3671015306651649,2025,11577965,1172846,20287489,11657061,1224909
FIN003299,3671010203661650,2024,15467131,1805655,22315073,12086846,1886723
FIN003300,3671010203661650,2025,14895202,1690949,27551895,17694557,1369888
FIN003301,3172012106011651,2024,33199251,2411340,51368607,11740678,3052387
FIN003302,3172012106011651,2025,50189529,4527567,60508077,25868954,5238343
FIN003303,3174016901011652,2024,21834761,2182603,39658009,18675626,1984760
FIN003304,3174016901011652,2025,24376272,2273038,35404070,14323009,2266676
FIN003305,3271012909781653,2024,25738491,3165722,47369542,13261114,3358014
FIN003306,3271012909781653,2025,25453600,3424015,46818037,24570346,2981025
FIN003307,3671015009651654,2024,58602893,6743415,68944863,35912942,8443082
FIN003308,3671015009651654,2025,47390036,6725376,77524012,29235703,7278528
FIN003309,3674014102731655,2024,45581132,6231346,80931989,49360644,6706343
FIN003310,3674014102731655,2025,59160243,6990281,108536274,46897440,8138824
FIN003311,3173014705831656,2024,21095809,977477,35837759,12704918,892818
FIN003312,3173014705831656,2025,15414390,604190,18534274,11284591,587085
FIN003313,3271014901701657,2024,9773080,1092461,11479500,2749202,1117586
FIN003314,3271014901701657,2025,12874434,1558313,21662068,10479324,2086228
FIN003315,3671012412981658,2024,14294592,1362900,26795318,11075353,1484308
FIN003316,3671012412981658,2025,16849201,1555853,19996957,5449229,1727802
FIN003317,3275010806651659,2024,5450190,534538,8773367,3019238,745627
FIN003318,3275010806651659,2025,8518916,899017,15663955,5056282,821423
FIN003319,3271011910921660,2024,16299848,966607,29137024,12170940,882371
FIN003320,3271011910921660,2025,16058848,745373,26604494,14722291,867378
FIN003321,3671016405021661,2024,26257502,2025667,34250376,19006383,2024716
FIN003322,3671016405021661,2025,29414983,2388243,36902173,24572860,3044160
FIN003323,3174015901751662,2024,8207287,384100,13457887,9154914,325540
FIN003324,3174015901751662,2025,8555676,421371,15227572,6535031,422792
FIN003325,3671011510951663,2024,7645448,1198138,13230461,3643422,1245216
FIN003326,3671011510951663,2025,9752473,1604321,13073848,5370746,2014858
FIN003327,3671012702761664,2024,13953729,615985,20501021,7948118,734996
FIN003328,3671012702761664,2025,15635914,802952,24231975,6864742,1060840
FIN003329,3173012310001665,2024,23964371,514342,40955064,17815065,548336
FIN003330,3173012310001665,2025,20702786,343356,37319108,9024572,316036
FIN003331,3671011303981666,2024,22746218,2993952,39043999,25173056,2560300
FIN003332,3671011303981666,2025,29598595,3207045,33986066,13898684,4386713
FIN003333,3174015104671667,2024,24047971,3742182,39121639,22415189,3201305
FIN003334,3174015104671667,2025,28990420,5480487,50866216,23736181,4589606
FIN003335,3172012710681668,2024,15977851,3456653,18098644,8820912,3692439
FIN003336,3172012710681668,2025,16300740,3223384,25523941,6683046,4387900
FIN003337,3175014802011669,2024,14666139,1594818,18057346,12401171,2065068
FIN003338,3175014802011669,2025,17146696,1918247,23150011,15167192,1897427
FIN003339,3271011709771670,2024,7505760,273952,8674171,3798433,364097
FIN003340,3271011709771670,2025,6750884,322891,12139077,4882469,318466
FIN003341,3671014405011671,2024,22295030,210658,36201202,18244171,279146
FIN003342,3671014405011671,2025,18383457,198251,25679856,10009197,187089
FIN003343,3275015209711672,2024,8005299,790939,12682078,7242461,821496
FIN003344,3275015209711672,2025,8834901,740623,10713927,3749078,1005176
FIN003345,3276011906831673,2024,8294572,552848,9816997,4524691,708048
FIN003346,3276011906831673,2025,9210303,618319,13416752,7654532,852925
FIN003347,3671013009891674,2024,55105182,7496509,99806030,66904899,9197296
FIN003348,3671013009891674,2025,74727182,8914737,87709393,53155687,8513751
FIN003349,3674015802701675,2024,17174418,1810721,27973759,6769764,2460089
FIN003350,3674015802701675,2025,20232768,1740142,26143750,14431754,2000882
FIN003351,3171015103901676,2024,25706030,3109295,51296369,18280586,2789523
FIN003352,3171015103901676,2025,27301446,4385003,43862621,12037177,5707051
FIN003353,3671013001681677,2024,8254976,1233429,14093986,9761171,1282140
FIN003354,3671013001681677,2025,7114044,1240705,11846147,4060764,1527445
FIN003355,3175017112781678,2024,15461243,2214287,29131718,6493090,2710326
FIN003356,3175017112781678,2025,15728826,2198734,26133311,9086006,1819184
FIN003357,3172015412681679,2024,16722856,2617525,18788236,12397550,3225341
FIN003358,3172015412681679,2025,17076619,2527374,25900345,17264951,2855945
FIN003359,3674012309681680,2024,17837052,2031233,23615806,16517828,1967183
FIN003360,3674012309681680,2025,25499920,2980141,39289316,10251248,4098848
FIN003361,3674014403651681,2024,41297722,2961248,47616796,32178584,3403211
FIN003362,3674014403651681,2025,35649154,2932681,54256833,17177933,4097682
FIN003363,3671016811871682,2024,48028647,6931950,67664545,45122940,9533645
FIN003364,3671016811871682,2025,55187915,8146132,90860338,54755605,9950540
FIN003365,3173011911691683,2024,23504389,376390,27029764,7456848,314159
FIN003366,3173011911691683,2025,30929381,573994,45256471,9645862,466735
FIN003367,3275015310781684,2024,41043880,6123499,69897275,18378372,6715705
FIN003368,3275015310781684,2025,68125262,10594164,77332763,23677946,11425673
FIN003369,3671014405721685,2024,11760504,1646231,18464032,7472718,1344115
FIN003370,3671014405721685,2025,15291519,2224722,22011842,11246915,2936319
FIN003371,3174017001951686,2024,25321246,4449199,48070941,24972906,4600048
FIN003372,3174017001951686,2025,22526376,4140562,37842039,16693550,5462347
FIN003373,3276010510781687,2024,21078562,2758056,29010370,13601200,3278549
FIN003374,3276010510781687,2025,29347740,3555133,46580946,11067499,4964602
FIN003375,3674016508761688,2024,12007904,1008140,16639555,6585302,1146981
FIN003376,3674016508761688,2025,10468735,825444,17795097,7400389,702030
FIN003377,3671014909681689,2024,19089829,1938080,36007343,15523046,2286697
FIN003378,3671014909681689,2025,25227623,2336966,33156962,15627681,2729372
FIN003379,3276010507691690,2024,29946576,4879925,39413570,20090356,5201396
FIN003380,3276010507691690,2025,40691804,5159660,61371480,36537252,4372671
FIN003381,3671014608681691,2024,8228620,1353603,11302495,2769962,1317354
FIN003382,3671014608681691,2025,12056866,1879335,20221133,7970684,1957555
FIN003383,3275011506911692,2024,26744765,1005042,47089938,32561786,1247044
FIN003384,3275011506911692,2025,25082235,884054,41873230,23090868,1120050
FIN003385,3671015805971693,2024,20393260,1422393,22460435,15005893,1656764
FIN003386,3671015805971693,2025,29378941,2457139,42276053,25334484,2290318
FIN003387,3171011708841694,2024,16001832,3009458,27775274,9933906,4094531
FIN003388,3171011708841694,2025,15449337,2741367,20577928,11048220,3428131
FIN003389,3173014503711695,2024,12680955,1876688,17689700,10314439,2038762
FIN003390,3173014503711695,2025,21997991,3192989,41902598,23691892,3632489
FIN003391,3671015512991696,2024,12608853,2252337,22321037,12447602,1805640
FIN003392,3671015512991696,2025,18113083,2858145,20337006,5784914,2410470
FIN003393,3271012707021697,2024,21944264,3282078,24760761,10754954,3956157
FIN003394,3271012707021697,2025,18528049,2442127,26532286,15956541,2022620
FIN003395,3671010903001698,2024,22833517,2960120,27594725,17175853,2505343
FIN003396,3671010903001698,2025,31897464,4279410,41296663,10638790,3613417
FIN003397,3171012409821699,2024,9245281,1821950,18315387,5589143,1687735
FIN003398,3171012409821699,2025,7931474,1654298,10967322,3134474,2110003
FIN003399,3674016211941700,2024,22220207,1406446,43228841,15024210,1757825
FIN003400,3674016211941700,2025,28167269,2155129,34092925,7978285,2497817
FIN003401,3671010501691701,2024,48001320,7439503,56007700,33184779,7181317
FIN003402,3671010501691701,2025,67642197,10575533,78010983,45507396,11904452
FIN003403,3171017004811702,2024,18921160,4133716,36940234,21101854,5152678
FIN003404,3171017004811702,2025,21013679,3852661,29818852,7828076,4312890
FIN003405,3271010108871703,2024,6747701,186486,9823791,5951404,172735
FIN003406,3271010108871703,2025,6927839,222086,9562145,6077031,297047
FIN003407,3171011207691704,2024,35525420,4800423,43699315,29631775,4387894
FIN003408,3171011207691704,2025,44295072,5563372,64011852,23945097,7066433
FIN003409,3671011006751705,2024,24081295,3172570,30292907,7743242,3980557
FIN003410,3671011006751705,2025,18199881,2402842,28752070,16773679,2088823
FIN003411,3173014609871706,2024,16450973,2277896,29845425,11167321,2574816
FIN003412,3173014609871706,2025,17853874,2362052,26316567,9972428,3097309
FIN003413,3173010702871707,2024,28178101,3757335,54514482,27403875,4208630
FIN003414,3173010702871707,2025,28198577,3769177,43927693,10232223,3339522
FIN003415,3173016504031708,2024,11118312,1160201,16236941,9519370,1411053
FIN003416,3173016504031708,2025,12904234,1426543,21229091,5625342,1475539
FIN003417,3671015408991709,2024,7771857,551983,8869844,3746181,528540
FIN003418,3671015408991709,2025,8698489,645711,11302818,5067286,800640
FIN003419,3174010402021710,2024,11783163,1937769,14917769,4567136,2365152
FIN003420,3174010402021710,2025,12817548,1763181,19304152,6969239,1656655
FIN003421,3171016005691711,2024,24371650,3175866,34342693,13964054,3666060
FIN003422,3171016005691711,2025,22052450,2697529,35070660,19119636,3466690
FIN003423,3671012708961712,2024,16664016,2639995,33291721,6889442,2214479
FIN003424,3671012708961712,2025,12626776,2225178,21956212,12392488,2719141
FIN003425,3674015408711713,2024,29791139,920242,52405472,19194813,737825
FIN003426,3674015408711713,2025,38165583,1044246,60349878,27945319,1073402
FIN003427,3674016508951714,2024,88259335,11638489,112460045,27810542,11184209
FIN003428,3674016508951714,2025,98119046,13659844,137439971,84949859,17201668
FIN003429,3175017101921715,2024,3359312,365504,5935068,1526531,361095
FIN003430,3175017101921715,2025,3623694,355945,4841053,1941528,345074
FIN003431,3671011207911716,2024,25994935,4408685,34947975,20995445,5235581
FIN003432,3671011207911716,2025,21876865,4147465,31819450,19719674,4354111
FIN003433,3671015104861717,2024,20298716,1413316,37162813,14050486,1774458
FIN003434,3671015104861717,2025,17383178,1183723,23392520,8701746,1618949
FIN003435,3276014208951718,2024,18427911,1436697,34792397,18650824,1249925
FIN003436,3276014208951718,2025,18773721,1810821,31285877,21684466,2004308
FIN003437,3275016704911719,2024,7324379,989438,12831868,7535138,1327800
FIN003438,3275016704911719,2025,8362112,1148924,9919615,2091659,1120348
FIN003439,3171010509671720,2024,12192596,1425199,16041243,8925620,1773672
FIN003440,3171010509671720,2025,13791309,1455877,23959816,6232346,1253523
FIN003441,3173015310691721,2024,29823588,2581373,55888108,26260381,3444342
FIN003442,3173015310691721,2025,24409851,2437776,33800191,13533638,2306891
FIN003443,3174016410811722,2024,10033993,1341591,16741284,4375577,1249702
FIN003444,3174016410811722,2025,10544618,1471975,13332072,4381751,1795746
FIN003445,3671010507901723,2024,33069203,6721162,42255585,28379697,8611988
FIN003446,3671010507901723,2025,27943495,5333768,44815281,27535329,5816429
FIN003447,3173014311851724,2024,19388326,1549523,31485210,9821937,1348120
FIN003448,3173014311851724,2025,30546380,3048839,44097828,19906075,2975893
FIN003449,3171011504731725,2024,19101689,3254345,35459671,24508543,3719642
FIN003450,3171011504731725,2025,19594132,2563893,36779286,24863436,2765168
FIN003451,3674014806841726,2024,31935172,4458574,62412019,29403456,5204780
FIN003452,3674014806841726,2025,45824880,7627978,63478551,41279520,6119819
FIN003453,3271015711691727,2024,12695976,1112214,23893162,14283405,1461670
FIN003454,3271015711691727,2025,17551018,1861049,32334809,15867073,2496002
FIN003455,3173012012741728,2024,8927949,793617,10793644,2193002,826621
FIN003456,3173012012741728,2025,9778665,1015192,16432045,8635421,1353122
FIN003457,3671015912011729,2024,20935649,2608097,24242640,7965120,2458445
FIN003458,3671015912011729,2025,24454673,3242533,34497872,15535503,4122672
FIN003459,3671015901661730,2024,13878866,2062599,16464216,7362122,2499623
FIN003460,3671015901661730,2025,15720211,2083746,18866383,11917292,1810621
FIN003461,3275015108721731,2024,17177420,1952020,29539977,13645878,2669715
FIN003462,3275015108721731,2025,20710989,2916845,37129457,10856890,2707634
FIN003463,3271010507011732,2024,5803725,509689,7301215,3133163,705889
FIN003464,3271010507011732,2025,7368303,662763,14300825,8643688,818536
FIN003465,3171011010721733,2024,27067361,4753741,41719308,28189534,6109354
FIN003466,3171011010721733,2025,35166674,7581377,69303091,34206809,6957471
FIN003467,3172016009971734,2024,26116320,1907594,44789956,27245380,2388805
FIN003468,3172016009971734,2025,27916480,2131634,50906118,31268830,1828765
FIN003469,3171011104721735,2024,64679645,10169154,78256402,36406215,11658565
FIN003470,3171011104721735,2025,71407357,12644225,105667854,68315992,12542845
FIN003471,3671017006701736,2024,17332174,1616112,31140810,8648751,1480712
FIN003472,3671017006701736,2025,26143498,1901976,43380718,18227106,2521072
FIN003473,3671015407671737,2024,18356393,1142645,25905470,5510016,958443
FIN003474,3671015407671737,2025,17130699,1259079,28498793,7115546,1333876
FIN003475,3276015112671738,2024,14800584,2045334,27583149,8650718,2273017
FIN003476,3276015112671738,2025,14132452,1714705,19796594,11478420,2049024
FIN003477,3671015002731739,2024,13677606,1308223,22249994,5184981,1350498
FIN003478,3671015002731739,2025,18441815,1997024,30968605,12924705,1969365
FIN003479,3674015604791740,2024,9841105,650523,13006041,7886353,624089
FIN003480,3674015604791740,2025,12907119,757926,20564701,6982254,608562
FIN003481,3275011402851741,2024,35463916,1544801,53593738,15347469,1658766
FIN003482,3275011402851741,2025,39746865,1860313,58416707,37104282,2018931
FIN003483,3275016807731742,2024,13332386,2073743,22327061,15098544,2814373
FIN003484,3275016807731742,2025,16959165,2301739,29257869,15576744,2117961
FIN003485,3171014307691743,2024,11581362,1927133,21158696,13890947,2136430
FIN003486,3171014307691743,2025,10406745,1769332,17960011,7765849,1621261
FIN003487,3671011710811744,2024,15345987,1344117,20796315,12072607,1484810
FIN003488,3671011710811744,2025,12941316,1317290,24454772,12370076,1375676
FIN003489,3671012807781745,2024,22437348,2018032,28957045,15902589,2325044
FIN003490,3671012807781745,2025,30117516,2701015,50452779,19560615,2471930
FIN003491,3671012211801746,2024,29445162,5768870,45136547,20086082,6961244
FIN003492,3671012211801746,2025,30273669,5431219,38219504,12847683,5099425
FIN003493,3671016207931747,2024,19521564,1997113,23286076,14163076,2701493
FIN003494,3671016207931747,2025,30551644,2987258,53843122,37361601,3067652
FIN003495,3174014703981748,2024,28803577,2875282,46836075,13252710,2432504
FIN003496,3174014703981748,2025,32470444,3534451,51544921,18635656,4464179
FIN003497,3172017007821749,2024,17870925,2500762,35426721,21495905,2403057
FIN003498,3172017007821749,2025,22672252,2706765,27729655,15428025,2440291
FIN003499,3671015507721750,2024,13692622,132100,16906643,5831274,155834
FIN003500,3671015507721750,2025,18525561,197861,30625949,20913725,231137
FIN003501,3171010904771751,2024,19187580,1762297,34665679,23121405,1834032
FIN003502,3171010904771751,2025,15555410,1237581,24222161,16879010,1659941
FIN003503,3275015101711752,2024,34681414,2703734,43323921,25085228,2222381
FIN003504,3275015101711752,2025,32709123,2355676,36516423,11443119,1958480
FIN003505,3271010901941753,2024,30902711,2265162,56193231,15467278,1977533
FIN003506,3271010901941753,2025,45966164,3603156,86345377,26944550,3112240
FIN003507,3172011010921754,2024,13657699,1511373,20163531,4439990,1481684
FIN003508,3172011010921754,2025,20076682,2415401,26111255,13237814,3247423
FIN003509,3671014211831755,2024,3469266,332192,4903964,3148367,393977
FIN003510,3671014211831755,2025,3440068,311692,6777230,4011807,435909
FIN003511,3671015104021756,2024,8979793,1409505,13298368,4753802,1571756
FIN003512,3671015104021756,2025,11436429,1530297,20015902,13984301,1776002
FIN003513,3276010910851757,2024,17096487,2506486,33600073,20418153,2827990
FIN003514,3276010910851757,2025,20050811,2868400,28767834,10738909,2893483
FIN003515,3171011304001758,2024,37449014,1933006,70167307,38399436,2450979
FIN003516,3171011304001758,2025,45663675,2375471,78876737,29206022,3277036
FIN003517,3174015506821759,2024,38798874,3309975,51062900,30844333,4101353
FIN003518,3174015506821759,2025,57336838,4926427,66664822,34062597,6715651
FIN003519,3674016609981760,2024,39100747,1965724,61615872,23140654,2505008
FIN003520,3674016609981760,2025,45303006,2252077,83694444,56288777,2005201
FIN003521,3173015509791761,2024,54782150,7364651,65412773,29659490,8866422
FIN003522,3173015509791761,2025,71694480,9978285,105528130,27623837,10172815
FIN003523,3174012607721762,2024,30114777,2274588,43582649,18476507,2570442
FIN003524,3174012607721762,2025,43090821,4338634,76121740,23690199,5120444
FIN003525,3674011201001763,2024,37856390,3229667,60180085,15744767,2664643
FIN003526,3674011201001763,2025,38350688,3529441,69734971,19388895,3581444
FIN003527,3671010806981764,2024,17099538,1718782,26688273,8735402,2064474
FIN003528,3671010806981764,2025,22659290,1967470,44593391,20025114,1646946
FIN003529,3271010211671765,2024,29519957,2000054,35918668,16727726,2654795
FIN003530,3271010211671765,2025,49742924,4078501,97381144,48708792,4783794
FIN003531,3271014907751766,2024,13283361,1228122,17950839,12257442,1502272
FIN003532,3271014907751766,2025,16737467,1536528,19445140,5251759,1410358
FIN003533,3175014412861767,2024,19627032,1662862,37269010,11320667,2321873
FIN003534,3175014412861767,2025,15122748,1267348,20150649,13022295,1072053
FIN003535,3173016408971768,2024,42353436,5706059,70973664,28317449,6017849
FIN003536,3173016408971768,2025,42834033,4578244,60995976,39763245,5874917
FIN003537,3173012910891769,2024,22190819,1123580,36231471,15154665,997951
FIN003538,3173012910891769,2025,25147851,1260395,37713208,18453703,1246834
FIN003539,3276011711901770,2024,23438993,1543458,29148950,12697768,1510374
FIN003540,3276011711901770,2025,24327263,1649863,28613877,9232968,1764914
FIN003541,3674011010981771,2024,32474246,5705121,48196381,18432130,5324083
FIN003542,3674011010981771,2025,29803801,4773862,37515289,23479792,5389548
FIN003543,3674010112931772,2024,13967504,1407597,26458626,16617322,1632045
FIN003544,3674010112931772,2025,10000602,1011763,13032822,7121969,1327424
FIN003545,3674012206031773,2024,13838410,1561228,24359529,12699582,1895701
FIN003546,3674012206031773,2025,10534346,1365075,15348580,7829258,1284252
FIN003547,3275015605821774,2024,14036630,1501711,26062028,10143992,1389394
FIN003548,3275015605821774,2025,15017093,1705023,25224419,16314267,1370405
FIN003549,3671017110001775,2024,32918180,2958625,62730347,38635467,2388755
FIN003550,3671017110001775,2025,35490079,2901573,55402986,14256191,2799607
FIN003551,3671012604991776,2024,65683262,10723201,82548878,41369949,9352626
FIN003552,3671012604991776,2025,68590313,11809150,121546306,77401229,13574249
FIN003553,3173012503991777,2024,33948593,788698,47139413,10755881,678912
FIN003554,3173012503991777,2025,35100524,755298,48472741,21182023,671118
FIN003555,3671011310831778,2024,39765354,6115354,62399596,13051115,5929455
FIN003556,3671011310831778,2025,42204198,6411267,57807057,21955359,5298841
FIN003557,3671015209721779,2024,11863358,1198320,21544327,10896245,1151676
FIN003558,3671015209721779,2025,11215184,1156597,21672415,11237757,1485592
FIN003559,3175012707781780,2024,59342319,2026577,97039428,29285654,2434843
FIN003560,3175012707781780,2025,71878577,3201677,108740698,38352644,2798139
FIN003561,3674010807731781,2024,33331131,5569061,58172336,17335047,7618800
FIN003562,3674010807731781,2025,49084221,6838623,57489376,18427782,8878077
FIN003563,3671011202001782,2024,20672504,881835,23629413,11362429,1038144
FIN003564,3671011202001782,2025,21271794,1058584,31337489,8481969,1261085
FIN003565,3671016905951783,2024,14283981,1930667,16115243,9753411,2688433
FIN003566,3671016905951783,2025,13119528,1440344,20281137,11559378,1563982
FIN003567,3671012809791784,2024,72037874,8624255,94581073,53846274,8842082
FIN003568,3671012809791784,2025,91519844,10129206,121132453,29033245,13773131
FIN003569,3173016502671785,2024,27937419,1939112,48737268,26336850,2699948
FIN003570,3173016502671785,2025,31737804,2490257,40232112,25343557,3251681
FIN003571,3172014606721786,2024,10188923,1418824,13156056,4853441,1564066
FIN003572,3172014606721786,2025,7654969,1197446,10659821,4032499,967670
FIN003573,3671010605901787,2024,29409249,4983244,37688808,15036586,5416089
FIN003574,3671010605901787,2025,28233746,4794574,36099284,20378653,4724328
FIN003575,3671014604971788,2024,44581551,9900477,65616623,27725288,13077665
FIN003576,3671014604971788,2025,51582530,11066180,93596498,37205758,13504273
FIN003577,3172012105701789,2024,21833698,899487,41171692,10676158,1066250
FIN003578,3172012105701789,2025,23992409,1037263,30449395,8898611,1371865
FIN003579,3276015810931790,2024,11622394,1437705,21875416,5002091,1223245
FIN003580,3276015810931790,2025,12021025,1895790,22064563,6646836,1560104
FIN003581,3671015905781791,2024,18892853,999754,30175065,18215765,862023
FIN003582,3671015905781791,2025,18461262,993731,33761289,11610913,807378
FIN003583,3174011203731792,2024,16286530,704873,18513818,4615828,906346
FIN003584,3174011203731792,2025,17305103,892573,22010061,7312471,1057973
FIN003585,3276010411811793,2024,39568446,2825973,45308514,27633625,3288422
FIN003586,3276010411811793,2025,35206492,2924439,44713219,30418412,3579635
FIN003587,3172016607011794,2024,36567360,1563945,40782676,24067624,2140428
FIN003588,3172016607011794,2025,39712234,1401553,75783094,32755117,1554826
FIN003589,3671011105871795,2024,23710278,3698319,40299118,23668151,3701506
FIN003590,3671011105871795,2025,31994597,6387577,53640276,13294171,8813392
FIN003591,3674011103011796,2024,12019402,1819044,18339590,11930370,1791563
FIN003592,3674011103011796,2025,15521927,2478569,20660876,6362534,2047866
FIN003593,3171017007981797,2024,15473976,1383292,26901527,13859460,1261336
FIN003594,3171017007981797,2025,18063369,1421947,28056065,10642348,1270747
FIN003595,3674010504681798,2024,20310840,610020,32762194,15922719,577570
FIN003596,3674010504681798,2025,28075198,747644,44066164,28474942,1044623
FIN003597,3671010812821799,2024,13294168,603087,20374899,7962059,714649
FIN003598,3671010812821799,2025,16693736,819775,23433479,10384012,880025
FIN003599,3276015203671800,2024,29302385,841147,45878416,25710098,858447
FIN003600,3276015203671800,2025,29998601,1079812,53265231,36862612,1217560
FIN003601,3275012604661801,2024,55335564,2944393,100348476,29088995,3463977
FIN003602,3275012604661801,2025,48926190,2555786,85465975,50548628,3563594
FIN003603,3671014604031802,2024,38295775,4113036,60213257,38623429,4862969
FIN003604,3671014604031802,2025,54605947,7252957,83377765,55994422,7432746
FIN003605,3671015012701803,2024,24318818,4307315,45015633,11966625,4986571
FIN003606,3671015012701803,2025,15812786,2927484,25928105,14107016,3854975
FIN003607,3276014107671804,2024,82108004,7796826,137000097,86306234,10010579
FIN003608,3276014107671804,2025,100914296,9813276,115306445,68126211,9031801
FIN003609,3276014107901805,2024,19682916,2021877,30929493,21593210,1908645
FIN003610,3276014107901805,2025,20227932,2067119,25362998,8714498,2020273
FIN003611,3173015408921806,2024,21502208,3461368,33750412,7698807,4150933
FIN003612,3173015408921806,2025,16037890,2747868,31567726,8418910,2249350
FIN003613,3674012207761807,2024,17310169,1485902,24086199,9836771,1798670
FIN003614,3674012207761807,2025,15751860,1158794,25185976,11621774,1108863
FIN003615,3174017004671808,2024,13309826,1963495,19375922,12913650,2629864
FIN003616,3174017004671808,2025,17034132,2153970,20637654,13350580,2685815
FIN003617,3671010801671809,2024,10087210,1411292,17006815,10496979,1457028
FIN003618,3671010801671809,2025,9104961,1199786,16233860,3408051,1557954
FIN003619,3171011905781810,2024,15456296,1302887,21998862,14291874,1641933
FIN003620,3171011905781810,2025,20904201,1519783,40502566,17558017,1351661
FIN003621,3173016008981811,2024,21014397,3256297,41477780,10484402,3788626
FIN003622,3173016008981811,2025,30085307,4583645,56848271,16294027,4879851
FIN003623,3671015104001812,2024,37717509,2168937,56543191,30756451,1973078
FIN003624,3671015104001812,2025,41438118,2843885,63273738,23252494,3419713
FIN003625,3671010907681813,2024,23268187,2507378,46180099,15603609,3155561
FIN003626,3671010907681813,2025,25333675,2736351,41854308,23918367,2605979
FIN003627,3671011209971814,2024,14969358,196074,26193278,15724192,218977
FIN003628,3671011209971814,2025,18934974,244605,36367674,20908667,294491
FIN003629,3173010311011815,2024,20298663,2428145,35820118,21100773,2380178
FIN003630,3173010311011815,2025,19930425,2899000,31191618,9636187,3667577
FIN003631,3172016405771816,2024,12130774,2332058,13581056,4693816,3099034
FIN003632,3172016405771816,2025,12408533,2094100,23762683,11642246,2809752
FIN003633,3276010106991817,2024,18554334,2516994,30236452,18559774,2359465
FIN003634,3276010106991817,2025,16743780,2059748,25864548,14014256,2536698
FIN003635,3171016907821818,2024,16115826,1603553,19496791,4603381,1574787
FIN003636,3171016907821818,2025,15582608,1729703,27916400,14070380,2241252
FIN003637,3674010612701819,2024,7420632,949336,14606569,8357273,1150353
FIN003638,3674010612701819,2025,8318888,1278516,11080454,7123310,1768030
FIN003639,3671016911661820,2024,21350858,4466931,30255399,20527810,4411384
FIN003640,3671016911661820,2025,25601951,5281847,39770820,20221182,4592040
FIN003641,3171011505011821,2024,39709535,2665892,77463294,49654744,2758695
FIN003642,3171011505011821,2025,60571636,3988723,86528173,54647450,4089373
FIN003643,3171015007941822,2024,36242969,1351348,59011934,28814507,1479033
FIN003644,3171015007941822,2025,40248019,1737601,79601880,31175172,1830849
FIN003645,3172010602861823,2024,12103044,748048,15854772,7272175,726943
FIN003646,3172010602861823,2025,12136755,748342,14762332,4162622,874415
FIN003647,3174012811841824,2024,13085133,1502084,17001928,10179538,1530454
FIN003648,3174012811841824,2025,11409112,1356226,19377311,7029577,1392415
FIN003649,3674014812701825,2024,28201315,4301678,43031393,14509278,5324835
FIN003650,3674014812701825,2025,34959665,6123208,50338479,23535618,6445565
FIN003651,3275011003981826,2024,68918766,6556572,133517140,79388773,8477522
FIN003652,3275011003981826,2025,82666003,6088767,149104833,52441175,5374509
FIN003653,3173015108751827,2024,96533504,22409597,118099269,60048993,18659825
FIN003654,3173015108751827,2025,123987818,26629176,147551036,62680831,24106485
FIN003655,3271012607021828,2024,17382928,1941431,30645939,8368718,2058366
FIN003656,3271012607021828,2025,21125357,2717691,33461585,7648512,2765489
FIN003657,3671010109931829,2024,4815278,747942,7853556,2156058,754904
FIN003658,3671010109931829,2025,4770108,715662,9257069,3262107,717648
FIN003659,3671016403961830,2024,24006748,2912392,30175774,7173969,3883371
FIN003660,3671016403961830,2025,31071823,3910989,40345881,22684485,4817345
FIN003661,3674013103781831,2024,24454571,2168456,43074469,22629821,2744212
FIN003662,3674013103781831,2025,28590095,3387365,55466923,19409245,3515673
FIN003663,3276015901881832,2024,11820428,2213386,22775132,9176985,2515096
FIN003664,3276015901881832,2025,11960315,2330144,18298121,6304906,2225058
FIN003665,3671015809771833,2024,17421019,1474347,20912914,8411990,1262091
FIN003666,3671015809771833,2025,17653086,1720785,34162640,10117821,1635342
FIN003667,3671010805671834,2024,21794817,1834824,29489559,11577163,2045766
FIN003668,3671010805671834,2025,22744844,2168069,43125131,18530425,2916886
FIN003669,3275013001851835,2024,39596292,9179366,61088369,26233743,11609474
FIN003670,3275013001851835,2025,51543458,11436678,66288060,17750924,15185024
FIN003671,3271012203661836,2024,78224513,9563313,153665252,67767674,8186447
FIN003672,3271012203661836,2025,81406953,10279806,141109417,33959131,10894934
FIN003673,3674014406671837,2024,57783273,6895810,70472022,33082511,6218008
FIN003674,3674014406671837,2025,56662733,7514447,63982867,29124828,6998878
FIN003675,3172016308791838,2024,10164104,1282988,17632842,9397383,1132659
FIN003676,3172016308791838,2025,11521664,1552484,19490485,12643273,1711277
FIN003677,3674010603911839,2024,14600649,1531178,25753831,5677596,1450892
FIN003678,3674010603911839,2025,11317537,1183323,15728042,10489423,1026601
FIN003679,3671015901911840,2024,19270835,1453515,35197383,9835816,1286196
FIN003680,3671015901911840,2025,18013167,1208430,22624637,9908465,1579197
FIN003681,3671014610821841,2024,57884918,4043567,108081957,50318103,3715911
FIN003682,3671014610821841,2025,64823192,4031498,107302697,27007725,3383581
FIN003683,3172016611761842,2024,11541502,744031,12717950,3571658,750361
FIN003684,3172016611761842,2025,12393589,817907,18120265,6519834,1052772
FIN003685,3171016202031843,2024,58591533,7947373,90534614,48043154,7858384
FIN003686,3171016202031843,2025,53292289,7238039,68852505,40888225,7830635
FIN003687,3671015506791844,2024,22775648,825572,44116092,10974826,1115914
FIN003688,3671015506791844,2025,21439267,828788,34915800,9258792,1067042
FIN003689,3276016511921845,2024,19451375,2303342,22160134,12845498,2195734
FIN003690,3276016511921845,2025,29424654,3475277,44276525,25458285,4707582
FIN003691,3275010612671846,2024,31411254,3133710,58739711,36659683,3244739
FIN003692,3275010612671846,2025,37424651,3813741,73050887,39169319,4099374
FIN003693,3172014607911847,2024,10912394,1085216,20401424,8444115,1490705
FIN003694,3172014607911847,2025,11445507,1003241,20378211,6755198,1004808
FIN003695,3173014208671848,2024,17701513,1859164,22281092,8110181,2354592
FIN003696,3173014208671848,2025,18267442,2357756,20302532,6671841,1922121
FIN003697,3671011705001849,2024,16355523,412752,26384059,10438970,430062
FIN003698,3671011705001849,2025,19559757,471744,28812600,16438901,468844
FIN003699,3674011810741850,2024,9632382,1286376,15933793,6562948,1056298
FIN003700,3674011810741850,2025,10393164,1116389,15307390,9780871,1534028
FIN003701,3171016001901851,2024,17966637,3118265,21919504,8522126,4059483
FIN003702,3171016001901851,2025,21215800,3244519,39421646,10185618,4108266
FIN003703,3275016708971852,2024,11662104,714483,20090415,11070867,751352
FIN003704,3275016708971852,2025,16706518,1244848,18384521,9874394,1674609
FIN003705,3674012201001853,2024,22315939,3287215,38187997,10838740,2852497
FIN003706,3674012201001853,2025,29957901,4333166,56698103,20280940,5888500
FIN003707,3174017012751854,2024,20174232,1561795,25290476,17565041,1457999
FIN003708,3174017012751854,2025,20988554,1438495,32052394,18886866,1254791
FIN003709,3271015009911855,2024,13047994,122939,20542765,9263233,133306
FIN003710,3271015009911855,2025,15369704,138594,29313953,14950477,121460
FIN003711,3175015011911856,2024,50374230,3881039,88314375,52567642,4497819
FIN003712,3175015011911856,2025,64890249,4324042,92267246,41964919,4097522
FIN003713,3271011709741857,2024,25771694,3070759,46420315,28593476,3724491
FIN003714,3271011709741857,2025,32118628,3287969,42381517,14246806,3748913
FIN003715,3671011908941858,2024,23880430,3962677,42039607,26385433,4711983
FIN003716,3671011908941858,2025,26090677,4367861,51890005,32753380,5416368
FIN003717,3674010304981859,2024,61267396,6839007,88469840,28446214,8249586
FIN003718,3674010304981859,2025,69262093,5947301,84082675,57616888,5762877
FIN003719,3671012806981860,2024,43742171,4085592,61238350,25087018,3652966
FIN003720,3671012806981860,2025,48745387,3911611,95973418,61289185,4865694
FIN003721,3671015001681861,2024,29215363,7581318,44000040,28984535,10569884
FIN003722,3671015001681861,2025,39143659,9817811,57113827,32938629,11067394
FIN003723,3271016307821862,2024,34225715,2873949,47703455,25968827,3874986
FIN003724,3271016307821862,2025,36044372,3287645,56875111,24706882,2844661
FIN003725,3671010203651863,2024,21248827,1340763,25766995,8388692,1733146
FIN003726,3671010203651863,2025,30632812,1712663,48755719,19355181,1576606
FIN003727,3276014205651864,2024,10061068,643135,13580522,3449439,678153
FIN003728,3276014205651864,2025,12989006,1014937,16290550,5205431,1051092
FIN003729,3671016006791865,2024,8286650,204047,15492264,6065028,275672
FIN003730,3671016006791865,2025,10941157,273568,17380957,3941967,330516
FIN003731,3174014305821866,2024,38812115,6102124,63368016,14472804,5147716
FIN003732,3174014305821866,2025,39613371,5804073,70114939,24033075,7687351
FIN003733,3271015506761867,2024,14889662,170065,18736561,11807751,205250
FIN003734,3271015506761867,2025,23086708,245519,42761888,11464958,298821
FIN003735,3171016809881868,2024,26400422,4272013,31985777,12097792,5671707
FIN003736,3171016809881868,2025,29901384,5202555,35896687,17699378,6455116
FIN003737,3173011409731869,2024,7669202,568171,11394641,4691563,482697
FIN003738,3173011409731869,2025,8735323,712146,11844776,3020528,860943
FIN003739,3671012110971870,2024,10719543,918851,13564276,4308225,1279133
FIN003740,3671012110971870,2025,10238727,856643,14834827,8558650,925076
FIN003741,3172016007991871,2024,19051874,1487051,23003022,14292714,1920205
FIN003742,3172016007991871,2025,15675493,1292794,30222667,12088308,1136607
FIN003743,3671017011691872,2024,27255157,3578270,31543788,15304681,4246851
FIN003744,3671017011691872,2025,30592488,4013597,58718242,33539197,3303882
FIN003745,3674014306781873,2024,22155854,2769017,31778920,6890217,3358127
FIN003746,3674014306781873,2025,24886909,3603129,44687558,30623103,4693892
FIN003747,3275012507721874,2024,9428336,761927,16963611,4436342,612573
FIN003748,3275012507721874,2025,9336385,677689,16107193,10201204,609377
FIN003749,3671014901861875,2024,27771364,2585314,54733571,11572985,3539398
FIN003750,3671014901861875,2025,36476209,3472574,54507029,19305076,3098317
FIN003751,3671016508851876,2024,22562209,198129,41249576,24757614,253306
FIN003752,3671016508851876,2025,27797041,293518,41966198,25887357,384834
FIN003753,3671012208021877,2024,17941046,1280848,33087819,10767032,1444525
FIN003754,3671012208021877,2025,13533989,1088650,23958063,5139091,1181673
FIN003755,3171010504841878,2024,12298940,890915,15820061,5661673,754342
FIN003756,3171010504841878,2025,15824270,1289533,27999330,8572192,1615374
FIN003757,3271012902881879,2024,5575004,343902,9801427,6188354,329926
FIN003758,3271012902881879,2025,6683679,457611,7560939,1804819,630872
FIN003759,3671011001861880,2024,16556808,1919999,22704163,9906456,1886713
FIN003760,3671011001861880,2025,18059273,1995512,23296062,10414738,2614676
FIN003761,3171012812701881,2024,17898809,1839132,32242175,17555665,2108630
FIN003762,3171012812701881,2025,21835622,2875217,30354875,7487474,3993568
FIN003763,3173012206951882,2024,17987931,362455,31824197,17823421,321562
FIN003764,3173012206951882,2025,13059973,276146,14558905,9388520,261433
FIN003765,3271014203681883,2024,21313813,1934640,26489141,6697729,1845109
FIN003766,3271014203681883,2025,27063002,2508811,45938103,16010151,3088284
FIN003767,3671010510851884,2024,19541127,1896980,32646760,8103693,2609581
FIN003768,3671010510851884,2025,20599162,1985930,32904708,12222631,1700681
FIN003769,3671014907721885,2024,8600206,1207969,11918296,4046479,1593428
FIN003770,3671014907721885,2025,7719599,1211065,9476886,3589118,1654205
FIN003771,3674012207681886,2024,17516698,1715703,22983882,11736999,1625039
FIN003772,3674012207681886,2025,17774049,2217971,29620093,10377852,2298619
FIN003773,3671015012711887,2024,8094815,378760,9525273,3695980,317639
FIN003774,3671015012711887,2025,7448126,317926,12523144,3521852,261055
FIN003775,3671016504701888,2024,27071298,5092011,51932361,31927697,5353039
FIN003776,3671016504701888,2025,33907061,5411363,58981971,13203885,5231881
FIN003777,3171014105771889,2024,11245909,557883,18932403,7556318,521476
FIN003778,3171014105771889,2025,12558631,586949,21998173,12655383,538479
FIN003779,3674010412871890,2024,39882142,4799687,64879355,37530941,5994579
FIN003780,3674010412871890,2025,46647402,4748207,53345315,30425603,4185374
FIN003781,3671015205991891,2024,10794668,928641,16571667,4663688,1104415
FIN003782,3671015205991891,2025,9615739,898810,14573293,9023198,958629
FIN003783,3175015209701892,2024,5569649,576679,9973014,3237133,493790
FIN003784,3175015209701892,2025,5422591,640842,6425514,3482866,777665
FIN003785,3276015109691893,2024,61800906,5259630,106489918,31651536,6501566
FIN003786,3276015109691893,2025,63285656,5494262,78570874,28184458,7497972
FIN003787,3671010303031894,2024,27763449,2927579,50948785,19547882,2961221
FIN003788,3671010303031894,2025,33561170,4385067,61601372,19975130,3996512
FIN003789,3671011503851895,2024,19358715,1036359,38561384,7767661,1094021
FIN003790,3671011503851895,2025,18369786,873038,31333607,7056779,1100114
FIN003791,3674016203861896,2024,7864324,340613,11271409,4243102,375452
FIN003792,3674016203861896,2025,11617143,526689,19995047,9954559,488501
FIN003793,3674012310741897,2024,9520453,1580336,10880306,6873080,1515618
FIN003794,3674012310741897,2025,9065324,1268817,13500974,8766934,1041382
FIN003795,3174010211871898,2024,21637779,3723629,28988379,19814950,3233220
FIN003796,3174010211871898,2025,17775225,2647712,20283325,12119265,2267432
FIN003797,3671016810931899,2024,11691513,2281052,22108454,13720127,2396205
FIN003798,3671016810931899,2025,11540219,2163239,20765885,6723273,2071165
FIN003799,3671011102891900,2024,13134280,1274130,26131436,7302815,1390542
FIN003800,3671011102891900,2025,16157286,1671871,23876888,16210419,1971273
FIN003801,3671015006821901,2024,34310938,4710628,55790517,34852942,6478553
FIN003802,3671015006821901,2025,28492833,4459822,55332545,23897444,5613580
FIN003803,3671016001841902,2024,18933531,1103387,25258123,13457019,996289
FIN003804,3671016001841902,2025,21937586,1362270,25349902,14543087,1455949
FIN003805,3175014906691903,2024,16568070,1814646,22581745,5098727,2134595
FIN003806,3175014906691903,2025,21309620,2311727,34108852,12287340,2723866
FIN003807,3271012802661904,2024,3579881,399761,4722772,3301753,523788
FIN003808,3271012802661904,2025,4027222,444612,5381180,3238583,620398
FIN003809,3173010304031905,2024,7874646,1175478,13153621,3908766,1032403
FIN003810,3173010304031905,2025,8514763,1051312,16379698,6183252,1319171
FIN003811,3674011107701906,2024,13554447,2073747,15381602,5669106,2059182
FIN003812,3674011107701906,2025,15828045,2527218,28295169,15719396,3340861
FIN003813,3171010408001907,2024,21269817,4015388,27611598,15018993,5475204
FIN003814,3171010408001907,2025,21594716,3702829,39792937,14755077,3230919
FIN003815,3674016301811908,2024,9145491,1187462,13647064,3853507,1061965
FIN003816,3674016301811908,2025,9416653,1229696,17377945,9432967,1515610
FIN003817,3175014703781909,2024,17176528,1761545,25827315,17096263,2151975
FIN003818,3175014703781909,2025,23169997,2225668,29453495,11320904,2758563
FIN003819,3271015504711910,2024,10213328,1204629,18113113,3979840,1180393
FIN003820,3271015504711910,2025,13265960,1780872,26293666,18265861,1893938
FIN003821,3671012212971911,2024,27268646,4451411,49970994,24598057,3829857
FIN003822,3671012212971911,2025,38231167,7056721,52509256,35816242,6884336
FIN003823,3175014804921912,2024,34320400,4973904,66725848,32800639,6455419
FIN003824,3175014804921912,2025,41491998,6842746,47373311,15843084,7412948
FIN003825,3671016404021913,2024,26073102,1770017,32829997,9559171,2090972
FIN003826,3671016404021913,2025,23137252,1351889,25992631,17161750,1142461
FIN003827,3674011411981914,2024,25998285,1899808,29725550,9433859,2365659
FIN003828,3674011411981914,2025,33369614,2837734,46035301,23788279,3402414
FIN003829,3276014509711915,2024,30196996,4079099,51803233,15109741,3987617
FIN003830,3276014509711915,2025,34453364,4763337,63208997,23290370,5067663
FIN003831,3174016712771916,2024,27070391,3218055,37819529,7811096,3704388
FIN003832,3174016712771916,2025,25881202,3000596,34331584,22188450,2813876
FIN003833,3174017004961917,2024,27850268,4649230,41051166,17195894,6360542
FIN003834,3174017004961917,2025,30523927,5406094,39534239,19994659,7210015
FIN003835,3275013011671918,2024,14768598,809753,29367833,12706859,931709
FIN003836,3275013011671918,2025,14648520,700283,26108638,8091991,698009
FIN003837,3172011706851919,2024,36533771,6094263,60434204,17486560,8184156
FIN003838,3172011706851919,2025,48283056,7460816,69467908,46101698,10318187
FIN003839,3173016410931920,2024,15119210,2008379,20152636,9765964,2791490
FIN003840,3173016410931920,2025,19672369,3034408,34847466,11457803,3191800
FIN003841,3671016007651921,2024,9108630,702123,13399397,4708065,942265
FIN003842,3671016007651921,2025,8327178,649378,11024841,3186646,853939
FIN003843,3275015704951922,2024,23406594,1299137,27382640,16657533,1589819
FIN003844,3275015704951922,2025,23557456,1155104,34219916,17453360,1580038
FIN003845,3174015802791923,2024,8773990,88598,13750105,5252900,117223
FIN003846,3174015802791923,2025,11070935,105066,17458390,5768803,111463
FIN003847,3172016404711924,2024,10972600,1785989,19346253,8384234,1468942
FIN003848,3172016404711924,2025,14727186,2211561,16930898,11567611,2270773
FIN003849,3175011212811925,2024,10251646,1058047,13057970,6854982,1123413
FIN003850,3175011212811925,2025,11504095,1194528,12754341,2782978,1452747
FIN003851,3171014111901926,2024,22084972,2534901,35691445,17149576,3161547
FIN003852,3171014111901926,2025,30014807,3433206,42052717,10625028,4336472
FIN003853,3171011711971927,2024,29695362,1092289,51136948,24164976,1071033
FIN003854,3171011711971927,2025,29433600,1122025,54590101,14645861,1440386
FIN003855,3271010305921928,2024,42522515,4096119,80066250,40273461,4995123
FIN003856,3271010305921928,2025,44767378,3325027,62635672,22624775,2725196
FIN003857,3671010802761929,2024,10576583,873788,13252524,7308016,1015781
FIN003858,3671010802761929,2025,14185855,1254344,22286497,11357427,1710131
FIN003859,3175012702831930,2024,20654609,2484664,30220536,7635076,2815656
FIN003860,3175012702831930,2025,20931683,3034697,28796553,19936514,2881719
FIN003861,3276014208811931,2024,5590142,299636,8825769,5036909,395003
FIN003862,3276014208811931,2025,5844977,345211,9324865,6027574,441844
FIN003863,3171016002831932,2024,8052897,846475,16031116,9278013,1107878
FIN003864,3171016002831932,2025,7008076,656387,13409968,2776685,864676
FIN003865,3671011709701933,2024,28890111,1962784,44075779,29082552,2028346
FIN003866,3671011709701933,2025,24597553,1567407,27583478,8411176,1302856
FIN003867,3674010209681934,2024,15426233,588243,21220498,10598939,759594
FIN003868,3674010209681934,2025,13032205,436996,22505502,15465655,434589
FIN003869,3671014606831935,2024,18358022,4462702,35032183,15767377,3954148
FIN003870,3671014606831935,2025,17778301,3916260,22042115,6417596,3137002
FIN003871,3276011808921936,2024,40320394,4219173,77741583,49379834,5678728
FIN003872,3276011808921936,2025,45978034,4806337,53881833,12601216,6633482
FIN003873,3174016004871937,2024,10679752,1217593,17862626,9374795,1295321
FIN003874,3174016004871937,2025,13054354,1327718,16262181,3827960,1801441
FIN003875,3671011607011938,2024,31064046,4138631,34871908,14779693,4947258
FIN003876,3671011607011938,2025,35911954,4654148,50570982,22057125,5105370
FIN003877,3674012802001939,2024,19756586,1816649,24246577,13555798,1945843
FIN003878,3674012802001939,2025,28842766,3049512,57114622,27742331,2653540
FIN003879,3671010706821940,2024,40958255,493468,58494486,40004909,617221
FIN003880,3671010706821940,2025,60434669,813008,80734711,27577055,1054512
FIN003881,3671010709871941,2024,38629794,4647016,52921128,17464517,4016793
FIN003882,3671010709871941,2025,40794018,3998948,73241103,29435146,3554655
FIN003883,3275012106831942,2024,33650047,2075768,61078183,34045226,1868749
FIN003884,3275012106831942,2025,37524163,2134613,64706210,18783332,2736434
FIN003885,3671010502701943,2024,26352285,1930240,39691016,18118253,1935259
FIN003886,3671010502701943,2025,40432817,2891671,76617147,28534279,2391300
FIN003887,3175011303771944,2024,23287755,650117,34569117,21201449,877075
FIN003888,3175011303771944,2025,24644516,678452,28791987,11818928,616539
FIN003889,3671012212681945,2024,32051706,6388738,50984836,33452738,7730882
FIN003890,3671012212681945,2025,32542821,4985453,48036751,25434016,6097992
FIN003891,3175011112901946,2024,21476271,2967731,26377128,9605523,2897770
FIN003892,3175011112901946,2025,25608742,3697976,42396977,17588599,4478224
FIN003893,3275016207981947,2024,8147794,605581,13770317,3595170,710616
FIN003894,3275016207981947,2025,7920597,447878,12321307,4256167,546616
FIN003895,3276014909671948,2024,21164931,2073758,35780611,19461772,2253159
FIN003896,3276014909671948,2025,30022480,3545252,36987179,21423224,3116959
FIN003897,3171016005891949,2024,15517613,2601154,21461135,10867619,2305957
FIN003898,3171016005891949,2025,15937970,2820523,17703206,4819423,3454452
FIN003899,3671012502911950,2024,45797068,6057767,66520170,37955610,5474109
FIN003900,3671012502911950,2025,46220169,6084716,68694882,20912688,6957687
FIN003901,3172015008851951,2024,10774499,1149874,16929116,6390230,1561096
FIN003902,3172015008851951,2025,9897676,1056159,13651319,3486086,961744
FIN003903,3276016402921952,2024,16280355,3791231,18106109,11558878,3065443
FIN003904,3276016402921952,2025,20426604,4063335,39319779,20808330,4672753
FIN003905,3276015103761953,2024,14415215,805522,16367160,10836032,800111
FIN003906,3276015103761953,2025,13954391,830111,26282739,16010475,1099095
FIN003907,3173015010911954,2024,18260031,2471444,28500778,10501829,3393640
FIN003908,3173015010911954,2025,17304478,2664377,31477824,11978969,3338206
FIN003909,3173014603981955,2024,7862522,1297935,8910564,1878788,1694042
FIN003910,3173014603981955,2025,11015517,1549660,17266004,8707797,2091386
FIN003911,3671014905881956,2024,13235219,1392124,15140699,4709191,1794565
FIN003912,3671014905881956,2025,11121786,1357440,13054181,5741212,1331776
FIN003913,3671013005841957,2024,24119105,4152197,27240576,11142740,4594312
FIN003914,3671013005841957,2025,27532143,4878449,36072305,15781501,6004374
FIN003915,3671011006851958,2024,30442595,1048346,41104856,26387836,1232827
FIN003916,3671011006851958,2025,40289959,1356148,53914940,37577668,1304700
FIN003917,3275014410941959,2024,44905248,3714823,87925119,18428705,4567041
FIN003918,3275014410941959,2025,69922607,6913230,124892123,45164087,7689452
FIN003919,3275016804001960,2024,18733795,3576648,36258325,14580195,3725952
FIN003920,3275016804001960,2025,22573758,4859764,29520055,14565896,4949141
FIN003921,3173017101711961,2024,10461646,957138,19503710,11984039,1214050
FIN003922,3173017101711961,2025,13433424,1131538,15966422,5785049,1286696
FIN003923,3171011604751962,2024,12750929,1346600,17301807,10901285,1785166
FIN003924,3171011604751962,2025,14104453,1677792,21495797,12618482,1937162
FIN003925,3671016101811963,2024,24727511,2321278,44436957,23186834,3087217
FIN003926,3671016101811963,2025,22868508,1785861,42514272,21485248,2345545
FIN003927,3175016601001964,2024,36068167,5211819,68156690,22753349,6496349
FIN003928,3175016601001964,2025,25878193,2931565,30468470,13884550,2408155
FIN003929,3172016407911965,2024,45861930,3790484,76478848,25422825,3085715
FIN003930,3172016407911965,2025,48435468,4077764,94183744,60045731,5292001
FIN003931,3171017003891966,2024,26490786,1888032,42671967,15641328,2415921
FIN003932,3171017003891966,2025,36370776,2232001,58906449,27721709,2076766
FIN003933,3276015504001967,2024,7404228,1112908,13349756,4550726,1285795
FIN003934,3276015504001967,2025,7359914,993723,14422306,4612038,964210
FIN003935,3671010501661968,2024,46685735,6950958,87833970,30568441,8467231
FIN003936,3671010501661968,2025,51523042,8287252,77189683,28327090,10342436
FIN003937,3171011612011969,2024,30877007,3000114,39367442,17057228,3855150
FIN003938,3171011612011969,2025,31077179,2682999,40005700,17479410,2913471
FIN003939,3271016104961970,2024,19175535,1567247,25589273,5403956,1612761
FIN003940,3271016104961970,2025,28620186,2283888,46720694,13576349,3052915
FIN003941,3276012604881971,2024,25736191,2727276,49093697,10704593,3615215
FIN003942,3276012604881971,2025,31798748,2977080,58198373,14874456,2689233
FIN003943,3271010212841972,2024,32307099,4455052,57352199,34011267,5607901
FIN003944,3271010212841972,2025,35809187,5095025,58488155,24139664,6904462
FIN003945,3175015405911973,2024,43492021,5437195,67315586,23051969,4402538
FIN003946,3175015405911973,2025,36206433,3891840,71759827,43284875,4232071
FIN003947,3271013101771974,2024,25269906,2168890,44969176,31154046,2065428
FIN003948,3271013101771974,2025,25660091,2407167,49811558,24957130,2176769
FIN003949,3276011607741975,2024,20765539,236888,27755008,12323093,219834
FIN003950,3276011607741975,2025,20843312,197289,37295022,11138167,237909
FIN003951,3271016401761976,2024,7869573,644422,13121870,9121802,769366
FIN003952,3271016401761976,2025,8434148,908319,13273385,7169528,1231063
FIN003953,3674010209651977,2024,22093737,1718064,35286228,15837784,1728883
FIN003954,3674010209651977,2025,21279592,1954494,30306581,17712208,2512585
FIN003955,3671010502811978,2024,20691316,3469785,27449275,9648550,4043282
FIN003956,3671010502811978,2025,17640823,2865804,25299786,12540948,2719055
FIN003957,3172010807841979,2024,10454272,1079407,17145205,11612350,1123966
FIN003958,3172010807841979,2025,14148327,1580853,25243771,8683896,1280269
FIN003959,3175012611681980,2024,18945048,4290877,21216458,9779777,5463547
FIN003960,3175012611681980,2025,21109867,4564397,35989231,14294427,3835671
FIN003961,3173014507031981,2024,36288011,5589049,50491595,27621150,7720977
FIN003962,3173014507031981,2025,31012989,3932372,54527821,22083250,3676753
FIN003963,3271010505651982,2024,27541563,2562583,39899883,26685428,3535934
FIN003964,3271010505651982,2025,25742638,2493935,31924483,11913994,2459596
FIN003965,3671011512861983,2024,15308546,466020,27712371,6930602,405292
FIN003966,3671011512861983,2025,25061903,838838,27944475,14964682,735843
FIN003967,3171014410021984,2024,5834762,799454,10393109,6185098,1083530
FIN003968,3171014410021984,2025,7345041,1187328,13814856,7166316,1395478
FIN003969,3173016812901985,2024,11490799,1029900,19775721,8470965,1027909
FIN003970,3173016812901985,2025,16763486,1350556,21203783,9291179,1652857
FIN003971,3671011811851986,2024,8391849,1395639,12839003,8770722,1855413
FIN003972,3671011811851986,2025,8596946,1542282,13938066,5831914,1837034
FIN003973,3172014704781987,2024,31548538,4106059,45883090,17389777,5472240
FIN003974,3172014704781987,2025,31897278,3341600,59245395,39344821,3802395
FIN003975,3173016701941988,2024,6366132,818344,12037778,4648155,805154
FIN003976,3173016701941988,2025,8120215,1218710,9159872,3295542,1310272
FIN003977,3275014410001989,2024,10099267,393924,18155632,5158440,324835
FIN003978,3275014410001989,2025,9347136,429697,15906343,9227899,366390
FIN003979,3674010503741990,2024,7324999,665753,13922987,7702384,658312
FIN003980,3674010503741990,2025,7591663,742241,12927192,7035282,1020148
FIN003981,3271011101941991,2024,18256788,903072,24574945,9428975,1088422
FIN003982,3271011101941991,2025,22364281,1037504,28230344,11000495,891094
FIN003983,3171010705851992,2024,27338217,5189410,49892808,11680614,5453418
FIN003984,3171010705851992,2025,31421186,5062579,37129432,21516005,6656495
FIN003985,3271012211911993,2024,26600564,3394773,37464772,15141663,3287137
FIN003986,3271012211911993,2025,27736825,3697773,48675099,18042539,3259236
FIN003987,3671015604801994,2024,22631369,1898105,43286131,27458075,1597883
FIN003988,3671015604801994,2025,22808512,1965248,28531568,10133821,2213428
FIN003989,3173015708821995,2024,14898568,2018816,18170507,7942564,1948314
FIN003990,3173015708821995,2025,18507892,2446320,31578896,7347895,2902588
FIN003991,3276012703011996,2024,28310356,3377421,41663641,28668849,3891278
FIN003992,3276012703011996,2025,38774902,4843167,67752844,27356937,4553870
FIN003993,3271016905911997,2024,30628345,3044716,57598016,34675679,3444436
FIN003994,3271016905911997,2025,33949465,3447224,58249208,39407988,2967015
FIN003995,3671011602791998,2024,10333118,1224568,18257605,10848897,1203573
FIN003996,3671011602791998,2025,10950081,1651758,19909618,10704445,1359701
FIN003997,3173011105991999,2024,26890568,956394,53615257,23391858,1248028
FIN003998,3173011105991999,2025,31183870,970341,35887421,14178184,856485
FIN003999,3671011907762000,2024,44667806,2726872,62047729,40067443,2196924
FIN004000,3671011907762000,2025,60915492,4136747,101067446,22561069,3394170
FIN004001,3175011902872001,2024,22443374,893189,32124750,11407214,842968
FIN004002,3175011902872001,2025,23495052,902894,29430948,18423003,1042883
FIN004003,3671012504962002,2024,14379025,1107996,26967136,5710016,1189728
FIN004004,3671012504962002,2025,15902006,1252333,20299150,6306396,1369807
FIN004005,3173010912932003,2024,17075743,3594317,32108842,21863866,4277901
FIN004006,3173010912932003,2025,22283627,5179404,38020228,11290050,6419475
FIN004007,3671015207652004,2024,16933854,3528858,33411107,20348608,4425041
FIN004008,3671015207652004,2025,20663718,3327102,35860115,13192124,4518030
FIN004009,3171012003662005,2024,7719984,1104771,11207776,3409706,1411769
FIN004010,3171012003662005,2025,10737987,1509817,12767533,3098703,1423561
FIN004011,3173010202032006,2024,6079705,659173,9432862,2913624,866706
FIN004012,3173010202032006,2025,5406548,658298,6364826,1718139,603728
FIN004013,3671015204962007,2024,12098858,2233953,16286961,4823052,2479209
FIN004014,3671015204962007,2025,14203472,2107071,23713771,4887164,2700977
FIN004015,3271012906902008,2024,18907158,269936,28661836,10450946,223856
FIN004016,3271012906902008,2025,24093891,300350,28213999,10763585,302098
FIN004017,3174015011692009,2024,9109234,332258,13212171,8908887,443626
FIN004018,3174015011692009,2025,12789182,416185,18717928,9682621,337021
FIN004019,3671012810772010,2024,12166751,739008,23121463,5737903,620397
FIN004020,3671012810772010,2025,11806476,775196,16860177,4870235,946579
FIN004021,3671016705682011,2024,25049015,595128,41382679,18908614,521838
FIN004022,3671016705682011,2025,20326623,464521,35032463,21278708,455065
FIN004023,3271014809872012,2024,9899003,663890,14504711,4065821,704051
FIN004024,3271014809872012,2025,12853615,929602,19351084,12314356,746029
FIN004025,3173015909022013,2024,25427029,1441747,35536278,14413340,1998012
FIN004026,3173015909022013,2025,22530488,1120934,37210909,17492447,1016130
FIN004027,3671015309862014,2024,34327929,3974719,42918072,22651732,4874933
FIN004028,3671015309862014,2025,38286624,5472948,50265253,20940791,7567528
FIN004029,3671013001022015,2024,8990323,1246854,15031700,4378729,1458128
FIN004030,3671013001022015,2025,5860898,957252,10544625,2465820,1129920
FIN004031,3175014604662016,2024,15617321,2502691,28306972,14841431,3119628
FIN004032,3175014604662016,2025,11422441,1507023,22026223,11762358,1628626
FIN004033,3276016006892017,2024,28235471,2760111,47477540,9906905,2222679
FIN004034,3276016006892017,2025,25996051,2196379,46571825,22519864,2558887
FIN004035,3173014511992018,2024,13448386,1394234,23602989,12341036,1487891
FIN004036,3173014511992018,2025,13863196,1364612,20450432,6625471,1662591
FIN004037,3671015203652019,2024,19960050,571677,28634159,15434270,685811
FIN004038,3671015203652019,2025,27600760,877016,54356401,36420820,1162389
FIN004039,3276015006762020,2024,13327446,1343395,23507926,8413024,1129533
FIN004040,3276015006762020,2025,19163043,1946514,38195463,20886063,1925514
FIN004041,3174016101012021,2024,6048687,456112,8715966,5598006,440299
FIN004042,3174016101012021,2025,6856234,432238,12090600,2462905,487384
FIN004043,3671015409862022,2024,17983097,829591,27904181,10255747,754540
FIN004044,3671015409862022,2025,21618831,1131749,25380438,17019313,1433787
FIN004045,3671014904942023,2024,8634380,1695572,15472682,10338530,2007687
FIN004046,3671014904942023,2025,10759328,2676451,14218672,3103328,2538511
FIN004047,3671012704712024,2024,36407669,6603774,53418881,20503107,9048858
FIN004048,3671012704712024,2025,48935630,9010496,62334283,30095386,7883232
FIN004049,3671016605702025,2024,64918881,6735547,113281825,47664859,7668064
FIN004050,3671016605702025,2025,73791973,6715675,94240387,40131676,8625921
FIN004051,3172014305922026,2024,38421378,1686399,74080184,42454228,1714789
FIN004052,3172014305922026,2025,49204398,2165080,94476912,29593975,2348441
FIN004053,3173010808952027,2024,15415934,1764128,30218947,11985464,2068713
FIN004054,3173010808952027,2025,12898834,1599484,20059877,6233587,2059529
FIN004055,3671016907852028,2024,24662232,2397405,39248578,8817146,3292526
FIN004056,3671016907852028,2025,31212194,2943141,37630151,19368006,2911847
FIN004057,3671015509682029,2024,32872092,362281,39986844,22265960,399862
FIN004058,3671015509682029,2025,25053323,268691,42874769,22862636,352958
FIN004059,3171010201832030,2024,5649026,874771,7962750,5056062,876944
FIN004060,3171010201832030,2025,3856220,752142,6351925,3858692,824315
FIN004061,3276012501812031,2024,7004843,850440,13962753,6594248,1088279
FIN004062,3276012501812031,2025,7848188,986596,10691995,7362289,959705
FIN004063,3671014306932032,2024,22680873,1748305,28195686,12812792,1711702
FIN004064,3671014306932032,2025,18109075,1542454,26272417,15667822,1827890
FIN004065,3172015605712033,2024,20496601,2535322,26460247,18106945,2310046
FIN004066,3172015605712033,2025,26779111,3206213,51512513,35166559,3837347
FIN004067,3171014712652034,2024,11847518,1193195,23543190,7938377,1006274
FIN004068,3171014712652034,2025,11267039,1341016,15563587,5895438,1357455
FIN004069,3271010905742035,2024,25181988,3443385,41630600,25685244,3315908
FIN004070,3271010905742035,2025,19856584,3224316,23495079,6066490,3354418
FIN004071,3671010902822036,2024,12419571,106448,14970877,3071088,146123
FIN004072,3671010902822036,2025,15027853,141863,25836832,13027455,175176
FIN004073,3671011408972037,2024,16515158,274051,18641203,10856537,240490
FIN004074,3671011408972037,2025,19920298,322949,29772258,10751761,271169
FIN004075,3671011301932038,2024,12326177,1983780,22434672,10985733,2480681
FIN004076,3671011301932038,2025,13734390,2259804,22107902,10077546,1812648
FIN004077,3674016308722039,2024,43745205,5429071,84551959,35051267,6204999
FIN004078,3674016308722039,2025,50531169,7090061,71450645,32531259,7776515
FIN004079,3671014207992040,2024,41853888,3008092,50447342,12171421,3426204
FIN004080,3671014207992040,2025,56417041,4563589,85011436,41517358,4537946
FIN004081,3671011805652041,2024,14061670,2717712,25154378,13282558,3480238
FIN004082,3671011805652041,2025,13126858,2654752,16731702,7326171,2620919
FIN004083,3276015304862042,2024,25063438,3112276,27718143,16846053,3249141
FIN004084,3276015304862042,2025,24175325,3423356,28716395,8525838,4485559
FIN004085,3671016306862043,2024,41785267,4722947,79424333,35931807,4178425
FIN004086,3671016306862043,2025,54171046,6101430,81045475,16425434,8400059
FIN004087,3671012210992044,2024,14573623,743660,24882051,12003219,674614
FIN004088,3671012210992044,2025,15459760,757948,21494273,5259432,782592
FIN004089,3671016507902045,2024,11905623,1050245,21685402,8311335,1305907
FIN004090,3671016507902045,2025,13885083,1329368,21505057,13849716,1230972
FIN004091,3671014704012046,2024,28340101,5663313,33307902,10599827,5724305
FIN004092,3671014704012046,2025,25976082,5362827,41499981,8603541,5367468
FIN004093,3271016301922047,2024,12445037,946150,19731457,10608417,1121863
FIN004094,3271016301922047,2025,11312735,819062,18700764,7090625,1059130
FIN004095,3671014708702048,2024,15922938,1771078,23662778,10685072,1603838
FIN004096,3671014708702048,2025,18379860,2083082,36148791,16537318,2906755
FIN004097,3275016112882049,2024,25019022,1220554,48810193,24696474,1548780
FIN004098,3275016112882049,2025,23042793,1256299,38017935,8513576,1504562
FIN004099,3671013009762050,2024,38584647,426528,76082627,41627923,400590
FIN004100,3671013009762050,2025,39971509,377853,48937100,23996369,513105
FIN004101,3671012009992051,2024,22159177,3063469,24550033,10448351,3829539
FIN004102,3671012009992051,2025,30805580,4719105,59582210,32346413,4175248
FIN004103,3671012606022052,2024,5677930,564394,11103908,3476995,710750
FIN004104,3671012606022052,2025,5677854,508737,8060810,5589707,512567
FIN004105,3171012204832053,2024,42213206,5810434,69396703,38554635,5167408
FIN004106,3171012204832053,2025,55352521,6798411,98963610,26471050,8247021
FIN004107,3276010804822054,2024,24789895,2613490,43036313,22166216,2783168
FIN004108,3276010804822054,2025,27438516,2555441,45327549,13257690,2136757
FIN004109,3674016801002055,2024,11152858,1099745,21777308,15043081,1151805
FIN004110,3674016801002055,2025,9599247,713273,17991560,7510454,845012
FIN004111,3674016305002056,2024,56195172,9916313,74395297,22134641,11236784
FIN004112,3674016305002056,2025,66784128,11458217,125861598,76863592,15966244
FIN004113,3674015611802057,2024,20959516,3710848,29702537,17333300,5083797
FIN004114,3674015611802057,2025,25007422,5334550,29147938,9209531,5142393
FIN004115,3276014505032058,2024,20033108,1860480,34948329,11261247,2540533
FIN004116,3276014505032058,2025,19794605,1953609,23549981,14632455,2636005
FIN004117,3674011505812059,2024,19644317,2162442,31035530,12923871,2315180
FIN004118,3674011505812059,2025,25096113,2961142,31564556,12468516,3278579
FIN004119,3271011012752060,2024,25874515,1932742,32955678,13952616,1788652
FIN004120,3271011012752060,2025,24630701,2154865,34533843,23127043,1804996
FIN004121,3275016409912061,2024,38263140,3075213,44547281,20248923,2829960
FIN004122,3275016409912061,2025,36142785,2515572,62496511,15592015,2078524
FIN004123,3172015001992062,2024,56641585,4958652,65647344,44853726,5813778
FIN004124,3172015001992062,2025,45196003,3712550,66496640,38202494,3763762
FIN004125,3271012506932063,2024,30627944,4641693,35285387,13694279,6151176
FIN004126,3271012506932063,2025,40173425,5573822,71783391,43976621,5890257
FIN004127,3175016209662064,2024,21370292,1106775,41437702,14184591,1531298
FIN004128,3175016209662064,2025,21647071,1020629,42788174,13335347,919236
FIN004129,3174014104712065,2024,15947716,2877038,20854545,14546346,2768724
FIN004130,3174014104712065,2025,15496454,2802903,23754230,13535018,2498106
FIN004131,3671010401702066,2024,38021049,5823210,71481010,42281168,6687448
FIN004132,3671010401702066,2025,40915839,6896561,79460740,27638864,6845171
FIN004133,3276012509892067,2024,23784913,2395496,29947977,10209394,3162909
FIN004134,3276012509892067,2025,30988443,3989755,56129192,26760648,3524454
FIN004135,3172016601972068,2024,25798666,2924195,49321964,31998565,3459109
FIN004136,3172016601972068,2025,31037252,4006422,52222506,21014758,4620191
FIN004137,3275010807682069,2024,21543523,2045097,26498582,9114253,2809064
FIN004138,3275010807682069,2025,17337040,1493466,33436159,23141290,1517564
FIN004139,3276010504862070,2024,54464590,6222417,81810107,22633571,7414148
FIN004140,3276010504862070,2025,73449023,7665830,110495054,73431974,10259805
FIN004141,3175014304022071,2024,15756595,2777111,19416908,4272357,2760015
FIN004142,3175014304022071,2025,18657686,4158188,29044946,18200590,3535250
FIN004143,3275014612872072,2024,21857974,2104568,31540273,20286784,2341539
FIN004144,3275014612872072,2025,9785705,1084073,18219744,10363126,1281077
FIN004145,3174011006002073,2024,16019036,1324873,28872799,9007416,1379469
FIN004146,3174011006002073,2025,14999246,1359854,21304961,10702759,1441863
FIN004147,3671012810012074,2024,29104037,4466178,36553079,13693555,5367152
FIN004148,3671012810012074,2025,31420280,4544610,54509058,11191991,4636283
FIN004149,3671010411782075,2024,11434048,771505,16363721,9313398,1063292
FIN004150,3671010411782075,2025,12630003,1052201,19190080,6453598,1032050
FIN004151,3171016110892076,2024,23768267,1276279,30860749,7837511,1026670
FIN004152,3171016110892076,2025,21911262,1264330,31047650,20606844,1766133
FIN004153,3276015403922077,2024,33542278,3112271,38242775,8237445,2770071
FIN004154,3276015403922077,2025,38737565,3637088,49398561,22703822,4007782
FIN004155,3671010701942078,2024,83520060,3983180,108427094,59209493,5529141
FIN004156,3671010701942078,2025,115146892,6204546,169570662,65765291,5107515
FIN004157,3671016205792079,2024,9814807,1802861,15639160,9617908,2224570
FIN004158,3671016205792079,2025,12290542,1937314,14696858,4718940,2531579
FIN004159,3173014208742080,2024,31474837,4508478,53517879,33610689,3840393
FIN004160,3173014208742080,2025,48086026,7072541,88062810,57373253,8759448
FIN004161,3171012405692081,2024,13990209,1486378,23626606,10670692,1300866
FIN004162,3171012405692081,2025,14725902,1375933,17899067,4893058,1695083
FIN004163,3174014702812082,2024,10248079,1064044,19947245,4991621,1466078
FIN004164,3174014702812082,2025,10425876,1141290,16377028,5697285,1007594
FIN004165,3671016709812083,2024,24865675,3805453,35590181,20683317,3722996
FIN004166,3671016709812083,2025,33718349,4977591,48654975,30564033,6308944
FIN004167,3276012102902084,2024,24883295,2117060,41358439,22255947,1948241
FIN004168,3276012102902084,2025,24112030,1960261,46707199,18333972,1937689
FIN004169,3275014109752085,2024,16405077,1222786,22173222,9073976,1358266
FIN004170,3275014109752085,2025,24600439,2201578,35583287,16825640,3017492
FIN004171,3172016211962086,2024,8124736,1067367,13783021,6859326,1204123
FIN004172,3172016211962086,2025,8194129,1055528,11687744,6775213,1302683
FIN004173,3174012908982087,2024,16896466,2200184,26215612,15901662,2274288
FIN004174,3174012908982087,2025,14866140,1989196,24471008,16423779,2372796
FIN004175,3171010701892088,2024,3463081,212369,3839003,912350,172316
FIN004176,3171010701892088,2025,4037983,204149,4767641,3236788,188640
FIN004177,3671016112742089,2024,25491554,3728031,28755985,17635179,4907869
FIN004178,3671016112742089,2025,26767505,3986860,44980001,19738445,3897934
FIN004179,3671012411852090,2024,39269355,4589823,61953061,36427152,4981585
FIN004180,3671012411852090,2025,58974772,6898397,111034901,59617906,8136774
FIN004181,3275014601002091,2024,9387091,103263,15299902,8547243,123521
FIN004182,3275014601002091,2025,11900686,118425,21711253,11022443,110854
FIN004183,3671010409692092,2024,18729710,1757822,29840235,11720359,2065453
FIN004184,3671010409692092,2025,24151935,1991835,44862827,27657812,2138617
FIN004185,3271016308762093,2024,14296614,1177804,28274684,13808851,1483913
FIN004186,3271016308762093,2025,17546071,1284246,28168422,10525915,1564351
FIN004187,3674011305872094,2024,17462088,1701050,32791241,20247937,2199331
FIN004188,3674011305872094,2025,17363212,1614797,32769309,9998151,2135152
FIN004189,3173016504992095,2024,22664628,985469,36697312,18544423,1147023
FIN004190,3173016504992095,2025,27376307,1190534,33488875,7730443,1112423
FIN004191,3172011412022096,2024,27232459,1825352,32757973,19538368,1791171
FIN004192,3172011412022096,2025,13029572,978092,24182456,5603828,813907
FIN004193,3674014702822097,2024,13214666,930028,19520652,9671839,942785
FIN004194,3674014702822097,2025,15342271,969171,28504475,9966601,814566
FIN004195,3275011009952098,2024,21429162,2203811,32265410,12947590,1827032
FIN004196,3275011009952098,2025,28540991,3489081,50888394,12614441,3067948
FIN004197,3276016508832099,2024,30304612,1870900,44741985,12899435,1556784
FIN004198,3276016508832099,2025,33101498,2026325,52477921,17195075,2786623
FIN004199,3173016209892100,2024,17727551,1851921,30791517,13658322,1849588
FIN004200,3173016209892100,2025,15972094,1510670,24175364,6012246,1544704
FIN004201,3671014505992101,2024,24294640,1549935,34311986,16478805,1954100
FIN004202,3671014505992101,2025,23579776,1674096,33703774,22047942,1790968
FIN004203,3271014311912102,2024,31649200,1416579,55564428,18941430,1455203
FIN004204,3271014311912102,2025,21777175,950041,35132833,23897199,982511
FIN004205,3276010310702103,2024,20640991,1502812,33420432,23239752,1842619
FIN004206,3276010310702103,2025,23997611,2008444,36118617,23106611,2446647
FIN004207,3275015501032104,2024,37893852,6912329,50222583,23194975,6938135
FIN004208,3275015501032104,2025,33380423,4841110,41047374,14220656,5874143
FIN004209,3175016603722105,2024,22793832,3192191,34476349,23901289,4242814
FIN004210,3175016603722105,2025,26719276,2909390,50911118,17942791,3668596
FIN004211,3671016010892106,2024,46218485,2199757,90463732,38594947,2991935
FIN004212,3671016010892106,2025,50313888,2668426,97984726,56279019,2336843
FIN004213,3173016312732107,2024,46941216,1785854,78601695,28477361,1917776
FIN004214,3173016312732107,2025,58037827,1912961,109756642,23859222,2000143
FIN004215,3674011110742108,2024,22147590,2768101,37246136,18326098,2823279
FIN004216,3674011110742108,2025,26910020,2565380,36084627,22511805,3050138
FIN004217,3671014802702109,2024,25403887,2698696,47448860,28503314,2842503
FIN004218,3671014802702109,2025,30430956,3468659,41710050,16178833,3152499
FIN004219,3171013011832110,2024,14747525,707559,20741364,7273822,905274
FIN004220,3171013011832110,2025,13248326,655127,23218675,6152790,719160
FIN004221,3671012011752111,2024,29483794,1678014,57696926,15992706,2236726
FIN004222,3671012011752111,2025,41736829,2096542,72160961,32714913,2675195
FIN004223,3276010507952112,2024,27975309,2303809,54482748,15531698,2429917
FIN004224,3276010507952112,2025,30693972,3048848,46512145,21780296,2812290
FIN004225,3172010506962113,2024,18802836,1237519,21289132,5264887,1490334
FIN004226,3172010506962113,2025,20494521,1248513,23396386,14175709,1029706
FIN004227,3275011406702114,2024,6992047,499268,13760396,9197770,597190
FIN004228,3275011406702114,2025,7951019,503455,12346908,2747599,677028
FIN004229,3175016406822115,2024,33060920,4122680,39331011,20864835,5762873
FIN004230,3175016406822115,2025,49288265,5599191,98318439,63887929,7483379
FIN004231,3172016403842116,2024,3793764,119900,4405251,3041727,145518
FIN004232,3172016403842116,2025,3954884,123926,7882225,2649204,124200
FIN004233,3674011407932117,2024,14581559,1799825,28529625,17356368,1613945
FIN004234,3674011407932117,2025,14870713,2152353,20983944,6586526,2731858
FIN004235,3275015506862118,2024,9558631,101249,15914487,6382951,90254
FIN004236,3275015506862118,2025,13675194,121981,26193324,10039260,110809
FIN004237,3171016012972119,2024,44966845,403590,72198258,36040913,497404
FIN004238,3171016012972119,2025,48896975,531587,58984314,30316554,674512
FIN004239,3271010411782120,2024,30665004,2228931,42289431,19238621,2195711
FIN004240,3271010411782120,2025,25200975,1800280,48477212,31912685,2511944
FIN004241,3671016201722121,2024,9188815,1197964,11452339,4121114,1156192
FIN004242,3671016201722121,2025,10193332,1259172,20360751,10306090,1440137
FIN004243,3671012806942122,2024,34184875,5304616,63386954,43120609,5584935
FIN004244,3671012806942122,2025,33084557,4781373,41727720,26225482,4174075
FIN004245,3671016108732123,2024,28608171,1548941,32492560,18274623,1809223
FIN004246,3671016108732123,2025,39741905,2772103,57996260,27709202,3520857
FIN004247,3671012203662124,2024,33335497,3931295,57169691,34345612,4978255
FIN004248,3671012203662124,2025,38877491,3914109,50126520,25215501,4155332
FIN004249,3173012302822125,2024,15636460,1108868,18833207,13022221,1357073
FIN004250,3173012302822125,2025,19680097,1069099,24340617,8847463,1022281
FIN004251,3275010607902126,2024,14765384,1623922,23223943,15062350,1704645
FIN004252,3275010607902126,2025,16764741,2219043,30107351,8806837,2914270
FIN004253,3175012904942127,2024,13230150,1426952,18333086,8885799,1461919
FIN004254,3175012904942127,2025,14613104,1594340,22378206,6546137,1510202
FIN004255,3175014504952128,2024,36282224,5417764,48089289,14724901,5150632
FIN004256,3175014504952128,2025,36891518,5154261,45437501,11509603,6463673
FIN004257,3275015110872129,2024,19014010,3168699,29654423,13045173,3610291
FIN004258,3275015110872129,2025,20258472,2986189,35061327,19039548,3418568
FIN004259,3671017005802130,2024,17200101,2119438,31275869,13183543,2097841
FIN004260,3671017005802130,2025,21361300,2109770,27967184,19441646,2359165
FIN004261,3275016802762131,2024,5078354,917405,6077142,2317454,1062362
FIN004262,3275016802762131,2025,4008773,658521,5161195,2652991,764773
FIN004263,3175015707852132,2024,16013114,2329389,31294053,13061887,1937437
FIN004264,3175015707852132,2025,18105973,2114683,28128954,18184778,2521716
FIN004265,3671015007742133,2024,29044837,2497489,55252855,26371013,3269016
FIN004266,3671015007742133,2025,27004927,2240453,45666131,22369740,1859601
FIN004267,3671015107852134,2024,15039985,2253451,27507925,18784629,2244481
FIN004268,3671015107852134,2025,16301477,2573334,22341452,9510423,3149118
FIN004269,3172011109762135,2024,14838132,1821168,24027733,15787324,2202590
FIN004270,3172011109762135,2025,14520310,2178826,18625727,11744836,2873931
FIN004271,3172012808972136,2024,25410454,5745438,38585676,23587706,6267982
FIN004272,3172012808972136,2025,22175234,4678799,39321565,13074294,4436002
FIN004273,3175012405922137,2024,24234751,3809182,47900909,28550078,5011873
FIN004274,3175012405922137,2025,27750184,4571804,52215948,25919951,5213695
FIN004275,3671016509862138,2024,18341212,1781419,35989281,20524718,2240052
FIN004276,3671016509862138,2025,24549001,2753746,36890446,15880533,3589411
FIN004277,3671014911792139,2024,20618687,2065178,31005892,11203321,2781227
FIN004278,3671014911792139,2025,18405331,2184066,22407883,10491881,1923455
FIN004279,3674016705982140,2024,26697242,4205752,52576487,35340191,3884220
FIN004280,3674016705982140,2025,36458272,4793124,61850508,27079437,4796935
FIN004281,3671016207032141,2024,19780563,1500338,26808776,7945308,1254425
FIN004282,3671016207032141,2025,25213319,1710015,49257179,13190783,1491985
FIN004283,3173012208892142,2024,27258995,1345028,32345149,13622163,1130038
FIN004284,3173012208892142,2025,35395778,1903595,42347530,18448666,2105905
FIN004285,3674011709802143,2024,80977974,8381156,149700790,76909653,11635060
FIN004286,3674011709802143,2025,101197298,12369818,119579077,34138388,10241335
FIN004287,3276012005762144,2024,15831600,2136785,25328311,13085842,2361579
FIN004288,3276012005762144,2025,15904033,1747131,21118907,13568706,2371837
FIN004289,3671010104952145,2024,27758992,1745792,47765270,28545038,1449135
FIN004290,3671010104952145,2025,32356198,2154642,37466214,23671403,2339518
FIN004291,3173015107782146,2024,17391726,839534,32303439,22399749,813283
FIN004292,3173015107782146,2025,23719637,1169709,46742178,17716713,1325973
FIN004293,3271014104962147,2024,16089091,1847650,22218166,8340783,1687798
FIN004294,3271014104962147,2025,22852402,2567753,43636786,12779903,2107492
FIN004295,3671015810772148,2024,4866808,112941,5728388,3498608,129249
FIN004296,3671015810772148,2025,4157911,93720,5757571,2203041,78093
FIN004297,3674015608772149,2024,28190953,3206831,54340621,30204715,2643026
FIN004298,3674015608772149,2025,39645009,4465951,63069339,28359549,5054682
FIN004299,3276015605782150,2024,21092157,1631162,26780791,10248816,1747953
FIN004300,3276015605782150,2025,31623973,2544876,58129018,38638107,3182952
FIN004301,3172010703032151,2024,21217460,190940,24989974,7742122,213715
FIN004302,3172010703032151,2025,24640586,219420,48198150,14905337,285285
FIN004303,3671012805802152,2024,9936772,1304012,18300578,11751600,1789610
FIN004304,3671012805802152,2025,10528556,1467191,14529654,4850405,1523705
FIN004305,3173011304842153,2024,7737529,854253,14882440,5117214,784727
FIN004306,3173011304842153,2025,8347765,927729,11357315,5747743,1286751
FIN004307,3175012903912154,2024,13361234,1366186,18714195,5425962,1448398
FIN004308,3175012903912154,2025,21668471,1899826,40726254,28059164,2304470
FIN004309,3671010508982155,2024,43132788,8331801,66601511,24388362,6931293
FIN004310,3671010508982155,2025,56356007,12660761,80263963,39755297,14026959
FIN004311,3671014612872156,2024,14126353,307668,27249799,10567926,253546
FIN004312,3671014612872156,2025,16703887,407389,32861808,9355491,563692
FIN004313,3175010912962157,2024,37257379,9232463,73938016,21619375,12364557
FIN004314,3175010912962157,2025,44381861,10477761,86641162,31108804,9907314
FIN004315,3671015101962158,2024,14581136,1369206,28525486,9161531,1276545
FIN004316,3671015101962158,2025,18823367,1884993,25646781,6785559,1933179
FIN004317,3671015412922159,2024,13950879,1742197,26103251,12931341,1453060
FIN004318,3671015412922159,2025,11264493,1341786,16912130,6712297,1713685
FIN004319,3275013110782160,2024,25232511,1069689,47942462,30898243,890327
FIN004320,3275013110782160,2025,35685240,1546905,55423448,32433584,1419262
FIN004321,3271011502022161,2024,37747862,4617930,51735108,33227706,5320474
FIN004322,3271011502022161,2025,48924850,4913908,90627824,63016322,6118816
FIN004323,3172012807862162,2024,15392286,1779481,17157352,11779080,2363826
FIN004324,3172012807862162,2025,16563264,1990937,30330169,18719402,2111495
FIN004325,3171015006812163,2024,14198727,1737089,25144892,8081873,2395095
FIN004326,3171015006812163,2025,19347717,2594256,28268599,13437877,3223469
FIN004327,3275014109802164,2024,37124644,1187483,43586066,10990937,1134880
FIN004328,3275014109802164,2025,41746163,1611464,78274940,32718753,1825986
FIN004329,3671015404012165,2024,28582198,2776406,31571652,14782023,3050108
FIN004330,3671015404012165,2025,28472410,3472309,32254568,8853097,3189705
FIN004331,3671016608742166,2024,36106563,4258245,56433616,12433826,5898288
FIN004332,3671016608742166,2025,27668704,3966789,37207910,13695677,3758687
FIN004333,3175011204822167,2024,22390251,3547395,44027783,28939405,4865085
FIN004334,3175011204822167,2025,27667881,4566266,42303739,19437006,4994604
FIN004335,3671016703992168,2024,139412294,25073535,233024754,62717691,35061995
FIN004336,3671016703992168,2025,151390991,25980461,174494614,88329935,28008157
FIN004337,3674015412682169,2024,13305545,1451657,21617921,5423397,1600067
FIN004338,3674015412682169,2025,15936897,1795868,30167270,14647358,2026417
FIN004339,3174014704012170,2024,5034370,601853,9214989,5469814,481823
FIN004340,3174014704012170,2025,6746159,848243,8339146,3799889,1143775
FIN004341,3271011607922171,2024,50673275,7226744,75321408,40740141,7060231
FIN004342,3271011607922171,2025,72788093,8652915,92192215,29570779,8701848
FIN004343,3271011505702172,2024,12208016,1454303,15275896,6490443,1852358
FIN004344,3271011505702172,2025,17196209,2113976,33050204,10706856,2653016
FIN004345,3172017011972173,2024,11037723,1369537,19654956,11905071,1194102
FIN004346,3172017011972173,2025,12186167,2021313,22971677,6644917,1909887
FIN004347,3671010703722174,2024,15224172,3013758,30162539,11212036,2586357
FIN004348,3671010703722174,2025,17633561,3287131,34047033,9616208,4573160
FIN004349,3671011812802175,2024,45896716,1751222,91218406,33835887,2101261
FIN004350,3671011812802175,2025,51222987,1912703,77079382,46086723,2643748
FIN004351,3671015506982176,2024,9752451,1151007,19156258,7568533,1081028
FIN004352,3671015506982176,2025,10982411,1482957,15183931,5481230,1582306
FIN004353,3172016002932177,2024,33071952,2596355,37141445,20374043,2958756
FIN004354,3172016002932177,2025,40241004,2815112,48985179,31722365,3406249
FIN004355,3671016112972178,2024,9337958,486209,15773620,4564479,677027
FIN004356,3671016112972178,2025,7492071,435941,9098431,2447615,518323
FIN004357,3174011011792179,2024,50248503,5821466,80198872,32956338,7767014
FIN004358,3174011011792179,2025,44871101,6012189,74355261,16347856,8381603
FIN004359,3171014510762180,2024,56793970,7707012,104279770,48936255,9758106
FIN004360,3171014510762180,2025,45370714,5835995,73998116,30422484,6516926
FIN004361,3175012809682181,2024,24310855,4104659,30610421,6935309,4693618
FIN004362,3175012809682181,2025,21589499,3234784,37635194,13041699,3325770
FIN004363,3276016311742182,2024,15512091,779250,24193898,10562506,789789
FIN004364,3276016311742182,2025,14583026,869399,21183075,8818103,696554
FIN004365,3671011109832183,2024,17538285,1778221,19699398,12359850,1543284
FIN004366,3671011109832183,2025,15002171,1370358,27529918,9152012,1308418
FIN004367,3674016807682184,2024,35698358,3935353,59214169,29612653,4705556
FIN004368,3674016807682184,2025,45908278,6278560,57352920,30235235,5709899
FIN004369,3671016103972185,2024,11288853,1282753,20451530,5191030,1767264
FIN004370,3671016103972185,2025,9083079,1292965,15672725,7445010,1748724
FIN004371,3276016702902186,2024,22662476,4401724,32896749,14011716,4398410
FIN004372,3276016702902186,2025,25053920,5006021,38043251,21971824,6095058
FIN004373,3173015902872187,2024,22577131,4151206,26026984,13270805,5286107
FIN004374,3173015902872187,2025,24648543,4623949,38344903,22061982,6389273
FIN004375,3671014808912188,2024,21556871,2571550,25491426,17411008,3130840
FIN004376,3671014808912188,2025,25327993,2801266,50059486,27927839,2392900
FIN004377,3171010310812189,2024,22175443,2232049,32285430,19942003,2392653
FIN004378,3171010310812189,2025,24074061,2394787,39955281,17790747,2682291
FIN004379,3671015607872190,2024,25859679,222598,49992038,10762604,281294
FIN004380,3671015607872190,2025,23849998,224066,28644535,14461110,274295
FIN004381,3271017007712191,2024,38372191,9434754,45322864,12630774,12148101
FIN004382,3271017007712191,2025,57485635,11985208,103152461,38821219,16242906
FIN004383,3172016705962192,2024,64366908,1534465,109424779,43927543,2094119
FIN004384,3172016705962192,2025,64908575,1473378,94045141,19920153,1469584
FIN004385,3671016303842193,2024,8499803,528938,11509223,7200733,435545
FIN004386,3671016303842193,2025,8335152,639623,11280551,2413734,578920
FIN004387,3271012304002194,2024,11679105,943472,22456475,11793704,1284530
FIN004388,3271012304002194,2025,11226123,935034,20024255,7496163,831877
FIN004389,3276014106972195,2024,6515527,628612,11048949,3431468,830458
FIN004390,3276014106972195,2025,7499946,659307,14981193,7167595,585534
FIN004391,3175012710902196,2024,11313693,1483927,13817566,6569525,1970055
FIN004392,3175012710902196,2025,11515117,1864632,20808471,10211208,2084529
FIN004393,3671010707862197,2024,15066068,1260412,26929525,10642199,1638720
FIN004394,3671010707862197,2025,16495751,1107045,27811437,18819775,1490360
FIN004395,3671012604772198,2024,16626833,2262540,23148917,11775315,2239697
FIN004396,3671012604772198,2025,15973802,2403603,23373597,8599458,3254649
FIN004397,3674015512822199,2024,24758731,3744701,45430499,20266975,3300295
FIN004398,3674015512822199,2025,26283305,3775413,33226999,16108671,4504986
FIN004399,3275010408922200,2024,40747366,4480392,47094330,32157739,5969524
FIN004400,3275010408922200,2025,43330140,4999245,61996273,35492646,4136933
FIN004401,3271016912922201,2024,19636753,3361824,31189929,7213335,3639244
FIN004402,3271016912922201,2025,18503013,3545649,36833532,21510053,4954297
FIN004403,3174015201812202,2024,26214932,3045737,39745680,22975747,4253987
FIN004404,3174015201812202,2025,14506199,1635008,16143551,4683916,1579026
FIN004405,3671014301692203,2024,13134543,2109669,15219603,8976375,2519518
FIN004406,3671014301692203,2025,15361766,2548315,28647013,17900262,3110411
FIN004407,3271016807982204,2024,19758320,3041625,36505741,18902570,3442713
FIN004408,3271016807982204,2025,21849125,3366385,31005105,11881625,4665702
FIN004409,3173010509862205,2024,14184548,1198380,18238096,7535335,1031799
FIN004410,3173010509862205,2025,16674085,1230137,25907005,9532188,1098712
FIN004411,3671010704842206,2024,17944152,2242365,20567665,14092666,2783615
FIN004412,3671010704842206,2025,17690360,2299711,26463968,6061321,2156357
FIN004413,3674016109802207,2024,20784634,2064691,32023842,19800728,1927458
FIN004414,3674016109802207,2025,24643843,2511492,37002262,18261605,2126322
FIN004415,3276016508932208,2024,7782897,380855,9869943,6324283,382187
FIN004416,3276016508932208,2025,8008820,332145,11760505,5608042,411987
FIN004417,3172010112762209,2024,44137054,4836061,81132902,31804387,5710323
FIN004418,3172010112762209,2025,48577084,4240172,66128689,19908221,5303156
FIN004419,3275015504672210,2024,46243260,6810468,77214175,32113294,8897226
FIN004420,3275015504672210,2025,56468534,8701791,94266105,65449957,10982221
FIN004421,3175016202962211,2024,35004820,3842209,45997709,19181813,4664840
FIN004422,3175016202962211,2025,33981263,3143637,43107467,18591036,3992170
FIN004423,3271016801942212,2024,25275359,3970809,40189061,14379850,4181369
FIN004424,3271016801942212,2025,36512549,5233580,42762138,27762511,6202384
FIN004425,3276010109752213,2024,25004522,2935056,40455543,24749930,3641714
FIN004426,3276010109752213,2025,30534704,3060903,60827973,27084292,3523088
FIN004427,3674017103812214,2024,28874170,3108717,33365293,13814779,4199849
FIN004428,3674017103812214,2025,38144180,4317066,51487218,26219761,5364078
FIN004429,3171010904982215,2024,5142457,317034,7890095,2818168,288308
FIN004430,3171010904982215,2025,5042797,263525,7647184,3624054,309087
FIN004431,3175016209972216,2024,6466752,472489,8609011,3146851,600382
FIN004432,3175016209972216,2025,7471838,623271,8916758,3988795,696630
FIN004433,3172016312962217,2024,10037748,829995,16424493,5141153,1097497
FIN004434,3172016312962217,2025,7556492,531981,13164765,7847578,645277
FIN004435,3174012906682218,2024,80449739,7605596,138242308,88313545,6793750
FIN004436,3174012906682218,2025,106137407,11065513,202814078,51015981,9820111
FIN004437,3671015110902219,2024,13005245,1585757,22953938,15599156,1405994
FIN004438,3671015110902219,2025,11704126,1142484,16780175,3784024,955591
FIN004439,3174011108982220,2024,20626992,2847880,26173017,11186574,3374721
FIN004440,3174011108982220,2025,26576472,4708433,41835319,27953665,4304230
FIN004441,3276014507812221,2024,37198493,5270526,74384405,18281881,5966042
FIN004442,3276014507812221,2025,44453125,7043917,75951586,34390305,7803712
FIN004443,3671011202772222,2024,13258202,798246,23513828,7986125,1091977
FIN004444,3671011202772222,2025,10300324,578746,15353428,6226890,501659
FIN004445,3671015606032223,2024,22520173,1094115,44224365,29559619,1350186
FIN004446,3671015606032223,2025,23953936,994162,29671345,18856235,1369645
FIN004447,3671016310842224,2024,14328372,1916621,17747286,5528010,1611218
FIN004448,3671016310842224,2025,18344988,2224646,25528030,10543664,1791281
FIN004449,3671010302012225,2024,11709162,480051,16731963,10874495,641311
FIN004450,3671010302012225,2025,14625775,591012,16480481,8190516,545441
FIN004451,3276016109972226,2024,7145361,1066511,13990255,5021998,1058509
FIN004452,3276016109972226,2025,7944406,1113447,10327941,5992739,1398320
FIN004453,3171016602952227,2024,7673165,198397,14217794,2910194,270138
FIN004454,3171016602952227,2025,6770830,150145,12930496,4096105,202729
FIN004455,3671010406002228,2024,13023814,1711244,22716903,13877333,2066940
FIN004456,3671010406002228,2025,12784842,1887294,15529146,5800514,1813974
FIN004457,3671015102732229,2024,12548542,1630805,17871746,8109248,1833171
FIN004458,3671015102732229,2025,15300484,1841178,30446113,19935318,1904659
FIN004459,3674014106732230,2024,40108934,2573449,58814060,38579968,2149896
FIN004460,3674014106732230,2025,38136426,2316399,68108352,35790482,2021454
FIN004461,3271010201002231,2024,36020525,5920275,42734430,18636253,8199014
FIN004462,3271010201002231,2025,46346655,7404152,92302068,45340370,8912449
FIN004463,3276012411732232,2024,27203419,596173,47544740,31519248,517054
FIN004464,3276012411732232,2025,28847486,728205,47911365,24726534,716494
FIN004465,3171012701652233,2024,19781726,934538,35759856,10473915,907932
FIN004466,3171012701652233,2025,24356061,1230797,26960145,15601572,1484054
FIN004467,3674015211692234,2024,32421158,2310855,52628356,20974856,2435779
FIN004468,3674015211692234,2025,33926361,2492652,48076311,31706284,2090940
FIN004469,3671016804732235,2024,29190918,319497,56785953,38126526,283777
FIN004470,3671016804732235,2025,27215961,287364,43918621,16913726,401418
FIN004471,3671010301672236,2024,16475261,1375066,19648620,5315936,1718951
FIN004472,3671010301672236,2025,25048020,2277835,35754454,8347934,3130209
FIN004473,3671014101832237,2024,10113322,1678438,16097074,6289858,2300098
FIN004474,3671014101832237,2025,11308829,1985016,21677438,7713475,2753158
FIN004475,3175015211702238,2024,37110941,2947636,52518637,15013663,3851248
FIN004476,3175015211702238,2025,33937352,2687880,40676528,9667450,2768270
FIN004477,3671010506732239,2024,19987238,1549248,36949533,24868001,1311730
FIN004478,3671010506732239,2025,25988846,2100744,32589026,19613806,2738453
FIN004479,3174010411912240,2024,13960887,1376417,21955006,15327761,1784198
FIN004480,3174010411912240,2025,16851009,1783674,20182000,13162216,2007125
FIN004481,3275010909892241,2024,14871069,1874148,22327204,9224040,2192082
FIN004482,3275010909892241,2025,11103758,1282792,18197684,9036185,1328168
FIN004483,3671015408732242,2024,6442370,525736,8894056,3838527,508278
FIN004484,3671015408732242,2025,8058545,758186,12961794,7481412,945631
FIN004485,3276015108992243,2024,25185673,2477229,28838931,19115977,2854479
FIN004486,3276015108992243,2025,29792481,3170529,44462440,19426705,3569717
FIN004487,3671012906812244,2024,30413490,5760108,39386001,11930784,5322848
FIN004488,3671012906812244,2025,37004799,5457814,46668872,12104666,5852156
FIN004489,3173015405962245,2024,17244338,2138936,29862321,19325711,2513995
FIN004490,3173015405962245,2025,15825096,1903064,21720266,8383033,2618912
FIN004491,3671012003652246,2024,20530100,645655,29833579,6279148,823428
FIN004492,3671012003652246,2025,20773998,594168,27107954,12274017,478341
FIN004493,3271010503702247,2024,15475337,1906055,28252237,19681306,1812134
FIN004494,3271010503702247,2025,19261349,2236595,29585087,13897264,2531339
FIN004495,3674014405952248,2024,27377032,3176512,30385058,19381013,3803401
FIN004496,3674014405952248,2025,37596190,4072411,42357402,15159287,3562010
FIN004497,3671015512792249,2024,16510515,2799971,26037710,14707150,3100786
FIN004498,3671015512792249,2025,20266303,3111005,37950620,16294595,3549104
FIN004499,3671014611022250,2024,42756369,4341217,65147930,21427980,5847295
FIN004500,3671014611022250,2025,60897276,6775980,90636113,48024424,7486563
FIN004501,3671014509012251,2024,15255059,1722021,17814693,11165508,2306793
FIN004502,3671014509012251,2025,13637879,1640015,19288841,7096391,1436950
FIN004503,3271016103952252,2024,25619763,5015481,48438448,31794839,6473809
FIN004504,3271016103952252,2025,25008429,4832674,37626161,8032197,4191077
FIN004505,3271010907952253,2024,5336981,572378,8169200,4991230,754308
FIN004506,3271010907952253,2025,6491406,712148,7726525,3040351,597712
FIN004507,3276016602942254,2024,41681250,7402569,49693304,32980255,6113308
FIN004508,3276016602942254,2025,43387423,7450530,56872780,14066640,8840580
FIN004509,3674016909912255,2024,18542590,2016731,21877626,11641645,1867862
FIN004510,3674016909912255,2025,15177470,2002649,22630212,6274450,2772728
FIN004511,3173015702682256,2024,23101388,4628010,27760708,7731131,3707474
FIN004512,3173015702682256,2025,24933856,4040253,42176479,23689061,4274441
FIN004513,3173011703892257,2024,33397630,4930386,49995142,14838745,5807622
FIN004514,3173011703892257,2025,30862431,4640280,48656369,20948219,6438548
FIN004515,3671012504762258,2024,13503358,1514433,20265088,7012774,1499913
FIN004516,3671012504762258,2025,13723206,1736945,16745567,9746231,2330029
FIN004517,3276012207732259,2024,17894233,1602966,26610992,6547060,1423648
FIN004518,3276012207732259,2025,19710327,1486353,24948721,5745281,1345381
FIN004519,3173010302972260,2024,6766666,786912,10155870,5375499,707567
FIN004520,3173010302972260,2025,7399527,827444,9916961,6855052,1077352
FIN004521,3172014405932261,2024,21466891,3621151,35325269,13393025,3381141
FIN004522,3172014405932261,2025,25615247,4402354,37076659,8549968,4788763
FIN004523,3271014312702262,2024,25892341,3480391,41598464,15335153,3725237
FIN004524,3271014312702262,2025,23907240,3519261,46115174,13947547,3795819
FIN004525,3174014504752263,2024,13498053,1247067,22061171,6619349,1199451
FIN004526,3174014504752263,2025,16784760,1689326,32194968,8620440,1830400
FIN004527,3671016203892264,2024,14404023,214661,19358073,10732713,277253
FIN004528,3671016203892264,2025,16866462,294140,32889822,17314855,367074
FIN004529,3271014510002265,2024,10506684,1696358,15813006,7429795,1673846
FIN004530,3271014510002265,2025,10810867,1603926,19337385,4265793,2097898
FIN004531,3171016304892266,2024,22757794,2760413,25244548,17067881,3745992
FIN004532,3171016304892266,2025,37594181,5412292,57377653,20587704,4836678
FIN004533,3671016509712267,2024,18805302,2908846,22693959,14328388,3730256
FIN004534,3671016509712267,2025,17963921,2266319,25524567,9893631,2812654
FIN004535,3173015005772268,2024,33343896,4720940,39155921,20338409,5187307
FIN004536,3173015005772268,2025,35082179,6259365,68697057,44586367,5291543
FIN004537,3275012712992269,2024,11103057,1239006,17842736,7440703,1399817
FIN004538,3275012712992269,2025,10670761,1022247,14541031,4224912,1100322
FIN004539,3275010408862270,2024,33145616,3823875,61202403,41453985,4714427
FIN004540,3275010408862270,2025,45844476,4723227,69460744,43645996,5171863
FIN004541,3671010711822271,2024,27860723,2603173,34638127,14249947,2297076
FIN004542,3671010711822271,2025,34788753,2773204,47210388,21959091,3735901
FIN004543,3275010701772272,2024,11289236,1109071,20347814,11824178,1088299
FIN004544,3275010701772272,2025,15018086,1283505,29733182,16915615,1308491
FIN004545,3674010901952273,2024,48314250,4749051,55128037,23414085,5447855
FIN004546,3674010901952273,2025,56947730,5746622,75986160,30031842,6389893
FIN004547,3171014805902274,2024,10655884,1084942,18629681,11364078,1154078
FIN004548,3171014805902274,2025,10078808,1193659,18732196,5763756,1282064
FIN004549,3671012406792275,2024,25807045,3257241,31131978,8584371,3048420
FIN004550,3671012406792275,2025,19582564,2169716,37050248,19459011,1807379
FIN004551,3674013107782276,2024,34299213,2509426,52934162,29416326,3460477
FIN004552,3674013107782276,2025,49214034,3612990,87105874,49972780,4066859
FIN004553,3275011303882277,2024,21709286,3531157,33218679,16460503,4528768
FIN004554,3275011303882277,2025,30169338,4389649,54126668,18802498,3698806
FIN004555,3276015709982278,2024,25125872,2949445,43607233,21030084,3988527
FIN004556,3276015709982278,2025,25890725,3778508,35795621,12961548,3498313
FIN004557,3172015911812279,2024,4850672,456036,8824050,5863109,445773
FIN004558,3172015911812279,2025,5760840,651799,6795883,2594409,746667
FIN004559,3171011402772280,2024,17946397,1399861,22423565,11438592,1819832
FIN004560,3171011402772280,2025,19178172,1423261,34410315,7899277,1970023
FIN004561,3671010506652281,2024,55328739,4059814,68804108,44402054,5632830
FIN004562,3671010506652281,2025,65555408,3854233,102340067,34014345,4170360
FIN004563,3671012508702282,2024,25725903,2528698,33034960,15679873,3055511
FIN004564,3671012508702282,2025,26974700,2660630,34615985,10241224,2132315
FIN004565,3671010107692283,2024,10621231,759977,19947754,9817514,612985
FIN004566,3671010107692283,2025,13700009,1026186,26958886,6031673,1319140
FIN004567,3674016309792284,2024,14719270,2866237,18294945,10246038,3292575
FIN004568,3674016309792284,2025,14358153,2354455,27013640,7136488,2502744
FIN004569,3671011102852285,2024,24461453,1747020,29043106,17540686,1484312
FIN004570,3671011102852285,2025,23021098,1619554,29267771,15576010,2175615
FIN004571,3674014610002286,2024,8878461,1138820,15671060,3624172,1241910
FIN004572,3674014610002286,2025,11400807,1770433,15154651,8202971,2351698
FIN004573,3173016207792287,2024,17529850,2998197,26464759,17495852,3432242
FIN004574,3173016207792287,2025,20498391,2953153,22916573,13834263,2526961
FIN004575,3275015809022288,2024,9475866,1834455,17814839,4239890,2406422
FIN004576,3275015809022288,2025,13816411,2482619,19137056,11992817,2020800
FIN004577,3175016411722289,2024,24949522,276631,45136776,22334983,246342
FIN004578,3175016411722289,2025,33370600,356343,54536242,11521963,447954
FIN004579,3276016511922290,2024,30365660,3832643,47135112,21853761,5214743
FIN004580,3276016511922290,2025,37003702,5833214,42778186,29927559,7419930
FIN004581,3671016806002291,2024,45369346,6124029,81187922,22540780,8030994
FIN004582,3671016806002291,2025,44389022,6443828,81091665,33164844,6494019
FIN004583,3171011801762292,2024,17856198,2578748,26562558,7924187,3574086
FIN004584,3171011801762292,2025,11722730,1441075,22661007,13906991,1516792
FIN004585,3271012107692293,2024,11336899,1174671,17332126,10526756,1473285
FIN004586,3271012107692293,2025,11581715,1211098,22757705,7807826,1481675
FIN004587,3174010511752294,2024,10314994,362290,13001889,6842627,360698
FIN004588,3174010511752294,2025,13389365,475609,21252129,13204505,441439
FIN004589,3173011610962295,2024,21022441,4378675,33423462,11709570,5589543
FIN004590,3173011610962295,2025,23124582,4780165,30539115,16618542,6062925
FIN004591,3175011704802296,2024,16643444,1581809,27842605,6739400,1286031
FIN004592,3175011704802296,2025,18882114,1618833,26851295,7311927,1790027
FIN004593,3671012510862297,2024,13064655,2312839,17880618,6943484,2981629
FIN004594,3671012510862297,2025,11604746,1989070,20168055,11171665,1945922
FIN004595,3172016412962298,2024,12633034,610921,20463895,7050810,527315
FIN004596,3172016412962298,2025,15743464,875552,29847526,8069439,1172748
FIN004597,3172014505932299,2024,24782008,2673484,47286974,26696086,3375895
FIN004598,3172014505932299,2025,24887884,2470274,35346618,16043196,2938923
FIN004599,3671011402972300,2024,8205744,814149,11952233,2787914,979310
FIN004600,3671011402972300,2025,11610282,1383047,19744988,13378761,1879957
FIN004601,3174014802792301,2024,11454865,1398108,14224148,7064995,1722776
FIN004602,3174014802792301,2025,10965552,1159630,18999464,11754177,935016
FIN004603,3671012801662302,2024,15043691,3077917,18424688,11120223,2723058
FIN004604,3671012801662302,2025,18775105,3569871,25229914,8073664,3924160
FIN004605,3671011310862303,2024,30332910,2984877,42743663,14024482,3341396
FIN004606,3671011310862303,2025,41636452,3951038,59574053,37516627,3928241
FIN004607,3173012010872304,2024,20647425,3573806,30643124,17931751,3716753
FIN004608,3173012010872304,2025,22502162,3596415,25795113,12884660,3558904
FIN004609,3175016702932305,2024,7945727,561523,12705418,4338946,741326
FIN004610,3175016702932305,2025,10303881,709978,14588727,6926730,668159
FIN004611,3173011001722306,2024,9694340,751182,14805007,3204726,670820
FIN004612,3173011001722306,2025,9896515,693651,14625030,3386761,605304
FIN004613,3271015810652307,2024,30424634,2353299,57877469,26860572,1994691
FIN004614,3271015810652307,2025,30989665,2175094,57957510,36998853,2778187
FIN004615,3271016809772308,2024,13053574,2287707,20794537,11258377,2652716
FIN004616,3271016809772308,2025,8669487,1498472,16582943,6553860,1994369
FIN004617,3671016802852309,2024,14990907,1753476,23809081,14376145,1740590
FIN004618,3671016802852309,2025,16482216,1947526,24228177,11515348,2203664
FIN004619,3271017010012310,2024,22086989,2120461,25988551,7388048,2592058
FIN004620,3271017010012310,2025,30621154,2932229,42580041,27244428,2592493
FIN004621,3174011601712311,2024,30249567,3129893,55711733,29976939,4184916
FIN004622,3174011601712311,2025,53865504,5122497,89510207,43279921,7124149
FIN004623,3171015706692312,2024,36620097,2817447,66314586,18559034,3809065
FIN004624,3171015706692312,2025,40407603,3132834,75096433,46427500,4295487
FIN004625,3671016607652313,2024,39307305,3983206,76726046,17914444,5464029
FIN004626,3671016607652313,2025,49057817,5193841,66974386,32054033,6142625
FIN004627,3175014904782314,2024,43654950,3570279,86182091,43081938,3556808
FIN004628,3175014904782314,2025,51716491,3845668,57020681,37611955,4887011
FIN004629,3671016301712315,2024,24701126,2363114,48611418,12890219,3128029
FIN004630,3671016301712315,2025,22081331,1819304,25935797,13332004,2082563
FIN004631,3174010605662316,2024,16485587,177463,29607542,6098930,150284
FIN004632,3174010605662316,2025,19941895,169711,22216815,13770411,144276
FIN004633,3275015908842317,2024,32908007,5686600,46084396,31577828,4714617
FIN004634,3275015908842317,2025,46768122,8348680,76094730,39536907,9895891
FIN004635,3671011301722318,2024,24869396,2906297,35398865,9702893,3758455
FIN004636,3671011301722318,2025,24318615,3139390,36907561,17023017,3333588
FIN004637,3171011511772319,2024,54277635,5881455,97420207,37617784,6927923
FIN004638,3171011511772319,2025,64798305,7194182,80807914,18289826,7112696
FIN004639,3671012101022320,2024,35656377,5081815,71147988,49762387,5909991
FIN004640,3671012101022320,2025,28085662,4110518,52673704,29939471,4807510
FIN004641,3671015402032321,2024,18436764,2040430,35036331,16599973,2397821
FIN004642,3671015402032321,2025,23867189,2438849,26598185,12441738,2006446
FIN004643,3275016308792322,2024,30504766,3213880,41921909,24606591,3494968
FIN004644,3275016308792322,2025,30524715,3271465,58403466,25764647,2924110
FIN004645,3276010604762323,2024,16137295,2590626,18602451,5590031,2770144
FIN004646,3276010604762323,2025,15891280,2074111,19857679,12991343,2332790
FIN004647,3174016811882324,2024,14013535,2206339,26240585,13870522,2663115
FIN004648,3174016811882324,2025,13979286,2382169,22185417,15431392,3183829
FIN004649,3174017010762325,2024,35919033,3891562,41189983,23799601,3117841
FIN004650,3174017010762325,2025,48687859,5162798,93136275,34477130,5935092
FIN004651,3671015808782326,2024,11824554,1040903,15184066,3584915,1104479
FIN004652,3671015808782326,2025,11057151,967574,17934769,5778625,1248802
FIN004653,3171016411982327,2024,23460820,3600857,43099539,13259477,4058847
FIN004654,3171016411982327,2025,23115552,3553884,31571192,6394532,4430094
FIN004655,3171011502792328,2024,22648232,1418755,42273964,15511920,1308618
FIN004656,3171011502792328,2025,18175163,1262415,32781904,16431340,1737229
FIN004657,3671015807002329,2024,48578780,5917947,64954147,23556965,6017043
FIN004658,3671015807002329,2025,57942579,7288743,68078918,33303210,7979669
FIN004659,3271012303992330,2024,7192540,992368,10587553,4496919,1119570
FIN004660,3271012303992330,2025,6587679,846999,9528239,2587631,1075581
FIN004661,3271016403662331,2024,15643246,1714737,24512672,16375987,1634296
FIN004662,3271016403662331,2025,12396947,1396203,20295731,5603579,1853213
FIN004663,3671012108822332,2024,20989611,2752831,23600793,14693498,2541586
FIN004664,3671012108822332,2025,20917238,2867500,25010533,10909899,3892743
FIN004665,3674012309802333,2024,17462021,1831536,31969596,18926810,1899713
FIN004666,3674012309802333,2025,18050985,1773918,29134425,7615148,2344612
FIN004667,3671012111932334,2024,48266874,5285722,71570731,40232979,5390029
FIN004668,3671012111932334,2025,53243386,7025261,65724952,17020890,5946462
FIN004669,3174014808772335,2024,11221618,1463859,21382434,13158096,1409734
FIN004670,3174014808772335,2025,11145672,1201714,19604118,9791924,1109992
FIN004671,3275016102942336,2024,19638721,2859618,22907111,4984201,3069752
FIN004672,3275016102942336,2025,21701600,2557899,42998195,26057354,2743205
FIN004673,3173015901792337,2024,13100363,530704,19296684,9810949,484880
FIN004674,3173015901792337,2025,14126317,547157,23744758,10284296,490883
FIN004675,3671013004022338,2024,7998610,658144,15736281,10772654,890931
FIN004676,3671013004022338,2025,12624069,1038927,18724026,10014007,1307025
FIN004677,3674017101852339,2024,36164736,3427203,47539282,12719127,3408700
FIN004678,3674017101852339,2025,49458488,4527727,55661326,17445119,6218201
FIN004679,3172016011692340,2024,26775380,2923677,40540063,14544900,3995663
FIN004680,3172016011692340,2025,32911026,2947091,50325525,20594169,4011353
FIN004681,3671014504822341,2024,17224362,2840626,28487514,18735076,2920653
FIN004682,3671014504822341,2025,24832157,3985724,27675529,13602159,3516155
FIN004683,3276016306902342,2024,22434982,2549073,40673459,9326522,2861184
FIN004684,3276016306902342,2025,17789490,1872953,28746339,14856010,1702985
FIN004685,3671011012022343,2024,11137693,2041243,18637556,12294533,2253774
FIN004686,3671011012022343,2025,15845125,3026850,26552342,12409217,3628164
FIN004687,3171010804772344,2024,11032154,1269817,21585608,13460793,1755346
FIN004688,3171010804772344,2025,13279541,1600837,21018425,8826620,1642738
FIN004689,3671014606862345,2024,32831392,1810287,49958516,19157342,1676405
FIN004690,3671014606862345,2025,35486314,1991074,41574832,26076158,2578286
FIN004691,3276012308812346,2024,40516394,6689101,74104249,26486973,7893345
FIN004692,3276012308812346,2025,44306294,6867675,63638885,40075744,8065719
FIN004693,3171015911912347,2024,10486076,1525510,20693405,12745856,1465357
FIN004694,3171015911912347,2025,12541878,1761544,15709959,5044483,1660517
FIN004695,3671014910792348,2024,15178259,1608513,16718509,7033071,1761597
FIN004696,3671014910792348,2025,16062371,1730018,25219978,6616934,1826706
FIN004697,3671012409682349,2024,30404626,2438347,35774205,16867430,3224923
FIN004698,3671012409682349,2025,31711293,2639460,40671661,18976694,2742601
FIN004699,3671014204712350,2024,35297854,4667125,56729405,14729496,5532228
FIN004700,3671014204712350,2025,34074887,3355481,37680704,10911325,3229843
FIN004701,3671015304992351,2024,15596385,150063,26562608,8610761,176576
FIN004702,3671015304992351,2025,12323197,140114,18787896,8559743,173317
FIN004703,3276010603932352,2024,25969497,2983966,40457778,27338869,2553684
FIN004704,3276010603932352,2025,23037178,2589979,38132009,19445308,2164757
FIN004705,3671010804712353,2024,9727537,1486873,17932446,7935411,1424092
FIN004706,3671010804712353,2025,9226741,1452267,12337846,6196324,1621078
FIN004707,3671014103022354,2024,33503388,3803553,37049039,12936388,3615383
FIN004708,3671014103022354,2025,36829803,4291034,56941694,30470958,3926868
FIN004709,3175012501932355,2024,54347640,3676299,65213301,37699942,3470567
FIN004710,3175012501932355,2025,65388324,4659619,86503402,19196171,5765785
FIN004711,3671011807942356,2024,9368816,2165534,17443330,8882689,2910632
FIN004712,3671011807942356,2025,9808598,1961565,18587508,8750393,2559795
FIN004713,3173016802912357,2024,14955805,1612108,22736737,15229274,1561485
FIN004714,3173016802912357,2025,19642081,1962436,28874279,17210659,2200648
FIN004715,3671014502992358,2024,19407822,2001623,29907787,14268120,1665989
FIN004716,3671014502992358,2025,24282903,2620280,34049972,17880437,3108111
FIN004717,3174011102842359,2024,12607056,1316380,14149721,6702461,1368464
FIN004718,3174011102842359,2025,18084065,1847146,24829468,11075675,2455051
FIN004719,3671014108992360,2024,11288928,2039418,21515019,9463340,2291506
FIN004720,3671014108992360,2025,13809530,2663220,24570545,10234383,2618365
FIN004721,3671015709652361,2024,10548251,983628,19636403,7425707,1080320
FIN004722,3671015709652361,2025,11917837,1098604,16114791,5437418,1225749
FIN004723,3171015507732362,2024,64197026,6578075,82799203,40375309,5836244
FIN004724,3171015507732362,2025,79837287,6451244,142858613,42834734,8060189
FIN004725,3671014501862363,2024,14353977,1728440,18044521,4863657,2419460
FIN004726,3671014501862363,2025,8912460,1077971,16260179,6027527,1265296
FIN004727,3671014706762364,2024,7336265,973770,9342721,5949368,1054334
FIN004728,3671014706762364,2025,8932249,1401864,10022051,4446366,1483893
FIN004729,3671016908712365,2024,10042577,1523949,14442088,5069112,1708437
FIN004730,3671016908712365,2025,13120332,2030964,19724043,7106321,2696999
FIN004731,3174011205892366,2024,40121490,2224667,67490956,25846441,2176447
FIN004732,3174011205892366,2025,53752208,2939467,82830042,41140355,3403255
FIN004733,3171010911002367,2024,31172587,8853894,36244114,21548476,10495859
FIN004734,3171010911002367,2025,35283844,9506890,48075467,27561971,9217913
FIN004735,3271010906892368,2024,22910806,3550945,36426704,14817786,3359664
FIN004736,3271010906892368,2025,30578757,3756815,34982268,14316766,3219448
FIN004737,3172013001862369,2024,18196072,4560414,27978244,14894730,6007274
FIN004738,3172013001862369,2025,19737558,4497870,33937054,17961284,5316021
FIN004739,3275011701722370,2024,14504100,2217965,21073247,11113643,2105085
FIN004740,3275011701722370,2025,20893080,3140255,39537104,22960631,3437494
FIN004741,3671010611962371,2024,28007490,3711763,51908115,14627610,3865030
FIN004742,3671010611962371,2025,36530477,3802362,47556642,21423612,3866392
FIN004743,3171011606792372,2024,40018025,3332084,63125350,17049462,4338798
FIN004744,3171011606792372,2025,34003041,3075305,44186666,25181028,4026156
FIN004745,3276014610902373,2024,88129139,9793697,166429519,59184397,9171386
FIN004746,3276014610902373,2025,86321831,8783359,102421875,32435503,7905498
FIN004747,3674015806922374,2024,12881869,1040448,19829078,12515052,1291581
FIN004748,3674015806922374,2025,12808317,996057,17632933,10861554,844380
FIN004749,3275014611652375,2024,12850796,1850738,15044134,5562560,2011667
FIN004750,3275014611652375,2025,15256549,2545411,17190467,4563062,2663621
FIN004751,3275016406692376,2024,20694333,2852916,34797217,15934044,2695094
FIN004752,3275016406692376,2025,13429395,1498560,19150862,11018696,1932547
FIN004753,3671010804782377,2024,26743303,1378903,40571929,23676368,1575299
FIN004754,3671010804782377,2025,27342574,1535443,30520184,14704034,1849938
FIN004755,3671016506702378,2024,13791952,1122989,26146372,10642800,1241044
FIN004756,3671016506702378,2025,16198263,1330062,30571990,18337804,1287587
FIN004757,3671011606852379,2024,24971142,1645005,34617368,22475846,1663475
FIN004758,3671011606852379,2025,32703242,2525912,39257269,18282101,2540372
FIN004759,3276016309912380,2024,14349360,1350949,19739610,10400465,1400182
FIN004760,3276016309912380,2025,17279330,1283029,25659801,12520196,1256627
FIN004761,3674014208962381,2024,20760162,3544895,23297792,4755786,3478186
FIN004762,3674014208962381,2025,25849512,4156764,36634365,21424888,4096201
FIN004763,3275011309962382,2024,12548679,1538512,20147937,12764280,1536029
FIN004764,3275011309962382,2025,16074352,1691504,28491027,6535754,1783707
FIN004765,3671016208942383,2024,48977106,519347,57988196,27448488,484023
FIN004766,3671016208942383,2025,43720347,392231,82619524,57721585,542345
FIN004767,3671015910692384,2024,7718509,795545,10934464,2374767,783205
FIN004768,3671015910692384,2025,9204745,889631,17936499,7620267,891090
FIN004769,3275010812682385,2024,9911123,980326,19234585,10245963,1165400
FIN004770,3275010812682385,2025,12311032,944764,16654990,10508710,961572
FIN004771,3171013112812386,2024,47256530,4478390,88133925,20686311,5439654
FIN004772,3171013112812386,2025,64024867,5390221,115949755,55204723,6109942
FIN004773,3671012604652387,2024,31749105,847407,62016164,19916216,985669
FIN004774,3671012604652387,2025,34027372,849722,56099504,27046518,730851
FIN004775,3671012103962388,2024,20563565,1946094,35012994,22658647,1791174
FIN004776,3671012103962388,2025,23954572,2821219,31562478,6791912,3139112
FIN004777,3671012912872389,2024,11496675,1179188,14553454,8029548,1376424
FIN004778,3671012912872389,2025,14322685,1862912,19923918,6120532,2223282
FIN004779,3174010402862390,2024,12583536,1564138,24153127,12202109,1450952
FIN004780,3174010402862390,2025,14221856,2138506,19138485,12425505,2499383
FIN004781,3275015702032391,2024,5638227,501316,7667219,1814550,575445
FIN004782,3275015702032391,2025,6352106,590522,7595954,3280897,500396
FIN004783,3674014104022392,2024,14756220,1880871,19568583,8556489,2557908
FIN004784,3674014104022392,2025,16216905,2152371,29206527,17380676,2785335
FIN004785,3671014206922393,2024,26040943,3500102,33280750,15030638,3060656
FIN004786,3671014206922393,2025,30626270,4075269,36379695,16431853,4389015
FIN004787,3276016102952394,2024,5444589,352684,8903225,3819693,359374
FIN004788,3276016102952394,2025,5932872,316406,11630256,4667848,332190
FIN004789,3173012309022395,2024,20933370,1302807,31979678,19563943,1706745
FIN004790,3173012309022395,2025,18931967,1140831,25273036,5500217,1010746
FIN004791,3174012501872396,2024,12510060,2076027,16507930,4564739,2810601
FIN004792,3174012501872396,2025,16680202,2689494,29486703,7281813,2817179
FIN004793,3173014302912397,2024,22096861,247677,39025416,26620275,205017
FIN004794,3173014302912397,2025,22486327,232666,37489103,7995359,296009
FIN004795,3173014309752398,2024,13382969,798819,22112930,10180580,870685
FIN004796,3173014309752398,2025,16254995,1081373,24028364,10535167,1058246
FIN004797,3175011708862399,2024,35970734,4175214,50513924,13764736,4319321
FIN004798,3175011708862399,2025,35137270,4900415,67392021,41770048,5387582
FIN004799,3674015811662400,2024,24446643,1846202,41166245,13887782,2495521
FIN004800,3674015811662400,2025,28827907,2111108,47206384,28691033,1776596
FIN004801,3271014911002401,2024,25383426,2066316,35817565,7364698,2074531
FIN004802,3271014911002401,2025,21583190,1847376,38874175,13960718,1724469
FIN004803,3671012110022402,2024,79534853,11203755,123848848,50943311,11826425
FIN004804,3671012110022402,2025,80599479,11760049,96119175,38218225,16240967
FIN004805,3671011105812403,2024,10817581,647686,17205323,6600897,742990
FIN004806,3671011105812403,2025,11814814,838187,15609827,7527901,907585
FIN004807,3271015801912404,2024,19341336,3204373,33337938,22930834,2854324
FIN004808,3271015801912404,2025,19389085,3545673,33913230,14520594,3397244
FIN004809,3671014708002405,2024,10964409,768111,20040733,12904601,617079
FIN004810,3671014708002405,2025,13054681,1141985,19317368,4791446,1224147
FIN004811,3174016204882406,2024,40237855,3395154,57269643,17978203,3116376
FIN004812,3174016204882406,2025,42312680,3653483,81186195,18527708,3458150
FIN004813,3171014410952407,2024,16054956,1223879,20294248,6835652,1252843
FIN004814,3171014410952407,2025,18433801,1515375,28562058,18968574,2115478
FIN004815,3671015305842408,2024,10497327,1015822,12239520,8207751,1384186
FIN004816,3671015305842408,2025,11746092,964302,21227195,10416883,791055
FIN004817,3671010407852409,2024,10566932,1430786,12187106,4425506,1470586
FIN004818,3671010407852409,2025,9943846,1386508,14257756,4676521,1624736
FIN004819,3671012105912410,2024,16210011,911615,28501983,13949160,825877
FIN004820,3671012105912410,2025,19416698,1250774,29200828,16711077,1399823
FIN004821,3171011010722411,2024,15697378,1054841,29184315,17778750,1071271
FIN004822,3171011010722411,2025,20290042,1643676,37457170,10185619,2286094
FIN004823,3173015812992412,2024,22543373,3303730,42954900,24469944,3802030
FIN004824,3173015812992412,2025,26795617,4332034,34554491,11133016,5883194
FIN004825,3174011512822413,2024,15573399,1425530,30547149,14567443,1665341
FIN004826,3174011512822413,2025,21652438,2369953,31238790,10119202,2708011
FIN004827,3674012607962414,2024,26864575,2247267,47091260,10223605,2509132
FIN004828,3674012607962414,2025,23844814,2137266,29467853,19016590,2659453
FIN004829,3275014501942415,2024,16054564,1074640,22320854,9573146,920205
FIN004830,3275014501942415,2025,22733971,1739661,29913867,17567785,1392218
FIN004831,3271011901862416,2024,23020798,3310309,40603629,15522358,2971174
FIN004832,3271011901862416,2025,27645549,3343584,44058703,15243043,3101554
FIN004833,3674015410992417,2024,25206743,1949968,47188333,17933578,1930194
FIN004834,3674015410992417,2025,31554299,2515386,48481549,14631310,2824045
FIN004835,3172011202712418,2024,22786303,3817792,39503110,13156195,4904369
FIN004836,3172011202712418,2025,31209232,4632982,61479336,25623763,4634824
FIN004837,3275011512932419,2024,33988789,2625607,37543269,10982197,2182416
FIN004838,3275011512932419,2025,40082111,3129101,46245708,32000321,3971298
FIN004839,3671015207932420,2024,17536898,1556314,29503611,18019568,1884139
FIN004840,3671015207932420,2025,24451406,1947755,27853502,13507624,1787760
FIN004841,3276012609812421,2024,8892100,1338621,13952901,9364767,1245814
FIN004842,3276012609812421,2025,13244476,2024621,23758849,13559671,2093645
FIN004843,3174012102862422,2024,29380059,5049935,54049606,13462133,4718356
FIN004844,3174012102862422,2025,33892428,5770559,39887652,27839020,5701997
FIN004845,3671010207972423,2024,19335539,2211575,34339700,23125989,2615123
FIN004846,3671010207972423,2025,24202311,2322316,38426286,10487969,2324457
FIN004847,3276016701942424,2024,31513004,5543522,56118970,22526786,6981216
FIN004848,3276016701942424,2025,44768996,7296722,72887317,17264919,8200126
FIN004849,3275012707012425,2024,17709582,2472897,20885122,4743524,3161902
FIN004850,3275012707012425,2025,23622692,2807378,47222369,12455109,3551565
FIN004851,3271015205902426,2024,23470045,3518359,45934116,31123921,4778168
FIN004852,3271015205902426,2025,24405545,3369466,28153968,7077767,2982402
FIN004853,3674012501772427,2024,37088647,5110995,49649367,15341849,5115502
FIN004854,3674012501772427,2025,45952212,5564853,66545857,40909102,7438507
FIN004855,3175015610712428,2024,53440889,8919253,71444646,49913353,8533754
FIN004856,3175015610712428,2025,76528291,13958420,110719529,60245731,13976538
FIN004857,3671015010842429,2024,21911905,1558870,30026356,10063106,1836389
FIN004858,3671015010842429,2025,24838687,1881686,38693707,23227590,1670783
FIN004859,3674014601822430,2024,8783997,383939,11036302,6018275,421429
FIN004860,3674014601822430,2025,9927400,413291,13282512,7458480,411838
FIN004861,3671015911002431,2024,14041649,1532431,24091723,14524458,1734107
FIN004862,3671015911002431,2025,20414810,2435245,22741479,14857945,2981198
FIN004863,3671010109722432,2024,51364601,5459761,98852886,27947178,6226109
FIN004864,3671010109722432,2025,58457129,5950547,66143148,34338472,5667406
FIN004865,3671011905742433,2024,9813433,1119369,18926605,5978787,1333221
FIN004866,3671011905742433,2025,9506526,1092627,17260234,4069210,1357650
FIN004867,3174011406962434,2024,8694322,83456,12709731,2575787,68074
FIN004868,3174011406962434,2025,8432112,91756,10895440,5487474,109373
FIN004869,3171010501812435,2024,31925708,6062863,54213897,20409769,6147633
FIN004870,3171010501812435,2025,46122745,6782995,91904494,59313580,5601677
FIN004871,3174014401722436,2024,59722759,3485911,92879328,63517550,3812781
FIN004872,3174014401722436,2025,76058744,3851585,84284794,53407093,3994809
FIN004873,3276012611012437,2024,29763786,4452084,48587353,12180134,4574843
FIN004874,3276012611012437,2025,37519893,6420157,72537262,50565774,7101524
FIN004875,3671015701852438,2024,14707956,2928324,29230467,18675241,3434040
FIN004876,3671015701852438,2025,15926042,3210788,31619062,13834589,3153837
FIN004877,3174014610762439,2024,27785771,1517655,42562859,27384012,1585932
FIN004878,3174014610762439,2025,25558706,1475786,37507801,21053775,1217255
FIN004879,3671014501842440,2024,19721516,1775888,32587467,16909983,1597289
FIN004880,3671014501842440,2025,21934904,1897566,31589124,8063050,1663858
FIN004881,3271014101882441,2024,24951284,2522455,33770250,10543988,2843853
FIN004882,3271014101882441,2025,28559969,2708100,50501099,25420484,2791777
FIN004883,3671010401922442,2024,11000803,444075,19111645,6491802,553206
FIN004884,3671010401922442,2025,12742785,453143,14567754,7411608,426107
FIN004885,3271010105002443,2024,13784023,1678111,23316002,6902645,2170931
FIN004886,3271010105002443,2025,8479376,987198,13589715,4111759,982596
FIN004887,3171015506962444,2024,44099168,2749364,57379265,16644285,3053229
FIN004888,3171015506962444,2025,32846208,2055978,51010027,34670864,1879603
FIN004889,3275016211702445,2024,39762533,6438635,68330987,38533810,6339249
FIN004890,3275016211702445,2025,58432242,8684288,66521296,25247537,11197814
FIN004891,3276014210772446,2024,9664091,1451174,15272211,6501475,1355141
FIN004892,3276014210772446,2025,10259122,1775878,19680433,11291711,1471924
FIN004893,3173010506892447,2024,16233245,3072201,31885618,14819963,3253609
FIN004894,3173010506892447,2025,15530526,3030514,30373968,12869387,2638581
FIN004895,3671015501882448,2024,37990649,7051913,60440051,15282242,8817454
FIN004896,3671015501882448,2025,30618489,4897866,44930171,26410949,4231129
FIN004897,3671011003802449,2024,5327556,573523,7404154,2081203,507125
FIN004898,3671011003802449,2025,6825985,696383,12951992,6042608,753247
FIN004899,3674014906912450,2024,15912761,2939324,20328171,12223974,2450304
FIN004900,3674014906912450,2025,14543823,2197471,27682555,7045326,2081740
FIN004901,3171010209022451,2024,21110256,3065317,30727979,11856041,3439590
FIN004902,3171010209022451,2025,21514731,3347992,42734284,15299524,4077261
FIN004903,3173011302822452,2024,8331947,76487,10460861,7178199,86014
FIN004904,3173011302822452,2025,10254658,101340,17201328,5362106,131052
FIN004905,3671012102982453,2024,23297550,2787533,31511846,11147723,2246436
FIN004906,3671012102982453,2025,18560388,1915619,30453361,17029152,2161088
FIN004907,3671017103832454,2024,10683047,1678188,12822988,7561642,1826799
FIN004908,3671017103832454,2025,9893163,1437877,10963916,5769628,1865503
FIN004909,3674015310722455,2024,28646133,3410084,37166162,8898287,3692669
FIN004910,3674015310722455,2025,39263807,5252137,45287339,31454207,7185949
FIN004911,3674011810742456,2024,48956476,6056624,71678433,34824625,8030682
FIN004912,3674011810742456,2025,61608577,8531027,114239469,33111264,9853699
FIN004913,3175011611662457,2024,11241238,920854,22263611,6787423,1080321
FIN004914,3175011611662457,2025,6348636,476339,12105869,6683055,595328
FIN004915,3671016502782458,2024,18416216,2337581,21118160,13794004,2697187
FIN004916,3671016502782458,2025,21125128,2868045,32844659,13033142,3161539
FIN004917,3276014109882459,2024,15017870,1351884,20796501,13103099,1707523
FIN004918,3276014109882459,2025,14003696,1387937,18241289,5376800,1315703
FIN004919,3171016905732460,2024,9874525,91344,14930143,4362449,87815
FIN004920,3171016905732460,2025,10183151,94522,17865394,7668677,110508
FIN004921,3671016104662461,2024,14541285,1121749,20423936,11984649,1051027
FIN004922,3671016104662461,2025,16871070,1478223,24633629,13691799,1751501
FIN004923,3173010507832462,2024,33998271,6298887,42893375,19719000,5269109
FIN004924,3173010507832462,2025,40424598,6732964,66783567,29401113,7430923
FIN004925,3671011502962463,2024,36992428,5291601,68460558,14672056,5119051
FIN004926,3671011502962463,2025,36613272,5030717,64683585,28549564,4635739
FIN004927,3671011805792464,2024,8934328,632653,17404801,7839718,613707
FIN004928,3671011805792464,2025,11562989,872230,15388735,6034961,766235
FIN004929,3674016507852465,2024,37659123,6928123,59482102,30398349,7073274
FIN004930,3674016507852465,2025,46347892,8518049,80081975,23458856,8242602
FIN004931,3671014310852466,2024,26029170,1181730,32351427,9065412,1133897
FIN004932,3671014310852466,2025,29255629,1593713,56886463,39702731,1313488
FIN004933,3276015711952467,2024,7450211,803297,13927175,7658119,731362
FIN004934,3276015711952467,2025,9059515,1180910,14028174,7783614,1043803
FIN004935,3671014101932468,2024,9721554,1065780,12328304,6407438,1264486
FIN004936,3671014101932468,2025,13871108,1453133,16123985,4566725,1402733
FIN004937,3275010501682469,2024,31201138,3567634,56022150,33274721,3156513
FIN004938,3275010501682469,2025,29596143,3149555,47819523,17463835,2770599
FIN004939,3171013103862470,2024,4012752,313974,5512018,1928347,269489
FIN004940,3171013103862470,2025,3389398,304457,4687230,1343564,393102
FIN004941,3671016508952471,2024,19709218,3881365,30774853,20133696,3496991
FIN004942,3671016508952471,2025,21831026,3920495,38686380,22107363,5299676
FIN004943,3175012111932472,2024,12899000,1463581,24691160,15564215,1500558
FIN004944,3175012111932472,2025,14350623,1475575,23292521,7787853,1984880
FIN004945,3671012502912473,2024,8738699,814627,11442932,3473174,1087769
FIN004946,3671012502912473,2025,10565545,1046845,18913373,10978180,1318590
FIN004947,3275011511682474,2024,6505397,67094,9940506,3463953,88342
FIN004948,3275011511682474,2025,6499402,70910,9429810,2426604,56935
FIN004949,3172017105992475,2024,9876073,424218,15033052,8064107,456699
FIN004950,3172017105992475,2025,12347612,532868,21221466,11058065,615665
FIN004951,3174010610712476,2024,38831377,4996457,63568712,23414325,5741001
FIN004952,3174010610712476,2025,41551745,5069938,55437112,23202224,6250262
FIN004953,3671012102902477,2024,28080587,3175502,32236010,18930385,3581728
FIN004954,3671012102902477,2025,28773720,3593793,41494894,26133907,3055528
FIN004955,3171014204702478,2024,12523137,1107668,23315591,7354441,1117774
FIN004956,3171014204702478,2025,15806177,1328230,30848043,10630965,1370475
FIN004957,3671012203692479,2024,19823812,1655862,34582150,12013186,2002151
FIN004958,3671012203692479,2025,20487658,1679510,30576465,14703789,1562773
FIN004959,3671016712952480,2024,40865665,787717,71434448,48480888,1026492
FIN004960,3671016712952480,2025,57842639,1191293,92650074,25208857,1407268
FIN004961,3171011101662481,2024,15359470,2243186,30420788,20130129,2594370
FIN004962,3171011101662481,2025,16943488,2134480,23766821,7522325,2310169
FIN004963,3674016206802482,2024,12846569,1558917,20479730,11025597,1618123
FIN004964,3674016206802482,2025,15726424,2369333,22380544,9960850,2729713
FIN004965,3276011204702483,2024,26654503,4095047,43428077,9297171,5155034
FIN004966,3276011204702483,2025,29437523,4346127,34520188,8950769,4731698
FIN004967,3275014706732484,2024,27007694,5090241,49534470,25529660,5029246
FIN004968,3275014706732484,2025,31193226,5774331,52818678,25161902,6353924
FIN004969,3674015610912485,2024,25525377,2589577,48503169,12204372,2461737
FIN004970,3674015610912485,2025,29708710,3719594,51088228,20132027,4843140
FIN004971,3175011606882486,2024,12510148,1983955,17511127,10644475,2517550
FIN004972,3175011606882486,2025,10651801,1485155,12710653,7758510,1512881
FIN004973,3175010109742487,2024,11206741,1545269,12711080,6104548,1885092
FIN004974,3175010109742487,2025,14672711,2298669,20624254,7851969,2045330
FIN004975,3275011809022488,2024,18123309,1281395,34464769,9788021,1365267
FIN004976,3275011809022488,2025,24213138,1815984,32568097,10858954,1567850
FIN004977,3171016710922489,2024,19179549,3849754,30938388,14516295,3425027
FIN004978,3171016710922489,2025,23281379,4694786,36960511,13963341,5467032
FIN004979,3671016907892490,2024,28878470,2099097,32024948,14794260,2925163
FIN004980,3671016907892490,2025,40916627,3395917,45445741,16294704,3668781
FIN004981,3173011506762491,2024,9425402,1594053,18047576,4393886,1569043
FIN004982,3173011506762491,2025,11750679,2382828,19100575,9458048,2249204
FIN004983,3173015105752492,2024,21697604,3898714,39698278,11410421,4292767
FIN004984,3173015105752492,2025,23352107,3722188,28941693,7573989,3080035
FIN004985,3671016707862493,2024,35668731,7881951,62182027,30592209,10478184
FIN004986,3671016707862493,2025,44968381,11491231,50231564,30386325,9380035
FIN004987,3271010711002494,2024,9945581,887074,12285415,5551668,1138960
FIN004988,3271010711002494,2025,8059122,936744,13823046,3364674,1306577
FIN004989,3173014703892495,2024,14967822,1971497,29549056,17746099,1887295
FIN004990,3173014703892495,2025,21434179,2471868,26901563,11493743,2553782
FIN004991,3173013007982496,2024,42094288,4069133,76516926,44288044,4215569
FIN004992,3173013007982496,2025,41152126,4224947,78001423,22693599,4285485
FIN004993,3271014502032497,2024,25485681,1965137,44607657,15826570,2741389
FIN004994,3271014502032497,2025,36155132,2957551,50693772,20771045,3834742
FIN004995,3671014604952498,2024,21322250,2482064,35127398,7106612,2842780
FIN004996,3671014604952498,2025,28670614,2982603,36518116,25517734,3526355
FIN004997,3171011206882499,2024,35959289,1230606,54796402,38102293,1246238
FIN004998,3171011206882499,2025,37991794,1487032,72975756,30996856,2032756
FIN004999,3172012906812500,2024,14239993,2020235,16759258,10866911,2209629
FIN005000,3172012906812500,2025,17572866,2322587,24083011,12589625,1895804
FIN005001,3671012603832501,2024,46372276,7116967,52567777,26387702,8172955
FIN005002,3671012603832501,2025,38740277,5869672,66933849,28601504,5944293
FIN005003,3671011803902502,2024,10578391,1306996,21090149,6121437,1191562
FIN005004,3671011803902502,2025,11850441,1720988,20050013,9220389,1446775
FIN005005,3271014311962503,2024,11530738,113166,23007880,15806308,96385
FIN005006,3271014311962503,2025,8431234,75930,16419398,5902764,88605
FIN005007,3276016106022504,2024,26800084,4154226,49453346,28589970,3426651
FIN005008,3276016106022504,2025,29268714,5938967,54770896,18486429,5036741
FIN005009,3174011208832505,2024,35586305,637003,50515880,35208287,845338
FIN005010,3174011208832505,2025,38056866,751298,69551694,24908947,878362
FIN005011,3175017003952506,2024,18119954,3073986,29950302,15205148,2534986
FIN005012,3175017003952506,2025,19120595,3331994,34388959,7504905,3886597
FIN005013,3174012201692507,2024,31747587,3564570,47821197,22152090,2910138
FIN005014,3174012201692507,2025,39730898,4557763,72218784,44860488,4548676
FIN005015,3171014211662508,2024,12924500,1165831,22719691,9171045,1623142
FIN005016,3171014211662508,2025,17682422,1805809,21807129,6235362,1474233
FIN005017,3671012201792509,2024,15011779,1352245,23826142,15418320,1285063
FIN005018,3671012201792509,2025,22042368,1666428,41720028,18593818,1923219
FIN005019,3671016709902510,2024,7187935,1166674,12398682,3392761,1430782
FIN005020,3671016709902510,2025,10760349,1522804,15133099,9317047,1773565
FIN005021,3174016904802511,2024,22570345,4406899,40662836,8264187,3552672
FIN005022,3174016904802511,2025,28226169,4305586,52660223,30286129,5097229
FIN005023,3173012308972512,2024,14102056,2494636,24656101,16459161,3117802
FIN005024,3173012308972512,2025,18412574,3788972,24183841,9060299,4185460
FIN005025,3174015802912513,2024,4726674,834641,5839576,1431140,823565
FIN005026,3174015802912513,2025,3403908,576843,6175058,2418390,568922
FIN005027,3671015311962514,2024,24860220,1845028,34144692,18371943,1618776
FIN005028,3671015311962514,2025,26033968,2077358,41023687,14914303,2209778
FIN005029,3275015705932515,2024,50008490,4368841,80895922,36378076,3705874
FIN005030,3275015705932515,2025,55833398,4840600,72849746,29768862,4854102
FIN005031,3674012508902516,2024,25528054,4501551,42317487,23843602,3893666
FIN005032,3674012508902516,2025,24411033,4318171,31439620,9448978,5791489
FIN005033,3172016408742517,2024,52614448,11435480,78377334,26453317,15535364
FIN005034,3172016408742517,2025,45997063,11073184,53540763,16691899,12672593
FIN005035,3174012306732518,2024,9374302,1353618,12218147,5396034,1780127
FIN005036,3174012306732518,2025,9455523,1364209,15254467,9219759,1500921
FIN005037,3671015609982519,2024,6698420,1313953,12609263,5376276,1113634
FIN005038,3671015609982519,2025,6193361,937103,6976156,2660228,1020440
FIN005039,3671012201872520,2024,24902504,882006,29356950,9444658,993441
FIN005040,3671012201872520,2025,28194991,856163,56197071,23943686,1153093
FIN005041,3674015703792521,2024,9652331,791560,11754308,7603069,907088
FIN005042,3674015703792521,2025,8533793,637192,14462301,9639852,623174
FIN005043,3271011105872522,2024,18604525,750076,21732581,11735455,834487
FIN005044,3271011105872522,2025,17907657,733529,23721945,14714720,762016
FIN005045,3276012610822523,2024,9463681,865899,14283660,3893369,1010259
FIN005046,3276012610822523,2025,11961223,988021,17694129,10790861,1040162
FIN005047,3172014802972524,2024,34118862,5518571,41054099,18257011,6180904
FIN005048,3172014802972524,2025,37648270,5914248,73741960,35815920,8189059
FIN005049,3175015011852525,2024,6716121,882395,8427021,4550340,861644
FIN005050,3175015011852525,2025,8149686,1001670,15614138,4524182,1334212
FIN005051,3671015110672526,2024,52063465,6267257,87843926,32801825,6144642
FIN005052,3671015110672526,2025,44471351,4779580,54370323,32873642,4622780
FIN005053,3276015509712527,2024,27416368,5209614,33998113,21442584,4377041
FIN005054,3276015509712527,2025,34924868,5945716,41071638,11292035,7521046
FIN005055,3175014709982528,2024,8045561,653787,14724465,8894806,798714
FIN005056,3175014709982528,2025,9076191,902983,14809615,6556891,944598
FIN005057,3671012505712529,2024,10056425,541210,14265319,3626417,539602
FIN005058,3671012505712529,2025,14383492,712789,22660450,11446877,617804
FIN005059,3174011205932530,2024,46300998,2544188,58526589,17691653,2831153
FIN005060,3174011205932530,2025,55164044,3680506,101322221,27528407,4070463
FIN005061,3173011407692531,2024,17488946,3411792,19673839,10714524,3569060
FIN005062,3173011407692531,2025,15549461,2732645,20208992,4388076,3555811
FIN005063,3271016707782532,2024,23183393,1911432,34023701,19433416,1823599
FIN005064,3271016707782532,2025,27972529,3019466,46818927,14452823,3853344
FIN005065,3276017012962533,2024,12967810,1283701,25053002,5876191,1189890
FIN005066,3276017012962533,2025,12604905,1394491,19544662,4448155,1184451
FIN005067,3172011212892534,2024,63279220,8627833,107076310,48110370,9821040
FIN005068,3172011212892534,2025,74364637,10668625,133839426,42214793,9202100
FIN005069,3175011001662535,2024,12829564,1200184,21298760,8500661,1117104
FIN005070,3175011001662535,2025,13330354,1199102,15772755,7597087,1499127
FIN005071,3174016509702536,2024,26489326,4067012,34907301,11770099,4272553
FIN005072,3174016509702536,2025,30450600,4964912,45426652,14528227,6711064
FIN005073,3175014403872537,2024,12521704,3100762,22863865,5728691,3433025
FIN005074,3175014403872537,2025,13622530,2909237,19808511,5346447,2982558
FIN005075,3171010309882538,2024,31501902,3286678,40925805,10667684,4569769
FIN005076,3171010309882538,2025,25820710,2782878,42225080,15359453,2574173
FIN005077,3276015605952539,2024,10427752,598907,16116043,9085538,835211
FIN005078,3276015605952539,2025,13664320,843933,23194567,5984964,956519
FIN005079,3275014801742540,2024,14791506,1633305,22866043,8826512,1868710
FIN005080,3275014801742540,2025,15053183,1442957,27998947,12886690,1182200
FIN005081,3172010301872541,2024,19423743,2074705,31527428,18629925,2122195
FIN005082,3172010301872541,2025,22231206,2447557,30510008,10422272,3368770
FIN005083,3276012008952542,2024,21374123,1336811,28065596,10062635,1299317
FIN005084,3276012008952542,2025,24963155,1685943,36211497,13736854,1992839
FIN005085,3674010701772543,2024,3780366,262575,6682408,1563062,367554
FIN005086,3674010701772543,2025,4107449,320258,5317800,1590504,308802
FIN005087,3674011210822544,2024,52922715,3388960,93134503,45983179,3135392
FIN005088,3674011210822544,2025,62430476,4032634,118781705,42834163,4430296
FIN005089,3671011807922545,2024,22534620,2223352,33698758,20983569,1860683
FIN005090,3671011807922545,2025,22119071,2038093,32241840,10645742,1886394
FIN005091,3271010508992546,2024,28811492,4219422,41797971,13429943,5359632
FIN005092,3271010508992546,2025,26262645,3548375,29242227,18293136,3508338
FIN005093,3671014806762547,2024,22116169,1982967,24686207,14546726,2513543
FIN005094,3671014806762547,2025,30504481,2758889,59786087,40328412,2812135
FIN005095,3175011406822548,2024,35488391,2917108,58502372,38447241,2373624
FIN005096,3175011406822548,2025,36510623,3050272,60797318,17805425,3367700
FIN005097,3671015812842549,2024,16573758,3044023,26309862,16277142,4173525
FIN005098,3671015812842549,2025,19433074,3724614,33665102,12166671,3726233
FIN005099,3671010508672550,2024,33570153,1989920,57097967,37292762,1624167
FIN005100,3671010508672550,2025,33138578,2070306,63909432,27660995,2756361
FIN005101,3276016701812551,2024,7368204,1067216,11635327,5318167,1055456
FIN005102,3276016701812551,2025,6641932,944503,8909445,3366250,1112961
FIN005103,3172014904852552,2024,48207031,10337380,70899145,35249376,8860909
FIN005104,3172014904852552,2025,64196316,13016551,104475646,42950265,10545736
FIN005105,3175014905912553,2024,15488405,1710501,26577092,11266374,2290539
FIN005106,3175014905912553,2025,23044997,2882729,35877079,15281559,2360797
FIN005107,3173012108682554,2024,60611603,5613429,112561376,27808692,5575471
FIN005108,3173012108682554,2025,87991825,8700374,115459166,31018316,10239043
FIN005109,3275016208932555,2024,17134590,1842539,27503666,11209724,1988505
FIN005110,3275016208932555,2025,22720806,2850906,44469712,30299102,3833786
FIN005111,3674012101652556,2024,75320402,11837451,125600568,50367346,14349748
FIN005112,3674012101652556,2025,81157200,13333408,145129926,41409827,17135359
FIN005113,3174016605662557,2024,9911942,1346520,19472205,8920840,1274199
FIN005114,3174016605662557,2025,7924142,1125571,12369680,3735227,1003400
FIN005115,3671012510912558,2024,33364095,3171787,50856292,18484413,4332066
FIN005116,3671012510912558,2025,38940977,3989915,50764637,22291254,3559849
FIN005117,3275012710902559,2024,46581159,4920947,85328773,41077256,5325643
FIN005118,3275012710902559,2025,45272112,4663721,71665255,16983744,5968632
FIN005119,3172014707652560,2024,19984365,3737529,31969034,6828022,4030225
FIN005120,3172014707652560,2025,23490359,3725876,29942778,13989971,3997387
FIN005121,3172011612832561,2024,20063369,2052079,34454820,21875349,2066605
FIN005122,3172011612832561,2025,17277920,1682405,33231633,17981957,2346726
FIN005123,3671010911662562,2024,42302748,5338472,48164928,17857009,6786137
FIN005124,3671010911662562,2025,41240857,5399618,62399351,38932293,4893470
FIN005125,3271014704892563,2024,70098724,7574734,117800182,73031571,7531552
FIN005126,3271014704892563,2025,86259259,9675780,102081429,31775628,12231111
FIN005127,3173012107912564,2024,20221897,1697740,25050087,17235259,1753285
FIN005128,3173012107912564,2025,20783933,1548939,37344784,17959320,2088685
FIN005129,3172014309682565,2024,8226925,725078,10920009,4557611,824708
FIN005130,3172014309682565,2025,9772027,729113,11810069,7620102,933796
FIN005131,3671016001912566,2024,3937279,119735,7780904,2207878,141621
FIN005132,3671016001912566,2025,4132573,128572,4642174,2810805,163793
FIN005133,3671015012022567,2024,20415245,1626525,31178413,9619542,2055622
FIN005134,3671015012022567,2025,18514403,1566717,29353215,15864436,1748231
FIN005135,3174014312672568,2024,59001082,7857174,80732719,18541124,6706232
FIN005136,3174014312672568,2025,75153300,11917164,97143134,59969542,16583054
FIN005137,3671015005762569,2024,17061354,2223443,31604150,21455777,2518383
FIN005138,3671015005762569,2025,13657943,1764404,19126913,12997627,1589611
FIN005139,3671010304772570,2024,20468007,2461304,33391351,22094176,3366331
FIN005140,3671010304772570,2025,17275405,1846633,33572889,6726466,1690156
FIN005141,3173015602022571,2024,22233716,3005691,27810399,13169334,2834621
FIN005142,3173015602022571,2025,32569793,4257427,44805310,24085962,3466202
FIN005143,3173016707762572,2024,23057889,3534662,27710835,16488287,3753317
FIN005144,3173016707762572,2025,27385313,4373101,41713516,16976348,4845295
FIN005145,3674014305842573,2024,10652870,1033969,21115004,7349183,1212313
FIN005146,3674014305842573,2025,16091701,1876595,17758146,6062927,2100081
FIN005147,3276010601672574,2024,24472894,2552789,29253790,9505576,3189130
FIN005148,3276010601672574,2025,23612749,2261476,40112212,27535634,2144309
FIN005149,3275015701712575,2024,39512317,6494036,53233794,24444144,7782758
FIN005150,3275015701712575,2025,49827108,7609991,63426891,40450732,9808114
FIN005151,3175014910912576,2024,33072231,799284,47270100,22064954,898147
FIN005152,3175014910912576,2025,39118635,1017149,62192105,32219574,823304
FIN005153,3276012408022577,2024,18695067,2216667,36897051,20848047,3023356
FIN005154,3276012408022577,2025,16692287,1630530,25079206,9461326,1994651
FIN005155,3171015706792578,2024,60665174,5150198,77816357,52709470,4163540
FIN005156,3171015706792578,2025,69933932,5802483,97804421,57840646,6597682
FIN005157,3271010412912579,2024,11088781,1202802,18969132,7132704,1245641
FIN005158,3271010412912579,2025,11308078,1022767,14589242,9563745,931385
FIN005159,3671012910792580,2024,22815256,1457971,34643268,13083844,2039892
FIN005160,3671012910792580,2025,23420003,1400854,45672819,14819071,1754595
FIN005161,3175015310942581,2024,20674826,518515,26317524,10946067,627158
FIN005162,3175015310942581,2025,27229270,699984,47104029,23235241,561092
FIN005163,3671015907972582,2024,13492288,1385453,17202729,9611017,1468474
FIN005164,3671015907972582,2025,15293580,1228637,17280990,9620112,1089017
FIN005165,3674011907912583,2024,12335025,813915,22385732,4555285,1019278
FIN005166,3674011907912583,2025,9848269,677155,15634259,5828116,579301
FIN005167,3275011307872584,2024,49446188,4027090,94070474,57017273,5149645
FIN005168,3275011307872584,2025,52794130,3435053,67178155,45180262,4541483
FIN005169,3671015505012585,2024,24086384,2680842,46940060,30998698,2762785
FIN005170,3671015505012585,2025,22637492,2511024,35046927,24182186,3460120
FIN005171,3671011407872586,2024,19523592,4089669,25411152,7804030,4641536
FIN005172,3671011407872586,2025,21236307,4349721,24546876,14540310,5957351
FIN005173,3175012803702587,2024,8251017,406891,14271515,5575583,443763
FIN005174,3175012803702587,2025,9627216,497551,13530864,3222517,550560
FIN005175,3271010305752588,2024,26897613,2129136,30853396,18922982,2383333
FIN005176,3271010305752588,2025,15480637,1548543,30652303,15020769,1694220
FIN005177,3671015611882589,2024,15070346,3287570,18299132,9257902,3784837
FIN005178,3671015611882589,2025,13331341,2340275,23948882,6217152,1961022
FIN005179,3174012601932590,2024,46102956,4675843,55384915,23605117,4973984
FIN005180,3174012601932590,2025,34061387,4015006,59618062,39362019,5094001
FIN005181,3671010910822591,2024,25456062,2446870,29534842,6721031,2908765
FIN005182,3671010910822591,2025,30196819,2929442,54800645,32853363,2976269
FIN005183,3173013008682592,2024,7698550,1121474,12491089,7497036,915307
FIN005184,3173013008682592,2025,10799129,1637706,20340370,4596387,1722205
FIN005185,3174015309912593,2024,20081510,2563259,37134587,23638420,3055032
FIN005186,3174015309912593,2025,25851308,3601076,33532155,21876948,3291584
FIN005187,3674015204662594,2024,5199517,685033,9542477,3771799,594677
FIN005188,3674015204662594,2025,5619442,666014,6493046,3439067,811407
FIN005189,3671014307012595,2024,32774194,2478667,53452213,32946756,2593444
FIN005190,3671014307012595,2025,28273215,2684416,34946040,16242664,3418585
FIN005191,3175010909902596,2024,4269219,658710,5161166,1297178,912528
FIN005192,3175010909902596,2025,5691666,819177,10012529,5414452,677112
FIN005193,3671015406742597,2024,161632121,15471292,182137220,71527015,14913652
FIN005194,3671015406742597,2025,163270140,14530694,179833883,58502447,14413728
FIN005195,3175011703852598,2024,18297844,2703084,35063887,18501653,2319783
FIN005196,3175011703852598,2025,23319939,3311703,34070887,23292462,3174773
FIN005197,3671016306762599,2024,53835546,10049991,62145913,25751642,12749916
FIN005198,3671016306762599,2025,39032900,7242890,59102357,33388958,8708074
FIN005199,3674010203972600,2024,10991595,1535133,21215915,8609594,1960471
FIN005200,3674010203972600,2025,16842194,2426394,22601830,7552363,3313744
FIN005201,3671010502892601,2024,11878660,363120,16160885,7493236,412415
FIN005202,3671010502892601,2025,9163579,291244,17173133,9287184,280179
FIN005203,3271011811932602,2024,34270496,1311044,66690391,16960173,1704452
FIN005204,3271011811932602,2025,54896304,2186346,107100421,49937832,2706315
FIN005205,3671012305752603,2024,33966644,4439075,63149330,41519017,4734862
FIN005206,3671012305752603,2025,45294938,5220594,82770553,29113290,6572959
FIN005207,3671010308032604,2024,14604558,1700414,19952967,10692579,1941166
FIN005208,3671010308032604,2025,11292081,1344429,18509465,10719618,1879143
FIN005209,3671010404862605,2024,82755068,5327378,97085286,43552498,5147479
FIN005210,3671010404862605,2025,79732154,5037954,92662340,53855740,6572898
FIN005211,3671012812902606,2024,22454382,1601890,26428530,6793358,1312061
FIN005212,3671012812902606,2025,27007805,2087734,52871285,34346638,2085947
FIN005213,3174015105742607,2024,27295713,2545044,36511503,24428987,2388339
FIN005214,3174015105742607,2025,33232699,3194146,59230318,26764949,3059881
FIN005215,3674016411862608,2024,14126318,634933,17462903,6705016,771124
FIN005216,3674016411862608,2025,11539416,548007,14392534,4766061,531600
FIN005217,3671012703912609,2024,6859940,728014,12907581,8128638,614030
FIN005218,3671012703912609,2025,6115950,710954,9352469,6527407,675943
FIN005219,3671012706952610,2024,13180329,3088091,17445401,9428552,2711143
FIN005220,3671012706952610,2025,12984307,2405791,14495689,6470076,3037166
FIN005221,3271013107882611,2024,14742710,1019158,20895076,9438460,1022463
FIN005222,3271013107882611,2025,16753502,1006239,32880672,10859281,1238529
FIN005223,3671012611682612,2024,21417662,3201765,36050102,12456071,3565527
FIN005224,3671012611682612,2025,20885840,3000295,38699347,10155222,4149965
FIN005225,3671015505802613,2024,22317186,3235617,31298653,21730697,4305405
FIN005226,3671015505802613,2025,31914548,5316599,36498251,22176809,7096259
FIN005227,3674016102732614,2024,33340785,3142756,38489503,13308875,2563689
FIN005228,3674016102732614,2025,43922197,4962948,84957492,29525139,5934509
FIN005229,3671016607672615,2024,7281073,849341,11208492,4264741,803811
FIN005230,3671016607672615,2025,7838460,1061702,14656796,8656083,1309471
FIN005231,3671016703812616,2024,14557610,529161,20675740,4372155,434791
FIN005232,3671016703812616,2025,23315088,878811,28344091,18946520,878439
FIN005233,3671016305022617,2024,9648824,1793952,17270320,10056659,2388086
FIN005234,3671016305022617,2025,11389351,1707500,20075326,9619458,1634093
FIN005235,3671014211982618,2024,18313995,3274135,29413754,11627982,2648641
FIN005236,3671014211982618,2025,23758648,5477053,31659314,15091923,6317707
FIN005237,3276014504962619,2024,7503062,214865,8811555,2493441,189620
FIN005238,3276014504962619,2025,8392344,252208,14185631,9319647,241438
FIN005239,3674012112002620,2024,12886952,593933,18716563,6453619,613341
FIN005240,3674012112002620,2025,18558894,706428,21836028,8144671,813237
FIN005241,3671014811842621,2024,25390428,3550745,35165723,10552086,4635015
FIN005242,3671014811842621,2025,26426703,3779805,46573324,15283233,3803220
FIN005243,3175012101662622,2024,53246020,5041411,67421540,20959695,4178848
FIN005244,3175012101662622,2025,47150677,4344172,91288367,40338707,5815447
FIN005245,3671014612792623,2024,25464800,2395784,35903352,19942358,2329600
FIN005246,3671014612792623,2025,31003602,2690668,54515501,14116359,3422714
FIN005247,3171016009972624,2024,10213532,1989819,19569106,10922229,2332266
FIN005248,3171016009972624,2025,10581984,2330518,14798391,5081024,2157794
FIN005249,3175016605012625,2024,23742287,2223136,44804835,29629516,2007092
FIN005250,3175016605012625,2025,26651318,3149876,40021023,8237604,4302338
FIN005251,3171011605012626,2024,31349610,4052980,39397181,17995564,3259293
FIN005252,3171011605012626,2025,39310304,3937836,76786141,31296530,3505123
FIN005253,3276016501742627,2024,10228943,479230,19491487,13156575,513825
FIN005254,3276016501742627,2025,12360635,568881,18990282,9808190,628298
FIN005255,3173012610732628,2024,7989314,1669361,9567579,6415516,1846047
FIN005256,3173012610732628,2025,9292259,2452983,15956992,3901270,2259043
FIN005257,3171010803932629,2024,13413444,549770,23731517,16281165,762581
FIN005258,3171010803932629,2025,16465581,875326,18396445,5887857,772576
FIN005259,3671012107912630,2024,18777467,2490147,26513882,17391877,2746906
FIN005260,3671012107912630,2025,24741189,2898291,39091949,8172769,2385607
FIN005261,3271012308742631,2024,46249940,5763818,87602217,38283098,5033536
FIN005262,3271012308742631,2025,59284914,5946994,110917614,26488557,7675657
FIN005263,3173012104662632,2024,10064032,178172,12300308,7026824,174609
FIN005264,3173012104662632,2025,7525797,136383,8314504,2833242,112419
FIN005265,3171013003972633,2024,12541997,2308343,19508417,9440440,2742162
FIN005266,3171013003972633,2025,13097720,2250204,20657176,10270227,2395706
FIN005267,3671016502952634,2024,15061551,1869991,21109116,9026545,1531510
FIN005268,3671016502952634,2025,17556338,2648091,26704213,15689527,2369804
FIN005269,3671015312862635,2024,7736117,620090,8627601,3960120,682627
FIN005270,3671015312862635,2025,10898994,860548,15294633,7486454,779720
FIN005271,3173014309882636,2024,21835426,4311516,34099293,6931492,3832792
FIN005272,3173014309882636,2025,26147325,4640743,49053626,15343535,3807391
FIN005273,3175012003882637,2024,13086161,859461,25503923,13584611,749186
FIN005274,3175012003882637,2025,14292752,1116431,19045738,11056855,1438544
FIN005275,3671014107862638,2024,20690545,2365041,23371131,11226619,2614213
FIN005276,3671014107862638,2025,12402506,1370798,19581649,8494831,1311041
FIN005277,3174015403842639,2024,11823559,2486354,17481070,5305494,2011188
FIN005278,3174015403842639,2025,15181768,2702638,26954821,16448819,3136178
FIN005279,3174016012732640,2024,4651503,660123,8603204,2438987,534095
FIN005280,3174016012732640,2025,5239879,833970,8282679,4741406,981877
FIN005281,3671012807702641,2024,34679433,2604679,53101884,29643074,2565866
FIN005282,3671012807702641,2025,51024210,4523504,59127121,35207266,5516122
FIN005283,3172016411012642,2024,24192562,2665382,46127035,17133330,2980592
FIN005284,3172016411012642,2025,26187643,2677407,42217387,23505061,3049740
FIN005285,3671015201012643,2024,27976724,5732904,39804191,20337643,6857975
FIN005286,3671015201012643,2025,34944593,6720314,64204234,33295458,6696196
FIN005287,3671012408742644,2024,16364070,718322,31673723,9264428,791412
FIN005288,3671012408742644,2025,20017851,943268,38405834,16858133,1067047
FIN005289,3671011403882645,2024,11340100,2234120,14739727,6244358,2294680
FIN005290,3671011403882645,2025,9763431,1871983,13533147,3087019,1872511
FIN005291,3674014410742646,2024,10185441,885906,16002994,7992126,1007162
FIN005292,3674014410742646,2025,13589254,1228718,26003125,16594575,1348139
FIN005293,3271015508752647,2024,9243596,944109,15285292,7986988,1258159
FIN005294,3271015508752647,2025,12385952,1287574,17069171,4172224,1588877
FIN005295,3172010412802648,2024,29483042,2013812,42779632,13592896,2456052
FIN005296,3172010412802648,2025,33377552,2442386,65326526,24678344,2531720
FIN005297,3671010712752649,2024,24736718,2882183,35139393,8558668,2732933
FIN005298,3671010712752649,2025,22169010,2612303,33323020,14400054,3477143
FIN005299,3275016712012650,2024,27426937,2564863,35377440,13938473,3418688
FIN005300,3275016712012650,2025,33860177,3208158,48066471,12309172,4056387
FIN005301,3674010612962651,2024,14537228,1466951,21144939,7722150,1341460
FIN005302,3674010612962651,2025,11337552,998918,22478137,10013844,1070122
FIN005303,3671014907812652,2024,25169018,2567061,37984572,11826755,3283284
FIN005304,3671014907812652,2025,22684483,2607575,27689898,6886092,2625511
FIN005305,3674014806992653,2024,51158742,8274283,92280221,62437539,9546665
FIN005306,3674014806992653,2025,70859773,10868425,113772238,65734227,14105160
FIN005307,3171016309742654,2024,61734606,8852569,95244678,44811125,8874777
FIN005308,3171016309742654,2025,76332924,10098294,124887242,36136974,12285726
FIN005309,3175010611792655,2024,14557192,1695291,26619439,13881622,1389194
FIN005310,3175010611792655,2025,17725887,2522196,27633044,12381754,2489751
FIN005311,3172015704802656,2024,10573487,166618,19197222,11364859,206829
FIN005312,3172015704802656,2025,11847867,226151,16184430,8561425,198445
FIN005313,3173014105842657,2024,22568172,254523,38538228,21375403,258481
FIN005314,3173014105842657,2025,26363895,247159,31714049,7492784,332012
FIN005315,3271010811732658,2024,7223652,759426,10198381,6893556,746541
FIN005316,3271010811732658,2025,7856152,1064102,14413907,9689145,1168410
FIN005317,3271010512892659,2024,21841238,2803341,42091542,25266367,3321088
FIN005318,3271010512892659,2025,25723766,3323563,30486937,18528069,3489147
FIN005319,3671011702742660,2024,28799978,2255374,53190255,18339967,3050159
FIN005320,3671011702742660,2025,25047864,1877449,49406247,26596097,1915615
FIN005321,3671010705662661,2024,20333373,1733694,40008551,14437633,2341788
FIN005322,3671010705662661,2025,23738728,2564409,28142247,7242449,2993253
FIN005323,3671015205992662,2024,49574450,4288851,63312021,37042940,4541673
FIN005324,3671015205992662,2025,54708141,4585627,71717778,46179040,3699376
FIN005325,3671012901682663,2024,23299901,1829303,33328416,18629193,1996168
FIN005326,3671012901682663,2025,30309584,2841546,33538374,17704332,3284172
FIN005327,3276011610912664,2024,78429722,14009399,152699480,84511148,15428963
FIN005328,3276011610912664,2025,110119634,24812016,193549470,93249169,27875667
FIN005329,3671014910952665,2024,54856319,5763879,75902514,46760111,5516602
FIN005330,3671014910952665,2025,47405054,5085642,89873908,41241001,4985107
FIN005331,3671011705892666,2024,19985651,1352308,39290675,17541717,1702493
FIN005332,3671011705892666,2025,28851617,2306708,49413148,20260597,1903976
FIN005333,3674016305842667,2024,28727579,1242936,53957469,27559554,1303387
FIN005334,3674016305842667,2025,32214503,1647779,54041058,34377819,2278163
FIN005335,3671010607842668,2024,21410760,2403018,39738092,25957812,1987544
FIN005336,3671010607842668,2025,24843774,3121450,36466195,14554187,3961013
FIN005337,3171014203992669,2024,32879153,3724159,42101201,26353494,4689684
FIN005338,3171014203992669,2025,28235526,2890424,53799391,11778519,3675290
FIN005339,3671012511842670,2024,27066396,2332499,41279668,10933800,3148133
FIN005340,3671012511842670,2025,25298096,2002439,34267717,18813919,2074727
FIN005341,3276017107002671,2024,23047656,2925229,30787412,19277845,2770261
FIN005342,3276017107002671,2025,20752585,2160587,36189318,8423229,1781147
FIN005343,3171010902932672,2024,16333888,1755455,27514194,8642359,2351122
FIN005344,3171010902932672,2025,16620624,1627277,21835288,14335528,1973114
FIN005345,3671015806702673,2024,5829532,741430,10746018,6418511,1011693
FIN005346,3671015806702673,2025,6929284,1062530,7694129,2770351,972840
FIN005347,3173012804742674,2024,46715470,4967400,90911167,49840730,5627937
FIN005348,3173012804742674,2025,56350632,5461813,105381926,21447079,5772880
FIN005349,3271011509962675,2024,32245731,4971925,57642895,11825112,5944769
FIN005350,3271011509962675,2025,36196770,4519844,59529689,28906467,6211296
FIN005351,3674016703942676,2024,12846723,2304343,25614996,10263481,2053421
FIN005352,3674016703942676,2025,10291359,1744965,14526859,8677475,1955417
FIN005353,3173010108932677,2024,17009991,2169069,30738188,8384016,2178925
FIN005354,3173010108932677,2025,20811979,3274581,26820721,8464683,3036284
FIN005355,3674012610692678,2024,22706177,2678371,39889127,18219562,2278024
FIN005356,3674012610692678,2025,21692413,2034496,25784055,5346960,2441914
FIN005357,3671015611842679,2024,4708671,390674,5768920,2686974,323797
FIN005358,3671015611842679,2025,5467561,517219,9528845,1950832,503409
FIN005359,3275010102012680,2024,5660167,277943,11245099,5282902,379314
FIN005360,3275010102012680,2025,6253386,309325,8410070,2894832,365610
FIN005361,3671013105732681,2024,38357131,2871775,72096489,43882731,2650694
FIN005362,3671013105732681,2025,59395997,4243724,70795637,16553364,5902054
FIN005363,3671011812992682,2024,12306558,1159166,13745861,5669346,1092568
FIN005364,3671011812992682,2025,12237141,1083016,16613239,5878622,879436
FIN005365,3174012404812683,2024,48652051,3368860,59464549,36022308,3140506
FIN005366,3174012404812683,2025,75891833,4492108,105624893,37375870,4904966
FIN005367,3671016212792684,2024,25764335,750316,50900680,16273212,944478
FIN005368,3671016212792684,2025,30312352,945461,34378058,9500435,1283120
FIN005369,3175010808872685,2024,16422717,3180147,22216639,6741752,3381524
FIN005370,3175010808872685,2025,19309017,3324264,21391216,12810849,3717242
FIN005371,3275012706652686,2024,39260846,5268529,75791662,35370966,4548122
FIN005372,3275012706652686,2025,41256519,4486196,52592335,15390082,6132281
FIN005373,3276014606022687,2024,13664984,1799803,15400252,3147388,1791477
FIN005374,3276014606022687,2025,18085114,2150493,21864641,7154542,1951385
FIN005375,3674010610802688,2024,29107609,2404126,43661187,23210305,3263016
FIN005376,3674010610802688,2025,30036715,1969757,58755563,19951619,1915598
FIN005377,3276016803762689,2024,8332683,914168,16135698,11197074,830736
FIN005378,3276016803762689,2025,11565284,1508776,23045462,15616843,1718419
FIN005379,3275011706712690,2024,15136110,1754468,16967828,3706675,1772229
FIN005380,3275011706712690,2025,13064203,1827270,21023568,9863275,2141892
FIN005381,3671016704792691,2024,6364529,730262,12225250,2467833,793709
FIN005382,3671016704792691,2025,7562420,831887,11738038,7643903,1134718
FIN005383,3172011501012692,2024,36950244,2478159,57165402,22354675,2516644
FIN005384,3172011501012692,2025,38364966,2797364,59122707,25581666,2427911
FIN005385,3674010609012693,2024,13037243,2246632,15928663,9543457,2835766
FIN005386,3674010609012693,2025,14762928,3107600,22169171,7931593,3050311
FIN005387,3173012808952694,2024,46537480,2343032,87715354,32756456,2643801
FIN005388,3173012808952694,2025,47458053,2339986,64194646,20014014,3117277
FIN005389,3671012806792695,2024,26759035,1471747,36456663,8572570,1497178
FIN005390,3671012806792695,2025,27049746,1510366,31318297,11815524,1614281
FIN005391,3276012301752696,2024,13112059,1376711,14512628,8575158,1418960
FIN005392,3276012301752696,2025,17616997,2053501,23155723,6489902,2663541
FIN005393,3174013011902697,2024,19744218,898533,37337453,11107690,760343
FIN005394,3174013011902697,2025,19254750,782224,28807391,6526805,846383
FIN005395,3175011010842698,2024,11928484,1816299,22231330,9299063,2222982
FIN005396,3175011010842698,2025,13045997,1618813,15936990,3204270,1366270
FIN005397,3671012502692699,2024,33228942,3237995,36556200,25313137,4179275
FIN005398,3671012502692699,2025,39130225,4304356,51692517,23719516,5609127
FIN005399,3671016102872700,2024,25480521,2485227,50560361,24892016,2835069
FIN005400,3671016102872700,2025,29062278,3077937,33038415,19169618,2971810
FIN005401,3173015803922701,2024,26319064,2979861,41132676,12049862,2892980
FIN005402,3173015803922701,2025,18321687,1969693,26196649,7025444,2235353
FIN005403,3671010206972702,2024,14676066,1550700,19199122,3959374,2107552
FIN005404,3671010206972702,2025,13447549,1635961,21073538,7848562,1712781
FIN005405,3275011410942703,2024,15620260,3369233,25919529,7573772,3486004
FIN005406,3275011410942703,2025,16875091,3013528,18859225,7469919,3856629
FIN005407,3674014908712704,2024,25279660,2586770,44174132,17251055,2152228
FIN005408,3674014908712704,2025,33807655,3594363,56609530,13884029,3051389
FIN005409,3275010503982705,2024,9196640,713371,16325772,4873005,871293
FIN005410,3275010503982705,2025,13748235,997957,24573032,15975586,1063495
FIN005411,3174012210732706,2024,12958790,2196891,19221610,8617988,2102163
FIN005412,3174012210732706,2025,11064275,1509833,14435387,6321472,1332527
FIN005413,3275015810682707,2024,7869438,106247,11254274,7328582,87387
FIN005414,3275015810682707,2025,6516308,82695,12615314,4232439,81248
FIN005415,3671016209782708,2024,7404856,763235,9232755,5086115,717063
FIN005416,3671016209782708,2025,7191576,723376,14201103,6459354,717117
FIN005417,3174011911802709,2024,8345539,951190,14572184,4884448,964356
FIN005418,3174011911802709,2025,6823925,900671,10116184,3809673,890039
FIN005419,3271014110692710,2024,17601588,3061188,24118751,16621481,3372450
FIN005420,3271014110692710,2025,19074508,2680326,28261999,15286458,3572067
FIN005421,3671015310972711,2024,21823841,212253,29989165,10532162,237728
FIN005422,3671015310972711,2025,19869998,172474,30464463,11032742,186035
FIN005423,3671011405942712,2024,24889132,4188336,37752691,18821621,4451302
FIN005424,3671011405942712,2025,26159366,3687987,51079035,28256012,4279408
FIN005425,3174011510022713,2024,54693771,1665443,79020205,38072401,1703835
FIN005426,3174011510022713,2025,66314889,2393226,112628509,68132292,2343413
FIN005427,3172012912682714,2024,21902424,2432732,37703826,24780012,2926099
FIN005428,3172012912682714,2025,28139086,3062804,38123436,11236506,4126871
FIN005429,3172011706862715,2024,19513426,2493310,29380843,11488515,3385284
FIN005430,3172011706862715,2025,22492978,2171911,31357663,13225057,1850819
FIN005431,3271016512722716,2024,23142370,2859727,39751582,9348611,3938062
FIN005432,3271016512722716,2025,15148108,1920782,28098678,10094385,1897945
FIN005433,3171016001902717,2024,23836813,4660464,30763049,17154176,3837580
FIN005434,3171016001902717,2025,23714227,4657875,35874563,8572729,4401594
FIN005435,3174010510842718,2024,16718776,1595078,28483567,6478719,1375098
FIN005436,3174010510842718,2025,20362377,1972155,37703078,8539384,2741462
FIN005437,3671015003792719,2024,29146713,4603518,58134723,21356516,5460364
FIN005438,3671015003792719,2025,36954000,5480698,62186156,20514253,5642301
FIN005439,3671010107742720,2024,16114390,2132484,31048078,13676998,2595353
FIN005440,3671010107742720,2025,17491022,2399997,27805458,10828963,3084130
FIN005441,3271010306662721,2024,10859731,985590,14035397,6264411,864906
FIN005442,3271010306662721,2025,12468808,1156394,19582293,11929669,1313594
FIN005443,3674015511932722,2024,30190260,311388,56021663,12373259,422229
FIN005444,3674015511932722,2025,28465341,249118,40142680,14776105,278775
FIN005445,3275014803012723,2024,9611118,1226106,18670217,4319508,1073073
FIN005446,3275014803012723,2025,9567648,1155810,16049971,4549007,1157659
FIN005447,3174015409652724,2024,26016688,2450757,48530736,10369088,2427039
FIN005448,3174015409652724,2025,31660283,2765942,34846081,19973060,3654556
FIN005449,3174016301652725,2024,18328135,2152411,29743686,6083482,2802357
FIN005450,3174016301652725,2025,17673862,1881398,28495721,16252722,1952843
FIN005451,3671010208812726,2024,18367998,200931,31126445,11289093,225924
FIN005452,3671010208812726,2025,18530789,162735,28408678,11765176,204390
FIN005453,3674016807812727,2024,24101405,3299094,36666531,15224948,4093382
FIN005454,3674016807812727,2025,28274093,4035833,53261675,16506190,4399643
FIN005455,3674015904722728,2024,48085022,6837139,67417962,30823446,8651591
FIN005456,3674015904722728,2025,52296053,7616758,97178680,24272747,10000269
FIN005457,3671010603652729,2024,15093030,1160333,20961067,12848898,1071401
FIN005458,3671010603652729,2025,14787845,1072780,29039708,6403566,1443035
FIN005459,3271010903862730,2024,9625322,422301,15536884,7885044,542489
FIN005460,3271010903862730,2025,11331518,560515,21803819,8398852,479214
FIN005461,3275012007822731,2024,7823974,306976,14846907,7812854,282071
FIN005462,3275012007822731,2025,7349244,259776,9517210,3850508,265044
FIN005463,3671011511862732,2024,17055566,3120187,34093896,11768240,3390000
FIN005464,3671011511862732,2025,20043034,3530126,31278725,11367042,4552887
FIN005465,3671014702772733,2024,16352579,2436473,25639734,5897774,2380441
FIN005466,3671014702772733,2025,20148553,2744159,35522213,20868335,3433996
FIN005467,3671010110792734,2024,7173712,492729,9915302,6086055,500133
FIN005468,3671010110792734,2025,8361051,531473,14432551,3864373,518893
FIN005469,3671016005902735,2024,10097941,1596366,18780677,5079146,2104517
FIN005470,3671016005902735,2025,10958951,1486315,19387237,5883016,1994423
FIN005471,3172012402912736,2024,8724026,622929,15375534,3334494,770123
FIN005472,3172012402912736,2025,9931999,907449,18930133,7187929,1021347
FIN005473,3276015501912737,2024,31533866,4787263,53143611,15251613,6223867
FIN005474,3276015501912737,2025,38888769,5216518,44550216,22856081,6450134
FIN005475,3275012910712738,2024,25397208,257779,33708420,13044885,331023
FIN005476,3275012910712738,2025,30935915,265731,49534862,10694126,244734
FIN005477,3275017112952739,2024,9869980,1150506,10880990,7499932,1495133
FIN005478,3275017112952739,2025,10127513,1346724,13361291,6705203,1680773
FIN005479,3271014204772740,2024,55516827,8045112,62647405,43664525,6990588
FIN005480,3271014204772740,2025,68744912,8816827,126627521,31693343,8182117
FIN005481,3171010408692741,2024,9490960,915672,15196564,6656426,758172
FIN005482,3171010408692741,2025,13277151,1194554,20358856,8579921,1305045
FIN005483,3175011309822742,2024,13558997,570527,18916732,10640640,599775
FIN005484,3175011309822742,2025,18004870,818562,24249001,8068424,752617
FIN005485,3276010511752743,2024,15730893,1970481,26282729,13771381,2010030
FIN005486,3276010511752743,2025,17069485,1905063,21501950,8163480,2164277
FIN005487,3671011309932744,2024,6844829,763941,8202606,3845620,641678
FIN005488,3671011309932744,2025,8550556,911867,13669960,9052740,836482
FIN005489,3174015802852745,2024,11913036,590630,17193370,8741094,662010
FIN005490,3174015802852745,2025,8499627,360456,9919300,2648699,429105
FIN005491,3172016201972746,2024,11585890,1350976,19105603,9795531,1693385
FIN005492,3172016201972746,2025,12882747,1784448,22146193,12455458,2304678
FIN005493,3276015708912747,2024,25961310,2751579,34459400,10063111,2536737
FIN005494,3276015708912747,2025,29963817,3385596,50734798,34952604,4429433
FIN005495,3172011211902748,2024,21456173,3051460,37863295,7914671,3619794
FIN005496,3172011211902748,2025,24463464,4143635,45533285,13420119,3633243
FIN005497,3175010702732749,2024,19643939,1053810,33200218,9789763,1367032
FIN005498,3175010702732749,2025,22669803,1208401,35624893,14642695,1637285
FIN005499,3671013107952750,2024,29277228,4310925,50821722,27311574,6027393
FIN005500,3671013107952750,2025,34523525,5056148,67356201,28196182,7072917
FIN005501,3275012703872751,2024,31945589,4422647,37053879,24956708,3925276
FIN005502,3275012703872751,2025,37222546,5157680,50624367,30213724,4211898
FIN005503,3674012008872752,2024,12345188,364977,22032106,11849559,508972
FIN005504,3674012008872752,2025,15686178,517856,28098744,6666777,427643
FIN005505,3271015003982753,2024,22946121,4304528,41370965,9948133,5434456
FIN005506,3271015003982753,2025,25890934,3894252,51482767,19833251,4735773
FIN005507,3671012006922754,2024,12054922,1310084,13433154,6079553,1078754
FIN005508,3671012006922754,2025,9607002,1031002,14521574,9400736,1422373
FIN005509,3671010103662755,2024,10343025,1177545,11760516,7100814,1129038
FIN005510,3671010103662755,2025,12656782,1233692,14944013,8112835,1257866
FIN005511,3175014412972756,2024,19828367,1775088,22434816,11992014,1953668
FIN005512,3175014412972756,2025,21150568,1729863,30720780,13540824,2171979
FIN005513,3671017010022757,2024,4873789,453523,7003801,4555928,633830
FIN005514,3671017010022757,2025,5149241,426925,8649891,2621571,480133
FIN005515,3275011907002758,2024,7034782,537502,8519169,2042425,575167
FIN005516,3275011907002758,2025,5878746,516107,10079758,5016354,543101
FIN005517,3674011512752759,2024,15482462,1772665,27011094,12988566,1891661
FIN005518,3674011512752759,2025,17257333,1664040,28896972,19797694,2134290
FIN005519,3173014211972760,2024,24842138,246070,33129214,20660837,299147
FIN005520,3173014211972760,2025,25849444,266058,38514923,12305523,314981
FIN005521,3271011807892761,2024,22108824,976430,34158630,22296131,938620
FIN005522,3271011807892761,2025,22926636,1150223,42254494,18775442,938835
FIN005523,3275016705892762,2024,14495700,1519908,17461250,4252077,1417631
FIN005524,3275016705892762,2025,17127837,2087414,19354601,5506678,2179993
FIN005525,3671017003732763,2024,30736808,2713588,48912242,22409363,2195613
FIN005526,3671017003732763,2025,35893088,2384790,61520480,27139134,2634105
FIN005527,3671011910942764,2024,17489636,2613724,20509957,6849083,3179098
FIN005528,3671011910942764,2025,16289618,2127887,19334421,11357503,2941292
FIN005529,3174010602012765,2024,7290495,702200,9252880,5017284,571426
FIN005530,3174010602012765,2025,7900885,784679,11351436,7253558,756170
FIN005531,3271012512792766,2024,17427212,2737101,28099913,17078095,2328269
FIN005532,3271012512792766,2025,20303178,3115702,25052602,12231733,4335293
FIN005533,3674010811702767,2024,14073019,1252726,17507533,3745118,1258956
FIN005534,3674010811702767,2025,13670542,1177881,19748035,10515654,1259445
FIN005535,3671016408812768,2024,8745959,1425469,17425627,5205220,1465827
FIN005536,3671016408812768,2025,8084979,1014858,12404052,7366137,1362354
FIN005537,3671011511662769,2024,6109813,413548,9583999,6624614,430332
FIN005538,3671011511662769,2025,7465171,480254,10495563,2873976,601680
FIN005539,3671015411872770,2024,22147032,3645127,44162707,29345999,4873186
FIN005540,3671015411872770,2025,29683023,4016085,45166035,10090014,4861557
FIN005541,3271016708972771,2024,58524104,3028457,69911728,16936756,3258699
FIN005542,3271016708972771,2025,70255777,3740095,97437613,22487786,4476677
FIN005543,3671011209752772,2024,34221598,4893627,57226631,13463152,4570915
FIN005544,3671011209752772,2025,30278329,4707155,40487408,20581109,3989337
FIN005545,3275010104952773,2024,17217581,3193186,27368450,7610080,3623179
FIN005546,3275010104952773,2025,26882063,4420929,52326301,25989838,3630163
FIN005547,3275011006992774,2024,7355984,464172,8724532,4211497,497394
FIN005548,3275011006992774,2025,8369529,465205,9824830,6286148,585195
FIN005549,3271016611982775,2024,16210143,2053618,20708834,9756438,2450544
FIN005550,3271016611982775,2025,18317302,2561082,21783605,14490438,2321153
FIN005551,3671016611932776,2024,14089927,1862752,17383577,7221299,2605657
FIN005552,3671016611932776,2025,15694303,2628076,31109375,13296642,3174337
FIN005553,3671014803872777,2024,14738638,1226774,25429592,14250392,1313028
FIN005554,3671014803872777,2025,16566213,1407767,20863150,4599713,1620630
FIN005555,3175014204692778,2024,12775835,143121,21730647,12807696,129946
FIN005556,3175014204692778,2025,13469199,114551,16456431,9611232,122145
FIN005557,3276015007992779,2024,4981020,1033686,9217878,3177447,988452
FIN005558,3276015007992779,2025,5346541,861681,6686801,3778328,838889
FIN005559,3674010512992780,2024,28108844,2417963,50984989,11683538,2764393
FIN005560,3674010512992780,2025,41803433,3829580,60021846,17750926,3221806
FIN005561,3173015712752781,2024,13206371,942722,20636904,13161157,962059
FIN005562,3173015712752781,2025,16994991,1434306,22467164,14649913,1933956
FIN005563,3175011910002782,2024,14896910,3088620,28499790,12773268,3413781
FIN005564,3175011910002782,2025,14227729,2844931,18777736,4476528,3178381
FIN005565,3275016109692783,2024,12491037,1094033,18651048,12650709,1193743
FIN005566,3275016109692783,2025,13078847,1353450,20816646,5808724,1767280
FIN005567,3674010208012784,2024,15098909,1357044,22564019,13509733,1090078
FIN005568,3674010208012784,2025,17035335,1454180,31198539,14748830,1388725
FIN005569,3175015011752785,2024,4257752,621646,5740766,1182782,673582
FIN005570,3175015011752785,2025,4718415,715953,7761370,4920620,773553
FIN005571,3276015601822786,2024,31739058,4428546,47628851,26061828,5761944
FIN005572,3276015601822786,2025,31406102,3760813,53388608,13967753,3260562
FIN005573,3174016107912787,2024,13142008,1883306,18754113,5699325,2025033
FIN005574,3174016107912787,2025,13669299,2336077,25529514,5406260,2665248
FIN005575,3174014403002788,2024,18193583,2682938,21338418,7683930,2530292
FIN005576,3174014403002788,2025,17528351,1988622,30323824,13816667,2100532
FIN005577,3671015408012789,2024,16901868,1634832,32718753,17851759,1348925
FIN005578,3671015408012789,2025,14275026,1307878,28246655,17868537,1738970
FIN005579,3271015202772790,2024,31011064,4694796,52351699,24301540,5220163
FIN005580,3271015202772790,2025,35863994,4276590,46934072,10067569,4575312
FIN005581,3276015604972791,2024,22858384,2657508,38870234,22406438,3473754
FIN005582,3276015604972791,2025,26158728,3225676,33021764,22374180,4140201
FIN005583,3671011108912792,2024,16216673,2727089,18016379,11446643,3292591
FIN005584,3671011108912792,2025,17240041,2247913,31861829,19009646,2526018
FIN005585,3275016004872793,2024,11458253,962702,17262564,4190847,1008078
FIN005586,3275016004872793,2025,13581243,1094442,23955090,5431254,1278700
FIN005587,3671010102872794,2024,19182974,2369792,30820527,14182582,3249958
FIN005588,3671010102872794,2025,14648067,1845060,18834285,7420408,2209891
FIN005589,3275011103672795,2024,5430687,269921,8260901,3818975,258789
FIN005590,3275011103672795,2025,7773459,505336,12296034,6035981,675276
FIN005591,3271010203012796,2024,7364320,297514,10562698,4104950,242301
FIN005592,3271010203012796,2025,9455778,425285,15385337,10251736,555967
FIN005593,3171015106702797,2024,25157832,1624117,42804525,22651795,1584122
FIN005594,3171015106702797,2025,28835594,2299536,48123552,19603888,2482284
FIN005595,3275016309902798,2024,37944374,1098758,73951893,33622811,1391572
FIN005596,3275016309902798,2025,44380958,1328355,57815149,12995395,1622132
FIN005597,3173012304782799,2024,23694213,1828121,42277958,12220826,1959059
FIN005598,3173012304782799,2025,27688781,1854585,33081060,10433672,2184751
FIN005599,3671017012762800,2024,59175686,8501436,95477967,32680960,10319620
FIN005600,3671017012762800,2025,63715860,8363039,80943666,24518445,9095385
FIN005601,3671012607902801,2024,15374206,2326706,21147019,14299428,2202879
FIN005602,3671012607902801,2025,12394802,2230910,15213609,7505795,1907854
FIN005603,3171015502852802,2024,15452969,1687735,19886312,12019767,2012951
FIN005604,3171015502852802,2025,18954476,2239947,24752316,6451327,2645258
FIN005605,3671012301662803,2024,20585826,693942,39639996,24014847,666489
FIN005606,3671012301662803,2025,23465982,788058,41436318,17074975,918743
FIN005607,3671016005992804,2024,6177561,587197,11386249,6347005,620903
FIN005608,3671016005992804,2025,7305997,719904,8430145,3524474,764179
FIN005609,3276012208872805,2024,11028998,1987230,20257267,9981463,2453186
FIN005610,3276012208872805,2025,11906987,2536034,18265470,11369553,2242426
FIN005611,3671012006952806,2024,18850330,2831421,22109778,5715029,2303568
FIN005612,3671012006952806,2025,23280399,3124764,29649366,14346937,4172717
FIN005613,3171015301932807,2024,23231058,3422687,33501745,10253948,4776207
FIN005614,3171015301932807,2025,30006703,4433969,33054574,8686630,4205391
FIN005615,3671015307992808,2024,10962100,1693254,14673689,10130092,2134722
FIN005616,3671015307992808,2025,12036360,1823549,22325403,6611309,1820749
FIN005617,3174016007762809,2024,6549477,408021,8227030,3773320,441328
FIN005618,3174016007762809,2025,7380635,474110,14679787,9584113,587952
FIN005619,3175016812802810,2024,15120918,1682439,26380329,7014496,1434820
FIN005620,3175016812802810,2025,13760127,1450164,26355137,8089023,1518605
FIN005621,3174010411942811,2024,17046336,715754,29301262,13345238,671257
FIN005622,3174010411942811,2025,25557110,1152906,38530246,18747200,1459151
FIN005623,3276010605772812,2024,7625250,773438,13217386,7633895,787781
FIN005624,3276010605772812,2025,9543432,895050,18428572,6574298,774860
FIN005625,3671016807882813,2024,43503895,4477948,48819790,13122126,5723753
FIN005626,3671016807882813,2025,48574929,5896618,53619913,33812479,7278336
FIN005627,3671013110682814,2024,6631305,1259859,9745183,4879729,1723546
FIN005628,3671013110682814,2025,6522571,1190414,12890621,4079047,1556421
FIN005629,3171015107752815,2024,41254935,9673906,58032965,29379398,8435480
FIN005630,3171015107752815,2025,52808940,13341119,74625091,45255820,14976617
FIN005631,3171014407722816,2024,15543241,1932702,23409381,14243416,1913691
FIN005632,3171014407722816,2025,12009942,1497188,19361728,12002139,1650398
FIN005633,3171010409002817,2024,49713995,4295595,89734996,24750723,5674371
FIN005634,3171010409002817,2025,54066604,4378838,91180794,30092594,5716783
FIN005635,3671016407792818,2024,27145841,268797,45160556,19659713,216439
FIN005636,3671016407792818,2025,24522697,290534,29801545,13800187,326400
FIN005637,3671016311722819,2024,10799135,808574,18383142,12550390,688083
FIN005638,3671016311722819,2025,10484943,599854,12084766,7608627,780163
FIN005639,3671014312772820,2024,7487771,140080,14601409,4832046,172442
FIN005640,3671014312772820,2025,5552868,93766,7415160,3701490,108636
FIN005641,3174014511862821,2024,10622991,1691303,12921678,4011289,2277263
FIN005642,3174014511862821,2025,12211102,1834439,18025483,11469066,1792099
FIN005643,3674014307762822,2024,35810396,6426455,51149692,33665789,5550694
FIN005644,3674014307762822,2025,38484819,6098091,49351035,16292295,6541077
FIN005645,3671015609982823,2024,20890116,1103670,39693754,16562077,1513673
FIN005646,3671015609982823,2025,35282645,1995409,58265849,28185873,1790946
FIN005647,3276015904942824,2024,14765915,602584,20255214,6511046,630482
FIN005648,3276015904942824,2025,6426716,294965,10362763,4500652,270572
FIN005649,3173016103982825,2024,22504877,639960,25421669,11923109,745739
FIN005650,3173016103982825,2025,27792637,719166,52579409,15810709,639033
FIN005651,3275016308862826,2024,10537726,435206,19404887,10478549,471462
FIN005652,3275016308862826,2025,11154178,526746,16345519,9117640,722650
FIN005653,3671015412982827,2024,67607516,10855756,127577972,62795913,13232406
FIN005654,3671015412982827,2025,99093830,16002437,148307535,39838481,16852792
FIN005655,3674011304732828,2024,20356180,3523090,27498001,11986215,4389739
FIN005656,3674011304732828,2025,24257312,3296690,28831453,16618342,3953260
FIN005657,3175012302732829,2024,12581551,2176150,14857046,6716552,2375880
FIN005658,3175012302732829,2025,14007697,2418597,22516207,11354483,3273712
FIN005659,3671014904832830,2024,38736835,4876420,58583155,17802404,4448557
FIN005660,3671014904832830,2025,48456801,6746166,65517644,20133060,8334167
FIN005661,3172015702882831,2024,23709094,3341098,39693207,15732341,3054389
FIN005662,3172015702882831,2025,29344925,3541120,51854273,21433244,3347329
FIN005663,3275015202662832,2024,12221260,1677918,21817773,8057057,1999785
FIN005664,3275015202662832,2025,16726881,2356102,21008463,11958251,2959584
FIN005665,3671012309972833,2024,9774988,83174,10851902,3238858,112103
FIN005666,3671012309972833,2025,13934147,144833,20216741,10180111,121419
FIN005667,3674011305732834,2024,52824756,1564954,100028569,27799892,1744840
FIN005668,3674011305732834,2025,58148443,1983285,89115693,20542240,2402213
FIN005669,3674016106702835,2024,31892301,1866916,58590803,25155057,2104965
FIN005670,3674016106702835,2025,39327073,2335725,71312555,37323555,2105614
FIN005671,3174017103762836,2024,10114902,1321632,19007795,4977921,1344290
FIN005672,3174017103762836,2025,8634827,1171590,16265027,9587728,1235313
FIN005673,3171011203742837,2024,40939539,4245616,63387785,42051547,4951910
FIN005674,3171011203742837,2025,45832409,5652848,51187175,26473038,6552155
FIN005675,3171011908032838,2024,37228550,3899905,72086075,23672967,4301179
FIN005676,3171011908032838,2025,56517496,5020619,83462870,37509170,6382078
FIN005677,3671015512692839,2024,21842782,2649078,26756666,5454364,2162235
FIN005678,3671015512692839,2025,27909355,3464511,32577596,16498875,3969529
FIN005679,3271011608812840,2024,21739757,3373282,30827646,8761588,3119398
FIN005680,3271011608812840,2025,21325200,3147282,26255297,15372192,3669488
FIN005681,3674014702672841,2024,59399266,9612152,109052631,55371124,12428412
FIN005682,3674014702672841,2025,75070661,11292377,139549925,34987011,13563992
FIN005683,3174015001872842,2024,11820417,367601,14062435,9799783,311578
FIN005684,3174015001872842,2025,11810598,373043,15679158,5621989,327815
FIN005685,3271011205712843,2024,72459094,12314009,83087600,17538029,13833136
FIN005686,3271011205712843,2025,104061675,19022730,128583085,80567951,21871383
FIN005687,3276011312932844,2024,14469741,127221,27635564,9541827,115105
FIN005688,3276011312932844,2025,16549837,161822,22392856,7923088,209507
FIN005689,3172014609662845,2024,30943427,5349620,36624262,10105560,6633030
FIN005690,3172014609662845,2025,35159433,5208666,59403151,15266787,7205868
FIN005691,3174011001702846,2024,8339290,967095,16316355,7917517,951459
FIN005692,3174011001702846,2025,11165928,1272219,22300547,13551490,1365061
FIN005693,3271016712702847,2024,27945333,2442803,32913538,19211863,2967423
FIN005694,3271016712702847,2025,36324878,3941007,61786355,26478807,3313804
FIN005695,3271011707802848,2024,27648689,4124177,35524823,8592164,4228657
FIN005696,3271011707802848,2025,28856933,3556352,57106841,22687441,2944534
FIN005697,3671016109792849,2024,17020907,1714362,21358361,8352289,1987575
FIN005698,3671016109792849,2025,15882533,1862256,24851823,15442175,2517398
FIN005699,3173016304942850,2024,21224355,3683822,40979253,16630511,3878274
FIN005700,3173016304942850,2025,22536122,3009567,43794335,10695889,3294529
FIN005701,3671014706932851,2024,28695052,6107446,31977015,21464345,6204878
FIN005702,3671014706932851,2025,34214852,6187699,52211973,29590752,8021755
FIN005703,3275010810862852,2024,30129084,5963586,44852746,31102391,8336371
FIN005704,3275010810862852,2025,29485835,5119359,45260610,22098870,6049770
FIN005705,3671016806952853,2024,35313761,334114,59014855,24846435,462177
FIN005706,3671016806952853,2025,20988628,202058,26786916,11071524,241289
FIN005707,3671013108902854,2024,36642536,3161125,55047994,36996049,2564741
FIN005708,3671013108902854,2025,28296831,2367603,39810540,12409865,2670057
FIN005709,3174015803692855,2024,10673037,1261846,20880248,11352635,1621268
FIN005710,3174015803692855,2025,15248202,2041116,28991477,6822745,1890341
FIN005711,3276012910972856,2024,23239049,2993714,35605936,15365538,3872372
FIN005712,3276012910972856,2025,21114156,2740349,39733368,23315147,3248605
FIN005713,3271011205032857,2024,8200619,1179772,10647182,6175922,1510199
FIN005714,3271011205032857,2025,9885636,1455457,17076871,10021311,1418994
FIN005715,3173012407772858,2024,28421568,1668900,44368548,30142226,2135535
FIN005716,3173012407772858,2025,37436493,2029806,54872145,33747007,1713017
FIN005717,3275012407782859,2024,9964762,388819,14504194,6833320,374649
FIN005718,3275012407782859,2025,8618649,357527,11076641,7074187,324439
FIN005719,3671011910702860,2024,13298633,1069893,17467448,9287658,937872
FIN005720,3671011910702860,2025,18252864,1346011,24295655,11958977,1522801
FIN005721,3173014501812861,2024,11337015,1126713,13136138,8406884,1102675
FIN005722,3173014501812861,2025,12799519,1191490,17917990,10034205,1297162
FIN005723,3674012909692862,2024,24213989,2611766,32439753,20124740,3327096
FIN005724,3674012909692862,2025,35875465,4986984,40204230,10899081,4998899
FIN005725,3174014507802863,2024,10267643,581446,16354293,4576619,668271
FIN005726,3174014507802863,2025,13851968,627224,18626241,10208141,787108
FIN005727,3671015508872864,2024,13204059,1178824,20936958,10352710,1557441
FIN005728,3671015508872864,2025,11566622,1051836,19094104,3844132,1138872
FIN005729,3171010803852865,2024,11207501,1573910,13102633,8971064,1536328
FIN005730,3171010803852865,2025,11983281,1615832,14702710,4575896,2221824
FIN005731,3175016312002866,2024,11467089,2408981,12752435,5708026,2293534
FIN005732,3175016312002866,2025,12838580,2574664,16124236,10279814,2686110
FIN005733,3174014303972867,2024,26168978,4097768,30277123,8642076,4225008
FIN005734,3174014303972867,2025,30389565,4296829,42616988,24184542,3589261
FIN005735,3671016205912868,2024,17347693,3148190,19975028,13699586,2671416
FIN005736,3671016205912868,2025,13771712,2197952,25771858,9302330,2879431
FIN005737,3276012604792869,2024,7739511,762534,13218136,6816210,808733
FIN005738,3276012604792869,2025,8463591,770740,10074783,3374483,1038983
FIN005739,3171013003892870,2024,23095027,947853,43785488,25251269,810404
FIN005740,3171013003892870,2025,16199064,688570,19621864,10332824,616507
FIN005741,3674011412932871,2024,25010790,2561892,48945352,18069512,3106193
FIN005742,3674011412932871,2025,31161716,3419585,54937350,12670554,4645413
FIN005743,3671017009852872,2024,15766488,1686019,29680316,15542389,1979997
FIN005744,3671017009852872,2025,17720444,2350488,31158339,20560858,3230864
FIN005745,3671016105032873,2024,10180882,1191230,16615162,4022944,1547993
FIN005746,3671016105032873,2025,10245540,1387766,16084466,8283431,1207676
FIN005747,3276012501792874,2024,18704996,2600550,20824560,4796957,3128427
FIN005748,3276012501792874,2025,19481950,3204143,24040482,12088966,3491904
FIN005749,3674014509792875,2024,22080579,416538,29199170,15744026,481705
FIN005750,3674014509792875,2025,26876877,481549,29856548,20642596,400550
FIN005751,3271012102882876,2024,21912821,2673783,35679269,19892967,2633343
FIN005752,3271012102882876,2025,29623814,3372500,34839724,7049763,3233331
FIN005753,3271011307862877,2024,25536319,2162325,46528087,20031703,2089097
FIN005754,3271011307862877,2025,34726881,3712161,68527078,27520936,4674588
FIN005755,3276011004842878,2024,10314214,836222,17382713,5553297,1015238
FIN005756,3276011004842878,2025,13866076,1088526,20290814,10368671,1035763
FIN005757,3171012606912879,2024,9377269,1082230,18064740,5449076,1370971
FIN005758,3171012606912879,2025,10185401,1196693,18002741,5017821,1277919
FIN005759,3172011408932880,2024,13170714,822465,25956607,6991925,891672
FIN005760,3172011408932880,2025,18349426,1179400,26274645,17383218,1546826
FIN005761,3671012111732881,2024,23420697,207485,45750292,15180541,265840
FIN005762,3671012111732881,2025,30746872,262446,44378436,21548088,259461
FIN005763,3671010912782882,2024,14831509,1734936,26863961,9915139,2400651
FIN005764,3671010912782882,2025,10812456,1518026,20065193,10251129,1726029
FIN005765,3172014606932883,2024,12195620,756611,14670990,3508888,821113
FIN005766,3172014606932883,2025,13319856,1000985,16194829,7406996,1028476
FIN005767,3276012912792884,2024,41559512,4750226,66286151,42094474,4368798
FIN005768,3276012912792884,2025,40827703,5053939,72521310,47663229,6811496
FIN005769,3175010302852885,2024,13130951,1842495,24118724,9309504,2357846
FIN005770,3175010302852885,2025,13452021,2207641,23004103,15867979,2733484
FIN005771,3671016112852886,2024,14656964,2948706,26228787,15124018,3847069
FIN005772,3671016112852886,2025,14536901,2703613,28394325,9391562,2942314
FIN005773,3674012511682887,2024,16307383,1568612,23618309,11743986,2099834
FIN005774,3674012511682887,2025,13659364,1388590,22092382,14479911,1811606
FIN005775,3671010811652888,2024,73615699,4315250,129411134,75526012,3865099
FIN005776,3671010811652888,2025,75196936,4007974,129765715,52288062,4563849
FIN005777,3175014204772889,2024,20047113,575014,25437436,17702193,669445
FIN005778,3175014204772889,2025,28942507,785869,36118837,11351489,967151
FIN005779,3671010601772890,2024,38859518,4303129,68240124,39123381,3648410
FIN005780,3671010601772890,2025,68778474,7910462,86450376,44730811,7398575
FIN005781,3671010503722891,2024,27108143,3466737,33948197,9274182,3554968
FIN005782,3671010503722891,2025,33866556,4570911,39319045,14919067,5868160
FIN005783,3175012510712892,2024,9172917,972645,17998213,8816002,1253402
FIN005784,3175012510712892,2025,9432879,821746,15983838,4403454,1001819
FIN005785,3174011407722893,2024,8311005,1837068,15790596,10551460,2396865
FIN005786,3174011407722893,2025,9913202,1979278,18480527,10369652,2459754
FIN005787,3275011801032894,2024,32779869,2730225,42228721,17272140,2700853
FIN005788,3275011801032894,2025,34540114,2751599,60502157,24298773,2329975
FIN005789,3671010806942895,2024,50318023,7207296,66084886,35143464,9183652
FIN005790,3671010806942895,2025,60001903,8784060,118181020,46948426,11900239
FIN005791,3275016009812896,2024,6283101,789562,11914392,2903935,1099432
FIN005792,3275016009812896,2025,9699904,1306444,12105045,6087265,1723749
FIN005793,3172011404852897,2024,22600719,2650291,39219296,14945629,3161559
FIN005794,3172011404852897,2025,29916450,3191742,36743039,13063266,4249756
FIN005795,3671011708032898,2024,49666600,8639829,82686842,31966439,10547460
FIN005796,3671011708032898,2025,55359921,9694082,78551458,26859600,13459791
FIN005797,3174016210812899,2024,12035821,1447399,22432663,14712030,1446021
FIN005798,3174016210812899,2025,12161630,1505284,14811064,7485691,1831014
FIN005799,3276011103812900,2024,25766842,723956,33543626,20253440,965688
FIN005800,3276011103812900,2025,26815365,625034,53458889,24504326,706971
FIN005801,3671014606722901,2024,41338039,7049886,67420858,21813920,7176398
FIN005802,3671014606722901,2025,50193113,9061861,57065027,27922858,10243833
FIN005803,3173014301862902,2024,32562688,3668876,64404283,44292975,3210219
FIN005804,3173014301862902,2025,37242165,4304259,42755143,16199010,3628496
FIN005805,3276012305842903,2024,21224618,2606777,36559198,16462686,2275834
FIN005806,3276012305842903,2025,24252575,2978569,46101777,15406916,3347188
FIN005807,3276012809932904,2024,14906884,1789044,22476571,9692947,1673924
FIN005808,3276012809932904,2025,21896524,2105869,24846701,15126436,2193111
FIN005809,3275012501852905,2024,20905600,2331347,24930093,12941767,2974943
FIN005810,3275012501852905,2025,20185386,2342623,36280005,12692774,2620840
FIN005811,3275015006752906,2024,19505446,800820,34966740,10108109,1047792
FIN005812,3275015006752906,2025,24686472,1047681,31672302,7229204,1455415
FIN005813,3674012503772907,2024,7260448,594065,13559720,4125450,606491
FIN005814,3674012503772907,2025,7547016,674662,12814507,2746820,641053
FIN005815,3276012305852908,2024,13009197,1800179,24380169,12086151,2064108
FIN005816,3276012305852908,2025,14945723,1859883,24785236,13235348,2471453
FIN005817,3174011609982909,2024,8735108,999869,9635916,2100215,1298638
FIN005818,3174011609982909,2025,9183361,1024368,11932826,8242780,1277894
FIN005819,3671012804812910,2024,20527080,1531860,23983547,12628076,1681922
FIN005820,3671012804812910,2025,20194511,1489148,31124796,10455765,1382121
FIN005821,3174014409852911,2024,22065839,5004687,43993399,13801774,4508068
FIN005822,3174014409852911,2025,21943456,5000593,32068820,19296420,4406513
FIN005823,3671014305722912,2024,19167380,1001540,34782268,11359189,1330188
FIN005824,3671014305722912,2025,22309677,918660,31203540,10344401,1096433
FIN005825,3671012811902913,2024,21373454,2639487,25295808,8666247,2736097
FIN005826,3671012811902913,2025,33943836,3560053,44376311,25775540,3218793
FIN005827,3172014808032914,2024,49875938,3605688,63980210,37843367,3838752
FIN005828,3172014808032914,2025,52528771,4145124,82594752,20199055,5771282
FIN005829,3674013009782915,2024,14893468,1798808,20537295,7604872,2006501
FIN005830,3674013009782915,2025,19038674,2492164,22813906,10378303,2647180
FIN005831,3276011209782916,2024,14056438,1515271,24253435,15918357,1487154
FIN005832,3276011209782916,2025,18222165,1856368,23760213,12496144,1767769
FIN005833,3671011411882917,2024,34440162,4722410,38678683,25454171,6209025
FIN005834,3671011411882917,2025,42570640,5129624,66632847,14914519,5814251
FIN005835,3671012308742918,2024,5691318,502993,8845487,5094494,683608
FIN005836,3671012308742918,2025,5960639,435135,7948866,3922709,596028
FIN005837,3674010810732919,2024,28564851,2094695,56791214,35675878,2632071
FIN005838,3674010810732919,2025,39011365,3140008,62823916,22902371,3327505
FIN005839,3175010406972920,2024,59446905,5561076,76809845,28804887,5714270
FIN005840,3175010406972920,2025,55901278,5870632,95986285,58307029,5981775
FIN005841,3173014203762921,2024,35234208,3528450,65171436,26534130,4102122
FIN005842,3173014203762921,2025,32559505,3725035,38871268,9720595,4257403
FIN005843,3171011302772922,2024,13029663,1147048,16568319,3642227,1179051
FIN005844,3171011302772922,2025,12771186,1256898,15349944,7560893,1119882
FIN005845,3276016408832923,2024,17831988,913168,33741012,21671583,1091001
FIN005846,3276016408832923,2025,14780793,744692,18720206,10274883,1041023
FIN005847,3271015212762924,2024,3966119,575363,7281313,2920676,662232
FIN005848,3271015212762924,2025,4015582,553784,7331429,2207709,696721
FIN005849,3271012311762925,2024,11106141,2273831,13508616,8173279,2760555
FIN005850,3271012311762925,2025,16352098,3781447,22083887,8856808,3359284
FIN005851,3674013008752926,2024,66252361,6506013,81454584,45738573,8843265
FIN005852,3674013008752926,2025,74280693,7148490,121998268,69835106,8360035
FIN005853,3175016008942927,2024,35984646,4557487,49787146,26681679,6151396
FIN005854,3175016008942927,2025,25196043,2966863,29883292,15556831,3450413
FIN005855,3671012210812928,2024,20647057,1807399,40804588,11706435,2111858
FIN005856,3671012210812928,2025,21550483,1779885,30293769,19906099,2424822
FIN005857,3671014606032929,2024,26819175,4108433,48656664,16877959,5159520
FIN005858,3671014606032929,2025,25593413,3314192,35287827,21475457,3813291
FIN005859,3174016602662930,2024,15397091,963998,24663544,7629584,1106525
FIN005860,3174016602662930,2025,20552605,1191941,34277910,20237316,1655002
FIN005861,3671011009012931,2024,18711474,2334335,27588123,17088836,2457357
FIN005862,3671011009012931,2025,20520141,2703793,29793883,10150740,2328548
FIN005863,3674011511752932,2024,44396115,5651746,61142156,20927977,7097112
FIN005864,3674011511752932,2025,52058488,6449778,94049215,65001090,5890623
FIN005865,3275014902032933,2024,21746135,3998133,25281752,8738033,3836241
FIN005866,3275014902032933,2025,22765976,4059899,43052673,29537605,4738828
FIN005867,3671016608682934,2024,65793870,2562473,84457020,58212173,2252250
FIN005868,3671016608682934,2025,65144566,2730769,118485364,79360340,2513867
FIN005869,3171011209672935,2024,19626663,689857,28030412,9552334,623088
FIN005870,3171011209672935,2025,16512771,634679,19377235,12761012,735848
FIN005871,3674014109872936,2024,13423829,1555059,15677253,10857217,2030356
FIN005872,3674014109872936,2025,12104969,1283258,20634481,5044332,1402756
FIN005873,3173013012742937,2024,29656267,6844356,36504211,15852915,7785847
FIN005874,3173013012742937,2025,29127824,6348381,54264891,23777956,6287049
FIN005875,3671015003982938,2024,14583224,1574958,25574702,7824718,1345091
FIN005876,3671015003982938,2025,16546019,1796937,24260840,6235173,1547806
FIN005877,3674010906862939,2024,36865489,4151247,57094792,39372273,4461069
FIN005878,3674010906862939,2025,48501841,5438376,66891476,21815580,7022965
FIN005879,3174016107812940,2024,12302410,1839398,18202180,8414097,1668108
FIN005880,3174016107812940,2025,13258216,1840517,25951473,5846333,1760955
FIN005881,3175010804012941,2024,10303307,459529,15850714,4230954,401340
FIN005882,3175010804012941,2025,13421576,495111,19607405,6753432,559637
FIN005883,3172016110832942,2024,11581961,1535696,20289560,10778058,1289337
FIN005884,3172016110832942,2025,13672881,1842538,25771497,15849919,1993682
FIN005885,3174012212682943,2024,10456271,110323,12618142,3193429,90202
FIN005886,3174012212682943,2025,8545779,108455,12189651,2880794,123702
FIN005887,3175012706802944,2024,46939534,8977167,60641799,39257363,12062727
FIN005888,3175012706802944,2025,63749100,10551589,124790096,37546790,10590673
FIN005889,3276011002862945,2024,22698779,3247347,31065327,20760289,3351164
FIN005890,3276011002862945,2025,22874338,2997883,42480455,20425956,3193419
FIN005891,3271015602902946,2024,10937785,1227262,15316044,9653048,1521203
FIN005892,3271015602902946,2025,16116699,1802364,24404678,8638719,2299368
FIN005893,3671015009682947,2024,36119529,6948925,63892417,14606066,7850221
FIN005894,3671015009682947,2025,38259367,8494908,67965061,21416893,8354007
FIN005895,3172017010822948,2024,10339068,1167840,18564480,9277422,1405773
FIN005896,3172017010822948,2025,9848524,1118305,14189651,6610666,1362877
FIN005897,3275016308672949,2024,14805154,1775549,25104613,13319254,1648013
FIN005898,3275016308672949,2025,18888190,1990210,22861332,15487954,2617108
FIN005899,3674015305792950,2024,29164940,1949466,56126527,27064733,2405835
FIN005900,3674015305792950,2025,35537036,2044628,41397566,19224072,2026013
FIN005901,3276014308922951,2024,9636295,999856,15378421,8083544,875912
FIN005902,3276014308922951,2025,10133946,1171527,11196624,6970361,1290297
FIN005903,3276014301662952,2024,62148560,6454404,73342151,46424238,6334156
FIN005904,3276014301662952,2025,57063736,5212460,75670121,35306141,5921222
FIN005905,3172016001732953,2024,38784083,2006265,47396157,11878069,1781415
FIN005906,3172016001732953,2025,38559729,2513030,66186128,35474470,2230417
FIN005907,3171016901742954,2024,5867625,1439915,7880596,4580429,1409530
FIN005908,3171016901742954,2025,4490349,1209589,8655190,3954954,1406005
FIN005909,3275013010942955,2024,24800643,1974911,37578559,22242895,2732833
FIN005910,3275013010942955,2025,30953953,2744948,58290214,21675896,2421359
FIN005911,3671013005662956,2024,7415328,957014,11751241,8189560,1323664
FIN005912,3671013005662956,2025,9034813,1248069,12244573,4246369,1656020
FIN005913,3674010712812957,2024,35621274,2858552,55890230,12649903,3121723
FIN005914,3674010712812957,2025,51781940,4220123,93666709,24756635,5464011
FIN005915,3276016601812958,2024,7835198,443497,14382616,6211540,519934
FIN005916,3276016601812958,2025,8773185,567046,13291445,3872160,774632
FIN005917,3671011508732959,2024,26423047,2212063,47031790,13942644,2655285
FIN005918,3671011508732959,2025,38329545,3774920,71085290,26281701,3363597
FIN005919,3275014606712960,2024,9025023,258910,10294930,4688185,301117
FIN005920,3275014606712960,2025,7843886,252035,13744448,2942997,228118
FIN005921,3275016506982961,2024,25715458,3744924,38404293,8109846,3553889
FIN005922,3275016506982961,2025,28685157,5183405,47616558,16238990,6765265
FIN005923,3671013004852962,2024,24031881,4083821,46037979,24609184,5260276
FIN005924,3671013004852962,2025,26976678,6004705,33033164,19040954,5360629
FIN005925,3276016811942963,2024,57208435,534902,102473402,25074931,502291
FIN005926,3276016811942963,2025,65468501,565356,82449892,33295238,462387
FIN005927,3172011211762964,2024,63798016,13325220,86338151,49300265,13300052
FIN005928,3172011211762964,2025,81395887,15347611,161331163,100495911,16133343
FIN005929,3671012501792965,2024,8764100,640802,13988171,3698577,650049
FIN005930,3671012501792965,2025,11806541,990208,15192610,6181685,975218
FIN005931,3175011508722966,2024,31854774,1935181,51066623,33989509,2623943
FIN005932,3175011508722966,2025,38194890,2301538,67407892,40611356,1992929
FIN005933,3671011003992967,2024,53793553,1229612,87589072,47708162,1439022
FIN005934,3671011003992967,2025,46445268,836833,85765819,18803924,1016305
FIN005935,3175013012662968,2024,17302810,823965,34129941,14206177,1051364
FIN005936,3175013012662968,2025,19894754,1161528,24057338,11622699,1625533
FIN005937,3671014412662969,2024,12275840,1770311,19381659,6483898,1913423
FIN005938,3671014412662969,2025,13180273,1831758,17316042,10857802,1917618
FIN005939,3671011504822970,2024,46690652,5233093,70746344,20644382,5367392
FIN005940,3671011504822970,2025,54218539,6289343,70843605,15094641,6004266
FIN005941,3671012312862971,2024,32576567,4005212,44661639,18594892,5296541
FIN005942,3671012312862971,2025,39247724,5191285,65803066,16927799,4528875
FIN005943,3275016601962972,2024,12072109,1217309,19231137,12658263,1348345
FIN005944,3275016601962972,2025,17915980,1976681,29144894,15919701,1939628
FIN005945,3276012905822973,2024,11261386,2476010,18735333,6937391,2095522
FIN005946,3276012905822973,2025,11594818,2708529,14741784,9646358,2533242
FIN005947,3171010205912974,2024,15427654,1378957,23271576,14384639,1678807
FIN005948,3171010205912974,2025,14223451,1354118,23207679,5191702,1690415
FIN005949,3275015608912975,2024,36808093,5661345,44200141,11852494,7925499
FIN005950,3275015608912975,2025,38018104,5391086,55762416,35004202,6354039
FIN005951,3671015408902976,2024,9820433,1683736,18131193,3932129,1718206
FIN005952,3671015408902976,2025,13124721,2700161,18908756,3940441,2471215
FIN005953,3175011510962977,2024,15313458,1614692,26429056,15588685,1568274
FIN005954,3175011510962977,2025,14778582,1455683,23895894,9516763,1931210
FIN005955,3174016905702978,2024,61943936,4738787,74452253,28616689,4441064
FIN005956,3174016905702978,2025,70990547,5646348,128763484,40705431,5752515
FIN005957,3671010708902979,2024,20681428,1516078,35948420,7820741,2075947
FIN005958,3671010708902979,2025,23603872,1330232,38773979,15391200,1847071
FIN005959,3171016308732980,2024,20423532,3172722,37568474,22922662,3678703
FIN005960,3171016308732980,2025,23570903,3195940,32561747,17349691,3875747
FIN005961,3271015606722981,2024,33001083,5736515,46788077,22132446,4718746
FIN005962,3271015606722981,2025,35094108,5764545,47125897,28929884,5360455
FIN005963,3171014411782982,2024,12165157,1806944,20762354,14287721,2132572
FIN005964,3171014411782982,2025,14457819,2123312,21803249,13870211,1771781
FIN005965,3275011503702983,2024,9116668,889181,17613743,8906086,721946
FIN005966,3275011503702983,2025,8493228,740835,9866060,3747776,728009
FIN005967,3172014901802984,2024,4522718,523214,5308004,3505091,611945
FIN005968,3172014901802984,2025,5567895,852714,8417757,2485910,871564
FIN005969,3171014708932985,2024,20675304,1946233,33447532,9239039,2656147
FIN005970,3171014708932985,2025,27195888,2533434,45407149,27953781,2932546
FIN005971,3171014802722986,2024,13094133,2274990,15951203,8790386,2908225
FIN005972,3171014802722986,2025,11999838,2610813,17117319,11715559,3093735
FIN005973,3671015612942987,2024,53530339,6809285,66185303,16122867,8774448
FIN005974,3671015612942987,2025,63263265,8210164,95600501,20828627,10342786
FIN005975,3175010703982988,2024,20110792,1663752,30506621,14130490,1699978
FIN005976,3175010703982988,2025,27548463,2926503,49218163,30272803,2764491
FIN005977,3174012407812989,2024,11696506,1254056,16399689,4624383,1355626
FIN005978,3174012407812989,2025,12493336,1378402,21217416,4399914,1727478
FIN005979,3671014709002990,2024,18221312,1703608,26594037,9470278,1865144
FIN005980,3671014709002990,2025,21017828,2080853,37708386,14743517,2101827
FIN005981,3175010306702991,2024,18861438,1820420,25192653,13610224,2455557
FIN005982,3175010306702991,2025,22578462,1965148,28751027,16054569,2088309
FIN005983,3173011406032992,2024,13604767,1139219,23312252,13232800,1352678
FIN005984,3173011406032992,2025,15502967,1206080,28709058,19167280,1183478
FIN005985,3671011406942993,2024,21103620,819196,30409939,14762249,672381
FIN005986,3671011406942993,2025,15970395,695891,27763013,19431913,663494
FIN005987,3671015803982994,2024,19503510,2854576,26644631,5600694,2872059
FIN005988,3671015803982994,2025,22995802,4099889,26852468,17831168,4213715
FIN005989,3174015909962995,2024,32264428,4383859,62446077,33722017,5123706
FIN005990,3174015909962995,2025,44133669,5912808,57487253,11549768,8209528
FIN005991,3671011312982996,2024,63763206,7140526,80812449,42736143,8533836
FIN005992,3671011312982996,2025,58658349,6275378,110894727,62419859,6253374
FIN005993,3172010710992997,2024,43863191,10168496,55996255,13262670,13366002
FIN005994,3172010710992997,2025,20519170,4443745,24923023,13359650,4149776
FIN005995,3174012706032998,2024,8034317,667236,15117316,5346620,846160
FIN005996,3174012706032998,2025,8638122,781628,10238133,2848587,662875
FIN005997,3276015311842999,2024,25056968,2311559,47312828,26858953,2497064
FIN005998,3276015311842999,2025,27649394,2431229,41613216,25979442,2542878
FIN005999,3275016008853000,2024,10569093,1834076,17870598,6184290,1898815
FIN006000,3275016008853000,2025,12548968,2361883,18140558,9556396,2829841
FIN006001,3175011205883002,2024,400000000,48000000,600000000,240000000,52800000
FIN006002,3175011205883002,2025,440000000,52800000,660000000,264000000,58080000
FIN006003,3276011503903003,2024,600000000,66000000,900000000,360000000,72600000
FIN006004,3276011503903003,2025,660000000,72600000,990000000,396000000,79860000
FIN006005,3174012207853004,2024,700000000,70000000,1050000000,420000000,77000000
FIN006006,3174012207853004,2025,750000000,75000000,1125000000,450000000,82500000
FIN006007,3275014211923005,2024,500000000,60000000,750000000,300000000,66000000
FIN006008,3275014211923005,2025,560000000,67200000,840000000,336000000,73920000
FIN006009,3671011001803006,2024,2000000000,220000000,3000000000,1200000000,242000000
FIN006010,3671011001803006,2025,2200000000,242000000,3300000000,1320000000,266200000
FIN006011,3173012506873007,2024,800000000,72000000,1200000000,480000000,79200000
FIN006012,3173012506873007,2025,520000000,46800000,780000000,312000000,51480000
FIN006013,3276014809913008,2024,300000000,30000000,450000000,180000000,33000000
FIN006014,3276014809913008,2025,330000000,33000000,495000000,198000000,36300000
FIN006015,3271011904833009,2024,350000000,35000000,525000000,210000000,38500000
FIN006016,3271011904833009,2025,385000000,38500000,577500000,231000000,42350000
FIN006017,3172013012793010,2024,900000000,90000000,1350000000,540000000,99000000
FIN006018,3172013012793010,2025,990000000,99000000,1485000000,594000000,108900000
FIN006019,3674015402903011,2024,140000000,11200000,210000000,84000000,12320000
FIN006020,3674015402903011,2025,150000000,12000000,225000000,90000000,13200000
FIN006021,3174010508863012,2024,700000000,105000000,1050000000,420000000,115500000
FIN006022,3174010508863012,2025,840000000,126000000,1260000000,504000000,138600000
FIN006023,3171016710933013,2024,500000000,80000000,750000000,300000000,88000000
FIN006024,3171016710933013,2025,800000000,128000000,1200000000,480000000,140800000
