slik_record_id,NIK,inquiry_date,bank_name,loan_type,plafond,outstanding_balance,installment_amount,tenor_month,collectability,collectability_label
SLK000001,3276010601750001,2024-03-06,Bank BCA,KPR,100000000,87078357,2882804,36,1,Lancar
SLK000002,3172010301920002,2025-03-27,Bank CIMB Niaga,KKB,75000000,42479157,6708701,12,2,Dalam Perhatian Khusus (DPK)
SLK000003,3172010301920002,2024-06-29,BPR Mitra Usaha,KK,300000000,176591612,9447252,36,1,Lancar
SLK000004,3671010604800003,2024-02-26,Bank Danamon,KPR,25000000,5032340,760302,36,1,Lancar
SLK000005,3671010604800003,2024-11-25,Bank BRI,KI,150000000,130655336,14335826,12,4,Diragukan
SLK000006,3173016001890004,2025-05-08,Bank Panin,KI,500000000,431167857,11828084,48,2,Dalam Perhatian Khusus (DPK)
SLK000007,3275011505030005,2025-12-11,BPR Mitra Usaha,KMK,75000000,20377147,1601924,48,2,Dalam Perhatian Khusus (DPK)
SLK000008,3671012904920006,2024-09-15,BPR Mitra Usaha,KKB,25000000,12976540,785577,36,1,Lancar
SLK000009,3171015211010007,2024-12-19,Bank OCBC NISP,KPR,75000000,31857661,1654250,48,4,Diragukan
SLK000010,3171015211010007,2024-11-16,Bank Permata,KK,50000000,41194970,4483791,12,2,Dalam Perhatian Khusus (DPK)
SLK000011,3674013005710008,2024-10-16,Bank CIMB Niaga,KI,100000000,73911070,2908960,36,4,Diragukan
SLK000012,3271016610890010,2026-04-24,Bank Permata,KI,500000000,110489461,11196934,48,1,Lancar
SLK000013,3271016610890010,2024-07-19,Bank BNI,KI,300000000,217219827,6540657,48,1,Lancar
SLK000014,3271016610890010,2026-03-06,Bank Panin,KK,500000000,378486905,22790960,24,3,Kurang Lancar
SLK000015,3275016305970011,2026-07-02,Bank CIMB Niaga,KKB,25000000,7614977,1162415,24,1,Lancar
SLK000016,3275016305970011,2024-12-16,Bank BCA,KK,300000000,253466581,26296997,12,2,Dalam Perhatian Khusus (DPK)
SLK000017,3174013110970013,2026-07-29,Bank Mandiri,KI,50000000,16847552,1457308,36,1,Lancar
SLK000018,3671016412960014,2025-12-31,Bank CIMB Niaga,KK,50000000,36431357,1493941,36,1,Lancar
SLK000019,3671016412960014,2024-07-23,Bank Mandiri,KK,50000000,16799719,920802,60,1,Lancar
SLK000020,3671012605910015,2024-05-21,Bank CIMB Niaga,KMK,50000000,43202774,1173386,48,1,Lancar
SLK000021,3674011208740016,2024-08-01,Bank Mandiri,KMK,500000000,390990215,15413181,36,4,Diragukan
SLK000022,3271010101840017,2025-03-08,Bank Mandiri,KKB,50000000,12993664,937704,60,4,Diragukan
SLK000023,3271010101840017,2025-11-08,Bank CIMB Niaga,KPR,150000000,95516688,4717897,36,1,Lancar
SLK000024,3172011502850018,2026-04-03,BPR Mitra Usaha,KMK,500000000,211319512,21623976,24,1,Lancar
SLK000025,3172011502850018,2024-07-25,Bank Danamon,KK,300000000,159198246,26496673,12,4,Diragukan
SLK000026,3174012110980019,2024-09-05,Bank CIMB Niaga,KMK,25000000,5704491,1184164,24,1,Lancar
SLK000027,3174012110980019,2025-05-11,Bank OCBC NISP,KI,300000000,92212059,9268982,36,1,Lancar
SLK000028,3674015810770020,2024-07-27,Bank CIMB Niaga,KI,50000000,25882153,889420,60,1,Lancar
SLK000029,3674015810770020,2026-08-15,Bank Mandiri,KKB,300000000,238309669,8560277,36,2,Dalam Perhatian Khusus (DPK)
SLK000030,3671012107980021,2024-04-23,Bank Panin,KI,50000000,22331239,852387,60,1,Lancar
SLK000031,3171011102830022,2026-05-01,Bank BCA,KK,25000000,17367440,595190,48,1,Lancar
SLK000032,3171011102830022,2024-06-12,Bank BCA,KKB,75000000,70645663,2334959,36,1,Lancar
SLK000033,3175015609750023,2025-11-17,Bank Mandiri,KKB,150000000,109484583,2720032,60,3,Kurang Lancar
SLK000034,3175015609750023,2025-11-12,Bank BNI,KK,500000000,135798504,15381821,36,1,Lancar
SLK000035,3175015609750023,2024-06-17,Bank BNI,KMK,25000000,8494426,761246,36,1,Lancar
SLK000036,3671010906920025,2025-06-24,Bank Permata,KKB,25000000,22341354,2299709,12,1,Lancar
SLK000037,3671010906920025,2025-10-12,Bank Panin,KMK,200000000,156327862,4701537,48,1,Lancar
SLK000038,3671011103970026,2025-11-22,Bank BCA,KMK,25000000,6998702,593996,48,1,Lancar
SLK000039,3671011103970026,2025-07-11,Bank Mandiri,KI,500000000,190952302,8541333,60,1,Lancar
SLK000040,3671011204840028,2026-08-05,Bank BNI,KK,50000000,19829914,1423979,36,1,Lancar
SLK000041,3671011204840028,2025-07-24,Bank BNI,KKB,100000000,71004604,2154807,48,1,Lancar
SLK000042,3671010311920029,2025-08-14,Bank OCBC NISP,KMK,150000000,100681439,12884556,12,2,Dalam Perhatian Khusus (DPK)
SLK000043,3671016012760030,2026-02-27,Bank BRI,KPR,300000000,273995402,5420369,60,1,Lancar
SLK000044,3671016012760030,2025-04-05,BPR Mitra Usaha,KPR,300000000,233110307,6655117,48,1,Lancar
SLK000045,3174015008940031,2024-09-02,Bank Danamon,KKB,500000000,473446160,11095515,48,1,Lancar
SLK000046,3175012912660033,2024-11-13,Bank CIMB Niaga,KMK,75000000,39868335,3346600,24,2,Dalam Perhatian Khusus (DPK)
SLK000047,3671014110870034,2026-07-14,Bank BCA,KK,100000000,30917581,4438878,24,1,Lancar
SLK000048,3671014110870034,2025-11-02,Bank BNI,KPR,500000000,409300671,15893677,36,3,Kurang Lancar
SLK000049,3671014110870034,2024-10-25,Bank OCBC NISP,KI,150000000,101847423,4776118,36,1,Lancar
SLK000050,3671015108920035,2025-06-19,Bank Permata,KI,50000000,32577012,1162749,48,2,Dalam Perhatian Khusus (DPK)
SLK000051,3671014712870036,2025-08-29,BPR Mitra Usaha,KKB,50000000,12307849,957577,60,2,Dalam Perhatian Khusus (DPK)
SLK000052,3671014712870036,2024-06-15,Bank CIMB Niaga,KMK,150000000,65096798,2740157,60,1,Lancar
SLK000053,3671014712870036,2025-11-10,Bank BRI,KI,25000000,17575816,1136163,24,1,Lancar
SLK000054,3175012901750037,2025-05-29,Bank CIMB Niaga,KK,150000000,132916797,2635203,60,1,Lancar
SLK000055,3175012901750037,2024-05-27,Bank Mandiri,KI,500000000,310199352,21380547,24,1,Lancar
SLK000056,3671016303970038,2024-03-13,Bank OCBC NISP,KPR,25000000,5748728,2153516,12,1,Lancar
SLK000057,3671016303970038,2025-09-29,Bank BCA,KPR,150000000,127880399,6433418,24,1,Lancar
SLK000058,3671016303970038,2024-11-24,Bank Mandiri,KK,150000000,106180823,4491201,36,1,Lancar
SLK000059,3671010304670039,2024-02-15,BPR Mitra Usaha,KMK,300000000,134408127,5132348,60,1,Lancar
SLK000060,3276015003770041,2025-11-01,Bank BNI,KK,200000000,183819739,6381729,36,1,Lancar
SLK000061,3271010505890042,2025-11-22,Bank Danamon,KKB,200000000,55515274,8909885,24,2,Dalam Perhatian Khusus (DPK)
SLK000062,3271010505890042,2024-05-21,Bank Panin,KKB,100000000,57118370,3161873,36,4,Diragukan
SLK000063,3271014201950044,2025-09-22,Bank BNI,KK,100000000,85774162,9037365,12,1,Lancar
SLK000064,3271014201950044,2024-12-14,Bank BNI,KK,150000000,95515693,3523208,48,1,Lancar
SLK000065,3173012502730045,2025-10-16,Bank BCA,KMK,300000000,92054208,27573855,12,1,Lancar
SLK000066,3275014502860046,2025-01-27,Bank OCBC NISP,KI,500000000,425276542,47480943,12,1,Lancar
SLK000067,3172010211710047,2024-08-13,Bank BNI,KK,200000000,82733295,8883107,24,1,Lancar
SLK000068,3671016211990048,2024-07-07,Bank OCBC NISP,KKB,200000000,66083826,5888930,36,1,Lancar
SLK000069,3671016211990048,2024-11-23,Bank BNI,KPR,150000000,103816317,3291908,48,1,Lancar
SLK000070,3172016512950049,2025-07-07,Bank Mandiri,KI,500000000,143392147,44983027,12,2,Dalam Perhatian Khusus (DPK)
SLK000071,3172015801940050,2025-12-09,Bank CIMB Niaga,KK,50000000,41037667,2219186,24,1,Lancar
SLK000072,3172015801940050,2025-02-02,Bank Permata,KK,25000000,19462130,2174791,12,4,Diragukan
SLK000073,3671011808920051,2025-09-22,BPR Mitra Usaha,KI,200000000,91240339,17304840,12,1,Lancar
SLK000074,3173016507900052,2024-08-29,Bank Panin,KPR,200000000,56776891,9572934,24,3,Kurang Lancar
SLK000075,3674016707000054,2025-07-14,Bank Danamon,KPR,25000000,16081000,1177285,24,1,Lancar
SLK000076,3674015806980055,2026-01-26,Bank BRI,KMK,300000000,185033296,9212641,36,1,Lancar
SLK000077,3674015806980055,2024-03-16,Bank Mandiri,KMK,75000000,70642867,1305319,60,1,Lancar
SLK000078,3674015806980055,2025-10-11,Bank Danamon,KPR,25000000,9754058,2198595,12,2,Dalam Perhatian Khusus (DPK)
SLK000079,3671014508730056,2024-11-06,Bank CIMB Niaga,KK,500000000,168091565,23528543,24,1,Lancar
SLK000080,3671014508730056,2026-05-19,Bank CIMB Niaga,KKB,100000000,36473340,2364749,48,1,Lancar
SLK000081,3671014508730056,2025-08-31,Bank BRI,KMK,100000000,24998884,1892663,60,1,Lancar
SLK000082,3275010510960057,2025-04-02,Bank CIMB Niaga,KMK,100000000,53281953,4529567,24,1,Lancar
SLK000083,3671012101860058,2025-01-10,Bank BCA,KK,500000000,344971734,47262726,12,2,Dalam Perhatian Khusus (DPK)
SLK000084,3671016210710059,2026-05-26,Bank OCBC NISP,KMK,150000000,65466328,3262467,48,1,Lancar
SLK000085,3674015309780060,2024-07-12,Bank BRI,KI,75000000,28789857,6807440,12,2,Dalam Perhatian Khusus (DPK)
SLK000086,3171011302650061,2024-04-15,Bank OCBC NISP,KKB,500000000,430839235,9454686,60,1,Lancar
SLK000087,3171011302650061,2024-12-02,BPR Mitra Usaha,KK,500000000,255250394,8736641,60,1,Lancar
SLK000088,3175014405000062,2024-02-25,Bank BRI,KPR,300000000,262295015,5643473,60,1,Lancar
SLK000089,3671011309840063,2026-03-07,Bank CIMB Niaga,KK,100000000,56318979,2352953,48,2,Dalam Perhatian Khusus (DPK)
SLK000090,3671011309840063,2026-08-18,Bank Panin,KI,100000000,40399049,4541674,24,1,Lancar
SLK000091,3173015312970064,2025-08-10,Bank BCA,KMK,200000000,168741958,9040090,24,3,Kurang Lancar
SLK000092,3173015312970064,2024-08-01,Bank BRI,KMK,100000000,66990974,4726866,24,1,Lancar
SLK000093,3173015204880065,2025-12-08,Bank CIMB Niaga,KMK,100000000,50384455,4272722,24,1,Lancar
SLK000094,3173015204880065,2026-01-10,Bank Mandiri,KI,75000000,21200601,2138169,36,1,Lancar
SLK000095,3671016406030066,2025-10-17,Bank OCBC NISP,KI,300000000,246615049,8924818,36,2,Dalam Perhatian Khusus (DPK)
SLK000096,3671016406030066,2025-06-04,Bank BCA,KMK,300000000,103367289,5284622,60,1,Lancar
SLK000097,3271015503700067,2024-06-02,BPR Mitra Usaha,KKB,500000000,472939414,22832618,24,1,Lancar
SLK000098,3271015503700067,2024-06-25,BPR Mitra Usaha,KPR,200000000,177131318,17841311,12,1,Lancar
SLK000099,3271015503700067,2026-04-17,Bank OCBC NISP,KPR,75000000,30125867,2386754,36,1,Lancar
SLK000100,3674014302990068,2024-12-31,Bank BCA,KI,500000000,215235116,23926068,24,1,Lancar
SLK000101,3674014302990068,2025-03-17,Bank BNI,KKB,25000000,21772273,1169893,24,1,Lancar
SLK000102,3671010311960069,2024-02-27,Bank Mandiri,KKB,500000000,232962932,47459048,12,2,Dalam Perhatian Khusus (DPK)
SLK000103,3671010311960069,2026-02-19,BPR Mitra Usaha,KKB,200000000,62927545,9079451,24,1,Lancar
SLK000104,3671010311960069,2026-02-27,Bank BNI,KI,50000000,14701708,912106,60,1,Lancar
SLK000105,3173016202970070,2025-12-19,Bank Mandiri,KI,150000000,36972191,6458564,24,1,Lancar
SLK000106,3671015802680071,2024-06-11,Bank Danamon,KMK,500000000,402214617,21920936,24,2,Dalam Perhatian Khusus (DPK)
SLK000107,3674016506800072,2025-04-23,Bank Permata,KKB,200000000,122641629,5962666,36,1,Lancar
SLK000108,3674016506800072,2025-03-23,Bank Panin,KK,500000000,301453067,11670270,48,1,Lancar
SLK000109,3674016506800072,2025-09-17,Bank BRI,KMK,500000000,385557132,8527110,60,1,Lancar
SLK000110,3275015104790073,2026-07-16,Bank BRI,KKB,200000000,125234172,3823739,60,1,Lancar
SLK000111,3275015104790073,2024-10-19,Bank Permata,KI,200000000,187231208,3609966,60,1,Lancar
SLK000112,3275015104790073,2024-04-11,Bank BNI,KI,150000000,127702350,6708052,24,1,Lancar
SLK000113,3172010107850074,2024-11-06,Bank Danamon,KK,25000000,9971543,2254918,12,2,Dalam Perhatian Khusus (DPK)
SLK000114,3172010107850074,2026-06-30,Bank Danamon,KK,50000000,46336304,945286,60,1,Lancar
SLK000115,3172010107850074,2024-06-30,BPR Mitra Usaha,KPR,75000000,36687075,1744026,48,1,Lancar
SLK000116,3275010902990076,2025-02-11,Bank Danamon,KKB,75000000,40566068,1721630,48,1,Lancar
SLK000117,3275010902990076,2024-06-12,Bank BCA,KK,75000000,45423351,1322114,60,1,Lancar
SLK000118,3275010902990076,2024-06-24,BPR Mitra Usaha,KPR,300000000,264674618,26114929,12,1,Lancar
SLK000119,3276015512750077,2026-05-15,BPR Mitra Usaha,KMK,100000000,25338259,1708210,60,1,Lancar
SLK000120,3276015512750077,2025-08-20,BPR Mitra Usaha,KPR,500000000,351995451,10757740,48,1,Lancar
SLK000121,3671013008930079,2026-06-14,Bank CIMB Niaga,KMK,150000000,79869673,3306769,48,2,Dalam Perhatian Khusus (DPK)
SLK000122,3671013008930079,2026-02-07,Bank CIMB Niaga,KKB,500000000,295785713,11741667,48,2,Dalam Perhatian Khusus (DPK)
SLK000123,3671013008930079,2025-01-08,Bank BNI,KKB,150000000,61345687,3273410,48,1,Lancar
SLK000124,3271011405960080,2025-03-13,Bank BNI,KKB,200000000,134527835,3803648,60,1,Lancar
SLK000125,3671016910740081,2026-02-18,Bank Panin,KI,300000000,156232763,5561370,60,1,Lancar
SLK000126,3671016910740081,2024-12-23,Bank Permata,KPR,300000000,231046265,9111436,36,3,Kurang Lancar
SLK000127,3172015405810082,2026-02-27,Bank Panin,KPR,500000000,186390558,9364685,60,2,Dalam Perhatian Khusus (DPK)
SLK000128,3172015405810082,2025-07-10,Bank Permata,KPR,150000000,65499090,4571671,36,1,Lancar
SLK000129,3674014603010083,2025-05-24,Bank Permata,KKB,75000000,54551543,1306872,60,1,Lancar
SLK000130,3674014603010083,2025-08-20,Bank Danamon,KPR,200000000,136864742,3696162,60,1,Lancar
SLK000131,3175016601890084,2025-11-24,Bank OCBC NISP,KKB,75000000,36969808,1295025,60,1,Lancar
SLK000132,3175016601890084,2026-01-10,Bank Mandiri,KPR,50000000,18728960,2325708,24,1,Lancar
SLK000133,3671011405920085,2024-04-30,Bank Panin,KKB,300000000,103702409,5262717,60,1,Lancar
SLK000134,3671011405920085,2026-06-01,Bank Danamon,KMK,300000000,234198500,9390923,36,1,Lancar
SLK000135,3671012605020087,2025-02-09,Bank OCBC NISP,KK,25000000,20353116,2201252,12,1,Lancar
SLK000136,3671012605020087,2026-01-17,BPR Mitra Usaha,KKB,300000000,154463726,13460712,24,1,Lancar
SLK000137,3175010406890088,2026-08-03,Bank CIMB Niaga,KPR,300000000,123210923,5148136,60,1,Lancar
SLK000138,3175010406890088,2024-03-09,Bank BCA,KPR,500000000,128304217,11352707,48,1,Lancar
SLK000139,3175010406890088,2025-08-22,Bank Mandiri,KPR,150000000,133416102,3243244,48,1,Lancar
SLK000140,3172013003760090,2025-09-23,Bank BRI,KPR,500000000,110973290,22475611,24,1,Lancar
SLK000141,3174015406790093,2025-02-26,Bank Panin,KKB,300000000,125454031,13733129,24,1,Lancar
SLK000142,3674016309970095,2024-01-03,Bank CIMB Niaga,KI,500000000,221393580,45278635,12,2,Dalam Perhatian Khusus (DPK)
SLK000143,3674016309970095,2025-03-10,Bank CIMB Niaga,KKB,300000000,189663133,6590863,48,4,Diragukan
SLK000144,3173010205690096,2025-09-17,Bank OCBC NISP,KK,200000000,77478416,5758427,36,1,Lancar
SLK000145,3275016611770097,2024-12-31,Bank Mandiri,KK,50000000,44746709,1587021,36,2,Dalam Perhatian Khusus (DPK)
SLK000146,3275016611770097,2024-02-18,Bank CIMB Niaga,KKB,150000000,107353024,3285451,48,1,Lancar
SLK000147,3271012602700098,2025-02-21,Bank Mandiri,KKB,500000000,229394075,11976822,48,1,Lancar
SLK000148,3271012602700098,2024-08-13,Bank Panin,KI,200000000,134358953,3581345,60,1,Lancar
SLK000149,3271012602700098,2025-05-31,Bank Danamon,KMK,100000000,78793428,1889022,60,1,Lancar
SLK000150,3173010111830100,2026-01-03,Bank CIMB Niaga,KMK,100000000,49129488,2270288,48,1,Lancar
SLK000151,3173010111830100,2025-03-03,Bank BRI,KKB,75000000,20837733,6503691,12,1,Lancar
SLK000152,3671012703950101,2024-12-04,Bank Mandiri,KI,25000000,12712300,438563,60,3,Kurang Lancar
SLK000153,3671012703950101,2024-01-29,BPR Mitra Usaha,KI,25000000,8909271,1182703,24,1,Lancar
SLK000154,3671012703950101,2024-07-03,Bank Danamon,KI,100000000,35392544,9302865,12,1,Lancar
SLK000155,3671016606800102,2024-04-22,Bank BRI,KI,300000000,174932073,6993151,48,1,Lancar
SLK000156,3671010605650103,2025-07-28,Bank Mandiri,KI,150000000,129968455,13698008,12,1,Lancar
SLK000157,3671010605650103,2025-08-17,Bank CIMB Niaga,KPR,100000000,37810168,9321497,12,1,Lancar
SLK000158,3171016101820104,2025-12-17,Bank Permata,KI,100000000,79732673,4386001,24,1,Lancar
SLK000159,3175017010900105,2026-07-08,Bank OCBC NISP,KKB,150000000,133586331,4652345,36,1,Lancar
SLK000160,3175017010900105,2024-09-06,Bank Danamon,KMK,75000000,46803940,7153303,12,2,Dalam Perhatian Khusus (DPK)
SLK000161,3271015412680106,2026-06-27,Bank CIMB Niaga,KK,100000000,93828598,2141884,48,1,Lancar
SLK000162,3271015412680106,2025-04-20,Bank CIMB Niaga,KK,500000000,291819834,15313375,36,3,Kurang Lancar
SLK000163,3175015412990107,2026-05-23,Bank OCBC NISP,KMK,500000000,412023286,47508507,12,1,Lancar
SLK000164,3175015412990107,2024-11-18,Bank BCA,KI,100000000,86089192,4604463,24,1,Lancar
SLK000165,3276011310720108,2025-11-20,BPR Mitra Usaha,KPR,25000000,12613323,712059,36,3,Kurang Lancar
SLK000166,3276016309840109,2024-10-09,Bank Danamon,KK,75000000,28001111,6758372,12,3,Kurang Lancar
SLK000167,3276016309840109,2025-09-04,Bank BNI,KK,75000000,69747396,2312826,36,1,Lancar
SLK000168,3275012207670110,2024-11-16,Bank BNI,KI,75000000,47771302,3368445,24,1,Lancar
SLK000169,3671014406790111,2024-12-05,Bank Panin,KPR,300000000,201813908,6443241,48,3,Kurang Lancar
SLK000170,3671011709840112,2025-08-07,BPR Mitra Usaha,KK,50000000,11192707,1572962,36,1,Lancar
SLK000171,3175014911780115,2025-11-29,BPR Mitra Usaha,KMK,150000000,56971219,7026595,24,2,Dalam Perhatian Khusus (DPK)
SLK000172,3671015109940116,2025-03-19,BPR Mitra Usaha,KPR,25000000,7638271,2226721,12,1,Lancar
SLK000173,3671015109940116,2024-08-16,Bank Danamon,KK,150000000,99122396,6799927,24,1,Lancar
SLK000174,3276014412840117,2025-12-30,Bank Danamon,KI,500000000,163389068,46128767,12,1,Lancar
SLK000175,3674014807990118,2024-05-16,Bank Panin,KKB,500000000,447862644,22752290,24,1,Lancar
SLK000176,3271015611890119,2025-10-29,Bank Danamon,KMK,300000000,137116593,8582696,36,1,Lancar
SLK000177,3171012008010120,2024-05-12,Bank Mandiri,KK,500000000,284225360,11382062,48,1,Lancar
SLK000178,3174014811650122,2025-12-10,Bank Mandiri,KMK,300000000,150085652,9107217,36,3,Kurang Lancar
SLK000179,3173017008930123,2025-07-15,Bank BCA,KKB,50000000,14800602,1138081,48,1,Lancar
SLK000180,3173017008930123,2025-11-14,Bank CIMB Niaga,KK,200000000,151635288,6005347,36,1,Lancar
SLK000181,3173017008930123,2025-04-13,Bank BNI,KMK,150000000,123058505,2830837,60,1,Lancar
SLK000182,3172012910800124,2024-05-05,Bank BCA,KPR,150000000,94017739,4528157,36,1,Lancar
SLK000183,3173017009810125,2026-07-04,BPR Mitra Usaha,KKB,25000000,17040863,1125915,24,2,Dalam Perhatian Khusus (DPK)
SLK000184,3271016906010126,2024-09-01,Bank BNI,KKB,300000000,172077116,12797113,24,2,Dalam Perhatian Khusus (DPK)
SLK000185,3275015308970129,2026-05-21,Bank Mandiri,KK,50000000,45015407,2317472,24,5,Macet
SLK000186,3674015301920130,2025-07-09,BPR Mitra Usaha,KMK,25000000,6526433,2317330,12,2,Dalam Perhatian Khusus (DPK)
SLK000187,3674015301920130,2026-08-09,Bank Mandiri,KPR,50000000,24007078,926351,60,2,Dalam Perhatian Khusus (DPK)
SLK000188,3173015904810131,2025-11-16,Bank Mandiri,KPR,50000000,37857927,4618633,12,1,Lancar
SLK000189,3173015904810131,2025-11-19,Bank Danamon,KK,25000000,13083246,443062,60,1,Lancar
SLK000190,3173015904810131,2026-02-08,Bank Permata,KMK,500000000,375197451,21590477,24,1,Lancar
SLK000191,3671016202920132,2025-09-25,Bank OCBC NISP,KPR,75000000,26023803,3344699,24,1,Lancar
SLK000192,3671016202920132,2024-03-04,Bank Mandiri,KPR,300000000,84424955,13910766,24,1,Lancar
SLK000193,3671015303760133,2025-09-23,Bank OCBC NISP,KPR,300000000,186585335,26071538,12,2,Dalam Perhatian Khusus (DPK)
SLK000194,3172016310770134,2026-03-06,Bank Panin,KI,25000000,8942802,466647,60,1,Lancar
SLK000195,3171015307000136,2024-09-25,Bank CIMB Niaga,KPR,100000000,41293804,1870081,60,3,Kurang Lancar
SLK000196,3674013107880137,2025-09-06,Bank CIMB Niaga,KI,150000000,52749197,3194444,48,1,Lancar
SLK000197,3674013107880137,2024-04-01,Bank Mandiri,KPR,150000000,84924677,2749980,60,5,Macet
SLK000198,3671014410700138,2024-06-15,Bank Mandiri,KK,25000000,6659732,475604,60,1,Lancar
SLK000199,3276015007800139,2026-07-15,Bank CIMB Niaga,KMK,50000000,29744335,2151436,24,1,Lancar
SLK000200,3276015007800139,2026-06-16,Bank Panin,KI,50000000,41307465,1189640,48,5,Macet
SLK000201,3276015007800139,2025-07-12,Bank Permata,KPR,300000000,164593843,6413763,48,1,Lancar
SLK000202,3172011801910140,2024-10-04,BPR Mitra Usaha,KMK,150000000,91346610,4534422,36,1,Lancar
SLK000203,3275010505870141,2026-05-03,Bank OCBC NISP,KK,500000000,138828839,23854727,24,5,Macet
SLK000204,3674010111850142,2025-03-29,Bank BRI,KPR,500000000,106504722,8950593,60,2,Dalam Perhatian Khusus (DPK)
SLK000205,3674010111850142,2024-12-02,Bank Mandiri,KPR,25000000,22899075,468767,60,1,Lancar
SLK000206,3275013112760143,2024-11-14,Bank BCA,KPR,300000000,94178861,9060099,36,1,Lancar
SLK000207,3275013112760143,2026-06-27,Bank BCA,KK,25000000,16449101,1153328,24,1,Lancar
SLK000208,3271010807730144,2024-02-19,BPR Mitra Usaha,KI,50000000,34065139,940161,60,1,Lancar
SLK000209,3271010807730144,2025-04-13,Bank Danamon,KKB,50000000,45117879,4411393,12,1,Lancar
SLK000210,3271010807730144,2026-02-16,Bank OCBC NISP,KMK,200000000,150753190,5962325,36,1,Lancar
SLK000211,3171014303910145,2026-05-06,Bank OCBC NISP,KK,75000000,57317492,7009406,12,1,Lancar
SLK000212,3171014303910145,2025-01-23,Bank Mandiri,KKB,50000000,34396554,4772040,12,4,Diragukan
SLK000213,3171014303910145,2024-04-04,Bank Permata,KK,300000000,144434730,8986567,36,1,Lancar
SLK000214,3271010804990146,2024-10-09,Bank BCA,KI,25000000,12532053,2395260,12,1,Lancar
SLK000215,3271010804990146,2026-02-17,Bank Danamon,KMK,200000000,98875647,18498003,12,1,Lancar
SLK000216,3271010801020147,2024-06-24,Bank Panin,KPR,150000000,37331849,2753286,60,1,Lancar
SLK000217,3271010801020147,2026-03-18,Bank Panin,KI,25000000,10970588,546709,48,1,Lancar
SLK000218,3275011301670148,2025-01-23,BPR Mitra Usaha,KPR,150000000,91592448,6727900,24,1,Lancar
SLK000219,3275011301670148,2026-03-06,Bank Danamon,KK,500000000,472521204,14459673,36,1,Lancar
SLK000220,3276015808820149,2026-04-29,Bank Danamon,KK,25000000,18851525,2188144,12,2,Dalam Perhatian Khusus (DPK)
SLK000221,3271016403950150,2024-06-12,Bank OCBC NISP,KKB,300000000,210527480,12832227,24,3,Kurang Lancar
SLK000222,3271016403950150,2026-01-24,Bank Mandiri,KKB,50000000,46788948,1149747,48,1,Lancar
SLK000223,3172012003930151,2025-08-20,BPR Mitra Usaha,KI,300000000,135533937,28546101,12,1,Lancar
SLK000224,3172012003930151,2026-06-26,Bank BRI,KKB,25000000,13739647,1175537,24,1,Lancar
SLK000225,3172012003930151,2025-09-05,Bank BCA,KPR,25000000,13097241,429149,60,1,Lancar
SLK000226,3276017005830152,2025-02-01,BPR Mitra Usaha,KPR,300000000,94226190,13919724,24,2,Dalam Perhatian Khusus (DPK)
SLK000227,3271014407890153,2025-09-04,Bank Mandiri,KKB,500000000,465315440,15290079,36,1,Lancar
SLK000228,3276011812950154,2026-06-26,Bank Mandiri,KK,150000000,45502836,13097887,12,1,Lancar
SLK000229,3175016111660155,2025-10-22,Bank BRI,KKB,300000000,259606949,6485813,48,1,Lancar
SLK000230,3271012802710156,2025-03-10,Bank BCA,KMK,200000000,79704756,3401744,60,1,Lancar
SLK000231,3271012802710156,2024-01-12,Bank BRI,KI,150000000,83274806,2563168,60,1,Lancar
SLK000232,3671010607690157,2024-12-28,Bank BCA,KI,150000000,134174047,3268956,48,3,Kurang Lancar
SLK000233,3671010607690157,2024-01-28,BPR Mitra Usaha,KPR,100000000,89183726,9520306,12,1,Lancar
SLK000234,3671016606990158,2025-01-09,BPR Mitra Usaha,KKB,100000000,22443378,1836909,60,1,Lancar
SLK000235,3276010708980159,2025-08-20,Bank BCA,KPR,500000000,403219813,11203897,48,1,Lancar
SLK000236,3671016903770160,2026-03-10,Bank OCBC NISP,KI,150000000,84883519,4587365,36,1,Lancar
SLK000237,3671016903770160,2025-12-21,Bank CIMB Niaga,KK,75000000,59683109,1644647,48,2,Dalam Perhatian Khusus (DPK)
SLK000238,3671015511720161,2024-09-24,Bank BNI,KK,500000000,299530214,42770312,12,1,Lancar
SLK000239,3171015406860164,2024-12-20,Bank Permata,KI,300000000,150132605,25923686,12,1,Lancar
SLK000240,3671012807880165,2024-07-28,Bank OCBC NISP,KPR,25000000,9047494,429974,60,1,Lancar
SLK000241,3671012807880165,2025-08-03,Bank Panin,KPR,75000000,49393175,1769346,48,1,Lancar
SLK000242,3671012003700166,2025-08-29,Bank BCA,KI,75000000,64516746,1392765,60,1,Lancar
SLK000243,3671012003700166,2026-01-19,Bank Panin,KKB,25000000,11851147,711492,36,1,Lancar
SLK000244,3671011104890168,2026-06-30,Bank Panin,KKB,200000000,127064387,4699219,48,1,Lancar
SLK000245,3671011104890168,2026-06-10,Bank Mandiri,KMK,50000000,27543036,952844,60,1,Lancar
SLK000246,3671011104890168,2025-07-28,Bank Panin,KMK,75000000,46849021,3387710,24,1,Lancar
SLK000247,3674014711810169,2025-10-06,Bank BCA,KMK,300000000,167340018,26116354,12,1,Lancar
SLK000248,3174012105780170,2026-01-08,Bank BNI,KI,100000000,32716849,8908456,12,3,Kurang Lancar
SLK000249,3174012105780170,2026-03-26,Bank OCBC NISP,KK,25000000,20527347,1184139,24,1,Lancar
SLK000250,3174012105780170,2024-11-29,Bank BRI,KI,25000000,22061181,427965,60,2,Dalam Perhatian Khusus (DPK)
SLK000251,3174015206660171,2024-07-25,Bank BCA,KPR,300000000,178475000,25767988,12,2,Dalam Perhatian Khusus (DPK)
SLK000252,3174015206660171,2024-08-28,Bank BRI,KPR,100000000,49060992,1739679,60,1,Lancar
SLK000253,3671016412750172,2024-03-24,Bank OCBC NISP,KMK,25000000,6771239,1063471,24,1,Lancar
SLK000254,3671012711900173,2025-11-16,Bank OCBC NISP,KMK,50000000,22872518,1514225,36,1,Lancar
SLK000255,3671013001930174,2024-05-28,Bank OCBC NISP,KK,100000000,50557673,1875446,60,1,Lancar
SLK000256,3671010704680177,2025-05-11,BPR Mitra Usaha,KKB,25000000,9403255,761538,36,3,Kurang Lancar
SLK000257,3671010704680177,2024-09-02,Bank BNI,KK,25000000,20831254,1093837,24,1,Lancar
SLK000258,3671010704680177,2025-05-11,BPR Mitra Usaha,KMK,75000000,25469933,6664554,12,1,Lancar
SLK000259,3674016711850179,2026-05-11,Bank Panin,KMK,100000000,24271096,9382542,12,1,Lancar
SLK000260,3674016711850179,2024-07-15,Bank BRI,KI,75000000,15365035,1737558,48,1,Lancar
SLK000261,3175012710890180,2026-01-24,Bank Mandiri,KK,25000000,7445739,557808,48,1,Lancar
SLK000262,3175012710890180,2026-08-18,Bank BRI,KI,100000000,58591481,2338626,48,1,Lancar
SLK000263,3175012710890180,2026-06-19,Bank Mandiri,KPR,75000000,29822519,1704788,48,3,Kurang Lancar
SLK000264,3671015807760181,2024-10-15,Bank Panin,KPR,50000000,25592083,914685,60,1,Lancar
SLK000265,3671015807760181,2025-11-05,Bank BNI,KPR,300000000,227871028,5713915,60,1,Lancar
SLK000266,3671015807760181,2024-04-24,BPR Mitra Usaha,KKB,300000000,65027610,13548100,24,1,Lancar
SLK000267,3671011201890184,2025-06-11,Bank Panin,KMK,100000000,55280571,9471480,12,3,Kurang Lancar
SLK000268,3671012707010185,2025-03-01,Bank CIMB Niaga,KK,150000000,64331568,7023412,24,1,Lancar
SLK000269,3671012707010185,2024-12-27,Bank OCBC NISP,KMK,200000000,128700086,9057897,24,1,Lancar
SLK000270,3671012707010185,2026-04-02,Bank Mandiri,KPR,75000000,56521982,1347106,60,1,Lancar
SLK000271,3174011203690186,2024-05-24,Bank Danamon,KK,100000000,54749667,8553747,12,1,Lancar
SLK000272,3174011203690186,2025-08-28,Bank Mandiri,KMK,50000000,45334794,4361792,12,1,Lancar
SLK000273,3174011203690186,2025-12-21,Bank BRI,KK,200000000,187553778,17450424,12,1,Lancar
SLK000274,3671012103820189,2024-10-28,Bank BRI,KI,75000000,36396315,1374974,60,1,Lancar
SLK000275,3671012103820189,2024-10-08,Bank BCA,KKB,75000000,22285871,6837849,12,1,Lancar
SLK000276,3671011309990190,2024-02-14,Bank BCA,KK,75000000,69372093,3221846,24,1,Lancar
SLK000277,3671014511680191,2026-03-30,Bank BNI,KMK,500000000,393968848,9237726,60,1,Lancar
SLK000278,3174016703650192,2024-09-01,Bank OCBC NISP,KKB,500000000,346552500,47902400,12,5,Macet
SLK000279,3174016703650192,2025-11-23,Bank CIMB Niaga,KI,100000000,60973217,1800124,60,1,Lancar
SLK000280,3671016008690193,2024-09-20,Bank Mandiri,KI,100000000,83194128,4515541,24,2,Dalam Perhatian Khusus (DPK)
SLK000281,3172016211750194,2026-06-30,Bank Mandiri,KPR,150000000,98482179,2753062,60,1,Lancar
SLK000282,3271012211830195,2026-01-26,Bank OCBC NISP,KK,100000000,54854146,1805500,60,1,Lancar
SLK000283,3175012104650196,2024-06-23,Bank Danamon,KMK,100000000,62403887,3134662,36,2,Dalam Perhatian Khusus (DPK)
SLK000284,3175012104650196,2025-05-24,Bank BNI,KI,500000000,162274166,11840146,48,1,Lancar
SLK000285,3175012104650196,2024-09-08,Bank Danamon,KK,150000000,90819399,4688341,36,2,Dalam Perhatian Khusus (DPK)
SLK000286,3671016806860197,2024-04-27,Bank BNI,KKB,100000000,50102561,8756794,12,2,Dalam Perhatian Khusus (DPK)
SLK000287,3275015804900198,2025-05-27,Bank BRI,KI,50000000,17554148,4464116,12,5,Macet
SLK000288,3671016609010199,2024-02-18,Bank BCA,KPR,200000000,112286240,17237520,12,1,Lancar
SLK000289,3173016810910200,2026-05-27,Bank BRI,KK,500000000,427597822,22935372,24,1,Lancar
SLK000290,3175011806720201,2026-08-07,Bank OCBC NISP,KK,100000000,71377246,9070901,12,1,Lancar
SLK000291,3175011806720201,2025-03-04,Bank Panin,KPR,300000000,128649567,26401968,12,3,Kurang Lancar
SLK000292,3175011806720201,2024-10-21,Bank Permata,KI,500000000,407510433,15232750,36,1,Lancar
SLK000293,3671013012840202,2024-03-24,Bank BCA,KKB,300000000,237519867,8673737,36,1,Lancar
SLK000294,3671013012840202,2025-04-07,Bank Mandiri,KMK,500000000,438896845,46748638,12,1,Lancar
SLK000295,3671013012840202,2025-03-03,Bank BRI,KMK,500000000,131197628,15226081,36,1,Lancar
SLK000296,3671016304790204,2025-06-10,Bank BRI,KMK,500000000,286012333,15426081,36,1,Lancar
SLK000297,3172012910720205,2026-04-23,Bank BRI,KPR,500000000,179145958,14360580,36,4,Diragukan
SLK000298,3172012910720205,2024-01-11,Bank OCBC NISP,KKB,200000000,128359023,6344105,36,1,Lancar
SLK000299,3172012910720205,2025-03-19,Bank CIMB Niaga,KPR,300000000,82361125,6375251,48,3,Kurang Lancar
SLK000300,3175011608790207,2025-11-14,Bank BNI,KKB,500000000,449198755,14892039,36,1,Lancar
SLK000301,3175011608790207,2024-06-05,BPR Mitra Usaha,KI,25000000,21514134,712935,36,1,Lancar
SLK000302,3276010307010208,2024-04-29,Bank BNI,KPR,300000000,70894343,6991761,48,2,Dalam Perhatian Khusus (DPK)
SLK000303,3276010307010208,2024-02-14,Bank BCA,KMK,500000000,243756862,22621098,24,1,Lancar
SLK000304,3671010112870209,2024-09-02,Bank CIMB Niaga,KPR,50000000,38150845,2240957,24,1,Lancar
SLK000305,3171011102790210,2026-08-04,BPR Mitra Usaha,KKB,100000000,72868469,1731683,60,2,Dalam Perhatian Khusus (DPK)
SLK000306,3171011102790210,2025-07-08,BPR Mitra Usaha,KPR,75000000,20381076,6746163,12,2,Dalam Perhatian Khusus (DPK)
SLK000307,3674014811960211,2024-01-28,BPR Mitra Usaha,KI,75000000,69153951,7054984,12,1,Lancar
SLK000308,3276014901000212,2026-04-19,BPR Mitra Usaha,KMK,75000000,64960925,6612734,12,1,Lancar
SLK000309,3172012609800215,2026-05-12,Bank Panin,KPR,75000000,51950855,1364499,60,1,Lancar
SLK000310,3275011006770216,2025-06-04,BPR Mitra Usaha,KK,300000000,70758679,28417541,12,5,Macet
SLK000311,3671014103930217,2024-09-19,Bank Danamon,KPR,50000000,18732399,860719,60,1,Lancar
SLK000312,3671014103930217,2025-11-15,BPR Mitra Usaha,KPR,50000000,37481685,1533293,36,1,Lancar
SLK000313,3275016309990218,2026-01-22,BPR Mitra Usaha,KKB,500000000,227902059,15898779,36,2,Dalam Perhatian Khusus (DPK)
SLK000314,3271016606790219,2024-05-24,Bank Danamon,KPR,100000000,90131516,8670281,12,1,Lancar
SLK000315,3275012907700220,2025-04-22,Bank BRI,KMK,300000000,216634457,25897261,12,1,Lancar
SLK000316,3175012603760221,2024-10-22,Bank OCBC NISP,KPR,200000000,66719889,5980803,36,1,Lancar
SLK000317,3275010508030223,2026-03-16,Bank CIMB Niaga,KI,25000000,10836870,580839,48,1,Lancar
SLK000318,3275010508030223,2025-11-26,Bank BCA,KKB,500000000,368257454,46435526,12,1,Lancar
SLK000319,3276010303820224,2026-05-06,Bank Danamon,KKB,25000000,6216380,726865,36,1,Lancar
SLK000320,3171016106830225,2024-08-24,BPR Mitra Usaha,KPR,100000000,63098155,1876323,60,2,Dalam Perhatian Khusus (DPK)
SLK000321,3171016106830225,2025-08-23,Bank Mandiri,KPR,500000000,310278698,8683718,60,3,Kurang Lancar
SLK000322,3171014406770226,2026-04-12,Bank Permata,KPR,150000000,44362496,2839859,60,1,Lancar
SLK000323,3671011907980227,2024-04-13,Bank CIMB Niaga,KPR,300000000,271820776,8573126,36,1,Lancar
SLK000324,3271010312700228,2024-09-21,Bank CIMB Niaga,KKB,100000000,47423162,9138300,12,2,Dalam Perhatian Khusus (DPK)
SLK000325,3174011809670229,2025-12-11,Bank Danamon,KKB,25000000,14946989,434580,60,1,Lancar
SLK000326,3174011809670229,2024-11-12,Bank Panin,KMK,300000000,116765607,6487742,48,1,Lancar
SLK000327,3671011306770230,2026-03-28,Bank CIMB Niaga,KPR,150000000,32699543,4757247,36,1,Lancar
SLK000328,3276010708670231,2024-06-12,Bank Danamon,KI,500000000,196199731,10871882,48,5,Macet
SLK000329,3174010805720232,2025-12-21,Bank Panin,KK,150000000,128374993,4426457,36,1,Lancar
SLK000330,3674011503770233,2025-06-30,Bank Permata,KPR,75000000,61703509,1778112,48,1,Lancar
SLK000331,3674011503770233,2025-01-23,Bank Danamon,KMK,50000000,23252438,874198,60,1,Lancar
SLK000332,3175012201720234,2026-06-25,Bank Panin,KK,100000000,41595241,2328147,48,1,Lancar
SLK000333,3174010103860235,2024-08-22,Bank Mandiri,KPR,75000000,22481476,7133766,12,1,Lancar
SLK000334,3174010103860235,2024-08-31,Bank BCA,KKB,200000000,128899592,3720136,60,2,Dalam Perhatian Khusus (DPK)
SLK000335,3271016001020236,2026-08-08,Bank Panin,KPR,300000000,260432676,25948249,12,5,Macet
SLK000336,3271014709790237,2024-06-07,Bank BCA,KI,500000000,182976249,21636826,24,1,Lancar
SLK000337,3671012908990238,2026-08-19,BPR Mitra Usaha,KMK,300000000,105990849,28610172,12,1,Lancar
SLK000338,3671012908990238,2024-08-17,Bank Permata,KK,150000000,118841185,13699798,12,1,Lancar
SLK000339,3174012105750240,2025-09-24,Bank OCBC NISP,KPR,500000000,408318589,45856096,12,1,Lancar
SLK000340,3173011909940241,2024-09-23,Bank Panin,KI,500000000,258946710,9452598,60,1,Lancar
SLK000341,3174014402740242,2025-09-22,Bank BNI,KKB,300000000,282535218,5125435,60,1,Lancar
SLK000342,3174014402740242,2025-05-11,Bank OCBC NISP,KI,50000000,15373687,4470094,12,1,Lancar
SLK000343,3174014402740242,2026-02-05,Bank OCBC NISP,KMK,25000000,12127191,2193309,12,3,Kurang Lancar
SLK000344,3671016307990243,2025-01-05,Bank CIMB Niaga,KI,500000000,226348072,14423248,36,1,Lancar
SLK000345,3174012511960244,2024-06-16,Bank CIMB Niaga,KMK,50000000,10918627,1187223,48,1,Lancar
SLK000346,3671014104690245,2024-06-17,Bank Danamon,KMK,100000000,45099875,8721074,12,4,Diragukan
SLK000347,3171012909900247,2026-01-03,Bank BNI,KK,100000000,60332808,2373736,48,1,Lancar
SLK000348,3271014301850248,2025-11-24,Bank BNI,KPR,50000000,19948988,897996,60,2,Dalam Perhatian Khusus (DPK)
SLK000349,3276012210830249,2026-02-14,Bank BCA,KI,50000000,24294062,1459590,36,1,Lancar
SLK000350,3271014406820250,2024-10-21,Bank OCBC NISP,KI,200000000,116727270,9426926,24,1,Lancar
SLK000351,3671016902720251,2024-07-03,Bank BNI,KKB,200000000,132257117,18424521,12,3,Kurang Lancar
SLK000352,3671016902720251,2026-07-24,Bank BRI,KMK,25000000,22936472,453463,60,1,Lancar
SLK000353,3171017107910252,2025-03-31,Bank CIMB Niaga,KMK,200000000,147361605,3630525,60,1,Lancar
SLK000354,3171017107910252,2025-09-05,Bank OCBC NISP,KPR,300000000,175243757,7136952,48,1,Lancar
SLK000355,3171017107910252,2024-08-09,Bank OCBC NISP,KMK,75000000,46969532,6980377,12,3,Kurang Lancar
SLK000356,3671011604910255,2025-11-21,Bank Mandiri,KKB,200000000,119578463,3484443,60,1,Lancar
SLK000357,3671014601750256,2024-08-29,Bank BRI,KI,50000000,24248354,4579504,12,1,Lancar
SLK000358,3671014601750256,2025-09-02,BPR Mitra Usaha,KK,300000000,282732335,27270533,12,5,Macet
SLK000359,3671014303730257,2025-11-10,Bank Panin,KKB,150000000,34211097,6940805,24,1,Lancar
SLK000360,3671014303730257,2026-08-18,Bank OCBC NISP,KI,500000000,102869217,15079077,36,1,Lancar
SLK000361,3276011607930258,2024-08-19,Bank Danamon,KI,75000000,29384943,3272887,24,3,Kurang Lancar
SLK000362,3276011607930258,2024-04-09,Bank Mandiri,KK,500000000,426720214,46954894,12,5,Macet
SLK000363,3671016802670259,2024-12-15,Bank Panin,KI,50000000,24646078,2165630,24,1,Lancar
SLK000364,3671011804720260,2025-10-17,Bank OCBC NISP,KPR,150000000,70495671,4626703,36,1,Lancar
SLK000365,3174015607890261,2024-12-30,Bank Panin,KI,50000000,38409393,4588400,12,2,Dalam Perhatian Khusus (DPK)
SLK000366,3174015607890261,2025-03-01,Bank BNI,KI,25000000,18593877,444175,60,5,Macet
SLK000367,3276011007730262,2024-03-30,Bank Panin,KK,100000000,81537453,9410030,12,4,Diragukan
SLK000368,3674012211710263,2024-10-14,Bank Danamon,KMK,25000000,17909603,792728,36,1,Lancar
SLK000369,3171011808930264,2026-01-14,Bank Mandiri,KK,75000000,30061031,2147999,36,1,Lancar
SLK000370,3171011808930264,2025-06-19,Bank Danamon,KK,75000000,64271283,2274681,36,1,Lancar
SLK000371,3276012308810265,2025-07-31,BPR Mitra Usaha,KK,150000000,37854333,12953142,12,1,Lancar
SLK000372,3671011310710266,2025-12-28,Bank BCA,KK,150000000,115137728,2596670,60,1,Lancar
SLK000373,3671011310710266,2024-05-05,Bank BCA,KK,200000000,136823580,4402391,48,1,Lancar
SLK000374,3671011310710266,2025-09-27,Bank CIMB Niaga,KI,500000000,303125184,23632542,24,5,Macet
SLK000375,3276015405860267,2025-07-28,Bank BCA,KKB,75000000,23565226,2355949,36,1,Lancar
SLK000376,3271010506030269,2026-04-17,Bank Panin,KI,25000000,8157764,442783,60,1,Lancar
SLK000377,3671012709690270,2024-10-19,Bank BRI,KMK,75000000,55746490,2232780,36,1,Lancar
SLK000378,3671012709690270,2025-02-25,Bank CIMB Niaga,KI,100000000,69161721,2348549,48,3,Kurang Lancar
SLK000379,3674015506710271,2024-07-24,BPR Mitra Usaha,KPR,150000000,58063267,13130351,12,2,Dalam Perhatian Khusus (DPK)
SLK000380,3674015506710271,2024-12-13,Bank BNI,KPR,25000000,5264120,742367,36,1,Lancar
SLK000381,3674015506710271,2024-07-19,Bank BNI,KPR,100000000,61480483,8912279,12,3,Kurang Lancar
SLK000382,3271017007770272,2025-07-31,Bank OCBC NISP,KMK,50000000,34446722,4741603,12,1,Lancar
SLK000383,3671014706730273,2026-02-26,BPR Mitra Usaha,KKB,300000000,214308412,14285152,24,1,Lancar
SLK000384,3671010102710274,2024-05-10,Bank Mandiri,KPR,25000000,11512508,795413,36,1,Lancar
SLK000385,3671015106800276,2024-02-21,BPR Mitra Usaha,KI,25000000,7961402,788446,36,5,Macet
SLK000386,3671015106800276,2024-07-08,Bank CIMB Niaga,KI,75000000,25479915,1323345,60,1,Lancar
SLK000387,3671012601770277,2024-10-10,Bank BNI,KMK,75000000,18165184,1316065,60,1,Lancar
SLK000388,3671012112960278,2026-06-05,Bank Mandiri,KK,100000000,44511509,2230132,48,1,Lancar
SLK000389,3172015809940279,2025-10-22,Bank BCA,KKB,50000000,18599546,2342057,24,1,Lancar
SLK000390,3172015809940279,2024-08-18,Bank BCA,KKB,150000000,103500741,13103622,12,2,Dalam Perhatian Khusus (DPK)
SLK000391,3271015406730280,2024-07-16,Bank BNI,KI,300000000,189458264,7176825,48,1,Lancar
SLK000392,3271015406730280,2024-10-27,Bank BNI,KMK,100000000,84211217,2134498,48,2,Dalam Perhatian Khusus (DPK)
SLK000393,3271011110830281,2025-11-04,Bank Panin,KKB,100000000,71282361,2877806,36,1,Lancar
SLK000394,3271011110830281,2026-02-22,Bank BRI,KPR,25000000,17106599,711425,36,1,Lancar
SLK000395,3271011110830281,2024-09-17,Bank OCBC NISP,KK,75000000,50321483,1776736,48,2,Dalam Perhatian Khusus (DPK)
SLK000396,3271014412020282,2024-09-01,BPR Mitra Usaha,KMK,75000000,50535159,2283096,36,3,Kurang Lancar
SLK000397,3671012112740283,2026-08-02,Bank OCBC NISP,KMK,500000000,465774429,43456048,12,1,Lancar
SLK000398,3275015606930284,2026-07-06,Bank BRI,KMK,75000000,53772229,6856968,12,1,Lancar
SLK000399,3171011605800285,2026-07-21,Bank BRI,KPR,75000000,39077688,1601766,48,1,Lancar
SLK000400,3674015803650287,2025-05-22,BPR Mitra Usaha,KK,25000000,20085475,458445,60,1,Lancar
SLK000401,3671012502750288,2025-08-25,Bank Permata,KK,500000000,117147480,47662485,12,1,Lancar
SLK000402,3671015506840289,2024-03-20,Bank Mandiri,KI,75000000,61272652,3579334,24,1,Lancar
SLK000403,3174011506910290,2024-11-06,Bank BCA,KK,100000000,73587211,2169625,48,1,Lancar
SLK000404,3671010203670291,2025-05-30,Bank BRI,KKB,100000000,75083545,4714315,24,1,Lancar
SLK000405,3671010203670291,2026-02-22,Bank BRI,KPR,25000000,8756755,542752,48,2,Dalam Perhatian Khusus (DPK)
SLK000406,3671010507780292,2024-10-24,BPR Mitra Usaha,KPR,50000000,22702918,860496,60,1,Lancar
SLK000407,3276014810660294,2024-06-29,Bank Mandiri,KKB,25000000,11087138,775936,36,1,Lancar
SLK000408,3276014810660294,2025-01-28,BPR Mitra Usaha,KK,300000000,237029259,6909970,48,1,Lancar
SLK000409,3276014810660294,2025-10-05,Bank BCA,KPR,50000000,39332276,856901,60,3,Kurang Lancar
SLK000410,3671011009710295,2024-05-26,Bank Panin,KI,50000000,37549543,4754956,12,1,Lancar
SLK000411,3671011009710295,2024-03-28,Bank BCA,KK,200000000,65745252,3630548,60,1,Lancar
SLK000412,3174016406010296,2025-04-19,Bank OCBC NISP,KK,500000000,440364734,15625754,36,1,Lancar
SLK000413,3174016406010296,2025-08-13,Bank Danamon,KMK,50000000,33737073,4780417,12,2,Dalam Perhatian Khusus (DPK)
SLK000414,3671012909790297,2025-03-12,Bank Permata,KPR,200000000,88054295,9297327,24,2,Dalam Perhatian Khusus (DPK)
SLK000415,3671012909790297,2026-05-24,Bank Mandiri,KMK,100000000,39396407,8605388,12,1,Lancar
SLK000416,3674015312950298,2026-06-19,Bank Panin,KMK,25000000,17302569,771664,36,1,Lancar
SLK000417,3674015312950298,2024-02-23,Bank Danamon,KPR,300000000,136427648,7092127,48,1,Lancar
SLK000418,3175016005940300,2024-10-30,Bank Mandiri,KI,50000000,25569911,1177060,48,1,Lancar
SLK000419,3175016005940300,2025-04-22,Bank OCBC NISP,KKB,500000000,172643478,8848815,60,1,Lancar
SLK000420,3173014507800301,2024-03-01,Bank BCA,KI,300000000,193762132,7022305,48,1,Lancar
SLK000421,3173016105790302,2024-08-15,Bank BCA,KKB,500000000,439745464,14178381,36,1,Lancar
SLK000422,3173014412840303,2024-05-20,Bank Danamon,KKB,50000000,21039620,2327166,24,3,Kurang Lancar
SLK000423,3173014412840303,2025-01-11,Bank BCA,KMK,25000000,16271797,554587,48,1,Lancar
SLK000424,3173014412840303,2024-02-04,Bank Mandiri,KI,150000000,71591556,4646376,36,2,Dalam Perhatian Khusus (DPK)
SLK000425,3172011908890304,2025-01-30,Bank Permata,KK,200000000,187825343,9312325,24,1,Lancar
SLK000426,3172011908890304,2024-12-23,Bank OCBC NISP,KPR,50000000,14641024,2305284,24,1,Lancar
SLK000427,3173016311790305,2024-09-01,BPR Mitra Usaha,KKB,100000000,58644152,2373096,48,1,Lancar
SLK000428,3173016311790305,2025-10-20,Bank BNI,KK,50000000,23099763,1097774,48,2,Dalam Perhatian Khusus (DPK)
SLK000429,3173016311790305,2024-10-03,Bank OCBC NISP,KMK,300000000,228722202,8922813,36,1,Lancar
SLK000430,3671012707890306,2026-02-01,Bank Panin,KPR,200000000,66924194,18274201,12,2,Dalam Perhatian Khusus (DPK)
SLK000431,3171010206700307,2026-04-01,Bank Danamon,KK,200000000,70910537,3487507,60,1,Lancar
SLK000432,3671015805870308,2024-03-17,Bank Permata,KI,150000000,56754822,6474216,24,1,Lancar
SLK000433,3671012610020310,2026-05-31,Bank Mandiri,KI,100000000,35415385,2191413,48,1,Lancar
SLK000434,3171014908870311,2024-04-19,Bank BRI,KK,200000000,77706101,3605915,60,1,Lancar
SLK000435,3171014908870311,2026-04-04,Bank BCA,KK,100000000,56185658,2201249,48,3,Kurang Lancar
SLK000436,3172015110690312,2024-06-11,Bank BNI,KKB,500000000,318226455,10638383,48,1,Lancar
SLK000437,3671016502740313,2024-07-17,Bank OCBC NISP,KI,300000000,261585261,5229507,60,1,Lancar
SLK000438,3275011202820314,2024-12-04,Bank BCA,KMK,500000000,192326788,23167910,24,2,Dalam Perhatian Khusus (DPK)
SLK000439,3275011202820314,2024-05-22,BPR Mitra Usaha,KK,25000000,14483436,2383990,12,2,Dalam Perhatian Khusus (DPK)
SLK000440,3275011202820314,2026-08-14,Bank Mandiri,KI,500000000,229368567,43827608,12,1,Lancar
SLK000441,3671015511980315,2026-02-11,Bank BCA,KMK,25000000,9620642,2287154,12,1,Lancar
SLK000442,3173012810660316,2024-06-06,Bank Permata,KI,25000000,19682515,1171636,24,1,Lancar
SLK000443,3173012810660316,2024-08-26,Bank OCBC NISP,KMK,500000000,300217111,23133876,24,1,Lancar
SLK000444,3174016411710317,2025-01-06,Bank Mandiri,KKB,300000000,129803291,6781175,48,3,Kurang Lancar
SLK000445,3174016411710317,2026-03-12,Bank OCBC NISP,KPR,150000000,40483738,2572245,60,1,Lancar
SLK000446,3276010104730318,2025-07-24,Bank BRI,KPR,75000000,37984029,6503424,12,1,Lancar
SLK000447,3271010303780319,2024-06-12,Bank BRI,KK,300000000,95137115,27693088,12,2,Dalam Perhatian Khusus (DPK)
SLK000448,3271010303780319,2024-06-12,Bank Danamon,KPR,100000000,29244028,2848940,36,2,Dalam Perhatian Khusus (DPK)
SLK000449,3671015610660320,2026-05-19,Bank Permata,KPR,200000000,89935126,6298439,36,1,Lancar
SLK000450,3276015605790321,2026-04-16,Bank CIMB Niaga,KKB,500000000,189087191,11167107,48,1,Lancar
SLK000451,3275012303740322,2025-01-20,Bank BNI,KMK,200000000,162343265,4706788,48,1,Lancar
SLK000452,3275012303740322,2025-03-18,BPR Mitra Usaha,KMK,75000000,38871193,3563882,24,1,Lancar
SLK000453,3171011708000323,2024-10-31,Bank Danamon,KPR,100000000,52382565,4455694,24,2,Dalam Perhatian Khusus (DPK)
SLK000454,3171011708000323,2026-07-09,BPR Mitra Usaha,KMK,200000000,116556310,4365007,48,1,Lancar
SLK000455,3173015603950324,2024-07-30,Bank Permata,KPR,50000000,24817183,4302570,12,1,Lancar
SLK000456,3173015603950324,2024-08-18,Bank Danamon,KPR,75000000,52862623,3547614,24,1,Lancar
SLK000457,3175011904000325,2024-06-11,Bank BNI,KKB,100000000,54552424,1751788,60,1,Lancar
SLK000458,3175011904000325,2024-06-12,Bank CIMB Niaga,KKB,100000000,89337076,8732804,12,1,Lancar
SLK000459,3171014107980326,2025-03-10,Bank OCBC NISP,KKB,500000000,180377454,15291304,36,1,Lancar
SLK000460,3171014107980326,2026-02-02,Bank BRI,KI,200000000,178690148,17241691,12,1,Lancar
SLK000461,3171014107980326,2025-02-23,Bank OCBC NISP,KKB,150000000,66066071,3408983,48,1,Lancar
SLK000462,3174011611660327,2024-03-16,Bank OCBC NISP,KPR,100000000,61488252,3165969,36,3,Kurang Lancar
SLK000463,3174011611660327,2025-10-21,Bank OCBC NISP,KK,100000000,67338065,2891456,36,1,Lancar
SLK000464,3671012203720328,2024-01-13,Bank CIMB Niaga,KPR,100000000,93028467,4582196,24,2,Dalam Perhatian Khusus (DPK)
SLK000465,3671012203720328,2026-02-08,Bank Danamon,KI,200000000,103622632,9321768,24,1,Lancar
SLK000466,3175015702950329,2026-02-13,Bank BRI,KPR,200000000,119008752,8559173,24,1,Lancar
SLK000467,3175015702950329,2026-01-11,Bank BRI,KMK,25000000,14820330,2160210,12,1,Lancar
SLK000468,3671010609730330,2025-01-03,BPR Mitra Usaha,KKB,300000000,135624670,25508299,12,1,Lancar
SLK000469,3671010609730330,2024-09-23,Bank BRI,KPR,50000000,10009467,1435504,36,1,Lancar
SLK000470,3671010609730330,2024-10-22,BPR Mitra Usaha,KKB,300000000,263156768,13601356,24,1,Lancar
SLK000471,3276016103650331,2025-06-29,Bank Mandiri,KKB,50000000,47380561,4735261,12,2,Dalam Perhatian Khusus (DPK)
SLK000472,3276016103650331,2024-10-05,Bank BNI,KKB,300000000,94832529,9291875,36,2,Dalam Perhatian Khusus (DPK)
SLK000473,3276016103650331,2024-03-26,BPR Mitra Usaha,KKB,25000000,14829388,1092713,24,1,Lancar
SLK000474,3671011506010333,2024-02-10,Bank BNI,KPR,75000000,30237340,6894757,12,4,Diragukan
SLK000475,3172012211970334,2026-05-20,Bank Panin,KK,75000000,39565643,2139295,36,1,Lancar
SLK000476,3172012211970334,2025-05-12,Bank BNI,KMK,75000000,54657445,1400796,60,1,Lancar
SLK000477,3172012211970334,2024-04-21,Bank Permata,KMK,300000000,106105420,8949632,36,1,Lancar
SLK000478,3671012012980335,2024-05-05,Bank Danamon,KKB,300000000,284695774,9010506,36,3,Kurang Lancar
SLK000479,3671012012980335,2026-05-16,Bank Danamon,KI,500000000,297209863,45631347,12,1,Lancar
SLK000480,3276016710670336,2026-06-28,BPR Mitra Usaha,KK,500000000,168228025,46277515,12,1,Lancar
SLK000481,3275012707960337,2025-01-14,Bank BRI,KMK,150000000,121661476,4331418,36,1,Lancar
SLK000482,3172015404760338,2024-04-08,Bank Danamon,KPR,25000000,14221137,2358747,12,1,Lancar
SLK000483,3172015404760338,2026-04-11,Bank BRI,KPR,100000000,30915464,8891366,12,1,Lancar
SLK000484,3174013101880339,2024-01-05,Bank BCA,KPR,100000000,58608231,8654530,12,2,Dalam Perhatian Khusus (DPK)
SLK000485,3174013101880339,2024-01-24,Bank CIMB Niaga,KI,200000000,163398418,18956951,12,1,Lancar
SLK000486,3174013101880339,2026-05-10,Bank OCBC NISP,KK,200000000,113994037,18291751,12,3,Kurang Lancar
SLK000487,3671010808860340,2026-03-18,Bank Mandiri,KK,500000000,152717173,42665117,12,1,Lancar
SLK000488,3171012903930341,2025-03-01,Bank Panin,KMK,75000000,49052940,3256686,24,1,Lancar
SLK000489,3671010511680342,2025-06-27,Bank Panin,KI,100000000,21858059,3109423,36,2,Dalam Perhatian Khusus (DPK)
SLK000490,3671011007720343,2024-12-12,Bank Panin,KPR,500000000,186032003,22949816,24,3,Kurang Lancar
SLK000491,3671011007720343,2026-07-02,Bank Danamon,KK,300000000,165360959,6852249,48,1,Lancar
SLK000492,3671012801020344,2025-10-22,Bank BNI,KKB,300000000,175360533,13305126,24,1,Lancar
SLK000493,3671012801020344,2024-09-24,Bank Danamon,KPR,200000000,164437670,4589246,48,1,Lancar
SLK000494,3671012801020344,2025-10-10,Bank Panin,KKB,50000000,13164652,876408,60,1,Lancar
SLK000495,3172011103890345,2025-01-17,BPR Mitra Usaha,KKB,300000000,143106015,27831994,12,1,Lancar
SLK000496,3172011103890345,2025-08-11,BPR Mitra Usaha,KKB,50000000,18807200,1557973,36,1,Lancar
SLK000497,3271010406910346,2024-09-23,Bank BRI,KPR,50000000,42741346,4407256,12,1,Lancar
SLK000498,3271010406910346,2026-01-21,Bank CIMB Niaga,KI,100000000,31155613,1745127,60,1,Lancar
SLK000499,3671014512900347,2025-10-09,BPR Mitra Usaha,KMK,200000000,186041147,9044160,24,1,Lancar
SLK000500,3671014512900347,2026-01-18,Bank CIMB Niaga,KI,300000000,133880404,6902144,48,1,Lancar
SLK000501,3671012109760348,2025-01-28,Bank Panin,KI,75000000,29762703,2205617,36,1,Lancar
SLK000502,3671012109760348,2026-03-27,Bank OCBC NISP,KPR,200000000,93486324,9326069,24,2,Dalam Perhatian Khusus (DPK)
SLK000503,3671012109760348,2025-02-17,Bank Panin,KPR,150000000,120339680,14049207,12,1,Lancar
SLK000504,3671012005760349,2025-08-22,Bank OCBC NISP,KK,100000000,23944014,1769387,60,1,Lancar
SLK000505,3174015508740350,2024-12-01,Bank Mandiri,KKB,100000000,57531462,1743477,60,2,Dalam Perhatian Khusus (DPK)
SLK000506,3674011512680351,2025-06-19,Bank Permata,KKB,300000000,263643908,8600726,36,1,Lancar
SLK000507,3171016109930352,2026-08-06,Bank BRI,KPR,50000000,41592704,1180958,48,3,Kurang Lancar
SLK000508,3171016109930352,2024-08-26,Bank Mandiri,KK,150000000,120913359,4451907,36,2,Dalam Perhatian Khusus (DPK)
SLK000509,3276012005940353,2024-04-19,Bank Danamon,KK,150000000,101308451,2866091,60,1,Lancar
SLK000510,3671011701690354,2024-01-06,Bank Panin,KKB,300000000,74006382,5443424,60,2,Dalam Perhatian Khusus (DPK)
SLK000511,3671011701690354,2025-03-25,Bank Panin,KK,500000000,221177952,8760741,60,2,Dalam Perhatian Khusus (DPK)
SLK000512,3671015709760355,2024-09-24,Bank Danamon,KMK,50000000,17690550,1533799,36,2,Dalam Perhatian Khusus (DPK)
SLK000513,3671015709760355,2024-04-20,BPR Mitra Usaha,KI,50000000,46703046,1533687,36,3,Kurang Lancar
SLK000514,3271012102960356,2025-11-26,Bank BRI,KPR,100000000,50023317,2990560,36,1,Lancar
SLK000515,3275010203820357,2025-02-26,Bank OCBC NISP,KMK,100000000,41848058,1832839,60,3,Kurang Lancar
SLK000516,3173016203950358,2025-10-23,BPR Mitra Usaha,KK,300000000,213786738,5391853,60,1,Lancar
SLK000517,3173016203950358,2025-08-30,Bank BRI,KKB,200000000,62073655,8811204,24,1,Lancar
SLK000518,3173016203950358,2024-12-10,Bank BRI,KI,50000000,43830782,2283345,24,1,Lancar
SLK000519,3173012401980359,2025-03-25,Bank BCA,KMK,200000000,172390843,3760878,60,1,Lancar
SLK000520,3173012401980359,2026-06-17,Bank Mandiri,KI,75000000,55685059,3571415,24,1,Lancar
SLK000521,3174012604950360,2026-01-15,BPR Mitra Usaha,KPR,150000000,71954864,13802276,12,1,Lancar
SLK000522,3174012604950360,2026-06-08,BPR Mitra Usaha,KKB,200000000,49336558,6257045,36,1,Lancar
SLK000523,3674015603730361,2024-07-14,Bank Danamon,KMK,100000000,71363975,4526789,24,1,Lancar
SLK000524,3276010507850362,2026-03-31,Bank Panin,KKB,500000000,389994828,11854347,48,1,Lancar
SLK000525,3276010507850362,2024-12-25,Bank OCBC NISP,KMK,500000000,315016295,10914845,48,1,Lancar
SLK000526,3276016010830364,2025-01-10,Bank BNI,KI,25000000,21037768,1065846,24,3,Kurang Lancar
SLK000527,3671016403000366,2024-02-12,BPR Mitra Usaha,KI,200000000,141794050,17814582,12,3,Kurang Lancar
SLK000528,3671011711900368,2025-01-20,Bank BCA,KI,25000000,20598374,2394184,12,1,Lancar
SLK000529,3671011711900368,2025-12-01,Bank Mandiri,KMK,25000000,18287838,1076222,24,1,Lancar
SLK000530,3276014807720369,2024-10-22,Bank CIMB Niaga,KKB,200000000,104710855,18104251,12,1,Lancar
SLK000531,3276014807720369,2024-10-07,Bank BCA,KK,300000000,108087259,8576008,36,1,Lancar
SLK000532,3276014807720369,2025-05-08,Bank BRI,KK,100000000,21195926,3035878,36,4,Diragukan
SLK000533,3271016702920370,2026-05-01,Bank CIMB Niaga,KMK,25000000,13111529,2193852,12,1,Lancar
SLK000534,3271016702920370,2025-11-04,Bank Mandiri,KI,300000000,231716948,5484149,60,1,Lancar
SLK000535,3175011505980371,2025-03-13,Bank OCBC NISP,KPR,50000000,34538100,2193782,24,1,Lancar
SLK000536,3671013008690372,2025-06-27,Bank Mandiri,KKB,100000000,83864810,9262799,12,1,Lancar
SLK000537,3671013008690372,2025-08-04,Bank BNI,KI,300000000,196468238,5660683,60,1,Lancar
SLK000538,3172015308020373,2025-12-27,Bank Panin,KK,300000000,123748741,13858617,24,4,Diragukan
SLK000539,3671014407910374,2024-09-29,Bank Mandiri,KMK,300000000,78014324,5719297,60,1,Lancar
SLK000540,3674012708760375,2024-04-03,Bank OCBC NISP,KMK,75000000,43981001,3385835,24,1,Lancar
SLK000541,3674012708760375,2026-05-02,Bank BNI,KMK,300000000,232310748,9391132,36,1,Lancar
SLK000542,3674012708760375,2026-02-07,Bank BNI,KKB,50000000,43359649,2321899,24,1,Lancar
SLK000543,3271013005650376,2024-01-29,BPR Mitra Usaha,KKB,75000000,70070401,2142123,36,2,Dalam Perhatian Khusus (DPK)
SLK000544,3271013005650376,2024-04-13,Bank Panin,KPR,50000000,16164963,4338732,12,1,Lancar
SLK000545,3271013005650376,2025-02-25,Bank OCBC NISP,KK,50000000,24064048,4383887,12,1,Lancar
SLK000546,3671016802020377,2024-02-28,Bank Panin,KKB,75000000,22827459,1683791,48,4,Diragukan
SLK000547,3671016802020377,2025-05-02,Bank BNI,KKB,50000000,16990632,1528184,36,2,Dalam Perhatian Khusus (DPK)
SLK000548,3671016802020377,2024-08-09,Bank BCA,KKB,200000000,51821004,3671670,60,2,Dalam Perhatian Khusus (DPK)
SLK000549,3671015107830378,2026-04-01,BPR Mitra Usaha,KI,50000000,46458301,4712850,12,1,Lancar
SLK000550,3671015107830378,2025-04-03,Bank Danamon,KK,200000000,173440209,6025864,36,1,Lancar
SLK000551,3671015107830378,2024-06-22,Bank OCBC NISP,KPR,300000000,226484531,5245227,60,1,Lancar
SLK000552,3276016105790379,2025-02-27,Bank Mandiri,KMK,100000000,37771727,3183761,36,1,Lancar
SLK000553,3276016105790379,2024-02-14,Bank Mandiri,KKB,200000000,144507040,3471691,60,1,Lancar
SLK000554,3671011206750380,2025-10-14,BPR Mitra Usaha,KKB,300000000,137994842,9210841,36,2,Dalam Perhatian Khusus (DPK)
SLK000555,3175014708680381,2025-04-26,Bank CIMB Niaga,KMK,50000000,17994194,850816,60,1,Lancar
SLK000556,3171014604820382,2024-01-02,BPR Mitra Usaha,KKB,50000000,33219391,857630,60,1,Lancar
SLK000557,3271015202720383,2024-02-26,Bank BCA,KK,150000000,39942552,3452061,48,4,Diragukan
SLK000558,3671012501700384,2024-08-08,Bank BRI,KPR,50000000,15128313,1539181,36,3,Kurang Lancar
SLK000559,3174016501910385,2025-10-06,Bank Permata,KKB,300000000,67882121,6731207,48,1,Lancar
SLK000560,3671014709670386,2026-01-31,Bank BCA,KK,100000000,81160417,2868252,36,5,Macet
SLK000561,3671014709670386,2024-01-09,Bank Permata,KMK,300000000,125583151,13840045,24,1,Lancar
SLK000562,3671014709670386,2024-01-04,Bank Panin,KPR,100000000,73066501,2229863,48,1,Lancar
SLK000563,3674016111970387,2026-03-16,Bank BNI,KKB,500000000,108170856,44217564,12,2,Dalam Perhatian Khusus (DPK)
SLK000564,3674016111970387,2024-02-11,Bank Mandiri,KKB,100000000,65812899,4545949,24,2,Dalam Perhatian Khusus (DPK)
SLK000565,3276014306900388,2024-03-04,Bank Mandiri,KMK,100000000,83610221,9402116,12,1,Lancar
SLK000566,3175014505970390,2024-01-07,Bank BRI,KI,50000000,34039086,906675,60,1,Lancar
SLK000567,3175014505970390,2024-05-15,Bank BCA,KI,150000000,53262925,4348156,36,1,Lancar
SLK000568,3175014505970390,2025-12-20,Bank Permata,KK,200000000,118927421,4600571,48,1,Lancar
SLK000569,3275016704690391,2026-04-28,Bank BNI,KK,100000000,22333143,8591576,12,1,Lancar
SLK000570,3275016704690391,2024-02-12,Bank Danamon,KMK,25000000,23564119,437144,60,1,Lancar
SLK000571,3275016704690391,2026-05-15,Bank Mandiri,KMK,25000000,5450706,1172519,24,1,Lancar
SLK000572,3671010707940392,2026-08-02,Bank BCA,KK,150000000,56730505,3187671,48,1,Lancar
SLK000573,3671014706020394,2026-07-19,Bank BCA,KKB,75000000,47076457,1665401,48,2,Dalam Perhatian Khusus (DPK)
SLK000574,3671014706020394,2025-08-02,Bank BNI,KPR,75000000,56585041,1682571,48,1,Lancar
SLK000575,3671012807900395,2026-01-13,BPR Mitra Usaha,KMK,50000000,43917390,1168170,48,2,Dalam Perhatian Khusus (DPK)
SLK000576,3671012807900395,2024-01-06,Bank Permata,KKB,200000000,118805691,3816207,60,1,Lancar
SLK000577,3671012807900395,2025-03-22,BPR Mitra Usaha,KK,500000000,259059881,14709375,36,3,Kurang Lancar
SLK000578,3671012208870396,2026-07-11,Bank OCBC NISP,KMK,50000000,34191462,1476972,36,1,Lancar
SLK000579,3671012208870396,2024-02-10,Bank BCA,KPR,25000000,5724938,459271,60,1,Lancar
SLK000580,3671012208870396,2025-09-20,Bank CIMB Niaga,KMK,100000000,66138151,2847348,36,1,Lancar
SLK000581,3275017107970398,2024-03-24,Bank Permata,KI,50000000,33650769,1481787,36,1,Lancar
SLK000582,3175010211890399,2026-05-06,Bank BRI,KK,150000000,39390295,6816777,24,1,Lancar
SLK000583,3175010211890399,2024-06-02,Bank BRI,KPR,500000000,381561386,8683972,60,2,Dalam Perhatian Khusus (DPK)
SLK000584,3275010408900400,2024-04-24,BPR Mitra Usaha,KKB,50000000,36439167,1476383,36,1,Lancar
SLK000585,3275011310970401,2024-09-20,Bank BRI,KK,150000000,55084965,13086883,12,4,Diragukan
SLK000586,3275011310970401,2026-08-17,Bank Danamon,KK,100000000,62244854,8817404,12,1,Lancar
SLK000587,3275011310970401,2025-10-08,Bank Permata,KMK,200000000,144974303,5747757,36,1,Lancar
SLK000588,3671010606670402,2025-03-19,Bank OCBC NISP,KI,100000000,70241815,1765926,60,1,Lancar
SLK000589,3671010606670402,2024-04-21,Bank BCA,KKB,200000000,62095201,5995803,36,5,Macet
SLK000590,3671010606670402,2024-01-21,Bank BRI,KPR,50000000,36806609,1476974,36,2,Dalam Perhatian Khusus (DPK)
SLK000591,3671012712840403,2024-09-16,Bank CIMB Niaga,KK,300000000,100627128,27283074,12,1,Lancar
SLK000592,3671012712840403,2025-02-03,Bank Danamon,KPR,75000000,69281140,6499066,12,1,Lancar
SLK000593,3172016811820404,2024-02-06,Bank BRI,KPR,75000000,61826887,2242361,36,4,Diragukan
SLK000594,3172016811820404,2026-08-03,Bank BRI,KMK,300000000,102310969,5532752,60,2,Dalam Perhatian Khusus (DPK)
SLK000595,3671014503900405,2026-05-14,Bank Panin,KI,75000000,57846800,3267545,24,1,Lancar
SLK000596,3671014503900405,2026-07-26,Bank Danamon,KPR,300000000,128684467,6548002,48,1,Lancar
SLK000597,3271011608800406,2025-10-13,Bank Panin,KMK,25000000,11195894,427853,60,1,Lancar
SLK000598,3271011608800406,2024-12-05,Bank OCBC NISP,KPR,150000000,46720214,2681557,60,1,Lancar
SLK000599,3271011608800406,2025-09-24,Bank Danamon,KMK,100000000,27345377,4556909,24,2,Dalam Perhatian Khusus (DPK)
SLK000600,3171012909950407,2026-06-20,Bank BRI,KPR,100000000,67306512,9057377,12,1,Lancar
SLK000601,3175011003850408,2024-05-25,Bank CIMB Niaga,KI,50000000,14587965,4586948,12,1,Lancar
SLK000602,3175011003850408,2025-03-04,Bank BNI,KI,75000000,28411333,3241327,24,3,Kurang Lancar
SLK000603,3174016311810409,2025-01-18,Bank BRI,KI,100000000,39709247,2270521,48,3,Kurang Lancar
SLK000604,3174016311810409,2024-04-28,Bank OCBC NISP,KPR,50000000,16387436,864782,60,1,Lancar
SLK000605,3174010806820410,2024-10-21,Bank Panin,KKB,300000000,263209315,9131459,36,1,Lancar
SLK000606,3174010806820410,2025-05-24,Bank BCA,KI,75000000,54540897,7001252,12,1,Lancar
SLK000607,3175016809860411,2024-06-06,Bank Mandiri,KI,300000000,223155974,14299318,24,1,Lancar
SLK000608,3671016910650412,2024-01-18,Bank Permata,KMK,25000000,8872774,1162727,24,1,Lancar
SLK000609,3172016707770413,2025-12-07,Bank BNI,KK,100000000,81491159,4376162,24,1,Lancar
SLK000610,3172016707770413,2026-04-01,Bank BRI,KMK,200000000,103993806,9293801,24,1,Lancar
SLK000611,3173014601790414,2024-08-28,Bank BCA,KK,50000000,40370559,2255567,24,2,Dalam Perhatian Khusus (DPK)
SLK000612,3671011704840415,2025-03-01,Bank OCBC NISP,KKB,50000000,24503882,869199,60,1,Lancar
SLK000613,3671010305990416,2026-05-01,Bank OCBC NISP,KPR,100000000,94198713,3137728,36,1,Lancar
SLK000614,3671010305990416,2024-11-10,Bank Panin,KI,50000000,19290106,1449539,36,4,Diragukan
SLK000615,3671010203920417,2024-07-01,Bank Panin,KKB,25000000,12118512,2231098,12,2,Dalam Perhatian Khusus (DPK)
SLK000616,3671010203920417,2025-07-21,Bank Mandiri,KKB,200000000,113016902,5979683,36,1,Lancar
SLK000617,3271010304730418,2026-07-22,Bank BNI,KK,500000000,267542936,21898666,24,1,Lancar
SLK000618,3271010304730418,2024-03-04,Bank Mandiri,KPR,100000000,62078655,1889596,60,2,Dalam Perhatian Khusus (DPK)
SLK000619,3271010304730418,2025-09-18,Bank Permata,KI,25000000,7404783,2242357,12,1,Lancar
SLK000620,3171010804880421,2024-02-02,BPR Mitra Usaha,KKB,200000000,47755449,8501241,24,1,Lancar
SLK000621,3171010804880421,2025-03-03,Bank Permata,KKB,500000000,369121977,11506768,48,1,Lancar
SLK000622,3674016006720422,2026-02-14,Bank Permata,KI,300000000,172190504,6494291,48,1,Lancar
SLK000623,3674016006720422,2025-08-04,Bank Permata,KMK,150000000,73326570,4588422,36,1,Lancar
SLK000624,3171010712990423,2025-10-09,Bank BRI,KK,200000000,160635068,17584211,12,2,Dalam Perhatian Khusus (DPK)
SLK000625,3171010712990423,2026-05-19,Bank Permata,KPR,50000000,28409691,1145139,48,1,Lancar
SLK000626,3276016303970424,2026-05-14,BPR Mitra Usaha,KK,100000000,39805035,1757088,60,1,Lancar
SLK000627,3276016303970424,2024-03-12,Bank Mandiri,KPR,300000000,222011609,5550726,60,2,Dalam Perhatian Khusus (DPK)
SLK000628,3276016303970424,2026-03-22,Bank OCBC NISP,KMK,25000000,17888307,460701,60,1,Lancar
SLK000629,3275011906990425,2025-02-28,Bank CIMB Niaga,KK,25000000,14249228,1168266,24,2,Dalam Perhatian Khusus (DPK)
SLK000630,3275011906990425,2024-12-01,Bank CIMB Niaga,KPR,150000000,80656441,4395164,36,1,Lancar
SLK000631,3671015512770426,2025-10-15,Bank Panin,KPR,500000000,336088735,15319030,36,1,Lancar
SLK000632,3671014309750427,2026-01-20,Bank CIMB Niaga,KKB,200000000,87662134,18722393,12,4,Diragukan
SLK000633,3276011303670428,2024-12-18,Bank OCBC NISP,KKB,25000000,5565196,436779,60,1,Lancar
SLK000634,3276011303670428,2026-01-04,Bank BCA,KI,25000000,20425929,577406,48,1,Lancar
SLK000635,3174015509830429,2025-12-05,Bank OCBC NISP,KMK,150000000,43253311,2863848,60,1,Lancar
SLK000636,3174015509830429,2024-12-18,Bank BNI,KPR,100000000,40078272,9042746,12,1,Lancar
SLK000637,3271011407810430,2024-06-20,Bank OCBC NISP,KK,100000000,79848243,8754751,12,2,Dalam Perhatian Khusus (DPK)
SLK000638,3271011407810430,2026-02-03,BPR Mitra Usaha,KI,200000000,45799272,4674489,48,1,Lancar
SLK000639,3276015903960431,2025-10-12,Bank BRI,KK,50000000,26390842,1195269,48,1,Lancar
SLK000640,3276015903960431,2026-07-19,Bank OCBC NISP,KI,300000000,161066572,13990553,24,2,Dalam Perhatian Khusus (DPK)
SLK000641,3276015903960431,2024-05-29,Bank BRI,KKB,300000000,74558444,9456645,36,1,Lancar
SLK000642,3271016710700432,2026-02-24,Bank Permata,KKB,500000000,230911369,22300336,24,1,Lancar
SLK000643,3271016710700432,2024-11-24,Bank CIMB Niaga,KK,100000000,88992602,1785960,60,1,Lancar
SLK000644,3275013001980433,2025-10-08,Bank CIMB Niaga,KI,100000000,30306162,4722085,24,2,Dalam Perhatian Khusus (DPK)
SLK000645,3275013001980433,2025-05-26,Bank CIMB Niaga,KK,200000000,43384247,8528533,24,5,Macet
SLK000646,3671013105760434,2026-02-27,Bank CIMB Niaga,KKB,300000000,183038214,27449483,12,1,Lancar
SLK000647,3271017009850436,2025-12-06,Bank CIMB Niaga,KPR,500000000,381312368,15853194,36,1,Lancar
SLK000648,3271012112670437,2025-10-05,Bank CIMB Niaga,KMK,50000000,27982616,2336473,24,1,Lancar
SLK000649,3271012112670437,2024-07-12,Bank Mandiri,KMK,300000000,132265333,25735916,12,1,Lancar
SLK000650,3271010411960438,2024-06-08,Bank BCA,KPR,300000000,82246009,14272147,24,1,Lancar
SLK000651,3174011510810439,2024-08-27,Bank Permata,KKB,200000000,98224217,4521837,48,1,Lancar
SLK000652,3174011510810439,2024-11-30,BPR Mitra Usaha,KPR,25000000,6264197,579424,48,1,Lancar
SLK000653,3174011510810439,2025-01-02,Bank BNI,KK,150000000,32151714,4782742,36,1,Lancar
SLK000654,3174015412780441,2025-07-20,Bank BRI,KI,500000000,245673865,43234771,12,1,Lancar
SLK000655,3276012505790442,2024-05-19,Bank BNI,KPR,200000000,143559000,3723723,60,1,Lancar
SLK000656,3275014709650443,2026-03-19,Bank Danamon,KI,200000000,62302658,19158588,12,1,Lancar
SLK000657,3275014709650443,2024-08-11,Bank Danamon,KKB,500000000,297303534,42980112,12,1,Lancar
SLK000658,3275014709650443,2025-03-03,Bank Panin,KI,50000000,10298281,1069864,48,1,Lancar
SLK000659,3271010104890444,2024-05-15,Bank Panin,KK,300000000,192075981,9062520,36,2,Dalam Perhatian Khusus (DPK)
SLK000660,3172010408910445,2026-01-21,Bank Permata,KPR,50000000,44527672,4580178,12,1,Lancar
SLK000661,3172010408910445,2026-02-27,Bank OCBC NISP,KPR,500000000,297979001,10858938,48,2,Dalam Perhatian Khusus (DPK)
SLK000662,3172010408910445,2024-11-06,BPR Mitra Usaha,KI,200000000,175342235,3432611,60,1,Lancar
SLK000663,3173015305690446,2025-11-11,Bank Mandiri,KI,50000000,25260061,1514365,36,4,Diragukan
SLK000664,3173015305690446,2026-05-11,BPR Mitra Usaha,KK,50000000,24750640,2138006,24,1,Lancar
SLK000665,3671016005000447,2024-01-01,Bank BCA,KI,100000000,61613164,9292444,12,4,Diragukan
SLK000666,3671016005000447,2024-08-26,Bank OCBC NISP,KKB,300000000,174466565,6953765,48,1,Lancar
SLK000667,3271015202920448,2024-03-15,BPR Mitra Usaha,KMK,200000000,179605598,18068200,12,1,Lancar
SLK000668,3271015202920448,2026-07-10,Bank Danamon,KKB,75000000,68345459,6575170,12,1,Lancar
SLK000669,3671014610720450,2025-05-08,Bank Mandiri,KMK,500000000,270892511,22930288,24,1,Lancar
SLK000670,3671014610720450,2026-07-25,Bank CIMB Niaga,KMK,25000000,21068446,444965,60,1,Lancar
SLK000671,3275014211910451,2024-04-27,Bank BCA,KPR,50000000,37522617,2128514,24,2,Dalam Perhatian Khusus (DPK)
SLK000672,3671014201690453,2026-02-05,Bank Panin,KMK,200000000,184028264,18526587,12,2,Dalam Perhatian Khusus (DPK)
SLK000673,3671014201690453,2025-10-13,Bank Permata,KI,200000000,53268361,4331606,48,3,Kurang Lancar
SLK000674,3671016009940455,2024-08-04,Bank BCA,KPR,25000000,19642160,789354,36,1,Lancar
SLK000675,3671016009940455,2024-09-06,BPR Mitra Usaha,KPR,25000000,7041530,715417,36,1,Lancar
SLK000676,3671015612920457,2024-06-13,Bank Panin,KMK,25000000,18706920,1112454,24,1,Lancar
SLK000677,3671015612920457,2024-04-25,Bank Danamon,KK,150000000,112438421,2636230,60,1,Lancar
SLK000678,3172010705870458,2025-04-18,Bank Permata,KPR,75000000,68280177,1315732,60,2,Dalam Perhatian Khusus (DPK)
SLK000679,3172010705870458,2024-02-09,BPR Mitra Usaha,KMK,50000000,15956413,4633441,12,1,Lancar
SLK000680,3275015201860460,2025-01-20,Bank BNI,KK,200000000,167303189,6142031,36,1,Lancar
SLK000681,3275015201860460,2025-04-04,Bank Danamon,KMK,50000000,39441175,4462117,12,1,Lancar
SLK000682,3671011108970461,2025-01-12,Bank OCBC NISP,KK,100000000,63492037,2849702,36,1,Lancar
SLK000683,3172015306680462,2026-02-10,Bank BRI,KMK,150000000,32032496,4699832,36,1,Lancar
SLK000684,3172015306680462,2026-06-11,Bank Danamon,KMK,75000000,68475858,3200871,24,1,Lancar
SLK000685,3671012707940463,2024-02-09,BPR Mitra Usaha,KK,150000000,52560375,4503544,36,1,Lancar
SLK000686,3671012707940463,2026-04-29,Bank BCA,KMK,200000000,146482403,9446832,24,2,Dalam Perhatian Khusus (DPK)
SLK000687,3671012707940463,2024-02-01,BPR Mitra Usaha,KPR,200000000,131015168,18385803,12,1,Lancar
SLK000688,3671016907020464,2024-10-28,Bank BNI,KMK,100000000,26808186,4514611,24,2,Dalam Perhatian Khusus (DPK)
SLK000689,3275012310930465,2024-02-06,Bank BRI,KKB,75000000,23380280,1333717,60,1,Lancar
SLK000690,3671015505690467,2025-05-14,Bank BNI,KI,75000000,34551369,2206899,36,1,Lancar
SLK000691,3671015505690467,2026-02-07,Bank Mandiri,KKB,500000000,154834655,43542810,12,1,Lancar
SLK000692,3671015505690467,2024-12-09,Bank Permata,KK,200000000,51016670,4293915,48,3,Kurang Lancar
SLK000693,3671014912970468,2024-10-23,Bank BRI,KKB,500000000,136172538,47864580,12,1,Lancar
SLK000694,3671012111910470,2025-10-20,Bank Permata,KI,25000000,7844443,2279237,12,1,Lancar
SLK000695,3271011212850471,2025-07-20,Bank Mandiri,KK,300000000,205862105,6838319,48,1,Lancar
SLK000696,3271011212850471,2024-06-26,Bank Permata,KI,200000000,170590126,9178711,24,1,Lancar
SLK000697,3674014412790472,2026-08-14,Bank BRI,KKB,75000000,29221656,3235804,24,1,Lancar
SLK000698,3171010204890473,2026-04-09,Bank OCBC NISP,KKB,500000000,362103396,46305468,12,2,Dalam Perhatian Khusus (DPK)
SLK000699,3171010204890473,2026-01-24,Bank BNI,KMK,50000000,12241247,2370380,24,1,Lancar
SLK000700,3171010204890473,2024-03-30,Bank CIMB Niaga,KI,100000000,62586603,3069900,36,1,Lancar
SLK000701,3173014509710474,2024-03-22,Bank Mandiri,KKB,50000000,14204261,2232913,24,4,Diragukan
SLK000702,3275016503890475,2024-12-13,Bank BNI,KK,75000000,56385400,1417997,60,1,Lancar
SLK000703,3276012905780477,2025-05-30,Bank OCBC NISP,KMK,25000000,20716100,1101642,24,1,Lancar
SLK000704,3276012905780477,2024-10-09,Bank BCA,KPR,75000000,58527701,2195722,36,1,Lancar
SLK000705,3275011103830479,2026-05-20,Bank BRI,KKB,50000000,41446662,950840,60,1,Lancar
SLK000706,3275011103830479,2026-01-08,Bank CIMB Niaga,KI,500000000,340653720,15276060,36,1,Lancar
SLK000707,3173010105940480,2025-08-29,Bank BNI,KMK,75000000,57501217,6909700,12,1,Lancar
SLK000708,3173010105940480,2026-03-24,Bank Permata,KPR,200000000,146343520,4684634,48,1,Lancar
SLK000709,3276016206020481,2026-01-18,Bank Permata,KMK,50000000,35069692,1480696,36,1,Lancar
SLK000710,3276016206020481,2024-10-15,Bank BNI,KK,300000000,223559766,25911518,12,1,Lancar
SLK000711,3671015907790482,2026-01-21,Bank BNI,KK,100000000,84210769,1771562,60,2,Dalam Perhatian Khusus (DPK)
SLK000712,3671015907790482,2026-06-12,Bank BCA,KKB,200000000,134045786,5784621,36,1,Lancar
SLK000713,3276016512980483,2025-05-24,Bank CIMB Niaga,KI,100000000,83108800,2336270,48,1,Lancar
SLK000714,3276016512980483,2025-12-08,Bank Panin,KK,100000000,77620696,2926691,36,1,Lancar
SLK000715,3671012011990484,2026-05-03,Bank Danamon,KPR,50000000,16941577,910211,60,2,Dalam Perhatian Khusus (DPK)
SLK000716,3276014104740485,2026-06-12,Bank Mandiri,KPR,75000000,34938466,1361087,60,1,Lancar
SLK000717,3671011802930486,2025-06-29,Bank CIMB Niaga,KKB,75000000,15990928,1408975,60,2,Dalam Perhatian Khusus (DPK)
SLK000718,3671016810850487,2024-09-22,Bank BNI,KK,75000000,28634880,1354204,60,2,Dalam Perhatian Khusus (DPK)
SLK000719,3671016810850487,2026-03-20,BPR Mitra Usaha,KPR,200000000,98819222,5684748,36,1,Lancar
SLK000720,3671016810850487,2025-05-15,Bank Danamon,KI,150000000,133223371,4668387,36,5,Macet
SLK000721,3174010512930488,2026-03-26,Bank Panin,KK,200000000,58486950,9537281,24,1,Lancar
SLK000722,3174010512930488,2025-05-10,Bank BRI,KPR,500000000,152500181,8808122,60,1,Lancar
SLK000723,3174010512930488,2024-12-07,BPR Mitra Usaha,KKB,100000000,88105580,8569759,12,1,Lancar
SLK000724,3671010302720489,2026-07-23,BPR Mitra Usaha,KK,500000000,110569019,45898076,12,2,Dalam Perhatian Khusus (DPK)
SLK000725,3671010302720489,2025-08-26,Bank Panin,KI,200000000,80118307,5836321,36,1,Lancar
SLK000726,3671016804750490,2024-07-10,Bank CIMB Niaga,KPR,75000000,59790887,2183977,36,1,Lancar
SLK000727,3275012107840491,2024-12-19,Bank CIMB Niaga,KMK,150000000,72320451,4497156,36,1,Lancar
SLK000728,3276015006660492,2026-01-15,Bank CIMB Niaga,KI,75000000,28155060,6723770,12,2,Dalam Perhatian Khusus (DPK)
SLK000729,3276015006660492,2024-05-05,Bank Mandiri,KMK,150000000,91394774,2553114,60,4,Diragukan
SLK000730,3276015006660492,2024-04-25,Bank CIMB Niaga,KK,50000000,42213180,1501805,36,1,Lancar
SLK000731,3671010106000493,2025-09-17,Bank Permata,KMK,500000000,335896440,11259449,48,2,Dalam Perhatian Khusus (DPK)
SLK000732,3275017009970494,2024-04-22,Bank OCBC NISP,KKB,500000000,473710532,44703187,12,1,Lancar
SLK000733,3275017009970494,2025-06-23,Bank Danamon,KPR,300000000,203562703,13225105,24,1,Lancar
SLK000734,3275017009970494,2025-01-15,Bank BNI,KK,75000000,54045567,3220662,24,1,Lancar
SLK000735,3173012611970495,2026-01-26,Bank Mandiri,KPR,150000000,105910593,13524506,12,1,Lancar
SLK000736,3173012712950498,2025-03-26,BPR Mitra Usaha,KK,150000000,59494299,2600679,60,2,Dalam Perhatian Khusus (DPK)
SLK000737,3671010302880499,2025-01-24,Bank Permata,KI,200000000,112219437,17257987,12,1,Lancar
SLK000738,3671010302880499,2026-01-31,Bank Permata,KK,100000000,43848203,2335025,48,1,Lancar
SLK000739,3674010706770501,2024-06-29,Bank BNI,KI,100000000,90596746,4330388,24,1,Lancar
SLK000740,3674010706770501,2025-08-03,Bank Danamon,KI,200000000,98955817,9059715,24,1,Lancar
SLK000741,3175015001700503,2026-08-06,Bank Mandiri,KMK,200000000,172316163,8864930,24,1,Lancar
SLK000742,3275016901780504,2026-02-02,Bank BRI,KPR,50000000,31696002,2157258,24,4,Diragukan
SLK000743,3275016901780504,2026-01-25,Bank Danamon,KI,150000000,98603811,2584568,60,1,Lancar
SLK000744,3275016901780504,2025-09-01,Bank Danamon,KI,25000000,12988178,732641,36,3,Kurang Lancar
SLK000745,3175014410770506,2026-06-06,Bank Danamon,KKB,25000000,19528546,741527,36,2,Dalam Perhatian Khusus (DPK)
SLK000746,3175014410770506,2025-12-10,Bank BNI,KKB,300000000,205756979,28274511,12,2,Dalam Perhatian Khusus (DPK)
SLK000747,3175014410770506,2026-05-12,Bank OCBC NISP,KI,50000000,24274862,2160179,24,2,Dalam Perhatian Khusus (DPK)
SLK000748,3175011010900507,2024-04-18,Bank BRI,KPR,25000000,19376947,596551,48,3,Kurang Lancar
SLK000749,3175011010900507,2024-06-10,Bank CIMB Niaga,KPR,500000000,360044065,22923810,24,1,Lancar
SLK000750,3674016103890508,2025-06-27,Bank OCBC NISP,KMK,300000000,221259729,28721036,12,1,Lancar
SLK000751,3671015301940509,2024-05-05,Bank BNI,KMK,150000000,89790093,6903262,24,1,Lancar
SLK000752,3671015301940509,2026-01-25,Bank BCA,KMK,25000000,19160684,594772,48,1,Lancar
SLK000753,3671015301940509,2025-03-31,Bank Danamon,KMK,300000000,67011529,6727469,48,1,Lancar
SLK000754,3172017003700510,2025-05-17,Bank BNI,KI,200000000,51661816,17869331,12,1,Lancar
SLK000755,3674014203900513,2025-01-08,Bank Panin,KI,200000000,144909566,6056009,36,1,Lancar
SLK000756,3674014203900513,2025-02-25,Bank BRI,KPR,500000000,355802564,14958831,36,2,Dalam Perhatian Khusus (DPK)
SLK000757,3671015206710514,2026-05-02,BPR Mitra Usaha,KI,500000000,346392158,8702332,60,2,Dalam Perhatian Khusus (DPK)
SLK000758,3674010511720515,2024-05-07,Bank Danamon,KMK,75000000,15245278,1390148,60,1,Lancar
SLK000759,3671010203870516,2024-12-13,Bank Permata,KK,500000000,237824480,15151152,36,2,Dalam Perhatian Khusus (DPK)
SLK000760,3674011701730517,2024-11-12,Bank CIMB Niaga,KI,25000000,9449267,462484,60,2,Dalam Perhatian Khusus (DPK)
SLK000761,3674011701730517,2025-07-20,Bank OCBC NISP,KK,500000000,291286875,9101508,60,4,Diragukan
SLK000762,3674016202960518,2025-05-02,Bank BCA,KKB,50000000,22827879,4563360,12,1,Lancar
SLK000763,3671011201810519,2026-08-12,Bank BCA,KI,200000000,115731724,3723154,60,1,Lancar
SLK000764,3671011201810519,2024-11-27,BPR Mitra Usaha,KI,25000000,10825562,2205049,12,3,Kurang Lancar
SLK000765,3671012104990520,2024-12-22,Bank Panin,KK,500000000,201189101,14659273,36,5,Macet
SLK000766,3671014712010521,2024-03-26,Bank Mandiri,KPR,100000000,53976801,4563407,24,1,Lancar
SLK000767,3671014712010521,2026-03-13,Bank CIMB Niaga,KK,200000000,116166592,4393419,48,1,Lancar
SLK000768,3172010212740522,2026-07-07,Bank BRI,KPR,100000000,91274340,2258349,48,1,Lancar
SLK000769,3172010212740522,2025-03-19,Bank BRI,KKB,500000000,305168165,22221962,24,4,Diragukan
SLK000770,3173011508800523,2024-08-06,BPR Mitra Usaha,KKB,50000000,35274297,1081261,48,1,Lancar
SLK000771,3173011508800523,2026-03-15,Bank CIMB Niaga,KI,200000000,176677538,3750849,60,2,Dalam Perhatian Khusus (DPK)
SLK000772,3173011508800523,2025-11-20,Bank BNI,KMK,300000000,248881097,6917261,48,3,Kurang Lancar
SLK000773,3171010906030524,2025-03-16,Bank BCA,KI,150000000,106995270,2576738,60,3,Kurang Lancar
SLK000774,3674012811660525,2024-01-01,BPR Mitra Usaha,KK,500000000,445267421,11642238,48,1,Lancar
SLK000775,3674012811660525,2024-05-24,Bank Panin,KKB,500000000,233714890,11845386,48,2,Dalam Perhatian Khusus (DPK)
SLK000776,3674012811660525,2025-11-07,Bank Panin,KKB,300000000,153769450,9441085,36,1,Lancar
SLK000777,3671010611980526,2025-07-25,Bank CIMB Niaga,KI,25000000,22236804,1070153,24,1,Lancar
SLK000778,3671010611980526,2025-11-13,Bank OCBC NISP,KKB,50000000,20604317,4743877,12,2,Dalam Perhatian Khusus (DPK)
SLK000779,3271011910800527,2024-12-04,Bank BCA,KPR,75000000,34637958,2225865,36,1,Lancar
SLK000780,3276012810980528,2024-08-15,Bank Permata,KKB,500000000,245433253,11102758,48,1,Lancar
SLK000781,3276012810980528,2026-03-20,Bank BRI,KMK,500000000,262664155,9530077,60,1,Lancar
SLK000782,3276012810980528,2025-12-10,BPR Mitra Usaha,KKB,25000000,14233824,772531,36,1,Lancar
SLK000783,3175015101820529,2026-05-31,Bank Danamon,KMK,50000000,33353544,2261988,24,2,Dalam Perhatian Khusus (DPK)
SLK000784,3175015101820529,2026-04-26,Bank Permata,KKB,300000000,95878522,5653997,60,1,Lancar
SLK000785,3175015101820529,2025-09-22,BPR Mitra Usaha,KMK,200000000,117975305,8999092,24,2,Dalam Perhatian Khusus (DPK)
SLK000786,3271011208960530,2025-12-01,Bank BRI,KK,75000000,55735825,6438796,12,1,Lancar
SLK000787,3674015802750531,2024-11-17,Bank Permata,KK,100000000,65630594,2265113,48,1,Lancar
SLK000788,3674015802750531,2024-12-03,BPR Mitra Usaha,KPR,150000000,82577852,6851037,24,2,Dalam Perhatian Khusus (DPK)
SLK000789,3671011310820532,2024-10-25,Bank BCA,KKB,200000000,115693702,3464404,60,1,Lancar
SLK000790,3671011310820532,2024-10-19,BPR Mitra Usaha,KI,500000000,431081989,14783356,36,1,Lancar
SLK000791,3175012612730533,2024-07-29,Bank BCA,KMK,150000000,85833422,2671425,60,2,Dalam Perhatian Khusus (DPK)
SLK000792,3175012612730533,2024-03-30,Bank Danamon,KKB,500000000,219674591,14198480,36,1,Lancar
SLK000793,3671016609860534,2026-02-13,Bank Panin,KPR,200000000,64964811,3587272,60,1,Lancar
SLK000794,3671016609860534,2024-11-15,Bank Mandiri,KI,25000000,21488997,467241,60,1,Lancar
SLK000795,3671016609860534,2025-01-31,Bank BRI,KMK,150000000,113411994,2769780,60,1,Lancar
SLK000796,3671013103020535,2025-06-14,Bank Mandiri,KKB,150000000,94020734,3427123,48,1,Lancar
SLK000797,3671013103020535,2026-01-03,Bank Mandiri,KI,25000000,22338866,577960,48,1,Lancar
SLK000798,3671013103020535,2026-02-07,Bank Permata,KI,100000000,88645848,2340157,48,2,Dalam Perhatian Khusus (DPK)
SLK000799,3275011803820537,2024-06-22,Bank BNI,KPR,100000000,28068402,9570718,12,1,Lancar
SLK000800,3275011803820537,2026-01-27,Bank BCA,KK,150000000,37390173,4556305,36,1,Lancar
SLK000801,3674010309920539,2024-11-29,Bank BRI,KI,50000000,18452579,1517893,36,2,Dalam Perhatian Khusus (DPK)
SLK000802,3671016904990540,2025-08-31,Bank BCA,KKB,100000000,92791646,4732430,24,1,Lancar
SLK000803,3671016904990540,2026-04-18,Bank Danamon,KKB,50000000,34708272,1424667,36,1,Lancar
SLK000804,3671010108910541,2024-04-05,Bank BNI,KMK,100000000,34574073,9351641,12,1,Lancar
SLK000805,3671010108910541,2026-05-06,Bank OCBC NISP,KI,50000000,35060851,2280272,24,1,Lancar
SLK000806,3674011712760542,2026-03-29,BPR Mitra Usaha,KK,25000000,9276645,554641,48,1,Lancar
SLK000807,3275016912950543,2025-03-24,Bank BCA,KPR,500000000,411895420,8933188,60,1,Lancar
SLK000808,3275016912950543,2025-06-07,Bank CIMB Niaga,KPR,150000000,112566756,14025098,12,1,Lancar
SLK000809,3671015209020544,2024-10-04,Bank CIMB Niaga,KI,200000000,187505134,4422867,48,1,Lancar
SLK000810,3275013005900545,2024-01-31,Bank Mandiri,KKB,500000000,105381741,10825042,48,1,Lancar
SLK000811,3275013005900545,2025-10-23,Bank CIMB Niaga,KPR,500000000,265891437,8604984,60,1,Lancar
SLK000812,3271015301930546,2026-04-14,Bank OCBC NISP,KKB,75000000,33826857,1618101,48,1,Lancar
SLK000813,3271015301930546,2025-04-25,Bank CIMB Niaga,KMK,25000000,22928747,2349326,12,1,Lancar
SLK000814,3671016505900547,2025-10-25,Bank CIMB Niaga,KKB,200000000,61709940,4482858,48,1,Lancar
SLK000815,3671016505900547,2026-04-21,Bank Danamon,KMK,50000000,25315701,4480264,12,1,Lancar
SLK000816,3171015312020548,2025-05-28,Bank BNI,KMK,150000000,118631233,3573427,48,2,Dalam Perhatian Khusus (DPK)
SLK000817,3171017003660549,2025-02-15,Bank BNI,KI,300000000,153236213,5602372,60,1,Lancar
SLK000818,3173016104810551,2026-02-14,Bank BRI,KPR,75000000,34469730,3479787,24,4,Diragukan
SLK000819,3172016706700552,2024-08-15,Bank BNI,KKB,150000000,36394719,7071067,24,1,Lancar
SLK000820,3175014703000554,2024-07-20,Bank Mandiri,KPR,200000000,73387725,18199029,12,1,Lancar
SLK000821,3175014703000554,2025-04-12,Bank Danamon,KKB,500000000,272894998,9479043,60,1,Lancar
SLK000822,3175014703000554,2025-12-05,Bank Panin,KKB,25000000,22955081,765200,36,1,Lancar
SLK000823,3175011710890555,2025-02-17,Bank Mandiri,KKB,100000000,32804905,4477334,24,1,Lancar
SLK000824,3175011710890555,2024-02-29,Bank BRI,KPR,50000000,43312072,901917,60,1,Lancar
SLK000825,3275016711010556,2024-01-24,Bank OCBC NISP,KKB,25000000,11086310,1091404,24,4,Diragukan
SLK000826,3674016201980557,2025-03-13,Bank Permata,KMK,100000000,68763441,1850567,60,1,Lancar
SLK000827,3674016201980557,2026-08-16,Bank Permata,KK,200000000,90838857,4370491,48,1,Lancar
SLK000828,3671014205850558,2025-10-18,Bank Danamon,KMK,300000000,194554132,6444257,48,1,Lancar
SLK000829,3671014205850558,2025-06-11,Bank Danamon,KI,25000000,19608086,568433,48,2,Dalam Perhatian Khusus (DPK)
SLK000830,3271017110900559,2025-03-12,Bank BCA,KMK,25000000,22999717,1114525,24,1,Lancar
SLK000831,3671015009760560,2025-03-06,Bank Panin,KK,500000000,404188505,46657865,12,1,Lancar
SLK000832,3671015009760560,2025-02-23,Bank Danamon,KPR,25000000,5567695,467173,60,4,Diragukan
SLK000833,3671014612650561,2026-05-30,Bank BNI,KI,75000000,29414265,2334144,36,3,Kurang Lancar
SLK000834,3275016601750563,2025-01-29,Bank CIMB Niaga,KKB,75000000,68288150,1300308,60,1,Lancar
SLK000835,3275016601750563,2024-10-04,Bank BCA,KPR,150000000,105453276,3558308,48,1,Lancar
SLK000836,3671014405670566,2024-03-06,Bank BRI,KPR,300000000,135139542,25691453,12,1,Lancar
SLK000837,3671014405670566,2024-01-15,Bank CIMB Niaga,KI,50000000,33850067,1126635,48,1,Lancar
SLK000838,3276014602900567,2025-08-05,Bank Permata,KK,300000000,192518832,9202894,36,1,Lancar
SLK000839,3276014602900567,2024-10-17,Bank Panin,KI,25000000,6865102,756574,36,1,Lancar
SLK000840,3276014602900567,2024-11-21,BPR Mitra Usaha,KKB,200000000,70703924,4257129,48,2,Dalam Perhatian Khusus (DPK)
SLK000841,3671011305710568,2024-02-21,Bank Mandiri,KMK,50000000,44557257,874256,60,1,Lancar
SLK000842,3671011305710568,2026-06-22,Bank BCA,KK,100000000,23025199,8834895,12,1,Lancar
SLK000843,3671015103880569,2025-11-06,Bank BRI,KMK,500000000,399230039,14461993,36,1,Lancar
SLK000844,3671015103880569,2026-07-12,Bank Panin,KKB,75000000,18115076,1725597,48,1,Lancar
SLK000845,3171012003730570,2024-04-18,Bank Permata,KI,75000000,49764327,1714089,48,1,Lancar
SLK000846,3671015407850571,2025-06-27,Bank Panin,KMK,100000000,84983658,8513671,12,1,Lancar
SLK000847,3671015407850571,2025-08-29,Bank BNI,KK,100000000,73164283,9118866,12,1,Lancar
SLK000848,3276010603910572,2025-10-08,Bank BRI,KKB,500000000,192680793,15247297,36,1,Lancar
SLK000849,3276010603910572,2024-03-24,BPR Mitra Usaha,KMK,100000000,74491993,1903828,60,2,Dalam Perhatian Khusus (DPK)
SLK000850,3671015210790574,2025-06-02,BPR Mitra Usaha,KK,50000000,13761793,4578654,12,1,Lancar
SLK000851,3671015210790574,2026-04-06,Bank BNI,KK,75000000,30199017,7168337,12,1,Lancar
SLK000852,3671015807890575,2026-05-11,Bank BCA,KK,75000000,65648154,1326480,60,3,Kurang Lancar
SLK000853,3671015807890575,2025-07-01,Bank OCBC NISP,KK,50000000,15893605,1143726,48,2,Dalam Perhatian Khusus (DPK)
SLK000854,3271011201940576,2024-05-11,Bank BCA,KKB,150000000,50828349,4764102,36,1,Lancar
SLK000855,3271011201940576,2024-12-06,Bank Mandiri,KMK,50000000,14805811,1114021,48,4,Diragukan
SLK000856,3276015812860577,2026-05-18,Bank Panin,KMK,500000000,403903724,23876161,24,1,Lancar
SLK000857,3173016306780579,2025-04-21,Bank Danamon,KKB,500000000,416260423,44847269,12,3,Kurang Lancar
SLK000858,3173016306780579,2025-03-07,Bank Mandiri,KMK,300000000,279030501,8783735,36,1,Lancar
SLK000859,3671012811870580,2025-06-07,Bank Mandiri,KK,75000000,54529370,1418307,60,2,Dalam Perhatian Khusus (DPK)
SLK000860,3671012811870580,2025-03-17,Bank OCBC NISP,KPR,75000000,16553403,1305045,60,1,Lancar
SLK000861,3671012001730581,2026-02-06,Bank BRI,KI,200000000,141981222,3464094,60,1,Lancar
SLK000862,3671012001730581,2025-02-25,Bank BRI,KPR,300000000,105743843,14194993,24,5,Macet
SLK000863,3671015111680585,2025-09-03,Bank BCA,KPR,75000000,60976635,1340889,60,1,Lancar
SLK000864,3671015111680585,2024-05-11,Bank Panin,KK,25000000,12590603,567778,48,1,Lancar
SLK000865,3674012402860586,2024-08-18,Bank BRI,KK,150000000,86267888,7111556,24,2,Dalam Perhatian Khusus (DPK)
SLK000866,3671016508830587,2024-04-19,Bank Permata,KKB,200000000,105374235,4467679,48,2,Dalam Perhatian Khusus (DPK)
SLK000867,3671016805750588,2024-12-11,Bank BCA,KKB,200000000,109111332,4707648,48,2,Dalam Perhatian Khusus (DPK)
SLK000868,3671016805750588,2025-05-15,Bank BNI,KMK,75000000,27873278,3421463,24,1,Lancar
SLK000869,3671015305910590,2024-07-30,Bank BCA,KK,25000000,13544068,792635,36,1,Lancar
SLK000870,3671015305910590,2026-02-25,Bank OCBC NISP,KPR,200000000,64053865,5878209,36,2,Dalam Perhatian Khusus (DPK)
SLK000871,3671015305910590,2025-08-06,Bank BNI,KMK,500000000,438579250,45200248,12,1,Lancar
SLK000872,3671014209770591,2024-09-02,Bank Danamon,KI,25000000,22595242,427717,60,3,Kurang Lancar
SLK000873,3271011307750592,2025-12-31,Bank OCBC NISP,KKB,75000000,20002607,2371832,36,1,Lancar
SLK000874,3271011307750592,2026-03-30,Bank BRI,KPR,200000000,128532285,6341460,36,2,Dalam Perhatian Khusus (DPK)
SLK000875,3271011307750592,2024-12-16,BPR Mitra Usaha,KI,500000000,377695388,11131097,48,1,Lancar
SLK000876,3174012502800593,2025-05-18,Bank Permata,KPR,150000000,70554756,2761983,60,1,Lancar
SLK000877,3174012502800593,2024-03-05,Bank BCA,KK,25000000,21255190,571439,48,1,Lancar
SLK000878,3174012502800593,2026-06-18,Bank BRI,KPR,100000000,72658516,9136260,12,1,Lancar
SLK000879,3671015310710594,2025-03-23,Bank Permata,KPR,50000000,22003491,2205023,24,1,Lancar
SLK000880,3671015310710594,2024-04-22,Bank Permata,KI,100000000,77075546,4395184,24,1,Lancar
SLK000881,3174012003740595,2025-09-02,Bank BCA,KKB,75000000,25627231,1795784,48,1,Lancar
SLK000882,3171015209840596,2024-06-22,Bank OCBC NISP,KMK,300000000,226032885,6447805,48,1,Lancar
SLK000883,3171015209840596,2026-02-24,Bank Danamon,KPR,50000000,36217706,865632,60,1,Lancar
SLK000884,3671010603810597,2025-07-01,Bank BNI,KKB,200000000,136404162,3597130,60,1,Lancar
SLK000885,3671010603810597,2024-06-25,Bank Panin,KMK,300000000,269446445,6838080,48,2,Dalam Perhatian Khusus (DPK)
SLK000886,3671014305660598,2026-06-08,Bank BNI,KPR,150000000,75437300,2788215,60,1,Lancar
SLK000887,3671014305660598,2024-05-04,Bank BNI,KPR,300000000,144851339,13738164,24,1,Lancar
SLK000888,3275016308820599,2024-01-25,Bank BNI,KI,300000000,169343170,6970307,48,1,Lancar
SLK000889,3175014409880600,2024-10-17,Bank Permata,KMK,200000000,94574094,9491298,24,1,Lancar
SLK000890,3174010902890601,2025-12-31,Bank OCBC NISP,KPR,200000000,88580792,6064478,36,1,Lancar
SLK000891,3174010902890601,2025-08-29,Bank Permata,KK,50000000,29417056,2355370,24,2,Dalam Perhatian Khusus (DPK)
SLK000892,3174014204660602,2025-03-27,Bank Danamon,KKB,50000000,38115488,1128881,48,1,Lancar
SLK000893,3275016202670603,2024-11-04,Bank CIMB Niaga,KKB,300000000,243421188,5721730,60,2,Dalam Perhatian Khusus (DPK)
SLK000894,3671015601970604,2025-12-17,Bank Danamon,KPR,200000000,133050670,4661213,48,1,Lancar
SLK000895,3671015601970604,2025-12-26,Bank CIMB Niaga,KK,500000000,303211187,15869991,36,1,Lancar
SLK000896,3275012002690605,2024-05-25,Bank BCA,KK,75000000,49059551,6871605,12,5,Macet
SLK000897,3671016007930606,2026-05-17,Bank OCBC NISP,KI,75000000,63415483,7180404,12,1,Lancar
SLK000898,3671016007930606,2025-09-21,Bank Panin,KI,300000000,122784537,9047985,36,4,Diragukan
SLK000899,3671016007930606,2024-04-18,Bank BRI,KPR,200000000,105959295,3720203,60,1,Lancar
SLK000900,3172016609880607,2026-07-16,Bank Danamon,KK,300000000,80599140,5598682,60,5,Macet
SLK000901,3172016609880607,2025-07-10,Bank OCBC NISP,KKB,100000000,30628640,9303036,12,3,Kurang Lancar
SLK000902,3172016609880607,2024-10-13,Bank Mandiri,KPR,75000000,54739302,1645799,48,2,Dalam Perhatian Khusus (DPK)
SLK000903,3174013107810608,2024-02-29,Bank BNI,KMK,300000000,253929738,6825698,48,1,Lancar
SLK000904,3174013107810608,2024-12-14,Bank BCA,KI,25000000,11745564,578777,48,1,Lancar
SLK000905,3171016802000609,2024-11-13,Bank Permata,KPR,300000000,119667128,5728586,60,1,Lancar
SLK000906,3174012509830610,2024-02-25,Bank Panin,KKB,50000000,12105136,937870,60,1,Lancar
SLK000907,3174012509830610,2024-11-26,Bank Permata,KK,75000000,26366465,1332354,60,1,Lancar
SLK000908,3674010612940611,2025-07-30,Bank Permata,KI,500000000,399568922,9373757,60,1,Lancar
SLK000909,3674010612940611,2025-07-12,Bank OCBC NISP,KPR,25000000,8668395,2150487,12,1,Lancar
SLK000910,3671014501980612,2024-10-27,Bank OCBC NISP,KKB,300000000,265191037,9167552,36,3,Kurang Lancar
SLK000911,3671013107900613,2024-03-21,Bank BNI,KPR,100000000,91524954,1784052,60,1,Lancar
SLK000912,3172010512840614,2024-03-29,Bank BRI,KPR,100000000,75799542,2131909,48,3,Kurang Lancar
SLK000913,3175014904830616,2026-02-01,Bank BNI,KK,200000000,109827208,8554828,24,1,Lancar
SLK000914,3271014511810617,2026-05-05,Bank BNI,KPR,100000000,27786118,8735534,12,1,Lancar
SLK000915,3674012410890618,2026-06-03,Bank BCA,KMK,75000000,66013711,1314303,60,1,Lancar
SLK000916,3671013108780619,2025-03-10,Bank Danamon,KKB,25000000,22804906,458902,60,1,Lancar
SLK000917,3671011611660620,2026-04-26,Bank BRI,KK,75000000,34046101,1429797,60,3,Kurang Lancar
SLK000918,3671011611660620,2026-01-17,BPR Mitra Usaha,KKB,150000000,113900492,4672222,36,2,Dalam Perhatian Khusus (DPK)
SLK000919,3271015610020621,2025-03-07,Bank Permata,KPR,300000000,95919566,25824101,12,2,Dalam Perhatian Khusus (DPK)
SLK000920,3271015610020621,2025-03-07,Bank BRI,KMK,50000000,26714720,1442695,36,4,Diragukan
SLK000921,3671014304020622,2026-06-16,Bank Permata,KKB,500000000,245973798,11677496,48,2,Dalam Perhatian Khusus (DPK)
SLK000922,3671014304020622,2025-10-08,Bank Mandiri,KI,150000000,39990841,3423419,48,1,Lancar
SLK000923,3671014304020622,2026-07-02,BPR Mitra Usaha,KI,50000000,17156849,1194937,48,1,Lancar
SLK000924,3671014104770623,2024-08-07,Bank Permata,KKB,200000000,52121358,9180988,24,2,Dalam Perhatian Khusus (DPK)
SLK000925,3671014104770623,2026-05-25,Bank OCBC NISP,KKB,200000000,48419738,3416449,60,1,Lancar
SLK000926,3671011203650624,2024-09-19,Bank CIMB Niaga,KMK,500000000,126635371,14933459,36,1,Lancar
SLK000927,3671011203650624,2024-02-04,Bank Panin,KPR,200000000,58896679,4751401,48,1,Lancar
SLK000928,3671012702950625,2024-07-26,BPR Mitra Usaha,KKB,25000000,13323079,724099,36,1,Lancar
SLK000929,3671012702950625,2026-07-12,Bank BCA,KMK,200000000,145834478,8786559,24,1,Lancar
SLK000930,3671012702950625,2025-06-16,Bank BRI,KMK,25000000,21687636,463342,60,2,Dalam Perhatian Khusus (DPK)
SLK000931,3173010306650626,2026-07-12,Bank Mandiri,KI,200000000,175920638,18575543,12,1,Lancar
SLK000932,3275010508770627,2025-11-18,Bank CIMB Niaga,KMK,500000000,453076092,8703728,60,1,Lancar
SLK000933,3172012507920629,2025-09-29,Bank BNI,KPR,150000000,100885558,2560085,60,1,Lancar
SLK000934,3172012507920629,2026-01-24,Bank Panin,KI,500000000,121520677,43816561,12,1,Lancar
SLK000935,3275014607950630,2025-05-03,Bank BCA,KKB,200000000,64092103,5848736,36,4,Diragukan
SLK000936,3275014607950630,2024-07-21,Bank BRI,KMK,150000000,60908816,3351393,48,4,Diragukan
SLK000937,3276014601800631,2024-08-04,Bank BCA,KMK,500000000,169937718,11698830,48,1,Lancar
SLK000938,3276014601800631,2025-03-23,Bank Permata,KKB,75000000,46037452,3264702,24,2,Dalam Perhatian Khusus (DPK)
SLK000939,3174010204660632,2024-10-15,Bank Permata,KPR,150000000,132318642,4581046,36,1,Lancar
SLK000940,3276010904680633,2024-04-08,Bank Panin,KPR,75000000,15285025,1328979,60,2,Dalam Perhatian Khusus (DPK)
SLK000941,3276010904680633,2025-05-01,Bank Panin,KK,500000000,166331102,9295502,60,4,Diragukan
SLK000942,3275010909920635,2025-05-25,BPR Mitra Usaha,KKB,300000000,256134504,13631067,24,1,Lancar
SLK000943,3173015503880636,2025-06-22,Bank Panin,KK,100000000,52383630,2155810,48,1,Lancar
SLK000944,3173015503880636,2024-11-07,Bank Danamon,KK,100000000,56850171,4749344,24,1,Lancar
SLK000945,3674010801880638,2025-10-02,Bank OCBC NISP,KK,300000000,108051676,13150896,24,1,Lancar
SLK000946,3671016907670639,2026-01-20,Bank Danamon,KKB,25000000,23747589,454416,60,1,Lancar
SLK000947,3671016907670639,2025-12-18,BPR Mitra Usaha,KKB,50000000,40485736,1472253,36,3,Kurang Lancar
SLK000948,3671010203960640,2024-03-28,Bank BCA,KPR,25000000,5874527,444160,60,2,Dalam Perhatian Khusus (DPK)
SLK000949,3671010203960640,2026-06-13,BPR Mitra Usaha,KMK,300000000,91141125,9168254,36,1,Lancar
SLK000950,3275014104870641,2025-04-14,BPR Mitra Usaha,KPR,500000000,248376809,21842768,24,2,Dalam Perhatian Khusus (DPK)
SLK000951,3275014104870641,2025-03-02,Bank BCA,KK,200000000,154397963,5691093,36,1,Lancar
SLK000952,3275014104870641,2024-02-25,Bank Permata,KK,200000000,57195721,4472410,48,4,Diragukan
SLK000953,3674015803740642,2025-12-26,Bank BRI,KI,75000000,26199503,1724639,48,1,Lancar
SLK000954,3172010505990643,2025-10-15,BPR Mitra Usaha,KPR,200000000,59447560,3653497,60,1,Lancar
SLK000955,3171011710730644,2024-04-08,Bank Mandiri,KK,25000000,13049279,1115154,24,2,Dalam Perhatian Khusus (DPK)
SLK000956,3674015010750645,2026-05-30,Bank BNI,KI,75000000,54468170,1306093,60,1,Lancar
SLK000957,3674015010750645,2026-02-19,Bank OCBC NISP,KK,300000000,151516624,9495318,36,1,Lancar
SLK000958,3171012111880646,2025-02-11,Bank Permata,KK,500000000,192882579,14655681,36,1,Lancar
SLK000959,3171012111880646,2026-05-27,Bank Permata,KK,200000000,136603482,6027763,36,1,Lancar
SLK000960,3171012111880646,2025-11-07,BPR Mitra Usaha,KK,100000000,84903170,2219818,48,1,Lancar
SLK000961,3276011309790647,2025-06-21,Bank CIMB Niaga,KI,100000000,68908314,1748109,60,4,Diragukan
SLK000962,3271016701910649,2024-01-19,Bank Mandiri,KI,500000000,105665292,9070964,60,2,Dalam Perhatian Khusus (DPK)
SLK000963,3173016412870651,2024-07-10,Bank Permata,KPR,100000000,68542829,2974455,36,1,Lancar
SLK000964,3173016806750652,2024-03-02,Bank BNI,KMK,150000000,38942821,4334949,36,3,Kurang Lancar
SLK000965,3173016806750652,2026-06-18,Bank Danamon,KI,100000000,71171534,3106095,36,2,Dalam Perhatian Khusus (DPK)
SLK000966,3174015403680653,2024-09-24,Bank BCA,KMK,300000000,123259088,13218255,24,1,Lancar
SLK000967,3671016107730654,2024-10-06,Bank BRI,KMK,75000000,28808481,2153241,36,3,Kurang Lancar
SLK000968,3671014503860655,2026-01-21,Bank OCBC NISP,KKB,100000000,34548515,2129068,48,1,Lancar
SLK000969,3671014503860655,2025-01-17,Bank BCA,KI,150000000,44578394,3456855,48,4,Diragukan
SLK000970,3276016703840656,2024-08-09,Bank Danamon,KI,100000000,45037364,1786808,60,1,Lancar
SLK000971,3271017003800657,2026-05-09,BPR Mitra Usaha,KPR,100000000,36837101,4668980,24,4,Diragukan
SLK000972,3271017003800657,2025-09-06,Bank Danamon,KKB,100000000,58279671,1912659,60,4,Diragukan
SLK000973,3175012806900658,2025-03-23,Bank Mandiri,KI,150000000,65725290,2551421,60,5,Macet
SLK000974,3175012806900658,2025-12-30,BPR Mitra Usaha,KKB,50000000,46772920,957797,60,1,Lancar
SLK000975,3175012806900658,2026-06-02,Bank BCA,KMK,25000000,9750477,713781,36,1,Lancar
SLK000976,3671014803690659,2025-07-06,Bank CIMB Niaga,KK,150000000,80393476,3263988,48,1,Lancar
SLK000977,3671014803690659,2024-06-17,BPR Mitra Usaha,KKB,50000000,20227158,1078505,48,1,Lancar
SLK000978,3276011606750660,2024-02-25,Bank CIMB Niaga,KPR,300000000,80867353,27082666,12,1,Lancar
SLK000979,3276012012690661,2024-07-29,Bank Panin,KKB,25000000,6861127,723241,36,5,Macet
SLK000980,3276012012690661,2025-07-09,Bank OCBC NISP,KKB,200000000,164329385,9496247,24,1,Lancar
SLK000981,3276012012690661,2024-03-12,Bank BRI,KK,200000000,174294222,4377559,48,1,Lancar
SLK000982,3671014308880663,2025-04-04,Bank Permata,KKB,25000000,9169740,440481,60,1,Lancar
SLK000983,3671014308880663,2025-01-20,Bank BRI,KMK,500000000,328026417,11513353,48,3,Kurang Lancar
SLK000984,3671014308880663,2025-10-13,Bank BNI,KPR,200000000,104850691,17740708,12,1,Lancar
SLK000985,3671015807820664,2024-11-03,Bank Danamon,KKB,50000000,25966820,1086563,48,5,Macet
SLK000986,3171010102720665,2026-02-07,Bank BCA,KPR,75000000,45339818,2273093,36,1,Lancar
SLK000987,3171010102720665,2026-01-08,Bank BNI,KMK,50000000,20349363,910298,60,2,Dalam Perhatian Khusus (DPK)
SLK000988,3172016105990666,2024-12-18,Bank BNI,KK,200000000,163521456,3824545,60,2,Dalam Perhatian Khusus (DPK)
SLK000989,3671010502820667,2025-10-03,Bank BNI,KPR,25000000,7819967,750232,36,1,Lancar
SLK000990,3671010502820667,2025-07-25,BPR Mitra Usaha,KK,75000000,50890211,1342028,60,4,Diragukan
SLK000991,3671013009860668,2025-12-31,Bank Danamon,KI,100000000,40680969,4744073,24,3,Kurang Lancar
SLK000992,3671011312720669,2026-08-10,Bank BCA,KI,100000000,68201943,2159109,48,1,Lancar
SLK000993,3671011312720669,2026-06-10,Bank Mandiri,KMK,50000000,45193568,868738,60,3,Kurang Lancar
SLK000994,3671011312720669,2025-06-16,Bank Danamon,KK,200000000,88146360,8619431,24,1,Lancar
SLK000995,3276016009740670,2026-08-02,Bank Mandiri,KPR,100000000,33817184,2904687,36,1,Lancar
SLK000996,3276016009740670,2024-02-18,Bank Mandiri,KI,50000000,35297283,4496657,12,1,Lancar
SLK000997,3276016009740670,2024-10-13,Bank BCA,KKB,200000000,85612724,5846259,36,2,Dalam Perhatian Khusus (DPK)
SLK000998,3275014111910671,2024-02-02,Bank BNI,KKB,25000000,19851983,592322,48,1,Lancar
SLK000999,3275014111910671,2026-01-03,Bank CIMB Niaga,KI,100000000,74687502,2967390,36,1,Lancar
SLK001000,3271015903900673,2026-06-24,Bank BNI,KKB,500000000,274934110,14657381,36,3,Kurang Lancar
SLK001001,3271015903900673,2026-01-10,Bank BNI,KI,50000000,32815121,1563344,36,1,Lancar
SLK001002,3174011501830674,2024-03-20,Bank BNI,KPR,500000000,296533737,15487827,36,2,Dalam Perhatian Khusus (DPK)
SLK001003,3173015207780675,2026-04-16,Bank BRI,KPR,150000000,140179779,4426582,36,1,Lancar
SLK001004,3173015207780675,2024-03-05,Bank CIMB Niaga,KKB,100000000,62465918,2216266,48,3,Kurang Lancar
SLK001005,3671014208870677,2024-05-06,Bank Panin,KK,200000000,43297406,4783799,48,1,Lancar
SLK001006,3171012010810678,2026-07-09,Bank OCBC NISP,KKB,200000000,58277537,3594797,60,2,Dalam Perhatian Khusus (DPK)
SLK001007,3171012010810678,2024-06-15,Bank BCA,KKB,75000000,22287397,6644743,12,3,Kurang Lancar
SLK001008,3171012010810678,2026-03-13,Bank OCBC NISP,KK,25000000,7977055,711933,36,1,Lancar
SLK001009,3175017103790679,2026-05-24,Bank CIMB Niaga,KI,25000000,10547209,447373,60,1,Lancar
SLK001010,3175017103790679,2025-10-19,BPR Mitra Usaha,KI,100000000,33120988,4636646,24,3,Kurang Lancar
SLK001011,3671017110940680,2024-04-10,Bank Mandiri,KMK,150000000,111727979,3243946,48,3,Kurang Lancar
SLK001012,3671017110940680,2025-05-21,Bank BRI,KKB,75000000,59612683,6389325,12,1,Lancar
SLK001013,3671017110940680,2026-07-02,Bank CIMB Niaga,KK,300000000,250851554,13825950,24,1,Lancar
SLK001014,3171010405670681,2026-02-24,Bank BRI,KMK,150000000,98924390,13918331,12,1,Lancar
SLK001015,3171010405670681,2025-12-26,Bank Danamon,KMK,100000000,54743310,4443410,24,2,Dalam Perhatian Khusus (DPK)
SLK001016,3175011211820683,2026-07-13,Bank OCBC NISP,KPR,200000000,142635883,18480554,12,1,Lancar
SLK001017,3276015910890684,2024-01-21,Bank OCBC NISP,KK,25000000,21538447,582146,48,1,Lancar
SLK001018,3276015910890684,2025-03-07,Bank BNI,KMK,500000000,171741481,47869970,12,1,Lancar
SLK001019,3671011210730685,2024-08-18,Bank BRI,KPR,200000000,102867432,3592222,60,1,Lancar
SLK001020,3674016310780686,2025-12-04,Bank Mandiri,KPR,100000000,51236780,3049710,36,1,Lancar
SLK001021,3271016903960687,2025-08-23,Bank Permata,KMK,25000000,12903675,547310,48,3,Kurang Lancar
SLK001022,3271016903960687,2025-09-29,Bank Permata,KPR,200000000,75239239,19159206,12,2,Dalam Perhatian Khusus (DPK)
SLK001023,3671012109760688,2024-04-04,BPR Mitra Usaha,KKB,300000000,223189298,5423522,60,1,Lancar
SLK001024,3671012109760688,2025-02-05,Bank BRI,KKB,50000000,19816805,893323,60,1,Lancar
SLK001025,3671014504880689,2024-04-04,Bank CIMB Niaga,KPR,300000000,225477881,7050108,48,4,Diragukan
SLK001026,3671016611690690,2025-05-10,Bank Mandiri,KKB,25000000,16164790,448750,60,2,Dalam Perhatian Khusus (DPK)
SLK001027,3671016611690690,2024-11-20,Bank Panin,KKB,25000000,11329040,1141116,24,1,Lancar
SLK001028,3671016611690690,2026-03-08,Bank Panin,KKB,200000000,187849903,5706826,36,2,Dalam Perhatian Khusus (DPK)
SLK001029,3174011902680691,2024-06-15,Bank BNI,KKB,200000000,99339877,3497217,60,4,Diragukan
SLK001030,3174011902680691,2025-06-07,Bank Danamon,KKB,50000000,42478529,4290950,12,1,Lancar
SLK001031,3275012007930693,2025-04-18,Bank BCA,KKB,500000000,376098537,47759741,12,1,Lancar
SLK001032,3275012007930693,2024-05-05,Bank BRI,KMK,500000000,150164225,45753405,12,1,Lancar
SLK001033,3275012007930693,2025-08-12,BPR Mitra Usaha,KK,500000000,400492099,9204343,60,1,Lancar
SLK001034,3674010803950694,2024-07-18,BPR Mitra Usaha,KMK,50000000,18054227,853308,60,1,Lancar
SLK001035,3674010803950694,2025-05-19,Bank Permata,KKB,150000000,50507910,13123536,12,1,Lancar
SLK001036,3674016503860695,2024-01-02,Bank OCBC NISP,KMK,150000000,66321743,6422249,24,2,Dalam Perhatian Khusus (DPK)
SLK001037,3674016503860695,2024-01-02,Bank BRI,KI,150000000,128650313,3325493,48,1,Lancar
SLK001038,3674016503860695,2025-10-24,Bank OCBC NISP,KK,25000000,5279918,583638,48,1,Lancar
SLK001039,3175015004850697,2026-06-01,Bank Permata,KI,100000000,54796039,3088875,36,1,Lancar
SLK001040,3175015004850697,2026-01-24,Bank CIMB Niaga,KPR,50000000,17908386,881052,60,2,Dalam Perhatian Khusus (DPK)
SLK001041,3671017105950698,2024-12-10,Bank BRI,KKB,200000000,164805571,4655810,48,1,Lancar
SLK001042,3671017105950698,2025-06-01,Bank CIMB Niaga,KI,200000000,106744998,3538741,60,1,Lancar
SLK001043,3276010812960699,2024-01-01,Bank Mandiri,KI,300000000,237332403,28128405,12,2,Dalam Perhatian Khusus (DPK)
SLK001044,3276010812960699,2025-09-12,Bank Panin,KKB,25000000,16166575,583321,48,1,Lancar
SLK001045,3276010812960699,2025-05-27,Bank Mandiri,KKB,75000000,46911166,1356247,60,1,Lancar
SLK001046,3671015607720700,2026-03-12,Bank CIMB Niaga,KKB,25000000,13975998,2362306,12,1,Lancar
SLK001047,3671015607720700,2026-07-08,Bank Danamon,KK,50000000,22830299,855792,60,1,Lancar
SLK001048,3671011003720701,2024-11-10,BPR Mitra Usaha,KMK,150000000,38871250,6605933,24,3,Kurang Lancar
SLK001049,3276014211900702,2025-11-05,Bank Panin,KKB,300000000,170662876,6812669,48,3,Kurang Lancar
SLK001050,3671014101030704,2025-07-09,Bank CIMB Niaga,KK,50000000,39426791,4490097,12,1,Lancar
SLK001051,3276014406870705,2025-10-28,Bank Panin,KKB,500000000,473231276,44273830,12,1,Lancar
SLK001052,3276014406870705,2025-12-14,Bank CIMB Niaga,KK,75000000,29546027,6735258,12,1,Lancar
SLK001053,3671016304930706,2025-12-28,Bank BNI,KI,150000000,69305777,3423575,48,1,Lancar
SLK001054,3671016304930706,2024-01-08,Bank BNI,KK,500000000,245208739,11208296,48,3,Kurang Lancar
SLK001055,3171010806030707,2024-05-24,Bank BRI,KKB,75000000,42735505,3343506,24,1,Lancar
SLK001056,3674015807820708,2025-07-20,Bank Permata,KK,200000000,92611134,4560743,48,5,Macet
SLK001057,3674011405940709,2025-04-27,Bank Mandiri,KI,75000000,20152051,3464596,24,1,Lancar
SLK001058,3674011405940709,2025-04-26,Bank Danamon,KPR,500000000,419687591,46338736,12,3,Kurang Lancar
SLK001059,3674011405940709,2026-01-25,Bank OCBC NISP,KK,75000000,37550249,6880335,12,4,Diragukan
SLK001060,3175012607970710,2025-01-11,Bank CIMB Niaga,KPR,100000000,45566429,9089257,12,2,Dalam Perhatian Khusus (DPK)
SLK001061,3172014103940711,2025-05-10,Bank Permata,KPR,25000000,10482584,735292,36,1,Lancar
SLK001062,3172014103940711,2024-08-07,Bank Mandiri,KK,150000000,102640560,3281881,48,1,Lancar
SLK001063,3671015404940712,2024-05-26,Bank CIMB Niaga,KKB,150000000,45221370,4685377,36,1,Lancar
SLK001064,3671015404940712,2024-10-21,Bank BNI,KMK,50000000,40551169,1117138,48,1,Lancar
SLK001065,3671015404940712,2026-07-21,Bank Panin,KMK,50000000,29869217,2238444,24,1,Lancar
SLK001066,3174016306700713,2024-08-15,Bank BRI,KI,500000000,239654179,11146900,48,1,Lancar
SLK001067,3671015411670715,2024-06-26,Bank Danamon,KKB,500000000,366424106,23198026,24,1,Lancar
SLK001068,3671015411670715,2025-01-14,Bank Mandiri,KPR,300000000,157716595,13856875,24,1,Lancar
SLK001069,3275010410660716,2024-03-18,Bank BRI,KI,75000000,25576419,1728936,48,3,Kurang Lancar
SLK001070,3275010410660716,2025-03-07,Bank Permata,KPR,200000000,72965787,5927790,36,2,Dalam Perhatian Khusus (DPK)
SLK001071,3271010306890717,2026-02-09,Bank BNI,KPR,150000000,88314913,4751125,36,1,Lancar
SLK001072,3271010306890717,2026-01-18,Bank Mandiri,KK,300000000,72828947,6654533,48,3,Kurang Lancar
SLK001073,3276010801710719,2024-10-14,Bank Danamon,KPR,75000000,18926963,2240698,36,1,Lancar
SLK001074,3173015706850720,2026-01-26,Bank OCBC NISP,KI,200000000,55703435,5749177,36,1,Lancar
SLK001075,3174015911720723,2024-04-10,Bank CIMB Niaga,KK,300000000,229912933,12965618,24,2,Dalam Perhatian Khusus (DPK)
SLK001076,3171014804790724,2024-06-03,Bank Permata,KKB,500000000,449341619,8977374,60,1,Lancar
SLK001077,3171014804790724,2024-06-30,Bank BRI,KPR,75000000,56914780,3330239,24,1,Lancar
SLK001078,3171014804790724,2025-05-18,Bank OCBC NISP,KKB,50000000,41164234,4391505,12,1,Lancar
SLK001079,3671014107940725,2024-01-03,Bank BNI,KK,300000000,78618188,5413229,60,5,Macet
SLK001080,3674011903730726,2024-06-04,Bank Panin,KMK,100000000,71260444,2177281,48,1,Lancar
SLK001081,3674011903730726,2025-05-07,Bank BCA,KMK,50000000,13897666,4372342,12,1,Lancar
SLK001082,3674016707990727,2024-02-20,Bank BRI,KPR,200000000,75827805,5805188,36,1,Lancar
SLK001083,3671010504010728,2024-11-19,Bank Panin,KK,300000000,229556705,6579467,48,3,Kurang Lancar
SLK001084,3174015301970729,2025-11-24,Bank Permata,KPR,75000000,32995141,1410702,60,1,Lancar
SLK001085,3174015301970729,2024-04-25,Bank OCBC NISP,KK,150000000,111702291,4360761,36,1,Lancar
SLK001086,3671014411720730,2024-09-02,BPR Mitra Usaha,KK,500000000,289803718,8888495,60,3,Kurang Lancar
SLK001087,3276012404020731,2026-05-08,Bank Permata,KK,100000000,32160640,2852464,36,1,Lancar
SLK001088,3671011401830733,2025-05-04,BPR Mitra Usaha,KI,500000000,214521689,9156340,60,1,Lancar
SLK001089,3171014807990734,2025-11-04,Bank BNI,KK,25000000,8058704,2267142,12,1,Lancar
SLK001090,3171014807990734,2026-02-23,Bank BNI,KI,75000000,43829398,1652607,48,1,Lancar
SLK001091,3671014504720735,2025-06-01,Bank BNI,KI,500000000,312043463,11187793,48,1,Lancar
SLK001092,3671014504720735,2025-06-23,Bank OCBC NISP,KKB,75000000,40667445,1676416,48,1,Lancar
SLK001093,3271010206660736,2025-07-21,Bank Panin,KI,200000000,187094518,5830770,36,1,Lancar
SLK001094,3674012411700737,2025-07-18,Bank Permata,KK,150000000,128665971,4560166,36,3,Kurang Lancar
SLK001095,3674012411700737,2025-08-17,Bank Panin,KI,100000000,82515092,4329172,24,1,Lancar
SLK001096,3674012411700737,2024-12-19,Bank Panin,KMK,300000000,148370805,13144236,24,1,Lancar
SLK001097,3275012606840738,2025-04-03,Bank BNI,KK,500000000,114912388,23604785,24,1,Lancar
SLK001098,3275012606840738,2026-06-10,Bank Permata,KK,100000000,47290134,1700728,60,1,Lancar
SLK001099,3175011106960739,2024-04-14,Bank Permata,KPR,25000000,16065045,2158822,12,1,Lancar
SLK001100,3175011106960739,2024-07-03,Bank BRI,KI,200000000,86859606,9208703,24,1,Lancar
SLK001101,3671011704750740,2024-12-06,Bank Mandiri,KKB,500000000,260594012,21300321,24,4,Diragukan
SLK001102,3674012007880741,2026-04-07,BPR Mitra Usaha,KK,25000000,20666318,2256115,12,3,Kurang Lancar
SLK001103,3674012007880741,2024-08-29,Bank OCBC NISP,KK,200000000,108436453,6261332,36,1,Lancar
SLK001104,3271010208770742,2025-05-17,Bank BNI,KPR,300000000,74813491,5365944,60,1,Lancar
SLK001105,3271010208770742,2024-05-16,Bank BCA,KK,300000000,281148065,9244345,36,1,Lancar
SLK001106,3271010208770742,2025-09-10,Bank Panin,KMK,200000000,59419464,5887919,36,1,Lancar
SLK001107,3276011910770743,2025-01-20,Bank Panin,KPR,100000000,52013105,2287501,48,1,Lancar
SLK001108,3671016108950744,2026-08-03,BPR Mitra Usaha,KKB,100000000,54969255,1787053,60,1,Lancar
SLK001109,3172014205970746,2024-02-01,Bank BNI,KI,300000000,208345693,13626359,24,1,Lancar
SLK001110,3172014205970746,2026-08-09,Bank CIMB Niaga,KI,200000000,101595944,3703503,60,1,Lancar
SLK001111,3171016403980748,2025-08-31,BPR Mitra Usaha,KPR,100000000,79805654,8689004,12,1,Lancar
SLK001112,3171016403980748,2024-02-28,Bank Panin,KKB,300000000,148400766,8957519,36,1,Lancar
SLK001113,3276014404730749,2025-04-19,Bank BRI,KI,25000000,12080545,446588,60,1,Lancar
SLK001114,3276014404730749,2025-02-22,Bank Permata,KI,100000000,54001515,2155531,48,1,Lancar
SLK001115,3271014810890750,2025-07-01,Bank BCA,KMK,75000000,50760193,1666536,48,1,Lancar
SLK001116,3271014810890750,2025-04-05,Bank Permata,KKB,200000000,126868777,17904811,12,1,Lancar
SLK001117,3275016610930751,2025-04-12,Bank OCBC NISP,KK,75000000,33028315,1391150,60,5,Macet
SLK001118,3671016305970752,2026-05-23,Bank Permata,KKB,75000000,34734650,3497047,24,1,Lancar
SLK001119,3671016305970752,2025-11-17,Bank BNI,KK,500000000,220907025,21316168,24,5,Macet
SLK001120,3671016305970752,2025-05-08,Bank BCA,KK,500000000,418865803,22304970,24,1,Lancar
SLK001121,3671010106970753,2024-03-10,BPR Mitra Usaha,KMK,50000000,32786424,4586441,12,1,Lancar
SLK001122,3172014201870755,2025-01-02,BPR Mitra Usaha,KKB,100000000,61793570,2368366,48,1,Lancar
SLK001123,3172014201870755,2024-09-28,Bank Permata,KK,300000000,86035492,13003819,24,1,Lancar
SLK001124,3276013105850756,2026-03-17,BPR Mitra Usaha,KK,300000000,241873439,8819509,36,1,Lancar
SLK001125,3276013105850756,2024-08-21,Bank BNI,KMK,150000000,68535993,3216647,48,1,Lancar
SLK001126,3671010612700757,2025-01-05,Bank BNI,KKB,25000000,15429457,1147392,24,1,Lancar
SLK001127,3671010612700757,2024-10-14,Bank Mandiri,KKB,25000000,5558951,429024,60,1,Lancar
SLK001128,3674013107010758,2024-06-10,Bank CIMB Niaga,KI,150000000,90870478,4318194,36,2,Dalam Perhatian Khusus (DPK)
SLK001129,3172012404780759,2025-02-01,Bank BCA,KMK,200000000,160837637,17859253,12,4,Diragukan
SLK001130,3671015802750760,2025-12-27,Bank BNI,KI,100000000,49092527,3171538,36,1,Lancar
SLK001131,3275014403810761,2024-06-04,Bank CIMB Niaga,KK,300000000,245993358,27843413,12,2,Dalam Perhatian Khusus (DPK)
SLK001132,3671011001930762,2025-12-10,Bank OCBC NISP,KKB,200000000,64071471,5876763,36,1,Lancar
SLK001133,3671011001930762,2024-07-11,Bank Permata,KPR,300000000,259924061,8878953,36,1,Lancar
SLK001134,3671011001930762,2024-04-21,Bank Panin,KK,150000000,126641816,2741500,60,1,Lancar
SLK001135,3671011505790763,2024-10-07,BPR Mitra Usaha,KMK,150000000,64424595,6848762,24,1,Lancar
SLK001136,3671011505790763,2025-09-20,Bank Panin,KKB,75000000,44804798,2163770,36,1,Lancar
SLK001137,3671011505790763,2026-02-11,Bank Permata,KMK,150000000,124784293,3478429,48,2,Dalam Perhatian Khusus (DPK)
SLK001138,3276016702730764,2024-08-04,Bank BRI,KK,300000000,263186849,5602762,60,2,Dalam Perhatian Khusus (DPK)
SLK001139,3276016702730764,2024-11-04,Bank Mandiri,KKB,50000000,14310726,1534735,36,1,Lancar
SLK001140,3276016702730764,2024-08-31,Bank Danamon,KKB,300000000,161556511,5331171,60,1,Lancar
SLK001141,3173011310830765,2024-07-05,Bank CIMB Niaga,KKB,500000000,102391438,11121144,48,1,Lancar
SLK001142,3175016708850767,2025-02-16,Bank BNI,KK,75000000,24086707,7126460,12,1,Lancar
SLK001143,3175016708850767,2025-07-17,Bank Danamon,KKB,200000000,187370326,9123742,24,2,Dalam Perhatian Khusus (DPK)
SLK001144,3175016708850767,2026-02-22,Bank BRI,KKB,150000000,104333366,4623876,36,1,Lancar
SLK001145,3174014408710769,2025-11-07,Bank Panin,KPR,100000000,29337361,1758853,60,1,Lancar
SLK001146,3174014408710769,2024-02-05,Bank Mandiri,KKB,25000000,6998054,1162609,24,2,Dalam Perhatian Khusus (DPK)
SLK001147,3172010305960770,2024-05-23,Bank Panin,KPR,50000000,22032439,870828,60,1,Lancar
SLK001148,3172010305960770,2026-05-13,Bank BNI,KK,200000000,119595588,5733297,36,1,Lancar
SLK001149,3172010305960770,2025-10-25,Bank Danamon,KK,75000000,19817834,6450076,12,1,Lancar
SLK001150,3174014702920771,2026-03-04,Bank Mandiri,KMK,50000000,43830020,1147285,48,1,Lancar
SLK001151,3671015808010773,2025-08-15,BPR Mitra Usaha,KK,150000000,96751161,3547198,48,1,Lancar
SLK001152,3671015808010773,2026-07-23,Bank Panin,KKB,150000000,136893938,4344286,36,3,Kurang Lancar
SLK001153,3671015808010773,2025-03-20,BPR Mitra Usaha,KI,75000000,56490627,3515835,24,3,Kurang Lancar
SLK001154,3174016806680774,2026-03-13,Bank CIMB Niaga,KPR,200000000,93786830,9120353,24,1,Lancar
SLK001155,3174016806680774,2025-12-07,Bank Mandiri,KPR,200000000,186714717,4363888,48,1,Lancar
SLK001156,3175010306730775,2024-03-07,Bank CIMB Niaga,KK,150000000,48344910,2700638,60,1,Lancar
SLK001157,3275014511780776,2024-01-30,Bank CIMB Niaga,KK,25000000,7537051,1079836,24,5,Macet
SLK001158,3275014511780776,2026-02-12,Bank OCBC NISP,KI,100000000,58359794,1789765,60,1,Lancar
SLK001159,3275014511780776,2024-12-19,BPR Mitra Usaha,KKB,150000000,107776463,3254005,48,1,Lancar
SLK001160,3175010904830777,2025-01-18,Bank CIMB Niaga,KI,150000000,44915935,3470151,48,1,Lancar
SLK001161,3175010904830777,2026-05-06,Bank CIMB Niaga,KPR,50000000,42173628,932690,60,3,Kurang Lancar
SLK001162,3271014103810779,2024-08-28,Bank Permata,KPR,100000000,40145989,9464123,12,1,Lancar
SLK001163,3175011807890780,2025-09-25,BPR Mitra Usaha,KKB,100000000,76849705,1894038,60,1,Lancar
SLK001164,3175011807890780,2024-04-12,Bank Mandiri,KKB,75000000,38884417,1429180,60,1,Lancar
SLK001165,3275015103680781,2025-05-26,BPR Mitra Usaha,KK,75000000,62632477,7107093,12,3,Kurang Lancar
SLK001166,3275015103680781,2025-10-13,Bank OCBC NISP,KKB,75000000,70050029,1603209,48,5,Macet
SLK001167,3175011407030782,2024-05-25,Bank BRI,KI,150000000,68996965,4511131,36,2,Dalam Perhatian Khusus (DPK)
SLK001168,3175011407030782,2024-05-24,Bank Permata,KPR,25000000,16958387,772391,36,1,Lancar
SLK001169,3674015610760783,2026-06-10,Bank Permata,KMK,75000000,37056225,2211606,36,1,Lancar
SLK001170,3275014301750784,2026-02-13,Bank Danamon,KI,500000000,206058179,21322378,24,4,Diragukan
SLK001171,3275014301750784,2024-08-30,Bank Mandiri,KMK,150000000,65981541,13843566,12,1,Lancar
SLK001172,3275014301750784,2024-05-31,Bank OCBC NISP,KMK,200000000,114858519,17047968,12,1,Lancar
SLK001173,3275012706770786,2024-05-19,Bank OCBC NISP,KPR,500000000,213407333,8917796,60,1,Lancar
SLK001174,3275012706770786,2026-01-29,Bank Mandiri,KKB,50000000,36701317,1526154,36,1,Lancar
SLK001175,3174015205710788,2026-05-12,Bank Permata,KK,200000000,146406689,18840223,12,1,Lancar
SLK001176,3173014505800789,2025-04-26,Bank Permata,KK,25000000,14676159,575361,48,2,Dalam Perhatian Khusus (DPK)
SLK001177,3671014212010790,2024-09-06,Bank Panin,KMK,75000000,38931512,1727205,48,3,Kurang Lancar
SLK001178,3671014212010790,2026-07-07,Bank Danamon,KMK,75000000,23080164,1751469,48,1,Lancar
SLK001179,3173011303790791,2024-09-15,Bank Danamon,KI,500000000,379605214,11870690,48,1,Lancar
SLK001180,3173011303790791,2026-06-10,Bank Panin,KKB,150000000,110236760,2685111,60,1,Lancar
SLK001181,3671010711830792,2025-10-26,BPR Mitra Usaha,KMK,50000000,43056897,1470045,36,1,Lancar
SLK001182,3275016011720794,2024-04-29,Bank Permata,KK,100000000,78972044,2936596,36,1,Lancar
SLK001183,3671015206930795,2026-07-01,Bank BCA,KI,300000000,239133864,13089447,24,1,Lancar
SLK001184,3671015206930795,2026-02-18,Bank Mandiri,KKB,300000000,143116937,7142054,48,4,Diragukan
SLK001185,3671015206930795,2024-12-16,Bank Mandiri,KMK,100000000,50716904,2985563,36,1,Lancar
SLK001186,3671010206930796,2024-01-26,Bank Permata,KK,150000000,32511993,4594444,36,1,Lancar
SLK001187,3671010206930796,2026-05-29,BPR Mitra Usaha,KMK,25000000,16744345,1182270,24,2,Dalam Perhatian Khusus (DPK)
SLK001188,3671010206930796,2024-12-22,Bank Danamon,KK,100000000,68904936,4784583,24,1,Lancar
SLK001189,3671015003650798,2026-06-24,Bank Danamon,KK,200000000,125039492,3587073,60,1,Lancar
SLK001190,3671015003650798,2024-08-12,BPR Mitra Usaha,KI,300000000,77577321,9040577,36,1,Lancar
SLK001191,3276014612890799,2026-06-04,Bank BRI,KPR,500000000,308396075,10876497,48,1,Lancar
SLK001192,3276014612890799,2024-09-19,Bank Danamon,KPR,75000000,49648828,1786947,48,2,Dalam Perhatian Khusus (DPK)
SLK001193,3276014612890799,2025-03-22,Bank Danamon,KI,25000000,20597570,1128559,24,3,Kurang Lancar
SLK001194,3671011508840800,2024-08-05,Bank BRI,KI,100000000,33351196,1874350,60,1,Lancar
SLK001195,3174015508840801,2024-04-08,Bank CIMB Niaga,KK,100000000,83385014,4750945,24,1,Lancar
SLK001196,3671011505730802,2025-09-21,Bank CIMB Niaga,KPR,50000000,33986685,1458790,36,1,Lancar
SLK001197,3174012108930803,2026-02-24,Bank BCA,KI,75000000,70113805,1388005,60,1,Lancar
SLK001198,3271010908020804,2025-09-28,BPR Mitra Usaha,KK,200000000,181860763,6131442,36,1,Lancar
SLK001199,3271010908020804,2025-01-17,Bank BCA,KKB,150000000,60628615,6697029,24,1,Lancar
SLK001200,3271010908020804,2025-02-15,BPR Mitra Usaha,KK,150000000,125256608,2564758,60,1,Lancar
SLK001201,3271010306930805,2024-07-22,Bank BNI,KMK,300000000,191310174,12787612,24,1,Lancar
SLK001202,3275010902720806,2024-09-01,Bank Panin,KMK,50000000,26364470,948803,60,5,Macet
SLK001203,3171012904660807,2024-11-20,Bank Permata,KK,50000000,21594722,2185373,24,1,Lancar
SLK001204,3671014404840810,2024-11-30,BPR Mitra Usaha,KMK,500000000,280471499,8902870,60,2,Dalam Perhatian Khusus (DPK)
SLK001205,3671014404840810,2025-05-08,Bank Mandiri,KPR,200000000,155440495,9363524,24,4,Diragukan
SLK001206,3276012012990812,2026-01-25,Bank Permata,KK,200000000,175189894,6207718,36,1,Lancar
SLK001207,3271013012910813,2025-01-13,Bank BCA,KMK,75000000,25808035,2149359,36,1,Lancar
SLK001208,3271013012910813,2026-05-09,Bank Permata,KI,75000000,34431203,1751839,48,1,Lancar
SLK001209,3271013012910813,2025-02-25,Bank BCA,KMK,50000000,26479085,2291566,24,1,Lancar
SLK001210,3172013108790815,2026-04-07,Bank BRI,KK,200000000,162594139,4479639,48,1,Lancar
SLK001211,3172013108790815,2026-05-22,Bank OCBC NISP,KPR,200000000,163587554,19145706,12,2,Dalam Perhatian Khusus (DPK)
SLK001212,3172013108790815,2024-02-12,Bank Panin,KMK,300000000,248438840,13999599,24,1,Lancar
SLK001213,3171016302670818,2024-03-06,Bank OCBC NISP,KI,150000000,134332913,3303360,48,2,Dalam Perhatian Khusus (DPK)
SLK001214,3171016302670818,2024-01-26,Bank Permata,KK,200000000,140474792,9156043,24,1,Lancar
SLK001215,3171016302670818,2026-03-24,BPR Mitra Usaha,KI,500000000,298976902,8919207,60,2,Dalam Perhatian Khusus (DPK)
SLK001216,3174016508760819,2026-05-02,Bank Panin,KI,300000000,217158182,26930431,12,1,Lancar
SLK001217,3671010208770821,2024-03-11,Bank CIMB Niaga,KPR,150000000,72883965,7078432,24,1,Lancar
SLK001218,3671010208770821,2024-05-15,Bank Panin,KKB,300000000,201304006,13703807,24,1,Lancar
SLK001219,3671010208770821,2026-06-29,Bank Panin,KK,75000000,41112665,1749390,48,1,Lancar
SLK001220,3671014503960822,2025-09-08,BPR Mitra Usaha,KK,200000000,158031879,3447306,60,1,Lancar
SLK001221,3175015205740823,2025-02-10,Bank BRI,KK,500000000,186317979,8937619,60,2,Dalam Perhatian Khusus (DPK)
SLK001222,3175015205740823,2025-08-13,Bank BNI,KMK,25000000,9108968,591764,48,1,Lancar
SLK001223,3674013110920824,2026-03-10,Bank BRI,KK,150000000,124182139,2814522,60,1,Lancar
SLK001224,3174011710750825,2024-10-20,Bank Mandiri,KPR,300000000,210222698,9084300,36,2,Dalam Perhatian Khusus (DPK)
SLK001225,3174011710750825,2024-05-27,Bank BCA,KK,300000000,65333679,5742353,60,2,Dalam Perhatian Khusus (DPK)
SLK001226,3174011710750825,2025-01-02,Bank Mandiri,KPR,100000000,65718597,1804313,60,5,Macet
SLK001227,3671016411800826,2025-01-27,Bank Mandiri,KK,25000000,20622327,1107319,24,1,Lancar
SLK001228,3174014502940827,2026-08-16,Bank BNI,KMK,75000000,35209326,6943160,12,1,Lancar
SLK001229,3174016912930828,2025-08-07,Bank BCA,KI,300000000,153631458,14210343,24,1,Lancar
SLK001230,3174016912930828,2025-10-30,Bank Permata,KMK,150000000,88564567,3495892,48,1,Lancar
SLK001231,3174016912930828,2024-09-25,Bank Panin,KPR,150000000,79387749,4602716,36,2,Dalam Perhatian Khusus (DPK)
SLK001232,3276012710920829,2026-02-01,Bank Panin,KK,75000000,15102934,1398197,60,1,Lancar
SLK001233,3271010212970830,2025-03-07,Bank Danamon,KPR,25000000,8838871,1187512,24,1,Lancar
SLK001234,3271010212970830,2025-09-19,Bank Panin,KMK,300000000,256501794,13375788,24,1,Lancar
SLK001235,3171012805730831,2025-07-15,Bank CIMB Niaga,KPR,75000000,67923213,1609487,48,1,Lancar
SLK001236,3171012805730831,2024-01-16,BPR Mitra Usaha,KI,150000000,134620902,7085263,24,1,Lancar
SLK001237,3171012805730831,2025-07-10,Bank Permata,KPR,100000000,51732911,1741340,60,1,Lancar
SLK001238,3174016508910832,2024-11-11,Bank OCBC NISP,KMK,25000000,23556741,588763,48,4,Diragukan
SLK001239,3174016508910832,2025-09-29,Bank BRI,KKB,50000000,29192312,1079604,48,1,Lancar
SLK001240,3174016508910832,2025-10-18,Bank Mandiri,KPR,75000000,38410555,3365726,24,1,Lancar
SLK001241,3276012507880833,2024-09-16,Bank Panin,KKB,300000000,213860648,27026693,12,1,Lancar
SLK001242,3276012507880833,2024-11-09,Bank Panin,KKB,100000000,42539716,2152116,48,1,Lancar
SLK001243,3671014510940834,2024-02-07,Bank Danamon,KKB,300000000,267075051,7063160,48,1,Lancar
SLK001244,3671016108710835,2025-01-24,Bank BRI,KI,75000000,16282930,1640303,48,3,Kurang Lancar
SLK001245,3671016108710835,2024-01-29,Bank Mandiri,KPR,500000000,144087651,10928263,48,2,Dalam Perhatian Khusus (DPK)
SLK001246,3171015212810836,2025-02-05,Bank Mandiri,KK,150000000,69274212,14298134,12,2,Dalam Perhatian Khusus (DPK)
SLK001247,3271015611780837,2025-10-26,Bank CIMB Niaga,KPR,100000000,88901313,9265244,12,1,Lancar
SLK001248,3276014212850838,2025-10-03,Bank Permata,KMK,100000000,38358459,2260780,48,1,Lancar
SLK001249,3173010211660839,2025-01-04,Bank Mandiri,KMK,200000000,94296692,3587674,60,1,Lancar
SLK001250,3175011609770840,2024-05-21,Bank BNI,KPR,100000000,61093583,3026897,36,1,Lancar
SLK001251,3175011609770840,2024-02-23,Bank Permata,KKB,150000000,126022287,6381029,24,3,Kurang Lancar
SLK001252,3175011609770840,2025-10-05,Bank Danamon,KKB,150000000,103471974,4580008,36,1,Lancar
SLK001253,3276013105010841,2025-03-19,Bank Mandiri,KPR,100000000,43124256,2852526,36,1,Lancar
SLK001254,3671016708950842,2024-01-30,Bank Danamon,KK,500000000,390425573,21839941,24,1,Lancar
SLK001255,3276010711920845,2024-01-22,Bank Panin,KPR,500000000,127965071,23873707,24,1,Lancar
SLK001256,3275011712790846,2025-10-21,Bank Danamon,KKB,300000000,254474541,5195628,60,1,Lancar
SLK001257,3275011712790846,2025-03-14,Bank Danamon,KKB,200000000,172231875,17640269,12,1,Lancar
SLK001258,3671011302710847,2025-07-04,BPR Mitra Usaha,KI,150000000,140212664,4390034,36,3,Kurang Lancar
SLK001259,3671011302710847,2026-04-25,Bank OCBC NISP,KK,200000000,143348885,4458124,48,1,Lancar
SLK001260,3671011302710847,2025-12-17,Bank BNI,KK,100000000,37845233,2243686,48,2,Dalam Perhatian Khusus (DPK)
SLK001261,3172010706700848,2024-04-08,BPR Mitra Usaha,KPR,75000000,31065592,2218137,36,2,Dalam Perhatian Khusus (DPK)
SLK001262,3172010706700848,2025-05-14,Bank CIMB Niaga,KI,50000000,26914525,1094118,48,1,Lancar
SLK001263,3171015105710850,2025-04-17,Bank BRI,KK,100000000,37223350,2349852,48,1,Lancar
SLK001264,3171015105710850,2026-05-13,BPR Mitra Usaha,KMK,200000000,148411115,3686870,60,1,Lancar
SLK001265,3671016406810851,2025-12-22,Bank BNI,KPR,100000000,52471034,2153416,48,1,Lancar
SLK001266,3671016406810851,2026-06-09,Bank BRI,KMK,25000000,12993493,1149933,24,1,Lancar
SLK001267,3671016406810851,2025-12-11,BPR Mitra Usaha,KKB,200000000,78186597,3625890,60,1,Lancar
SLK001268,3172012106820852,2026-04-07,Bank Mandiri,KK,200000000,131002231,17677257,12,3,Kurang Lancar
SLK001269,3271017005650853,2024-05-07,Bank Mandiri,KI,75000000,49420156,2394690,36,1,Lancar
SLK001270,3271017005650853,2025-04-11,Bank Permata,KPR,300000000,244263384,9221604,36,3,Kurang Lancar
SLK001271,3271017005650853,2025-05-24,Bank BCA,KPR,500000000,451269804,21595100,24,1,Lancar
SLK001272,3175010406940854,2024-07-10,Bank CIMB Niaga,KI,100000000,35446148,4307473,24,1,Lancar
SLK001273,3671014311900855,2024-06-21,Bank BCA,KMK,500000000,106673083,9194082,60,1,Lancar
SLK001274,3671012505750856,2024-03-17,BPR Mitra Usaha,KMK,25000000,5026656,1172972,24,1,Lancar
SLK001275,3671012505750856,2024-05-13,Bank Permata,KKB,500000000,439905674,45111283,12,1,Lancar
SLK001276,3671012505750856,2026-02-19,Bank BRI,KI,50000000,19294854,933720,60,1,Lancar
SLK001277,3671012711980857,2025-05-11,Bank OCBC NISP,KI,200000000,188303970,8661618,24,1,Lancar
SLK001278,3671012711980857,2025-10-09,Bank Panin,KMK,75000000,49335630,1385601,60,1,Lancar
SLK001279,3671016210720858,2026-03-12,Bank BNI,KI,100000000,62116180,9157462,12,1,Lancar
SLK001280,3171015704980859,2024-01-08,BPR Mitra Usaha,KK,150000000,98558390,3374265,48,1,Lancar
SLK001281,3175012709990860,2024-09-06,Bank BCA,KPR,500000000,409039046,9247965,60,1,Lancar
SLK001282,3671012006870861,2025-01-13,Bank BRI,KI,75000000,64784880,3497706,24,1,Lancar
SLK001283,3172011905780862,2025-05-17,Bank Panin,KMK,25000000,15039668,1166894,24,1,Lancar
SLK001284,3275017101720863,2024-07-31,Bank CIMB Niaga,KKB,500000000,166986892,15823094,36,1,Lancar
SLK001285,3275017101720863,2024-08-10,Bank BNI,KI,500000000,463994362,44209493,12,4,Diragukan
SLK001286,3275011306660864,2025-06-11,Bank OCBC NISP,KPR,75000000,26007061,1298750,60,2,Dalam Perhatian Khusus (DPK)
SLK001287,3275011306660864,2025-10-10,Bank BRI,KPR,200000000,159672109,9514093,24,2,Dalam Perhatian Khusus (DPK)
SLK001288,3172011305920865,2025-03-02,Bank Danamon,KKB,100000000,29024499,1769647,60,1,Lancar
SLK001289,3172011305920865,2026-07-09,Bank Panin,KKB,300000000,166163879,12902096,24,1,Lancar
SLK001290,3172011305920865,2025-02-27,Bank Panin,KMK,100000000,72025777,4755576,24,1,Lancar
SLK001291,3174015204870866,2026-02-04,Bank Danamon,KK,75000000,68389859,6954037,12,1,Lancar
SLK001292,3671010408950867,2024-02-11,Bank Mandiri,KMK,25000000,16260241,734407,36,1,Lancar
SLK001293,3173015804700868,2026-01-02,Bank Danamon,KK,100000000,85087093,2350046,48,1,Lancar
SLK001294,3671011912000869,2025-08-12,Bank Danamon,KI,200000000,57864149,9329188,24,1,Lancar
SLK001295,3671011912000869,2025-07-11,Bank BCA,KPR,300000000,127207702,9065236,36,1,Lancar
SLK001296,3671011912000869,2025-04-25,Bank Danamon,KMK,150000000,72118063,3506830,48,1,Lancar
SLK001297,3276016311840871,2026-07-23,Bank BCA,KPR,50000000,19326838,1592220,36,1,Lancar
SLK001298,3175014305030874,2024-10-03,Bank BNI,KK,200000000,167301934,17996692,12,1,Lancar
SLK001299,3275015708940875,2025-12-05,Bank Danamon,KKB,100000000,81151560,8685457,12,1,Lancar
SLK001300,3671010603840876,2025-07-07,Bank BCA,KK,25000000,11883670,2230880,12,1,Lancar
SLK001301,3671010603840876,2025-10-12,Bank Mandiri,KKB,500000000,202206023,22525243,24,1,Lancar
SLK001302,3671010112700877,2025-04-09,BPR Mitra Usaha,KPR,150000000,88842150,2825456,60,1,Lancar
SLK001303,3671010112700877,2025-09-26,Bank BCA,KPR,50000000,30461542,4763141,12,2,Dalam Perhatian Khusus (DPK)
SLK001304,3671010112700877,2026-06-20,Bank Panin,KK,100000000,67023115,2227435,48,1,Lancar
SLK001305,3271012807940878,2026-06-11,Bank BCA,KPR,150000000,62314976,14037383,12,1,Lancar
SLK001306,3271012807940878,2025-11-16,Bank BCA,KPR,200000000,153530005,3588730,60,4,Diragukan
SLK001307,3173017008660879,2024-10-04,Bank Permata,KKB,200000000,175077323,3510672,60,1,Lancar
SLK001308,3175015205990880,2024-04-04,BPR Mitra Usaha,KK,150000000,65074213,4469330,36,2,Dalam Perhatian Khusus (DPK)
SLK001309,3171011409950881,2024-12-15,Bank CIMB Niaga,KMK,200000000,189603602,6122251,36,1,Lancar
SLK001310,3275015012910882,2025-04-10,Bank BCA,KMK,200000000,152830407,9089230,24,1,Lancar
SLK001311,3275015012910882,2024-01-04,Bank Permata,KPR,300000000,273989724,13189065,24,4,Diragukan
SLK001312,3674015103780884,2025-02-28,Bank BRI,KKB,200000000,107883199,3526320,60,1,Lancar
SLK001313,3674015103780884,2025-02-04,Bank Permata,KK,200000000,170115340,3730929,60,4,Diragukan
SLK001314,3671012208740885,2025-07-20,Bank Danamon,KPR,300000000,185199971,5107148,60,2,Dalam Perhatian Khusus (DPK)
SLK001315,3671012208740885,2026-05-27,Bank Danamon,KPR,150000000,130728173,4544030,36,3,Kurang Lancar
SLK001316,3671010603890886,2024-08-28,Bank Permata,KI,50000000,16079947,4272688,12,1,Lancar
SLK001317,3276014311000887,2025-05-24,Bank OCBC NISP,KKB,500000000,132617031,11230606,48,1,Lancar
SLK001318,3671014103920889,2025-03-19,Bank Danamon,KK,300000000,244850032,9016061,36,1,Lancar
SLK001319,3671014103920889,2025-09-27,Bank Danamon,KK,150000000,41612204,3234447,48,2,Dalam Perhatian Khusus (DPK)
SLK001320,3671014103920889,2025-09-05,Bank Mandiri,KI,500000000,297889484,11239344,48,1,Lancar
SLK001321,3171015505850890,2025-11-09,Bank BNI,KPR,500000000,439631682,23293700,24,1,Lancar
SLK001322,3171015505850890,2024-10-15,Bank BRI,KI,150000000,32184715,4672941,36,1,Lancar
SLK001323,3171015505850890,2026-07-04,Bank Panin,KMK,200000000,175419777,4342410,48,1,Lancar
SLK001324,3171011104680891,2026-05-04,Bank Permata,KI,25000000,19669358,1077389,24,3,Kurang Lancar
SLK001325,3275016505970892,2024-07-07,Bank Permata,KKB,150000000,89085682,4633239,36,2,Dalam Perhatian Khusus (DPK)
SLK001326,3275016505970892,2024-10-02,Bank Panin,KPR,500000000,166859973,11501951,48,1,Lancar
SLK001327,3671015906970893,2025-09-20,Bank BCA,KK,200000000,70752883,4407721,48,3,Kurang Lancar
SLK001328,3671015906970893,2025-10-25,Bank Permata,KMK,100000000,55927021,2325675,48,1,Lancar
SLK001329,3172017005970894,2024-11-15,Bank Permata,KI,100000000,24047947,8770769,12,2,Dalam Perhatian Khusus (DPK)
SLK001330,3276014506710895,2025-07-15,Bank Panin,KI,200000000,185004642,3524413,60,2,Dalam Perhatian Khusus (DPK)
SLK001331,3671014311970898,2025-02-17,Bank BNI,KPR,75000000,54452054,6704546,12,1,Lancar
SLK001332,3671014311970898,2025-07-04,Bank Mandiri,KPR,150000000,66564054,6849713,24,1,Lancar
SLK001333,3271016411680899,2026-02-08,Bank BNI,KI,25000000,17270309,1191713,24,4,Diragukan
SLK001334,3271016411680899,2024-03-29,Bank Danamon,KMK,100000000,30166259,4538509,24,1,Lancar
SLK001335,3271016411680899,2025-10-07,Bank BNI,KMK,300000000,209965577,6408177,48,4,Diragukan
SLK001336,3674011604930900,2025-11-24,Bank BNI,KPR,300000000,156994174,26900093,12,3,Kurang Lancar
SLK001337,3674011604930900,2025-03-17,Bank BCA,KMK,100000000,40858343,2241178,48,4,Diragukan
SLK001338,3674011604930900,2025-03-30,Bank Mandiri,KI,200000000,55432936,3781601,60,3,Kurang Lancar
SLK001339,3671011806930901,2025-05-11,Bank Panin,KPR,75000000,53008681,1366546,60,1,Lancar
SLK001340,3671011806930901,2025-05-01,Bank BNI,KPR,150000000,44077036,4426034,36,4,Diragukan
SLK001341,3671011806930901,2024-11-10,Bank OCBC NISP,KK,150000000,63712368,2631293,60,1,Lancar
SLK001342,3173014509770902,2026-03-18,Bank BNI,KKB,200000000,170694547,18911250,12,1,Lancar
SLK001343,3173014509770902,2024-06-23,Bank BRI,KI,150000000,31668582,4467134,36,2,Dalam Perhatian Khusus (DPK)
SLK001344,3173011111950903,2026-02-27,BPR Mitra Usaha,KMK,500000000,164441261,44319186,12,1,Lancar
SLK001345,3173011111950903,2025-05-09,Bank Permata,KMK,100000000,27940494,3153806,36,1,Lancar
SLK001346,3175011912940904,2025-09-16,Bank Permata,KK,150000000,91612676,14270294,12,2,Dalam Perhatian Khusus (DPK)
SLK001347,3175011912940904,2024-06-13,Bank BRI,KPR,200000000,97485451,4310726,48,1,Lancar
SLK001348,3175011912940904,2025-06-18,Bank Panin,KPR,75000000,43549355,1277715,60,1,Lancar
SLK001349,3674012201850905,2025-11-13,Bank Panin,KPR,500000000,224589513,15895853,36,1,Lancar
SLK001350,3674012201850905,2025-11-08,Bank BNI,KMK,100000000,72249985,2300513,48,1,Lancar
SLK001351,3671015609990906,2024-08-08,Bank Danamon,KKB,100000000,50385982,2138134,48,1,Lancar
SLK001352,3271015304950907,2024-11-07,Bank Mandiri,KK,150000000,104744259,4638528,36,1,Lancar
SLK001353,3271015304950907,2025-04-03,Bank CIMB Niaga,KKB,200000000,164435957,4333882,48,1,Lancar
SLK001354,3275014311780908,2024-10-07,Bank Mandiri,KKB,75000000,46746288,1400213,60,1,Lancar
SLK001355,3275014311780908,2024-07-18,BPR Mitra Usaha,KKB,200000000,80766816,9058785,24,5,Macet
SLK001356,3174012912000909,2024-06-04,BPR Mitra Usaha,KKB,75000000,69862449,6433017,12,1,Lancar
SLK001357,3172016909820910,2024-04-16,Bank OCBC NISP,KPR,50000000,46398281,4328339,12,1,Lancar
SLK001358,3172016909820910,2025-02-21,Bank Danamon,KKB,200000000,90066218,4297828,48,5,Macet
SLK001359,3671010107870911,2025-05-11,BPR Mitra Usaha,KK,25000000,22370260,1185669,24,1,Lancar
SLK001360,3173012505940912,2026-04-09,Bank Mandiri,KKB,200000000,115655873,6166520,36,1,Lancar
SLK001361,3173012505940912,2024-05-07,Bank Panin,KI,50000000,35205020,1081644,48,2,Dalam Perhatian Khusus (DPK)
SLK001362,3671011504690913,2026-01-28,Bank CIMB Niaga,KPR,200000000,78837642,3428712,60,1,Lancar
SLK001363,3671011504690913,2024-06-01,Bank Danamon,KMK,25000000,19424834,425518,60,1,Lancar
SLK001364,3671012211810914,2024-03-29,Bank Panin,KMK,200000000,140379617,18305985,12,1,Lancar
SLK001365,3671012211810914,2025-09-03,Bank Danamon,KPR,200000000,154406008,4450280,48,1,Lancar
SLK001366,3671016009810915,2024-12-07,Bank Danamon,KMK,100000000,43524568,1885523,60,1,Lancar
SLK001367,3671017011790916,2025-08-22,Bank BRI,KPR,500000000,395859375,23691969,24,1,Lancar
SLK001368,3671017011790916,2024-04-16,Bank Danamon,KI,75000000,68273718,1300439,60,1,Lancar
SLK001369,3671012406880917,2025-06-10,Bank Permata,KI,50000000,36641342,4509709,12,1,Lancar
SLK001370,3671010204650918,2024-11-14,Bank Panin,KPR,100000000,29315247,9276286,12,5,Macet
SLK001371,3671010906880921,2024-01-07,Bank BCA,KKB,25000000,20341963,740602,36,2,Dalam Perhatian Khusus (DPK)
SLK001372,3671010906880921,2026-05-15,Bank BCA,KKB,25000000,17934718,470720,60,1,Lancar
SLK001373,3671010906880921,2024-02-19,Bank Permata,KPR,75000000,58724116,1728085,48,1,Lancar
SLK001374,3674014610850922,2025-09-13,Bank BCA,KPR,25000000,9525699,2281669,12,5,Macet
SLK001375,3674014610850922,2024-11-09,Bank Danamon,KI,500000000,234684742,21642879,24,2,Dalam Perhatian Khusus (DPK)
SLK001376,3674014610850922,2024-09-08,Bank OCBC NISP,KPR,300000000,275251995,9494870,36,1,Lancar
SLK001377,3174012812780923,2026-05-13,Bank BRI,KMK,300000000,189547930,6840281,48,1,Lancar
SLK001378,3174012812780923,2024-04-08,Bank Danamon,KKB,100000000,83467406,9009614,12,1,Lancar
SLK001379,3671012206800924,2025-09-19,Bank BCA,KPR,500000000,364117760,11935223,48,1,Lancar
SLK001380,3671016306680925,2025-03-21,Bank BCA,KKB,150000000,44946946,2573598,60,1,Lancar
SLK001381,3671016306680925,2025-12-02,Bank CIMB Niaga,KMK,50000000,33659786,4604778,12,1,Lancar
SLK001382,3671015903010926,2024-12-25,Bank OCBC NISP,KI,75000000,59841265,2288586,36,1,Lancar
SLK001383,3175012806680927,2024-07-11,Bank OCBC NISP,KKB,150000000,141831295,3376785,48,1,Lancar
SLK001384,3175012806680927,2026-07-06,Bank Panin,KPR,150000000,95219556,2560200,60,1,Lancar
SLK001385,3674010609960928,2024-01-08,BPR Mitra Usaha,KMK,300000000,236063768,8726772,36,2,Dalam Perhatian Khusus (DPK)
SLK001386,3674010609960928,2024-07-25,Bank CIMB Niaga,KMK,50000000,35753472,2283122,24,1,Lancar
SLK001387,3674014408740930,2025-10-06,Bank OCBC NISP,KK,100000000,63831096,4539921,24,3,Kurang Lancar
SLK001388,3674014408740930,2024-03-11,Bank Mandiri,KK,25000000,9004188,1072473,24,1,Lancar
SLK001389,3275011907810931,2024-01-06,Bank OCBC NISP,KMK,100000000,41267411,1761053,60,1,Lancar
SLK001390,3671016004770932,2025-08-10,Bank Danamon,KKB,300000000,221065404,14045879,24,2,Dalam Perhatian Khusus (DPK)
SLK001391,3172013012960933,2025-10-19,Bank BCA,KPR,150000000,74750161,4364929,36,2,Dalam Perhatian Khusus (DPK)
SLK001392,3172013012960933,2026-07-14,Bank Danamon,KMK,150000000,138550588,4488530,36,1,Lancar
SLK001393,3671013103030934,2024-11-15,BPR Mitra Usaha,KPR,150000000,124894373,6874903,24,1,Lancar
SLK001394,3671013103030934,2024-04-11,Bank CIMB Niaga,KK,200000000,174236080,8586346,24,1,Lancar
SLK001395,3275010112670935,2026-05-27,Bank Danamon,KPR,50000000,29068904,892630,60,2,Dalam Perhatian Khusus (DPK)
SLK001396,3275010112670935,2025-06-28,Bank BNI,KK,75000000,42995976,6946210,12,3,Kurang Lancar
SLK001397,3671014410720936,2025-05-13,Bank BNI,KKB,150000000,78065805,4539862,36,1,Lancar
SLK001398,3671014410720936,2025-07-16,Bank Mandiri,KKB,500000000,166927035,42682237,12,1,Lancar
SLK001399,3175016407020938,2024-06-28,BPR Mitra Usaha,KKB,300000000,191387263,5311034,60,1,Lancar
SLK001400,3175016407020938,2025-03-12,Bank BCA,KK,50000000,22149782,2283749,24,4,Diragukan
SLK001401,3674016002750939,2024-02-20,Bank Panin,KPR,150000000,69113625,2871449,60,2,Dalam Perhatian Khusus (DPK)
SLK001402,3674016002750939,2024-09-04,Bank Panin,KK,100000000,85068826,1891885,60,1,Lancar
SLK001403,3671012508800940,2026-06-25,Bank BCA,KKB,50000000,12394051,1462604,36,3,Kurang Lancar
SLK001404,3671012508800940,2026-04-27,Bank Panin,KPR,75000000,43585399,2391009,36,3,Kurang Lancar
SLK001405,3671016204740941,2025-06-26,Bank BRI,KKB,500000000,235172270,46524515,12,1,Lancar
SLK001406,3671016204740941,2025-12-31,Bank BRI,KI,75000000,25705568,6990508,12,2,Dalam Perhatian Khusus (DPK)
SLK001407,3174011009840944,2025-10-29,Bank Mandiri,KK,200000000,101424377,3492401,60,1,Lancar
SLK001408,3174011009840944,2025-09-10,Bank Mandiri,KKB,300000000,153162508,26060728,12,1,Lancar
SLK001409,3674016006780945,2026-08-08,Bank Mandiri,KPR,200000000,79510448,3750976,60,1,Lancar
SLK001410,3173015401650947,2026-01-10,Bank Permata,KPR,75000000,69001036,1770807,48,1,Lancar
SLK001411,3173015401650947,2024-09-13,Bank Danamon,KMK,500000000,194844653,10663554,48,1,Lancar
SLK001412,3171015909950948,2024-08-29,Bank Mandiri,KMK,150000000,44603125,2764248,60,1,Lancar
SLK001413,3171015909950948,2025-01-21,Bank Mandiri,KPR,500000000,135431453,11607333,48,1,Lancar
SLK001414,3671011704020949,2025-01-01,Bank BCA,KK,75000000,28628035,1674760,48,2,Dalam Perhatian Khusus (DPK)
SLK001415,3671011704020949,2025-09-21,Bank Mandiri,KK,300000000,234905961,26645125,12,1,Lancar
SLK001416,3671015210910950,2024-03-26,Bank Panin,KKB,75000000,27639065,6525431,12,1,Lancar
SLK001417,3671015210910950,2024-08-24,Bank BNI,KMK,200000000,90698575,5758516,36,1,Lancar
SLK001418,3671015210910950,2024-01-30,Bank BRI,KKB,500000000,158697141,44449339,12,1,Lancar
SLK001419,3275012205920951,2025-10-15,Bank Permata,KI,100000000,30887278,2225946,48,4,Diragukan
SLK001420,3276014502840952,2026-01-01,Bank BRI,KKB,150000000,86807451,4297589,36,1,Lancar
SLK001421,3276014502840952,2024-07-06,Bank BRI,KI,150000000,43351569,3390011,48,1,Lancar
SLK001422,3276014502840952,2026-03-11,Bank OCBC NISP,KI,200000000,53582321,3682504,60,1,Lancar
SLK001423,3671010911850953,2026-05-02,Bank Permata,KK,50000000,10084486,1454282,36,1,Lancar
SLK001424,3173014105940954,2026-05-27,Bank Danamon,KMK,150000000,98717090,4410148,36,3,Kurang Lancar
SLK001425,3173014105940954,2024-09-25,Bank BNI,KI,25000000,11768868,709492,36,1,Lancar
SLK001426,3271015311020955,2026-07-27,Bank Permata,KMK,150000000,67113858,3425515,48,1,Lancar
SLK001427,3671011211730956,2024-12-05,BPR Mitra Usaha,KMK,75000000,38307081,2236404,36,1,Lancar
SLK001428,3671016704760957,2024-09-23,Bank OCBC NISP,KI,500000000,382293116,14438548,36,1,Lancar
SLK001429,3671016704760957,2024-12-31,Bank BNI,KPR,100000000,29354282,1877536,60,1,Lancar
SLK001430,3271015207930958,2026-05-13,Bank BRI,KI,50000000,28256618,2290993,24,2,Dalam Perhatian Khusus (DPK)
SLK001431,3271015207930958,2025-03-04,Bank Danamon,KPR,500000000,387540699,23307197,24,1,Lancar
SLK001432,3271015207930958,2025-08-26,Bank BNI,KMK,100000000,45764970,1826351,60,1,Lancar
SLK001433,3173010405840959,2026-03-23,Bank Danamon,KI,500000000,463327427,46339367,12,4,Diragukan
SLK001434,3173010405840959,2025-07-30,Bank OCBC NISP,KI,500000000,186407749,23043771,24,1,Lancar
SLK001435,3275010208710960,2026-02-26,Bank CIMB Niaga,KPR,200000000,63801646,8558542,24,1,Lancar
SLK001436,3275010208710960,2024-04-08,Bank BNI,KPR,500000000,397132023,11418217,48,1,Lancar
SLK001437,3175015505970961,2026-04-08,BPR Mitra Usaha,KK,500000000,123156139,11391985,48,3,Kurang Lancar
SLK001438,3175015505970961,2025-03-20,Bank CIMB Niaga,KI,100000000,71108440,1862108,60,1,Lancar
SLK001439,3276011502990962,2025-03-06,Bank Mandiri,KKB,300000000,225762369,5283162,60,1,Lancar
SLK001440,3276011502990962,2026-04-23,Bank Mandiri,KMK,50000000,30912696,917822,60,1,Lancar
SLK001441,3276014311650963,2025-09-16,Bank Panin,KK,100000000,45278126,2334494,48,1,Lancar
SLK001442,3175010112740964,2025-12-24,Bank OCBC NISP,KI,25000000,10049205,535868,48,1,Lancar
SLK001443,3175015204800965,2025-04-23,Bank CIMB Niaga,KMK,150000000,82077114,13960982,12,1,Lancar
SLK001444,3175015204800965,2025-12-18,Bank Danamon,KMK,100000000,85209270,2278100,48,1,Lancar
SLK001445,3172015107680966,2024-09-21,Bank BNI,KMK,300000000,189246209,9063527,36,1,Lancar
SLK001446,3171015101930967,2026-07-27,Bank Permata,KPR,50000000,14110442,4703966,12,2,Dalam Perhatian Khusus (DPK)
SLK001447,3171015101930967,2024-04-03,Bank BCA,KK,100000000,21677466,4257782,24,2,Dalam Perhatian Khusus (DPK)
SLK001448,3173012703920968,2025-09-21,Bank BCA,KI,200000000,187003164,8602184,24,1,Lancar
SLK001449,3173012703920968,2025-03-20,Bank Danamon,KKB,150000000,137034065,14142816,12,2,Dalam Perhatian Khusus (DPK)
SLK001450,3671010409890969,2024-11-13,Bank Mandiri,KI,200000000,86618489,5901560,36,2,Dalam Perhatian Khusus (DPK)
SLK001451,3671010409890969,2025-12-15,Bank Danamon,KPR,200000000,153911717,17813073,12,1,Lancar
SLK001452,3671010409890969,2026-06-25,Bank BRI,KKB,25000000,7291189,467821,60,1,Lancar
SLK001453,3671014602750970,2024-02-11,Bank Mandiri,KKB,75000000,26963928,1401515,60,1,Lancar
SLK001454,3276012808950971,2024-05-10,Bank Panin,KK,25000000,7152466,590837,48,1,Lancar
SLK001455,3671012411910972,2025-11-05,Bank BRI,KI,75000000,66620296,2272481,36,2,Dalam Perhatian Khusus (DPK)
SLK001456,3671010610890973,2024-07-12,Bank Panin,KPR,100000000,81812190,9124420,12,3,Kurang Lancar
SLK001457,3174015504740974,2024-07-27,Bank Danamon,KKB,200000000,85066806,8898081,24,1,Lancar
SLK001458,3174015504740974,2025-09-15,BPR Mitra Usaha,KI,200000000,96505780,3632933,60,1,Lancar
SLK001459,3276012612750975,2025-07-04,BPR Mitra Usaha,KPR,300000000,213489787,5335008,60,1,Lancar
SLK001460,3275010902970976,2026-08-03,BPR Mitra Usaha,KPR,25000000,18999714,460723,60,2,Dalam Perhatian Khusus (DPK)
SLK001461,3671016303840977,2025-01-11,Bank Panin,KK,150000000,57794749,12779597,12,1,Lancar
SLK001462,3671016303840977,2024-06-20,Bank BRI,KPR,100000000,75964651,2131725,48,1,Lancar
SLK001463,3171014809000978,2024-03-06,Bank OCBC NISP,KPR,500000000,234928553,15081646,36,1,Lancar
SLK001464,3171014809000978,2026-06-07,Bank OCBC NISP,KPR,200000000,46763795,17392697,12,5,Macet
SLK001465,3171012108810980,2024-06-29,BPR Mitra Usaha,KPR,25000000,21774130,470893,60,1,Lancar
SLK001466,3171012108810980,2025-09-29,Bank OCBC NISP,KKB,500000000,377823486,11557122,48,2,Dalam Perhatian Khusus (DPK)
SLK001467,3671016907710981,2024-12-29,Bank Permata,KPR,200000000,150721942,4481889,48,3,Kurang Lancar
SLK001468,3671015311720983,2024-11-18,Bank BCA,KI,25000000,10862422,469778,60,1,Lancar
SLK001469,3671012702940984,2025-06-11,Bank Panin,KK,50000000,27508966,1156137,48,1,Lancar
SLK001470,3671012702940984,2025-11-18,Bank Danamon,KKB,200000000,154290666,6266163,36,1,Lancar
SLK001471,3173010502930985,2024-07-25,Bank Panin,KI,25000000,21559690,2150927,12,4,Diragukan
SLK001472,3171013103750986,2025-03-14,Bank OCBC NISP,KKB,150000000,33550449,12989037,12,2,Dalam Perhatian Khusus (DPK)
SLK001473,3171013103750986,2025-03-09,Bank Danamon,KKB,50000000,31636437,1136532,48,1,Lancar
SLK001474,3671012509670987,2024-02-29,Bank BNI,KMK,25000000,19997536,472443,60,1,Lancar
SLK001475,3671012509670987,2026-01-22,Bank Mandiri,KMK,150000000,133361011,3483740,48,1,Lancar
SLK001476,3171015606860988,2024-06-20,Bank BRI,KMK,75000000,41126783,6852516,12,1,Lancar
SLK001477,3172015204840989,2024-09-08,Bank BNI,KK,25000000,7256839,585433,48,3,Kurang Lancar
SLK001478,3172015204840989,2025-05-19,Bank Danamon,KI,500000000,406707903,23361392,24,1,Lancar
SLK001479,3175014410870990,2025-10-18,Bank CIMB Niaga,KI,500000000,313322799,23880332,24,5,Macet
SLK001480,3671016901930991,2024-03-16,Bank CIMB Niaga,KPR,150000000,66209458,4634475,36,1,Lancar
SLK001481,3271013003690992,2026-01-24,Bank Panin,KI,150000000,77747155,4346486,36,1,Lancar
SLK001482,3671015408690993,2026-04-24,Bank Danamon,KPR,25000000,13895434,463389,60,1,Lancar
SLK001483,3671011108790994,2025-11-23,Bank Danamon,KKB,25000000,23373879,450479,60,1,Lancar
SLK001484,3271015403020995,2024-10-22,BPR Mitra Usaha,KK,500000000,474200134,45888894,12,1,Lancar
SLK001485,3271015403020995,2025-06-23,Bank BNI,KK,50000000,41955208,1419835,36,1,Lancar
SLK001486,3671013006850996,2025-03-11,Bank Panin,KI,500000000,169464363,15256192,36,1,Lancar
SLK001487,3671013006850996,2025-07-29,Bank BRI,KPR,50000000,43574483,2302464,24,3,Kurang Lancar
SLK001488,3276014910000997,2024-06-03,Bank Danamon,KPR,500000000,304450275,11348506,48,1,Lancar
SLK001489,3276014910000997,2024-08-08,Bank Mandiri,KK,75000000,55926512,6688022,12,1,Lancar
SLK001490,3276014910000997,2026-05-27,Bank BNI,KPR,200000000,113448378,8922949,24,1,Lancar
SLK001491,3671016401670998,2025-12-06,Bank BNI,KPR,150000000,132974257,6952269,24,1,Lancar
SLK001492,3674014110770999,2024-06-26,Bank BCA,KPR,75000000,34980934,3193894,24,1,Lancar
SLK001493,3175011404031001,2024-03-05,Bank OCBC NISP,KI,50000000,34952180,1148304,48,1,Lancar
SLK001494,3175015506761002,2025-11-27,Bank CIMB Niaga,KKB,75000000,15383621,3558226,24,2,Dalam Perhatian Khusus (DPK)
SLK001495,3175015506761002,2025-03-06,Bank Mandiri,KKB,75000000,38890144,1292126,60,1,Lancar
SLK001496,3271012211851005,2025-06-29,BPR Mitra Usaha,KK,100000000,34099498,4746141,24,1,Lancar
SLK001497,3671015812651006,2026-04-08,Bank BRI,KPR,150000000,140697025,6499865,24,1,Lancar
SLK001498,3671015812651006,2025-04-26,Bank BCA,KPR,150000000,111119824,6761824,24,1,Lancar
SLK001499,3671015812651006,2025-05-02,Bank Danamon,KKB,500000000,182045779,22116403,24,2,Dalam Perhatian Khusus (DPK)
SLK001500,3175012302731008,2026-07-01,Bank BCA,KMK,500000000,160210891,14273007,36,2,Dalam Perhatian Khusus (DPK)
SLK001501,3175012302731008,2025-07-12,Bank Mandiri,KMK,500000000,448168688,45400067,12,1,Lancar
SLK001502,3171015801741009,2024-02-09,Bank BNI,KMK,300000000,184698310,6592328,48,1,Lancar
SLK001503,3671012204721011,2024-06-15,Bank BRI,KMK,300000000,73696349,6764667,48,1,Lancar
SLK001504,3671011106861012,2026-01-02,Bank BRI,KI,25000000,9381688,539081,48,2,Dalam Perhatian Khusus (DPK)
SLK001505,3275012306841013,2025-08-19,Bank Danamon,KPR,25000000,18886141,554530,48,1,Lancar
SLK001506,3172010106651014,2024-04-19,Bank BRI,KMK,150000000,88195855,4659058,36,1,Lancar
SLK001507,3271016909021016,2026-05-30,Bank Permata,KK,500000000,442012887,8555068,60,2,Dalam Perhatian Khusus (DPK)
SLK001508,3172013011811017,2025-06-08,Bank BNI,KI,100000000,43044123,1797892,60,2,Dalam Perhatian Khusus (DPK)
SLK001509,3172013011811017,2024-07-14,Bank BRI,KK,50000000,24755001,4275433,12,2,Dalam Perhatian Khusus (DPK)
SLK001510,3674011201711018,2024-12-29,Bank CIMB Niaga,KMK,300000000,100816382,5392327,60,1,Lancar
SLK001511,3671012408701019,2024-09-25,Bank BRI,KI,500000000,272250060,9156055,60,5,Macet
SLK001512,3171016402751020,2025-02-23,Bank BNI,KI,500000000,441114220,44859543,12,5,Macet
SLK001513,3671016107981021,2025-02-26,Bank BRI,KMK,75000000,41577282,6819704,12,1,Lancar
SLK001514,3671016107981021,2024-10-29,Bank CIMB Niaga,KPR,150000000,94135526,3230129,48,1,Lancar
SLK001515,3275013108901022,2024-07-26,Bank OCBC NISP,KMK,200000000,175319378,19132129,12,1,Lancar
SLK001516,3175016805941023,2024-12-10,Bank Mandiri,KPR,75000000,31551201,6414269,12,1,Lancar
SLK001517,3275016901001024,2024-11-25,Bank BCA,KK,25000000,16765416,2178964,12,3,Kurang Lancar
SLK001518,3275016901001024,2025-02-06,Bank OCBC NISP,KK,150000000,37116078,2726727,60,3,Kurang Lancar
SLK001519,3276010508801025,2026-06-01,Bank OCBC NISP,KKB,25000000,11660803,597479,48,5,Macet
SLK001520,3276010508801025,2025-07-17,Bank Panin,KMK,100000000,34717403,2258908,48,1,Lancar
SLK001521,3174013011731026,2026-02-23,Bank BCA,KMK,75000000,27176486,1279585,60,1,Lancar
SLK001522,3174013011731026,2025-10-16,Bank Danamon,KK,25000000,14807392,548374,48,1,Lancar
SLK001523,3174013011731026,2024-04-12,Bank BNI,KI,500000000,444335520,10934336,48,1,Lancar
SLK001524,3171012506931027,2025-03-08,Bank Panin,KPR,100000000,64301460,2360754,48,1,Lancar
SLK001525,3671015805861028,2024-07-09,Bank BNI,KI,25000000,7280227,743265,36,1,Lancar
SLK001526,3671015805861028,2025-12-24,Bank Permata,KI,300000000,181276853,14256332,24,1,Lancar
SLK001527,3671012908671029,2024-12-11,Bank Danamon,KPR,75000000,28459357,1350617,60,3,Kurang Lancar
SLK001528,3175014103681030,2025-02-28,BPR Mitra Usaha,KMK,300000000,246333750,13260250,24,1,Lancar
SLK001529,3174014905881031,2024-07-31,Bank BNI,KKB,100000000,73878371,3052256,36,1,Lancar
SLK001530,3671016311711032,2026-04-22,BPR Mitra Usaha,KI,100000000,27277683,2128786,48,1,Lancar
SLK001531,3671014901991033,2024-03-29,Bank Mandiri,KPR,500000000,232601978,22090667,24,1,Lancar
SLK001532,3671014901991033,2025-03-31,Bank BCA,KK,75000000,44432488,6586661,12,1,Lancar
SLK001533,3671015607991034,2025-04-10,Bank BNI,KI,200000000,86257256,8826104,24,1,Lancar
SLK001534,3671015607991034,2024-07-24,Bank Panin,KMK,300000000,279372854,6914563,48,1,Lancar
SLK001535,3173016211751035,2024-12-28,Bank CIMB Niaga,KPR,500000000,256326168,9359448,60,1,Lancar
SLK001536,3173016211751035,2024-12-12,Bank BRI,KKB,75000000,58585890,1291900,60,1,Lancar
SLK001537,3172014808021036,2026-08-19,Bank Panin,KKB,150000000,89564795,2559487,60,1,Lancar
SLK001538,3175015001941037,2025-03-23,Bank BRI,KKB,25000000,21881365,540687,48,2,Dalam Perhatian Khusus (DPK)
SLK001539,3174011404931038,2024-01-07,Bank BRI,KI,150000000,32463871,3433026,48,3,Kurang Lancar
SLK001540,3175011210801040,2024-12-03,Bank Permata,KPR,50000000,29096080,1111924,48,1,Lancar
SLK001541,3175011210801040,2024-01-23,BPR Mitra Usaha,KI,75000000,48588758,1398204,60,2,Dalam Perhatian Khusus (DPK)
SLK001542,3175011210801040,2024-01-15,BPR Mitra Usaha,KK,75000000,41361078,1385845,60,2,Dalam Perhatian Khusus (DPK)
SLK001543,3175012605031041,2026-02-17,BPR Mitra Usaha,KK,100000000,75529552,3038277,36,3,Kurang Lancar
SLK001544,3175012605031041,2025-03-19,Bank Panin,KK,100000000,59625253,8972713,12,1,Lancar
SLK001545,3175012605031041,2024-03-21,BPR Mitra Usaha,KPR,75000000,38968768,1304332,60,4,Diragukan
SLK001546,3271015910821043,2024-01-13,Bank OCBC NISP,KK,25000000,11706769,432351,60,3,Kurang Lancar
SLK001547,3271015910821043,2025-03-23,Bank OCBC NISP,KK,100000000,27632434,9412948,12,1,Lancar
SLK001548,3271015910821043,2025-02-05,BPR Mitra Usaha,KK,300000000,253546268,9253469,36,1,Lancar
SLK001549,3175010803661044,2025-09-13,BPR Mitra Usaha,KI,25000000,9535555,585190,48,1,Lancar
SLK001550,3172010509861045,2025-11-14,Bank Panin,KMK,150000000,79550885,13463538,12,2,Dalam Perhatian Khusus (DPK)
SLK001551,3671015501011046,2025-08-06,Bank BCA,KK,100000000,61172218,1904357,60,1,Lancar
SLK001552,3671015501011046,2024-10-24,Bank Panin,KKB,500000000,369645774,15570771,36,1,Lancar
SLK001553,3671015501011046,2024-10-06,Bank Permata,KMK,300000000,168697745,26193453,12,1,Lancar
SLK001554,3172012112901047,2024-06-26,Bank BNI,KMK,150000000,107383370,2709127,60,1,Lancar
SLK001555,3671015511851048,2025-09-04,Bank Mandiri,KMK,100000000,49362424,1747246,60,1,Lancar
SLK001556,3671015511851048,2024-05-25,Bank CIMB Niaga,KMK,200000000,143543429,4293201,48,1,Lancar
SLK001557,3671012801901049,2025-01-05,Bank Danamon,KMK,500000000,349247280,47140804,12,1,Lancar
SLK001558,3671014401971050,2025-05-21,Bank Danamon,KK,200000000,81820444,9489692,24,1,Lancar
SLK001559,3671014401971050,2026-02-17,Bank Permata,KI,500000000,160804376,23035979,24,4,Diragukan
SLK001560,3671014401971050,2026-07-09,Bank OCBC NISP,KI,50000000,33640992,954683,60,1,Lancar
SLK001561,3671016206711051,2024-12-07,Bank BNI,KI,25000000,7670799,2314975,12,1,Lancar
SLK001562,3671016206711051,2024-06-18,Bank OCBC NISP,KMK,75000000,70549902,1290883,60,1,Lancar
SLK001563,3671016902761052,2024-05-13,Bank Panin,KK,75000000,68599928,1765215,48,3,Kurang Lancar
SLK001564,3671014802011053,2025-09-11,Bank Permata,KKB,200000000,130572582,6037600,36,2,Dalam Perhatian Khusus (DPK)
SLK001565,3674012601691054,2025-03-20,Bank Panin,KKB,150000000,78857824,14288316,12,3,Kurang Lancar
SLK001566,3172016507761055,2026-04-08,Bank Panin,KPR,300000000,138308762,9408415,36,1,Lancar
SLK001567,3172016507761055,2026-04-12,Bank Panin,KPR,200000000,151295005,4503492,48,1,Lancar
SLK001568,3271013003661056,2024-08-05,Bank BCA,KMK,50000000,27889372,1175574,48,4,Diragukan
SLK001569,3271013003661056,2025-01-29,Bank BRI,KMK,100000000,68348150,2385350,48,1,Lancar
SLK001570,3271013003661056,2024-03-01,Bank Permata,KPR,100000000,93555704,8534263,12,1,Lancar
SLK001571,3172015410811057,2026-06-02,Bank BCA,KPR,150000000,93612307,6775087,24,1,Lancar
SLK001572,3172015410811057,2025-12-18,BPR Mitra Usaha,KPR,500000000,379212698,45132437,12,2,Dalam Perhatian Khusus (DPK)
SLK001573,3275012808801058,2026-05-12,Bank OCBC NISP,KI,200000000,81881130,6048573,36,2,Dalam Perhatian Khusus (DPK)
SLK001574,3671014403001059,2026-03-16,BPR Mitra Usaha,KKB,500000000,278436848,9013534,60,1,Lancar
SLK001575,3671014403001059,2026-01-21,Bank Danamon,KPR,25000000,18358451,433749,60,1,Lancar
SLK001576,3671014403001059,2026-02-06,Bank BNI,KMK,500000000,126718276,9188349,60,1,Lancar
SLK001577,3175015908671060,2024-01-19,Bank Danamon,KPR,25000000,19460687,1084516,24,1,Lancar
SLK001578,3173010204991061,2025-03-25,Bank OCBC NISP,KMK,25000000,9272995,547064,48,1,Lancar
SLK001579,3173010204991061,2025-11-09,Bank Mandiri,KI,75000000,25688535,3373856,24,1,Lancar
SLK001580,3173010204991061,2025-11-27,Bank Mandiri,KI,200000000,104071588,3789200,60,1,Lancar
SLK001581,3671014705921062,2025-04-17,Bank Danamon,KK,500000000,357321812,23742642,24,1,Lancar
SLK001582,3671011912881063,2025-02-28,Bank Mandiri,KK,100000000,89050632,2943083,36,3,Kurang Lancar
SLK001583,3671011912881063,2026-07-31,Bank Panin,KK,300000000,271549298,9443396,36,1,Lancar
SLK001584,3671011608741064,2026-02-20,Bank Danamon,KK,200000000,169197639,8866049,24,3,Kurang Lancar
SLK001585,3671011201671065,2025-01-27,BPR Mitra Usaha,KKB,50000000,13913653,1095502,48,1,Lancar
SLK001586,3671011201671065,2025-09-14,Bank BNI,KPR,75000000,61083487,6759852,12,3,Kurang Lancar
SLK001587,3674014401671066,2026-06-07,Bank Panin,KPR,500000000,259314699,43915855,12,1,Lancar
SLK001588,3674014401671066,2024-07-27,Bank CIMB Niaga,KI,50000000,32181633,942894,60,2,Dalam Perhatian Khusus (DPK)
SLK001589,3674014401671066,2024-07-11,Bank BCA,KPR,100000000,22538327,1783470,60,1,Lancar
SLK001590,3671011105831067,2025-08-03,Bank CIMB Niaga,KPR,200000000,96296176,6314903,36,1,Lancar
SLK001591,3276016709941068,2024-06-20,Bank BCA,KI,50000000,23936035,1195705,48,1,Lancar
SLK001592,3671011110771069,2024-12-19,Bank Panin,KKB,75000000,69806952,6777469,12,1,Lancar
SLK001593,3671015401861070,2024-02-16,Bank Permata,KI,25000000,20697042,2180218,12,1,Lancar
SLK001594,3671015401861070,2025-10-20,Bank Mandiri,KK,200000000,52228709,4351365,48,1,Lancar
SLK001595,3674011402981071,2026-07-05,Bank Panin,KMK,150000000,124493341,12963916,12,1,Lancar
SLK001596,3175012207031072,2025-07-18,Bank Mandiri,KPR,75000000,26816716,3237892,24,1,Lancar
SLK001597,3171015902931073,2024-02-18,BPR Mitra Usaha,KK,500000000,211740457,21592084,24,1,Lancar
SLK001598,3171015902931073,2025-08-21,Bank BCA,KPR,25000000,11546663,2146189,12,1,Lancar
SLK001599,3275013012691074,2024-05-07,Bank CIMB Niaga,KMK,100000000,67255486,1908128,60,1,Lancar
SLK001600,3671010704651075,2024-10-25,Bank Mandiri,KPR,75000000,31118832,1368017,60,1,Lancar
SLK001601,3671010704651075,2026-03-17,Bank Mandiri,KK,75000000,69220263,3238732,24,1,Lancar
SLK001602,3671010704651075,2024-12-23,Bank Mandiri,KMK,100000000,47759196,4756793,24,1,Lancar
SLK001603,3674010209771076,2025-12-21,Bank BNI,KPR,500000000,313018845,14722123,36,1,Lancar
SLK001604,3271015601751077,2025-05-05,Bank CIMB Niaga,KI,25000000,14303486,1149313,24,1,Lancar
SLK001605,3674016911841079,2025-09-07,Bank Permata,KI,500000000,395580880,22546195,24,1,Lancar
SLK001606,3674016911841079,2026-03-13,Bank Permata,KPR,75000000,54981019,6676204,12,1,Lancar
SLK001607,3674016911841079,2024-03-14,Bank BRI,KI,500000000,124489928,22429926,24,1,Lancar
SLK001608,3671016206781081,2026-04-03,Bank Permata,KPR,50000000,18631880,4366737,12,1,Lancar
SLK001609,3671012504821082,2025-04-08,Bank BRI,KPR,25000000,10453624,2290548,12,1,Lancar
SLK001610,3173014903791083,2025-12-09,Bank CIMB Niaga,KI,50000000,34669881,892365,60,1,Lancar
SLK001611,3171012207741084,2025-12-17,BPR Mitra Usaha,KI,200000000,152485039,4672124,48,1,Lancar
SLK001612,3171012207741084,2024-10-19,Bank Danamon,KI,300000000,257967772,28510679,12,1,Lancar
SLK001613,3671016710711085,2025-09-06,Bank Permata,KMK,75000000,68274915,1315873,60,1,Lancar
SLK001614,3171015612841086,2026-05-17,Bank CIMB Niaga,KI,25000000,11578396,709580,36,3,Kurang Lancar
SLK001615,3674012803911087,2024-09-16,Bank Mandiri,KK,50000000,14402652,1424746,36,1,Lancar
SLK001616,3671012205951088,2024-03-26,Bank OCBC NISP,KPR,150000000,101520677,3270287,48,2,Dalam Perhatian Khusus (DPK)
SLK001617,3671012205951088,2025-12-25,Bank CIMB Niaga,KI,25000000,8302646,1135695,24,2,Dalam Perhatian Khusus (DPK)
SLK001618,3172016506911089,2025-01-11,Bank BNI,KK,25000000,19723766,456566,60,2,Dalam Perhatian Khusus (DPK)
SLK001619,3172016506911089,2025-12-17,Bank Permata,KK,75000000,49641188,7138066,12,1,Lancar
SLK001620,3171014406961090,2025-10-28,Bank Danamon,KI,25000000,15876208,427600,60,2,Dalam Perhatian Khusus (DPK)
SLK001621,3171014406961090,2025-04-08,Bank Permata,KK,150000000,62473355,13989335,12,2,Dalam Perhatian Khusus (DPK)
SLK001622,3171013112921091,2026-05-26,Bank BRI,KMK,200000000,54710405,9385201,24,1,Lancar
SLK001623,3171013112921091,2025-08-05,Bank BCA,KK,500000000,404944251,11522118,48,1,Lancar
SLK001624,3671014504961092,2025-10-25,Bank Panin,KMK,150000000,99220588,2668192,60,2,Dalam Perhatian Khusus (DPK)
SLK001625,3671014504961092,2024-06-18,Bank BRI,KPR,25000000,10580214,2264482,12,5,Macet
SLK001626,3671014504961092,2026-03-13,Bank Permata,KKB,150000000,92981640,4494840,36,1,Lancar
SLK001627,3671014512861093,2024-05-05,Bank CIMB Niaga,KI,150000000,124519833,3480889,48,2,Dalam Perhatian Khusus (DPK)
SLK001628,3671014512861093,2026-03-09,Bank Panin,KMK,150000000,74031377,3291063,48,3,Kurang Lancar
SLK001629,3671014512861093,2025-09-11,Bank OCBC NISP,KMK,75000000,21486329,2213098,36,1,Lancar
SLK001630,3171010405681094,2024-06-14,Bank Mandiri,KK,25000000,20879814,738060,36,1,Lancar
SLK001631,3171010405681094,2026-02-19,Bank OCBC NISP,KK,100000000,48604074,2919503,36,2,Dalam Perhatian Khusus (DPK)
SLK001632,3671010401721095,2025-12-23,Bank Mandiri,KK,500000000,343067334,9325360,60,1,Lancar
SLK001633,3171011102691096,2025-03-21,Bank BNI,KPR,25000000,23470541,580154,48,1,Lancar
SLK001634,3171011102691096,2026-06-06,Bank BCA,KPR,150000000,64328224,6757252,24,5,Macet
SLK001635,3171011102691096,2025-09-29,Bank BCA,KMK,100000000,73772127,2280891,48,1,Lancar
SLK001636,3671015005861097,2025-04-25,Bank Danamon,KI,100000000,75781832,3158368,36,2,Dalam Perhatian Khusus (DPK)
SLK001637,3671015005861097,2024-08-29,Bank BCA,KKB,300000000,155458919,14002142,24,5,Macet
SLK001638,3174016111721098,2024-02-26,Bank BRI,KPR,100000000,52732583,3163560,36,3,Kurang Lancar
SLK001639,3174016111721098,2026-07-05,Bank BNI,KI,500000000,342457988,8998234,60,1,Lancar
SLK001640,3174016111721098,2025-05-25,BPR Mitra Usaha,KKB,25000000,19226016,540812,48,1,Lancar
SLK001641,3171011509821099,2024-01-02,Bank Panin,KKB,500000000,415241104,47469603,12,3,Kurang Lancar
SLK001642,3671011708771100,2024-02-22,Bank CIMB Niaga,KI,25000000,16599156,1123535,24,1,Lancar
SLK001643,3671011708771100,2025-04-23,Bank OCBC NISP,KPR,50000000,31949895,2384902,24,1,Lancar
SLK001644,3671011708771100,2025-07-17,Bank OCBC NISP,KI,300000000,211763350,8602010,36,3,Kurang Lancar
SLK001645,3671011607651101,2026-02-26,Bank Danamon,KI,25000000,10297689,451503,60,3,Kurang Lancar
SLK001646,3271014206871102,2025-04-23,Bank BCA,KKB,500000000,355332722,10959569,48,3,Kurang Lancar
SLK001647,3271014206871102,2024-05-21,Bank Mandiri,KMK,150000000,34008677,3366266,48,1,Lancar
SLK001648,3271014206871102,2024-11-27,Bank BNI,KI,200000000,164322162,3482739,60,1,Lancar
SLK001649,3674011609851103,2024-08-20,Bank Mandiri,KMK,75000000,56695378,6785212,12,1,Lancar
SLK001650,3674015105931104,2024-07-23,Bank BRI,KPR,200000000,69013676,18929047,12,1,Lancar
SLK001651,3674012209711105,2025-01-26,BPR Mitra Usaha,KKB,200000000,70514125,5700437,36,1,Lancar
SLK001652,3674012209711105,2024-10-05,Bank OCBC NISP,KPR,75000000,37853284,1380653,60,1,Lancar
SLK001653,3674012209711105,2026-07-27,Bank BCA,KI,100000000,92540547,8587960,12,3,Kurang Lancar
SLK001654,3671010106841106,2026-08-04,Bank BNI,KMK,50000000,26750039,940298,60,1,Lancar
SLK001655,3671010106841106,2026-08-03,Bank BCA,KPR,75000000,43984478,2183099,36,1,Lancar
SLK001656,3171014904881107,2024-04-03,BPR Mitra Usaha,KKB,200000000,43142825,18468844,12,2,Dalam Perhatian Khusus (DPK)
SLK001657,3171014904881107,2025-05-30,Bank BNI,KK,300000000,172425140,9015769,36,1,Lancar
SLK001658,3171014904881107,2024-10-24,Bank Panin,KPR,50000000,10728083,1069702,48,3,Kurang Lancar
SLK001659,3275015611911108,2024-06-10,Bank BRI,KKB,500000000,463609757,47258465,12,1,Lancar
SLK001660,3275015611911108,2025-11-02,Bank Permata,KI,100000000,66025803,9299924,12,3,Kurang Lancar
SLK001661,3674011601761109,2024-03-29,Bank Danamon,KPR,300000000,121496375,5735032,60,2,Dalam Perhatian Khusus (DPK)
SLK001662,3276010610961110,2026-06-23,Bank BNI,KMK,300000000,260338230,8892592,36,1,Lancar
SLK001663,3671016508681111,2025-08-30,BPR Mitra Usaha,KMK,75000000,67761854,6832011,12,1,Lancar
SLK001664,3671016508681111,2024-07-30,Bank CIMB Niaga,KK,300000000,242948710,6387694,48,1,Lancar
SLK001665,3173016401761112,2024-04-30,Bank BNI,KMK,150000000,138625172,6901589,24,1,Lancar
SLK001666,3173016401761112,2024-12-30,Bank Permata,KPR,100000000,92013157,4576649,24,2,Dalam Perhatian Khusus (DPK)
SLK001667,3173016401761112,2024-07-19,Bank Permata,KKB,25000000,14056764,1120819,24,1,Lancar
SLK001668,3671016012011113,2025-05-23,Bank BCA,KI,150000000,82925210,2808561,60,1,Lancar
SLK001669,3275011805781114,2025-02-14,Bank CIMB Niaga,KKB,25000000,16790183,579550,48,2,Dalam Perhatian Khusus (DPK)
SLK001670,3275011805781114,2026-06-21,Bank BNI,KPR,75000000,66582614,1416338,60,2,Dalam Perhatian Khusus (DPK)
SLK001671,3173012801931115,2024-03-26,Bank CIMB Niaga,KPR,300000000,111929472,28670869,12,4,Diragukan
SLK001672,3671015010771116,2024-06-21,Bank BRI,KK,50000000,16267629,4384086,12,3,Kurang Lancar
SLK001673,3671014509891117,2026-02-11,Bank BRI,KI,75000000,67929259,1795579,48,2,Dalam Perhatian Khusus (DPK)
SLK001674,3671015512871118,2024-05-22,Bank Danamon,KI,50000000,23681539,870988,60,1,Lancar
SLK001675,3175010701811119,2026-04-30,Bank CIMB Niaga,KK,500000000,230369855,14570525,36,2,Dalam Perhatian Khusus (DPK)
SLK001676,3671014308891120,2025-11-06,Bank Danamon,KI,25000000,16721027,2327933,12,1,Lancar
SLK001677,3671012206861121,2026-04-23,BPR Mitra Usaha,KKB,100000000,27726055,2285721,48,2,Dalam Perhatian Khusus (DPK)
SLK001678,3671012206861121,2026-02-19,BPR Mitra Usaha,KK,500000000,452929355,23934781,24,1,Lancar
SLK001679,3671015211651122,2024-08-04,Bank CIMB Niaga,KK,100000000,72535692,1791873,60,1,Lancar
SLK001680,3671015211651122,2026-05-19,Bank Permata,KPR,500000000,181981874,44177321,12,2,Dalam Perhatian Khusus (DPK)
SLK001681,3275010309801123,2025-03-24,Bank OCBC NISP,KPR,100000000,53536771,2230754,48,1,Lancar
SLK001682,3275010309801123,2025-07-16,Bank BNI,KI,300000000,155770424,27129682,12,2,Dalam Perhatian Khusus (DPK)
SLK001683,3674014403721124,2024-12-20,Bank BRI,KMK,50000000,29689495,1100536,48,1,Lancar
SLK001684,3674014403721124,2025-11-16,BPR Mitra Usaha,KKB,500000000,305352994,9272206,60,1,Lancar
SLK001685,3674014703741125,2024-01-01,Bank Permata,KPR,100000000,56462334,2203445,48,2,Dalam Perhatian Khusus (DPK)
SLK001686,3674014703741125,2024-01-07,Bank Permata,KPR,75000000,70364697,2226538,36,1,Lancar
SLK001687,3271012110851126,2024-03-31,Bank BRI,KI,75000000,33869732,2346474,36,4,Diragukan
SLK001688,3276013105871127,2026-08-09,Bank BCA,KPR,500000000,388304371,11065478,48,1,Lancar
SLK001689,3276013105871127,2024-10-14,Bank Mandiri,KI,25000000,17545539,1154490,24,1,Lancar
SLK001690,3276012012931129,2024-11-11,Bank CIMB Niaga,KKB,100000000,94705768,4348388,24,1,Lancar
SLK001691,3276012012931129,2025-05-30,Bank BNI,KMK,500000000,114848339,21547552,24,4,Diragukan
SLK001692,3276011410761130,2026-06-23,Bank OCBC NISP,KPR,500000000,317437837,8854513,60,5,Macet
SLK001693,3674014304021132,2024-01-15,Bank BCA,KKB,150000000,123127858,12776660,12,1,Lancar
SLK001694,3175014402661133,2024-07-20,Bank BRI,KKB,100000000,73333335,4621851,24,1,Lancar
SLK001695,3671014811771134,2025-10-11,Bank Mandiri,KI,25000000,21404596,578111,48,1,Lancar
SLK001696,3671011111911137,2025-10-28,Bank CIMB Niaga,KK,300000000,173538399,5219411,60,1,Lancar
SLK001697,3671011111911137,2024-04-27,Bank CIMB Niaga,KMK,25000000,6144382,724333,36,1,Lancar
SLK001698,3671016204881138,2026-06-05,Bank Mandiri,KPR,100000000,46714787,4654064,24,1,Lancar
SLK001699,3671014808891139,2024-05-08,Bank Permata,KK,150000000,56534555,4549002,36,1,Lancar
SLK001700,3276012404891141,2025-10-05,Bank Permata,KI,25000000,18454001,460961,60,1,Lancar
SLK001701,3276012404891141,2026-04-20,Bank Permata,KPR,200000000,183315376,9059824,24,2,Dalam Perhatian Khusus (DPK)
SLK001702,3275010512831142,2024-06-20,Bank OCBC NISP,KI,500000000,469816332,44189391,12,1,Lancar
SLK001703,3275010512831142,2026-01-17,Bank BCA,KI,150000000,55138553,3396561,48,2,Dalam Perhatian Khusus (DPK)
SLK001704,3671013006931143,2026-07-22,Bank Permata,KPR,100000000,81446467,4331884,24,3,Kurang Lancar
SLK001705,3671013006931143,2025-12-01,Bank Danamon,KPR,150000000,69015249,6974116,24,2,Dalam Perhatian Khusus (DPK)
SLK001706,3671015812831144,2024-07-26,Bank Permata,KKB,150000000,75486688,4664779,36,1,Lancar
SLK001707,3171016806971145,2025-03-04,Bank Panin,KKB,25000000,19597659,557288,48,1,Lancar
SLK001708,3171016806971145,2025-09-17,Bank Permata,KKB,150000000,58665092,13311354,12,1,Lancar
SLK001709,3671015909741146,2025-11-05,Bank CIMB Niaga,KKB,150000000,47985223,2725802,60,4,Diragukan
SLK001710,3671015909741146,2025-05-05,Bank BRI,KKB,75000000,59291735,3414244,24,1,Lancar
SLK001711,3671011112001147,2025-09-02,Bank Panin,KKB,50000000,44872434,4326475,12,1,Lancar
SLK001712,3671011112001147,2025-12-27,Bank BNI,KMK,25000000,18794164,761336,36,1,Lancar
SLK001713,3671016708991149,2026-07-02,Bank BCA,KI,500000000,183253950,15802790,36,3,Kurang Lancar
SLK001714,3271011704861152,2024-07-30,Bank BNI,KI,100000000,36153269,8920835,12,1,Lancar
SLK001715,3671010101901153,2025-05-14,BPR Mitra Usaha,KK,100000000,30971937,4258598,24,2,Dalam Perhatian Khusus (DPK)
SLK001716,3671010101901153,2026-01-24,Bank Panin,KI,150000000,39622727,2562746,60,1,Lancar
SLK001717,3276012906981154,2026-04-11,Bank BCA,KKB,75000000,41035017,1743804,48,1,Lancar
SLK001718,3276010908031155,2024-01-02,Bank BRI,KKB,500000000,168403524,23951449,24,4,Diragukan
SLK001719,3276010908031155,2025-11-13,Bank OCBC NISP,KMK,200000000,139610855,4432704,48,1,Lancar
SLK001720,3671012207711156,2025-09-09,BPR Mitra Usaha,KKB,25000000,9596525,591638,48,4,Diragukan
SLK001721,3276016102021157,2024-03-13,Bank CIMB Niaga,KK,100000000,83733627,2392255,48,1,Lancar
SLK001722,3276016102021157,2024-10-16,BPR Mitra Usaha,KMK,500000000,273425077,11076225,48,1,Lancar
SLK001723,3276016102021157,2026-05-27,Bank Panin,KPR,75000000,66627771,3355428,24,1,Lancar
SLK001724,3671014108981158,2024-05-02,Bank CIMB Niaga,KKB,500000000,102595035,22942964,24,4,Diragukan
SLK001725,3671014108981158,2024-12-29,Bank Permata,KMK,500000000,250151776,8525119,60,1,Lancar
SLK001726,3275016109831159,2025-03-01,Bank Mandiri,KI,150000000,86193949,3566093,48,1,Lancar
SLK001727,3275016109831159,2025-07-11,Bank CIMB Niaga,KK,25000000,11160033,1126452,24,1,Lancar
SLK001728,3271014807021160,2024-11-30,Bank BRI,KKB,50000000,19818308,1191754,48,1,Lancar
SLK001729,3671015205801161,2024-01-30,Bank Permata,KK,75000000,26358772,6711425,12,1,Lancar
SLK001730,3671015205801161,2026-06-20,Bank BRI,KI,300000000,103003119,8989539,36,1,Lancar
SLK001731,3671015205801161,2025-05-28,Bank OCBC NISP,KK,100000000,27189547,3114040,36,1,Lancar
SLK001732,3175012203881162,2024-11-16,Bank Permata,KMK,25000000,22150434,475602,60,1,Lancar
SLK001733,3175012203881162,2024-11-10,Bank BCA,KMK,75000000,32167153,1666656,48,1,Lancar
SLK001734,3175012203881162,2025-08-02,Bank Permata,KKB,75000000,20317242,1350555,60,1,Lancar
SLK001735,3271010403741163,2024-03-12,Bank Danamon,KK,200000000,44814176,6321570,36,1,Lancar
SLK001736,3271014801761164,2024-06-22,BPR Mitra Usaha,KI,500000000,210783619,43315751,12,4,Diragukan
SLK001737,3271014801761164,2024-06-10,Bank Danamon,KKB,25000000,6859702,2325257,12,2,Dalam Perhatian Khusus (DPK)
SLK001738,3671016302651165,2025-06-24,BPR Mitra Usaha,KMK,500000000,138912987,9296926,60,1,Lancar
SLK001739,3674011409911166,2026-07-21,Bank Panin,KK,50000000,16086994,4776414,12,3,Kurang Lancar
SLK001740,3174015106771167,2024-12-09,Bank Mandiri,KKB,150000000,120157597,4710097,36,1,Lancar
SLK001741,3174015106771167,2025-08-05,Bank Mandiri,KI,25000000,15883059,430607,60,1,Lancar
SLK001742,3671011106651168,2024-02-26,Bank BNI,KPR,500000000,234013254,14364671,36,1,Lancar
SLK001743,3174014211891169,2026-01-23,Bank OCBC NISP,KMK,300000000,201535573,13024555,24,1,Lancar
SLK001744,3174014211891169,2024-03-21,Bank BRI,KMK,25000000,5695784,757707,36,2,Dalam Perhatian Khusus (DPK)
SLK001745,3671012504011170,2024-05-20,Bank OCBC NISP,KI,200000000,140186545,3588765,60,1,Lancar
SLK001746,3671012504011170,2024-01-26,Bank BRI,KI,100000000,67555726,3096570,36,1,Lancar
SLK001747,3674010711841172,2026-06-13,Bank Panin,KPR,100000000,56454659,9512449,12,1,Lancar
SLK001748,3674010711841172,2025-10-15,BPR Mitra Usaha,KPR,100000000,85094218,9520334,12,1,Lancar
SLK001749,3171014502791174,2025-12-20,Bank BCA,KI,50000000,36571058,2190307,24,3,Kurang Lancar
SLK001750,3174011504851175,2025-08-29,Bank BRI,KMK,200000000,76056093,5879717,36,1,Lancar
SLK001751,3174011504851175,2025-04-20,Bank BRI,KI,200000000,183377931,18428464,12,3,Kurang Lancar
SLK001752,3173014806761176,2024-07-20,Bank Mandiri,KI,100000000,77289331,2273626,48,1,Lancar
SLK001753,3173014806761176,2024-09-05,Bank Danamon,KK,100000000,25544128,4414102,24,1,Lancar
SLK001754,3173014806761176,2024-06-02,Bank BNI,KI,50000000,25385714,887717,60,1,Lancar
SLK001755,3271012602671177,2025-08-13,Bank Panin,KK,150000000,78116195,7048936,24,3,Kurang Lancar
SLK001756,3674011407721179,2025-11-22,Bank Danamon,KMK,300000000,180631933,5422533,60,1,Lancar
SLK001757,3671011106971180,2024-04-18,Bank BCA,KI,100000000,61663377,1790686,60,1,Lancar
SLK001758,3173012101711181,2025-10-03,BPR Mitra Usaha,KK,75000000,22393838,1408769,60,1,Lancar
SLK001759,3173012101711181,2025-05-24,Bank OCBC NISP,KI,500000000,319596934,11163086,48,1,Lancar
SLK001760,3174014101971182,2025-07-08,Bank OCBC NISP,KK,50000000,18073686,886677,60,1,Lancar
SLK001761,3674016107881183,2024-06-10,Bank OCBC NISP,KK,500000000,343353225,47612780,12,3,Kurang Lancar
SLK001762,3674016107881183,2025-04-24,Bank Permata,KKB,500000000,180580364,8770641,60,1,Lancar
SLK001763,3674016107881183,2026-08-22,Bank Panin,KI,25000000,11013201,1102402,24,1,Lancar
SLK001764,3174011304741184,2024-09-08,Bank Permata,KMK,500000000,139951260,9175512,60,1,Lancar
SLK001765,3276016908981185,2025-10-12,Bank Panin,KPR,100000000,26271010,8565446,12,1,Lancar
SLK001766,3174015003751186,2024-07-05,Bank BRI,KK,100000000,49883052,8799246,12,1,Lancar
SLK001767,3174015003751186,2026-02-27,Bank Permata,KKB,500000000,305329120,23471223,24,3,Kurang Lancar
SLK001768,3671010909671189,2024-12-02,Bank BCA,KPR,200000000,101266775,8934664,24,2,Dalam Perhatian Khusus (DPK)
SLK001769,3671010909671189,2024-09-18,Bank CIMB Niaga,KK,50000000,45271688,1417319,36,1,Lancar
SLK001770,3271016211921190,2025-01-20,Bank Danamon,KKB,150000000,54155366,2798300,60,1,Lancar
SLK001771,3671011811711191,2024-10-04,Bank BNI,KMK,300000000,101442418,6794254,48,2,Dalam Perhatian Khusus (DPK)
SLK001772,3174014105721193,2026-07-08,Bank Permata,KI,200000000,58242918,3806843,60,5,Macet
SLK001773,3271010109921194,2026-04-19,Bank Mandiri,KKB,25000000,15449982,2168146,12,1,Lancar
SLK001774,3671010103011195,2025-06-24,Bank BCA,KPR,300000000,234148215,9205386,36,2,Dalam Perhatian Khusus (DPK)
SLK001775,3671010103011195,2025-11-23,Bank Panin,KPR,200000000,129579902,5930474,36,1,Lancar
SLK001776,3172016206781196,2026-04-08,BPR Mitra Usaha,KK,25000000,17422323,2310716,12,1,Lancar
SLK001777,3671010607831197,2025-10-03,Bank BCA,KK,150000000,46472985,12872168,12,2,Dalam Perhatian Khusus (DPK)
SLK001778,3671010607831197,2025-06-01,Bank OCBC NISP,KI,500000000,238470427,9464256,60,4,Diragukan
SLK001779,3173011803831198,2024-02-21,Bank BRI,KK,75000000,50081080,1659425,48,1,Lancar
SLK001780,3276010803831199,2025-06-10,Bank BCA,KMK,75000000,61324840,3263115,24,1,Lancar
SLK001781,3174012712701201,2024-08-01,Bank Mandiri,KMK,500000000,439580605,10918851,48,1,Lancar
SLK001782,3671015010661202,2025-06-14,Bank CIMB Niaga,KI,75000000,37669256,3443606,24,1,Lancar
SLK001783,3276014403961204,2026-08-02,Bank BNI,KK,500000000,468454825,14423319,36,1,Lancar
SLK001784,3271015206741205,2024-05-02,Bank CIMB Niaga,KMK,150000000,47702794,4520541,36,2,Dalam Perhatian Khusus (DPK)
SLK001785,3171010306971206,2025-08-16,Bank Panin,KMK,500000000,415929548,45789589,12,1,Lancar
SLK001786,3671016310961207,2026-02-11,Bank BCA,KKB,150000000,40578459,4562605,36,1,Lancar
SLK001787,3671016310961207,2025-08-28,Bank Permata,KI,200000000,137130500,9404840,24,1,Lancar
SLK001788,3276011306011208,2026-07-03,Bank BNI,KMK,500000000,117487286,47382137,12,1,Lancar
SLK001789,3276011306011208,2025-10-02,Bank Danamon,KMK,100000000,27013676,4519871,24,1,Lancar
SLK001790,3671014205651209,2025-04-10,Bank CIMB Niaga,KK,75000000,29309370,2232182,36,1,Lancar
SLK001791,3271012701741210,2024-12-13,Bank Mandiri,KPR,150000000,31482754,3484578,48,1,Lancar
SLK001792,3271012701741210,2024-10-16,Bank BNI,KI,200000000,169725072,3695329,60,1,Lancar
SLK001793,3671012106741211,2025-03-27,Bank BCA,KK,100000000,73299303,3030438,36,1,Lancar
SLK001794,3671012106741211,2024-06-19,BPR Mitra Usaha,KK,50000000,16728728,4464830,12,1,Lancar
SLK001795,3173014404971212,2026-06-27,Bank Mandiri,KI,100000000,44111651,1893803,60,2,Dalam Perhatian Khusus (DPK)
SLK001796,3173014404971212,2025-12-24,Bank Panin,KPR,300000000,206955692,5225496,60,5,Macet
SLK001797,3276016002791213,2025-10-27,Bank CIMB Niaga,KMK,300000000,223369463,5356874,60,3,Kurang Lancar
SLK001798,3671016710661214,2026-03-26,Bank Permata,KMK,50000000,12507571,1078667,48,1,Lancar
SLK001799,3671016906991215,2025-11-21,Bank Permata,KK,25000000,12562943,438436,60,1,Lancar
SLK001800,3671016906991215,2024-08-06,Bank Permata,KI,200000000,119801091,18522995,12,2,Dalam Perhatian Khusus (DPK)
SLK001801,3671016108651216,2024-10-06,Bank Mandiri,KK,100000000,77546614,2172963,48,4,Diragukan
SLK001802,3271016308831217,2026-01-28,Bank Panin,KPR,100000000,25245152,4678413,24,4,Diragukan
SLK001803,3174013009751218,2026-06-03,Bank BCA,KKB,50000000,45458420,1069805,48,1,Lancar
SLK001804,3174013009751218,2024-08-26,Bank BRI,KI,500000000,377782675,8830011,60,5,Macet
SLK001805,3671012703001219,2025-06-02,Bank BCA,KI,50000000,21409498,2250388,24,1,Lancar
SLK001806,3671012703001219,2025-05-16,Bank Mandiri,KPR,100000000,58937985,1738573,60,1,Lancar
SLK001807,3174011204721220,2025-05-09,Bank CIMB Niaga,KMK,25000000,17502865,714313,36,1,Lancar
SLK001808,3174011204721220,2024-02-08,Bank BNI,KKB,150000000,42035453,4397144,36,1,Lancar
SLK001809,3275011903011221,2025-02-24,Bank BRI,KI,500000000,187114081,23223136,24,1,Lancar
SLK001810,3271016308831223,2025-02-28,Bank Danamon,KK,75000000,17663092,2203353,36,2,Dalam Perhatian Khusus (DPK)
SLK001811,3271016308831223,2024-10-01,Bank BCA,KPR,300000000,94481748,28435476,12,1,Lancar
SLK001812,3671011705701224,2024-05-11,Bank Danamon,KK,50000000,37356782,1141868,48,1,Lancar
SLK001813,3671011705701224,2024-08-03,Bank Panin,KPR,500000000,185606898,21919874,24,2,Dalam Perhatian Khusus (DPK)
SLK001814,3674014801661226,2024-03-26,Bank Permata,KI,25000000,11406843,1088233,24,1,Lancar
SLK001815,3674014801661226,2024-11-18,Bank OCBC NISP,KK,500000000,450763562,21625961,24,1,Lancar
SLK001816,3674014801661226,2024-03-16,Bank BCA,KKB,200000000,136353602,18637266,12,1,Lancar
SLK001817,3271015304791227,2024-10-16,Bank CIMB Niaga,KKB,100000000,54369911,3039901,36,1,Lancar
SLK001818,3271015304791227,2025-02-24,Bank Panin,KPR,100000000,69626326,9531096,12,1,Lancar
SLK001819,3271015304791227,2026-04-05,Bank OCBC NISP,KMK,100000000,69620862,8693655,12,1,Lancar
SLK001820,3671016805011228,2026-04-22,Bank BNI,KI,150000000,132607143,2618677,60,1,Lancar
SLK001821,3671016805011228,2025-12-02,BPR Mitra Usaha,KMK,300000000,76592437,14186250,24,3,Kurang Lancar
SLK001822,3671016805011228,2026-03-22,Bank BCA,KMK,150000000,45278299,3248068,48,1,Lancar
SLK001823,3671010509681230,2026-06-27,Bank BRI,KK,75000000,56908305,2205223,36,1,Lancar
SLK001824,3171010602981231,2025-10-26,Bank BCA,KPR,300000000,256466420,6864350,48,3,Kurang Lancar
SLK001825,3171010602981231,2025-06-17,Bank Danamon,KMK,200000000,159628149,18177162,12,5,Macet
SLK001826,3173016006741232,2026-05-09,Bank BCA,KK,300000000,193128094,26310809,12,1,Lancar
SLK001827,3671015609961233,2025-01-11,Bank Panin,KMK,300000000,111998180,9128909,36,1,Lancar
SLK001828,3671015609961233,2026-07-26,Bank BCA,KMK,200000000,139337510,17906892,12,3,Kurang Lancar
SLK001829,3671015609961233,2024-04-06,Bank CIMB Niaga,KKB,300000000,237785543,5648503,60,3,Kurang Lancar
SLK001830,3671010702951234,2024-02-16,Bank BRI,KI,300000000,217183069,13287899,24,1,Lancar
SLK001831,3172011602651235,2026-02-23,Bank Danamon,KI,75000000,69493089,2248030,36,3,Kurang Lancar
SLK001832,3671015707811236,2026-06-30,Bank Danamon,KK,500000000,278519197,44150940,12,1,Lancar
SLK001833,3671015707811236,2025-02-10,Bank Panin,KI,200000000,54980102,18600827,12,1,Lancar
SLK001834,3671015707811236,2025-06-06,BPR Mitra Usaha,KMK,200000000,142485331,8515499,24,3,Kurang Lancar
SLK001835,3276011411941237,2024-04-09,Bank CIMB Niaga,KMK,50000000,15453105,1514662,36,1,Lancar
SLK001836,3173014807881238,2025-07-04,Bank BCA,KI,75000000,52131586,2153885,36,1,Lancar
SLK001837,3173014807881238,2025-12-10,Bank BNI,KPR,100000000,71769695,8607815,12,2,Dalam Perhatian Khusus (DPK)
SLK001838,3275016304911239,2025-03-15,Bank BNI,KMK,75000000,38199158,3397175,24,1,Lancar
SLK001839,3275016304911239,2025-02-12,Bank OCBC NISP,KKB,50000000,12061152,1519315,36,2,Dalam Perhatian Khusus (DPK)
SLK001840,3173016311741240,2025-02-08,Bank Mandiri,KI,75000000,23996008,1641119,48,1,Lancar
SLK001841,3173016311741240,2025-04-08,Bank BCA,KKB,300000000,278326367,13661133,24,1,Lancar
SLK001842,3271011312951241,2025-07-28,BPR Mitra Usaha,KI,200000000,67362083,3400716,60,2,Dalam Perhatian Khusus (DPK)
SLK001843,3276012812981242,2025-04-19,Bank Panin,KK,25000000,15464419,437279,60,5,Macet
SLK001844,3276012812981242,2025-07-23,Bank CIMB Niaga,KKB,100000000,63343337,8756599,12,1,Lancar
SLK001845,3276012812981242,2025-06-08,Bank OCBC NISP,KMK,75000000,40882155,2394108,36,1,Lancar
SLK001846,3171015311691243,2025-07-12,Bank BCA,KK,25000000,14605382,429366,60,2,Dalam Perhatian Khusus (DPK)
SLK001847,3171015311691243,2024-07-22,Bank Panin,KI,50000000,24746478,1106727,48,1,Lancar
SLK001848,3671012712751244,2024-11-10,Bank OCBC NISP,KKB,100000000,89038084,4706588,24,4,Diragukan
SLK001849,3671012712751244,2026-02-04,Bank Mandiri,KPR,150000000,84855092,7145575,24,4,Diragukan
SLK001850,3671012712751244,2024-03-31,Bank Mandiri,KPR,300000000,223623529,14033274,24,1,Lancar
SLK001851,3174011808691245,2025-04-30,Bank BNI,KMK,75000000,38245368,3255495,24,1,Lancar
SLK001852,3276012611741246,2025-10-04,Bank Panin,KMK,50000000,27935073,4530222,12,1,Lancar
SLK001853,3671011905741247,2024-07-08,Bank Panin,KI,25000000,22279465,459954,60,1,Lancar
SLK001854,3671011905741247,2026-08-22,Bank BCA,KI,25000000,18948195,1085186,24,2,Dalam Perhatian Khusus (DPK)
SLK001855,3276012706941248,2024-04-26,Bank BCA,KPR,300000000,275674466,9576508,36,1,Lancar
SLK001856,3671014401811249,2026-05-08,Bank Panin,KI,100000000,51710260,1740447,60,2,Dalam Perhatian Khusus (DPK)
SLK001857,3671014401811249,2024-11-14,Bank BCA,KPR,300000000,71580008,8844808,36,1,Lancar
SLK001858,3174010911971250,2026-01-25,Bank BNI,KMK,50000000,28629672,1428291,36,1,Lancar
SLK001859,3174010911971250,2024-10-07,Bank CIMB Niaga,KPR,100000000,64763731,9014955,12,2,Dalam Perhatian Khusus (DPK)
SLK001860,3175017007661252,2025-01-25,BPR Mitra Usaha,KKB,150000000,139645100,4713231,36,1,Lancar
SLK001861,3175017007661252,2025-06-29,BPR Mitra Usaha,KPR,300000000,232941639,14079404,24,1,Lancar
SLK001862,3175017007661252,2024-05-30,Bank Danamon,KK,50000000,27209292,1417348,36,5,Macet
SLK001863,3171014912761253,2025-02-26,Bank BNI,KPR,50000000,34461133,2191452,24,2,Dalam Perhatian Khusus (DPK)
SLK001864,3171014912761253,2025-08-16,Bank Mandiri,KMK,50000000,30280674,1068177,48,1,Lancar
SLK001865,3276016511971254,2026-08-10,Bank BCA,KK,500000000,299920554,44558197,12,3,Kurang Lancar
SLK001866,3172011406031255,2025-04-07,Bank Permata,KK,75000000,40663114,2362646,36,1,Lancar
SLK001867,3174012210871256,2026-01-07,BPR Mitra Usaha,KI,200000000,186138211,3434416,60,1,Lancar
SLK001868,3671016302021257,2024-09-09,Bank CIMB Niaga,KPR,300000000,128379330,9505920,36,1,Lancar
SLK001869,3671016302021257,2024-01-08,Bank Mandiri,KPR,100000000,73126582,1777331,60,2,Dalam Perhatian Khusus (DPK)
SLK001870,3173010405971258,2024-04-16,BPR Mitra Usaha,KPR,200000000,105877141,17933696,12,5,Macet
SLK001871,3173010405971258,2024-04-01,Bank BCA,KI,100000000,49525267,8824785,12,2,Dalam Perhatian Khusus (DPK)
SLK001872,3271016707671260,2025-10-06,Bank Mandiri,KI,100000000,74922069,2344376,48,2,Dalam Perhatian Khusus (DPK)
SLK001873,3172015706011261,2024-01-27,Bank OCBC NISP,KKB,50000000,35994512,2258064,24,1,Lancar
SLK001874,3172015706011261,2026-05-29,Bank Permata,KMK,50000000,23842596,4424892,12,3,Kurang Lancar
SLK001875,3275010302791262,2025-05-03,Bank Mandiri,KKB,150000000,95914226,6954009,24,1,Lancar
SLK001876,3275010302791262,2025-12-20,Bank BCA,KKB,50000000,42152131,4599213,12,1,Lancar
SLK001877,3173012906801263,2025-12-02,Bank Permata,KK,500000000,259706299,22986025,24,1,Lancar
SLK001878,3173012906801263,2026-01-21,Bank CIMB Niaga,KKB,300000000,126383414,8618099,36,1,Lancar
SLK001879,3173015209711264,2024-11-14,Bank Panin,KI,300000000,182042788,14163240,24,1,Lancar
SLK001880,3671015401931265,2026-03-26,Bank Mandiri,KK,500000000,243668449,14950196,36,1,Lancar
SLK001881,3671016308701266,2025-06-18,Bank OCBC NISP,KI,100000000,50047139,4451398,24,1,Lancar
SLK001882,3671016308701266,2025-06-27,Bank CIMB Niaga,KK,75000000,58599260,3395005,24,1,Lancar
SLK001883,3671016308701266,2026-07-29,Bank BCA,KK,25000000,10576486,1196205,24,2,Dalam Perhatian Khusus (DPK)
SLK001884,3671011106031267,2024-04-18,Bank Panin,KKB,200000000,160143747,8853037,24,1,Lancar
SLK001885,3171011103951268,2025-08-10,Bank Permata,KK,150000000,59960135,4780434,36,1,Lancar
SLK001886,3171017110831269,2024-05-23,Bank BNI,KPR,75000000,29250033,6897683,12,1,Lancar
SLK001887,3171017110831269,2024-09-17,Bank CIMB Niaga,KMK,200000000,169068312,3726150,60,1,Lancar
SLK001888,3171017110831269,2024-11-30,Bank Danamon,KKB,500000000,196474294,47915445,12,1,Lancar
SLK001889,3271014205931270,2024-05-25,Bank CIMB Niaga,KKB,100000000,72303764,2856761,36,1,Lancar
SLK001890,3271014205931270,2026-02-13,Bank OCBC NISP,KI,200000000,121872463,17207079,12,1,Lancar
SLK001891,3671014803781271,2024-03-25,Bank BNI,KK,50000000,42247833,1466533,36,3,Kurang Lancar
SLK001892,3175014809661273,2025-02-23,Bank BNI,KKB,200000000,143411696,4638486,48,1,Lancar
SLK001893,3671015603921275,2024-06-05,Bank Mandiri,KK,75000000,33073992,1308326,60,1,Lancar
SLK001894,3671015603921275,2024-03-17,Bank Permata,KMK,300000000,260514842,28357532,12,1,Lancar
SLK001895,3275015306971276,2025-11-07,Bank CIMB Niaga,KK,100000000,46211223,3031594,36,1,Lancar
SLK001896,3275015306971276,2025-11-24,Bank CIMB Niaga,KMK,200000000,108046184,4276325,48,1,Lancar
SLK001897,3275015306971276,2025-05-03,Bank BRI,KI,500000000,272950927,15244376,36,1,Lancar
SLK001898,3674012607931278,2024-03-10,BPR Mitra Usaha,KMK,150000000,57277789,2733226,60,3,Kurang Lancar
SLK001899,3674012607931278,2024-03-05,Bank OCBC NISP,KMK,150000000,32466723,2767784,60,2,Dalam Perhatian Khusus (DPK)
SLK001900,3671012005801280,2025-12-16,Bank Permata,KKB,150000000,66088402,4498480,36,1,Lancar
SLK001901,3271011401801281,2026-04-23,Bank Panin,KKB,500000000,104084700,44544201,12,2,Dalam Perhatian Khusus (DPK)
SLK001902,3275011903021282,2024-09-05,Bank OCBC NISP,KI,100000000,86822647,2374083,48,1,Lancar
SLK001903,3174017004821284,2024-04-12,Bank Panin,KPR,150000000,56064108,4476406,36,4,Diragukan
SLK001904,3174017004821284,2026-03-16,Bank Panin,KK,75000000,58993020,6984142,12,1,Lancar
SLK001905,3275014109011285,2024-08-08,Bank Danamon,KK,100000000,41505476,2361402,48,1,Lancar
SLK001906,3671015211921286,2026-08-21,Bank CIMB Niaga,KMK,500000000,409767694,8859172,60,1,Lancar
SLK001907,3671015211921286,2026-04-06,Bank CIMB Niaga,KKB,150000000,111297611,2704411,60,1,Lancar
SLK001908,3671015211921286,2024-02-10,Bank Danamon,KKB,50000000,37517826,1089497,48,1,Lancar
SLK001909,3271016608751287,2024-03-31,Bank BRI,KKB,50000000,12306577,1556942,36,2,Dalam Perhatian Khusus (DPK)
SLK001910,3271016608751287,2024-11-21,Bank Permata,KPR,50000000,31007857,4715225,12,1,Lancar
SLK001911,3271016608751287,2025-01-28,Bank CIMB Niaga,KMK,200000000,61468077,9504085,24,4,Diragukan
SLK001912,3174016101971289,2025-11-27,Bank Permata,KPR,300000000,73498651,5388709,60,5,Macet
SLK001913,3174016101971289,2025-02-08,Bank Permata,KKB,200000000,146824746,4787105,48,1,Lancar
SLK001914,3174016101971289,2025-04-13,Bank BCA,KPR,100000000,36811550,1810260,60,1,Lancar
SLK001915,3671014801691290,2025-04-14,Bank BCA,KMK,150000000,129912786,13325524,12,1,Lancar
SLK001916,3175011512651291,2026-04-21,Bank BCA,KI,100000000,47214787,3156780,36,1,Lancar
SLK001917,3275011804831292,2024-02-09,Bank OCBC NISP,KMK,200000000,122461347,5758830,36,2,Dalam Perhatian Khusus (DPK)
SLK001918,3175015303901293,2024-04-17,Bank Panin,KMK,25000000,20403284,733404,36,1,Lancar
SLK001919,3175015303901293,2025-12-10,Bank Danamon,KK,300000000,245191316,9493179,36,1,Lancar
SLK001920,3175015303901293,2026-02-25,BPR Mitra Usaha,KI,200000000,179651171,9516382,24,1,Lancar
SLK001921,3175011304831294,2026-02-22,Bank Danamon,KK,300000000,173931350,5427242,60,1,Lancar
SLK001922,3276016306841295,2025-03-08,Bank OCBC NISP,KK,75000000,18371086,1779459,48,1,Lancar
SLK001923,3674012905691296,2026-04-07,Bank BRI,KKB,150000000,56908475,7073227,24,1,Lancar
SLK001924,3674012905691296,2024-07-05,Bank Danamon,KPR,25000000,9355595,726119,36,1,Lancar
SLK001925,3171015205911297,2024-05-20,Bank Danamon,KKB,300000000,216061933,9123315,36,2,Dalam Perhatian Khusus (DPK)
SLK001926,3171015205911297,2025-03-07,Bank BCA,KPR,75000000,46373164,1313790,60,2,Dalam Perhatian Khusus (DPK)
SLK001927,3671010712911298,2024-01-29,Bank BNI,KI,100000000,81569689,9220196,12,1,Lancar
SLK001928,3671010712911298,2024-12-21,BPR Mitra Usaha,KK,150000000,112542297,2603552,60,1,Lancar
SLK001929,3671011112011299,2025-10-23,Bank CIMB Niaga,KK,500000000,235541557,9390360,60,1,Lancar
SLK001930,3671012506031300,2024-02-18,Bank Panin,KKB,50000000,46755260,4729514,12,1,Lancar
SLK001931,3276010608931301,2024-03-08,Bank Panin,KKB,100000000,44946839,9376016,12,1,Lancar
SLK001932,3276012707971302,2025-11-19,Bank Panin,KI,200000000,73217116,4648220,48,1,Lancar
SLK001933,3674016102671303,2026-02-08,Bank Mandiri,KPR,300000000,272956386,5296067,60,1,Lancar
SLK001934,3674016102671303,2024-07-28,Bank CIMB Niaga,KI,100000000,80413747,8917558,12,1,Lancar
SLK001935,3173013105751304,2024-06-13,BPR Mitra Usaha,KK,150000000,33847104,2712956,60,1,Lancar
SLK001936,3172011501951306,2026-06-14,Bank OCBC NISP,KK,300000000,157000399,13694809,24,2,Dalam Perhatian Khusus (DPK)
SLK001937,3671011110781307,2025-01-17,Bank BNI,KI,300000000,129665150,9245311,36,1,Lancar
SLK001938,3173015005771308,2026-04-26,Bank BCA,KMK,200000000,51975839,6265080,36,1,Lancar
SLK001939,3674010712941309,2024-03-07,Bank BNI,KI,75000000,25947785,1762679,48,1,Lancar
SLK001940,3674011209721310,2026-07-11,BPR Mitra Usaha,KK,25000000,12485009,1087480,24,1,Lancar
SLK001941,3674011209721310,2025-08-01,Bank BNI,KMK,500000000,409095520,22816287,24,1,Lancar
SLK001942,3671011905891311,2025-08-01,Bank Mandiri,KPR,75000000,55764476,6519678,12,2,Dalam Perhatian Khusus (DPK)
SLK001943,3671011905891311,2024-01-08,Bank Mandiri,KI,100000000,24560769,2239444,48,1,Lancar
SLK001944,3173015606861312,2025-05-16,Bank Permata,KPR,150000000,108606907,3509472,48,1,Lancar
SLK001945,3171014402731313,2025-07-21,Bank CIMB Niaga,KK,500000000,173489747,22881495,24,1,Lancar
SLK001946,3171014402731313,2025-11-08,Bank Mandiri,KMK,300000000,213670948,6390824,48,1,Lancar
SLK001947,3671011509691314,2026-07-02,Bank CIMB Niaga,KMK,150000000,68506707,3339908,48,2,Dalam Perhatian Khusus (DPK)
SLK001948,3275014401901315,2026-06-15,Bank Danamon,KKB,300000000,156926730,8724128,36,5,Macet
SLK001949,3275012402921316,2024-12-06,Bank Mandiri,KI,25000000,16377646,1164598,24,4,Diragukan
SLK001950,3275012402921316,2026-05-04,Bank Danamon,KKB,150000000,107747645,4313880,36,1,Lancar
SLK001951,3275012402921316,2025-07-15,Bank OCBC NISP,KMK,300000000,132918328,8592627,36,2,Dalam Perhatian Khusus (DPK)
SLK001952,3275015301941317,2025-11-19,BPR Mitra Usaha,KMK,200000000,185699455,5783099,36,4,Diragukan
SLK001953,3172010701831318,2025-09-17,Bank Danamon,KK,150000000,49891952,13649054,12,1,Lancar
SLK001954,3172014711671319,2024-02-27,Bank BRI,KKB,150000000,35989869,2678621,60,3,Kurang Lancar
SLK001955,3172014711671319,2026-01-23,BPR Mitra Usaha,KK,50000000,26297876,2318613,24,2,Dalam Perhatian Khusus (DPK)
SLK001956,3175016602881320,2024-01-08,Bank CIMB Niaga,KKB,300000000,79497916,5129689,60,2,Dalam Perhatian Khusus (DPK)
SLK001957,3175016602881320,2024-07-16,Bank Permata,KK,300000000,189589604,5366214,60,1,Lancar
SLK001958,3671015607811321,2026-05-29,Bank BCA,KK,25000000,10485941,773904,36,3,Kurang Lancar
SLK001959,3174015407721322,2026-02-20,BPR Mitra Usaha,KMK,75000000,46070802,6381276,12,1,Lancar
SLK001960,3174015407721322,2025-06-12,Bank BNI,KK,75000000,59343416,2241752,36,1,Lancar
SLK001961,3276015904711323,2025-03-06,Bank CIMB Niaga,KK,150000000,98655999,2763076,60,1,Lancar
SLK001962,3172014809901324,2026-02-11,Bank Panin,KI,100000000,91257781,2909239,36,3,Kurang Lancar
SLK001963,3172014809901324,2025-01-24,Bank BRI,KKB,25000000,20337140,534040,48,1,Lancar
SLK001964,3674012412721325,2025-08-23,Bank Permata,KMK,50000000,29585705,2203264,24,1,Lancar
SLK001965,3671014208691326,2025-02-26,Bank BNI,KKB,75000000,18677085,1794487,48,1,Lancar
SLK001966,3275015105921327,2025-03-31,Bank OCBC NISP,KMK,150000000,130132757,12968661,12,1,Lancar
SLK001967,3275015105921327,2025-04-11,Bank OCBC NISP,KPR,25000000,11678804,572522,48,1,Lancar
SLK001968,3172016312011328,2024-07-08,BPR Mitra Usaha,KKB,100000000,35553348,1886234,60,1,Lancar
SLK001969,3172016312011328,2026-01-03,BPR Mitra Usaha,KPR,200000000,63175271,6254161,36,2,Dalam Perhatian Khusus (DPK)
SLK001970,3172016312011328,2026-08-13,Bank BRI,KKB,50000000,18674492,2330946,24,1,Lancar
SLK001971,3175010606741329,2025-09-29,Bank BCA,KPR,100000000,88888261,4483481,24,1,Lancar
SLK001972,3671010406811330,2026-05-25,Bank CIMB Niaga,KK,25000000,13088155,562129,48,2,Dalam Perhatian Khusus (DPK)
SLK001973,3172016906881332,2025-10-09,BPR Mitra Usaha,KKB,150000000,65894829,3261947,48,2,Dalam Perhatian Khusus (DPK)
SLK001974,3172016906881332,2026-08-05,Bank Panin,KK,25000000,9283625,2231302,12,3,Kurang Lancar
SLK001975,3671011601831333,2026-01-16,Bank BCA,KPR,500000000,222051584,43626169,12,1,Lancar
SLK001976,3671011601831333,2024-04-08,Bank BRI,KPR,100000000,92189652,1727574,60,1,Lancar
SLK001977,3271014807721334,2024-12-01,Bank BRI,KKB,50000000,11864435,1446004,36,4,Diragukan
SLK001978,3271014807721334,2026-02-09,Bank OCBC NISP,KMK,75000000,42291765,6543561,12,2,Dalam Perhatian Khusus (DPK)
SLK001979,3671016212721335,2025-01-05,Bank Mandiri,KK,75000000,44923254,2147840,36,1,Lancar
SLK001980,3271010309931336,2026-04-03,Bank OCBC NISP,KPR,100000000,52914127,1792914,60,1,Lancar
SLK001981,3271010309931336,2026-08-12,Bank Danamon,KMK,75000000,43613437,1319341,60,1,Lancar
SLK001982,3175014104801337,2024-11-25,Bank Permata,KI,75000000,18569023,2343261,36,1,Lancar
SLK001983,3671016304821338,2024-09-28,Bank CIMB Niaga,KK,150000000,112373011,4395880,36,1,Lancar
SLK001984,3671016304821338,2024-03-23,Bank Panin,KK,200000000,90925886,17016551,12,1,Lancar
SLK001985,3174016710701339,2025-06-29,Bank Permata,KKB,50000000,27908372,1150451,48,1,Lancar
SLK001986,3174016710701339,2025-06-12,BPR Mitra Usaha,KPR,50000000,16576292,4333976,12,1,Lancar
SLK001987,3174012204881341,2026-06-03,Bank Mandiri,KMK,75000000,16982500,6855120,12,3,Kurang Lancar
SLK001988,3174012204881341,2024-08-19,BPR Mitra Usaha,KMK,500000000,138144416,14940665,36,1,Lancar
SLK001989,3671015509861343,2026-07-31,BPR Mitra Usaha,KI,500000000,199483704,8639714,60,1,Lancar
SLK001990,3671015509861343,2025-06-22,Bank OCBC NISP,KMK,500000000,293414607,22884236,24,3,Kurang Lancar
SLK001991,3671015509861343,2025-03-24,Bank CIMB Niaga,KMK,300000000,198106440,5130251,60,1,Lancar
SLK001992,3671016309971344,2024-11-01,Bank BRI,KMK,200000000,123866188,6065444,36,1,Lancar
SLK001993,3671012411731345,2024-04-13,Bank BNI,KPR,75000000,65540304,1431930,60,1,Lancar
SLK001994,3671012411731345,2026-05-06,BPR Mitra Usaha,KK,25000000,11574426,557757,48,2,Dalam Perhatian Khusus (DPK)
SLK001995,3671012903981346,2026-05-29,Bank CIMB Niaga,KI,75000000,50919550,3407636,24,1,Lancar
SLK001996,3671015108751347,2025-07-19,Bank BRI,KK,150000000,78393500,2831848,60,1,Lancar
SLK001997,3674016401981348,2025-11-10,Bank BCA,KPR,500000000,462084706,14934111,36,1,Lancar
SLK001998,3674016401981348,2024-01-18,Bank CIMB Niaga,KKB,75000000,47109796,3502429,24,1,Lancar
SLK001999,3674016401981348,2024-06-30,Bank CIMB Niaga,KKB,150000000,134551934,6558028,24,1,Lancar
SLK002000,3671014206921349,2025-06-29,Bank Permata,KI,150000000,78131779,4319903,36,1,Lancar
SLK002001,3175016201761350,2026-03-25,Bank Danamon,KKB,25000000,16359135,457108,60,2,Dalam Perhatian Khusus (DPK)
SLK002002,3175016201761350,2026-08-07,Bank BRI,KI,25000000,9318245,1075787,24,4,Diragukan
SLK002003,3671011111701351,2025-02-24,Bank BRI,KKB,25000000,20090233,467186,60,1,Lancar
SLK002004,3175012002991352,2026-07-26,Bank BNI,KI,200000000,48866666,18710878,12,5,Macet
SLK002005,3276015608751353,2024-02-18,Bank Panin,KK,75000000,39821778,6688989,12,1,Lancar
SLK002006,3276015608751353,2024-01-12,Bank BNI,KPR,200000000,77655677,6285694,36,3,Kurang Lancar
SLK002007,3671012911691354,2024-11-22,Bank CIMB Niaga,KPR,500000000,411544485,43465787,12,1,Lancar
SLK002008,3175014212731355,2025-02-10,Bank Panin,KPR,75000000,54187513,1759078,48,2,Dalam Perhatian Khusus (DPK)
SLK002009,3175014212731355,2026-04-02,Bank BNI,KI,200000000,146133162,9542569,24,1,Lancar
SLK002010,3671014303691356,2026-05-05,Bank BCA,KMK,75000000,54485733,2383035,36,2,Dalam Perhatian Khusus (DPK)
SLK002011,3671014303691356,2026-06-05,BPR Mitra Usaha,KPR,300000000,205184840,6973732,48,1,Lancar
SLK002012,3671012605831357,2024-10-30,BPR Mitra Usaha,KKB,100000000,91569330,2859933,36,1,Lancar
SLK002013,3671012605831357,2025-07-29,Bank Permata,KMK,75000000,49938910,3482054,24,1,Lancar
SLK002014,3174014506701358,2025-05-13,Bank OCBC NISP,KI,300000000,75427081,13024594,24,2,Dalam Perhatian Khusus (DPK)
SLK002015,3174014506701358,2024-02-28,Bank OCBC NISP,KK,200000000,127716884,3748590,60,1,Lancar
SLK002016,3174014506701358,2026-08-12,Bank Mandiri,KK,300000000,170000957,9105803,36,3,Kurang Lancar
SLK002017,3173012201821359,2025-09-27,Bank BCA,KK,100000000,22061999,4466546,24,1,Lancar
SLK002018,3276010407691360,2025-09-17,Bank Panin,KPR,50000000,37517453,932793,60,1,Lancar
SLK002019,3674011210701361,2025-02-10,Bank OCBC NISP,KKB,300000000,183177397,5571710,60,1,Lancar
SLK002020,3674011210701361,2024-03-10,Bank OCBC NISP,KMK,300000000,146992243,6648706,48,1,Lancar
SLK002021,3674011210701361,2025-09-03,BPR Mitra Usaha,KPR,25000000,18439963,795166,36,1,Lancar
SLK002022,3671010210701362,2024-04-30,Bank BCA,KMK,100000000,34888171,4604528,24,1,Lancar
SLK002023,3671010210701362,2024-08-08,Bank Danamon,KKB,100000000,68933493,9110169,12,1,Lancar
SLK002024,3671010210701362,2026-01-16,Bank BRI,KPR,300000000,263033079,6398590,48,2,Dalam Perhatian Khusus (DPK)
SLK002025,3671015703891363,2025-05-09,Bank Permata,KI,25000000,8010386,772982,36,1,Lancar
SLK002026,3671015703891363,2024-03-11,Bank Mandiri,KK,300000000,65509374,5381592,60,2,Dalam Perhatian Khusus (DPK)
SLK002027,3173011107701364,2024-02-04,Bank BRI,KK,25000000,14121882,741513,36,1,Lancar
SLK002028,3671010605841365,2024-01-27,Bank Danamon,KKB,500000000,155712294,22371251,24,1,Lancar
SLK002029,3671010605841365,2026-02-15,BPR Mitra Usaha,KPR,25000000,19297846,745925,36,2,Dalam Perhatian Khusus (DPK)
SLK002030,3174015412741366,2025-01-17,Bank Mandiri,KMK,100000000,78127806,1857632,60,1,Lancar
SLK002031,3671015407811367,2026-04-03,Bank Mandiri,KPR,300000000,168879146,5732234,60,1,Lancar
SLK002032,3275012102711368,2024-10-31,Bank CIMB Niaga,KMK,500000000,158545033,21831337,24,1,Lancar
SLK002033,3275012102711368,2024-12-18,Bank Permata,KKB,25000000,10104348,576621,48,1,Lancar
SLK002034,3275012102711368,2025-11-27,Bank BNI,KMK,300000000,255747009,6589386,48,2,Dalam Perhatian Khusus (DPK)
SLK002035,3173010511891369,2026-07-18,Bank Danamon,KKB,75000000,20210795,1361634,60,2,Dalam Perhatian Khusus (DPK)
SLK002036,3173010511891369,2026-07-06,Bank BRI,KKB,25000000,7858304,1076244,24,1,Lancar
SLK002037,3172012711661371,2025-01-16,Bank Permata,KI,300000000,210842199,13253171,24,1,Lancar
SLK002038,3172012711661371,2026-04-01,Bank BRI,KMK,150000000,117272526,4581410,36,1,Lancar
SLK002039,3172012711661371,2024-06-16,Bank BCA,KKB,150000000,140143575,3444759,48,1,Lancar
SLK002040,3271012701871372,2024-11-22,Bank Panin,KK,150000000,42224913,7097527,24,1,Lancar
SLK002041,3271012701871372,2024-07-02,Bank Panin,KI,300000000,273437288,5489270,60,1,Lancar
SLK002042,3671011601851373,2025-07-31,Bank Mandiri,KPR,500000000,124752375,14585058,36,1,Lancar
SLK002043,3671011601851373,2024-07-17,Bank OCBC NISP,KMK,50000000,46691283,4385680,12,1,Lancar
SLK002044,3671011601851373,2024-04-30,Bank BNI,KKB,200000000,107243273,4660234,48,2,Dalam Perhatian Khusus (DPK)
SLK002045,3671012403921374,2025-12-26,Bank Permata,KMK,500000000,115090321,8875966,60,1,Lancar
SLK002046,3671012403921374,2025-11-12,Bank OCBC NISP,KI,75000000,47611781,1779170,48,1,Lancar
SLK002047,3671014704021375,2024-01-05,Bank BNI,KI,25000000,22431620,1140831,24,1,Lancar
SLK002048,3671014704021375,2026-07-01,Bank CIMB Niaga,KK,100000000,44437592,4375139,24,2,Dalam Perhatian Khusus (DPK)
SLK002049,3275015511981376,2025-09-14,Bank BNI,KI,300000000,118947284,9344383,36,1,Lancar
SLK002050,3671014804911377,2024-08-20,Bank OCBC NISP,KKB,25000000,11391488,2316106,12,1,Lancar
SLK002051,3671014804911377,2026-07-27,Bank Danamon,KKB,200000000,43880815,5670774,36,1,Lancar
SLK002052,3671014804911377,2025-05-18,Bank OCBC NISP,KK,500000000,286103628,15794670,36,2,Dalam Perhatian Khusus (DPK)
SLK002053,3671016908931379,2026-08-04,Bank CIMB Niaga,KKB,300000000,154777848,28572714,12,5,Macet
SLK002054,3671017107691380,2025-02-01,Bank Panin,KPR,500000000,328760617,46608055,12,1,Lancar
SLK002055,3671017107691380,2024-07-28,Bank BRI,KPR,75000000,25980498,2302810,36,1,Lancar
SLK002056,3671017107691380,2024-04-29,Bank CIMB Niaga,KK,75000000,68049828,3514473,24,2,Dalam Perhatian Khusus (DPK)
SLK002057,3171015004021381,2024-10-16,Bank BRI,KKB,300000000,89771328,26115858,12,3,Kurang Lancar
SLK002058,3171015004021381,2025-10-27,Bank Panin,KK,75000000,20607564,6874763,12,1,Lancar
SLK002059,3174010112961382,2025-06-04,Bank Panin,KMK,75000000,62169345,2151066,36,1,Lancar
SLK002060,3174016912681383,2026-06-27,Bank OCBC NISP,KKB,100000000,82249523,3066821,36,3,Kurang Lancar
SLK002061,3174016912681383,2025-01-02,Bank OCBC NISP,KPR,200000000,67431137,3557974,60,2,Dalam Perhatian Khusus (DPK)
SLK002062,3671013007711384,2025-03-23,Bank Danamon,KK,500000000,211727672,23495893,24,2,Dalam Perhatian Khusus (DPK)
SLK002063,3671013007711384,2024-12-12,Bank OCBC NISP,KK,25000000,12577178,454857,60,3,Kurang Lancar
SLK002064,3271010201891385,2025-01-15,Bank Permata,KPR,100000000,20729440,4277012,24,3,Kurang Lancar
SLK002065,3271010201891385,2025-01-10,Bank BCA,KK,300000000,136934298,13379131,24,1,Lancar
SLK002066,3671014910671386,2024-07-02,Bank CIMB Niaga,KI,25000000,8943756,462225,60,1,Lancar
SLK002067,3671014910671386,2025-04-04,BPR Mitra Usaha,KI,100000000,75133789,1793582,60,1,Lancar
SLK002068,3276011410851388,2024-09-28,Bank Permata,KK,200000000,99865290,9355843,24,1,Lancar
SLK002069,3276011410851388,2025-11-28,Bank BRI,KK,25000000,11780380,473519,60,1,Lancar
SLK002070,3275011106001389,2025-11-15,Bank Panin,KPR,500000000,463990467,23825726,24,1,Lancar
SLK002071,3671011412791390,2024-04-03,Bank Permata,KPR,500000000,170339934,46879980,12,1,Lancar
SLK002072,3171012702901392,2024-05-27,Bank BRI,KK,25000000,21738243,1193798,24,2,Dalam Perhatian Khusus (DPK)
SLK002073,3171012702901392,2025-05-17,Bank BNI,KPR,100000000,27244042,2163533,48,2,Dalam Perhatian Khusus (DPK)
SLK002074,3174015807871393,2024-04-20,Bank BCA,KK,75000000,51710417,1665775,48,5,Macet
SLK002075,3174015807871393,2025-04-23,Bank OCBC NISP,KK,150000000,54317305,6987088,24,1,Lancar
SLK002076,3276011010981394,2025-02-06,Bank BNI,KPR,500000000,233031600,47654544,12,1,Lancar
SLK002077,3276011010981394,2025-10-04,Bank BCA,KPR,200000000,142479677,18533674,12,1,Lancar
SLK002078,3172015112981395,2024-10-18,Bank Panin,KKB,100000000,54657261,4607942,24,1,Lancar
SLK002079,3276016602761396,2025-11-12,Bank OCBC NISP,KKB,100000000,62263406,8685814,12,2,Dalam Perhatian Khusus (DPK)
SLK002080,3674012806711397,2024-11-03,Bank OCBC NISP,KKB,150000000,100159530,2770920,60,1,Lancar
SLK002081,3674016911021398,2026-03-07,Bank BNI,KK,150000000,140972487,13424077,12,1,Lancar
SLK002082,3674016911021398,2025-04-01,Bank BCA,KMK,75000000,58328207,2243132,36,1,Lancar
SLK002083,3276010705691399,2024-07-16,Bank BCA,KK,200000000,103674456,4509805,48,1,Lancar
SLK002084,3276010705691399,2025-07-03,Bank OCBC NISP,KI,300000000,129484255,14195373,24,2,Dalam Perhatian Khusus (DPK)
SLK002085,3271016405911401,2025-05-24,Bank OCBC NISP,KK,150000000,140612088,2722647,60,1,Lancar
SLK002086,3271012001761402,2025-03-04,Bank Mandiri,KKB,200000000,132820946,3663248,60,1,Lancar
SLK002087,3271012001761402,2025-11-14,Bank Panin,KK,150000000,34710903,6609142,24,1,Lancar
SLK002088,3671011704741403,2026-03-24,Bank Panin,KKB,25000000,9527806,441378,60,1,Lancar
SLK002089,3173015210861404,2025-03-24,Bank CIMB Niaga,KI,200000000,146906849,6112489,36,3,Kurang Lancar
SLK002090,3173015210861404,2024-01-10,Bank Danamon,KMK,500000000,217609588,11618124,48,1,Lancar
SLK002091,3674011208951405,2025-11-11,Bank Danamon,KKB,500000000,344410502,15195669,36,1,Lancar
SLK002092,3674011208951405,2025-07-01,Bank CIMB Niaga,KKB,75000000,35878621,1420411,60,1,Lancar
SLK002093,3276016408651406,2024-06-28,Bank BRI,KMK,50000000,14316698,4601758,12,1,Lancar
SLK002094,3276015708731407,2025-02-18,Bank BNI,KPR,25000000,9611170,761168,36,1,Lancar
SLK002095,3171016910711409,2026-03-01,Bank Permata,KPR,75000000,29329241,3518580,24,1,Lancar
SLK002096,3275016608691410,2024-04-04,Bank Panin,KKB,100000000,84111785,3007503,36,1,Lancar
SLK002097,3275016608691410,2026-05-28,Bank Danamon,KMK,150000000,142151971,4473502,36,3,Kurang Lancar
SLK002098,3275016608691410,2024-12-20,Bank BNI,KMK,50000000,21591393,4414068,12,1,Lancar
SLK002099,3671015111691411,2024-05-15,Bank BCA,KPR,200000000,45420180,17106731,12,1,Lancar
SLK002100,3671010212841412,2026-07-02,Bank BCA,KI,50000000,46409526,930359,60,3,Kurang Lancar
SLK002101,3171012705671413,2025-12-30,Bank Panin,KI,25000000,7118986,1081128,24,1,Lancar
SLK002102,3671014909851414,2025-10-05,BPR Mitra Usaha,KK,200000000,124540738,9292139,24,1,Lancar
SLK002103,3671014909851414,2025-10-19,Bank OCBC NISP,KK,75000000,20460149,3424706,24,5,Macet
SLK002104,3271013009001415,2024-02-18,Bank Panin,KKB,150000000,116540645,2691648,60,1,Lancar
SLK002105,3271013009001415,2025-11-07,Bank Panin,KKB,200000000,106449654,17283446,12,2,Dalam Perhatian Khusus (DPK)
SLK002106,3276017010731416,2024-11-18,Bank BCA,KPR,50000000,28170165,4669003,12,2,Dalam Perhatian Khusus (DPK)
SLK002107,3276017010731416,2025-03-23,Bank Permata,KMK,50000000,17560500,1593699,36,1,Lancar
SLK002108,3276012411751417,2026-03-13,Bank BCA,KKB,25000000,13481465,567939,48,1,Lancar
SLK002109,3276012411751417,2024-01-15,Bank Danamon,KK,300000000,121190350,5706832,60,1,Lancar
SLK002110,3276012411751417,2024-08-30,BPR Mitra Usaha,KKB,100000000,71314830,4483466,24,1,Lancar
SLK002111,3271011401971418,2025-04-19,Bank Mandiri,KMK,50000000,15233297,1589320,36,3,Kurang Lancar
SLK002112,3271011401971418,2026-07-07,Bank Danamon,KPR,500000000,348312008,47039325,12,1,Lancar
SLK002113,3174014605821419,2025-12-09,Bank BRI,KI,25000000,13414322,2196782,12,1,Lancar
SLK002114,3174014605821419,2025-01-31,Bank CIMB Niaga,KMK,25000000,20756180,2360459,12,1,Lancar
SLK002115,3174012506031420,2026-01-25,Bank BRI,KPR,300000000,125576620,14330018,24,1,Lancar
SLK002116,3276010507771421,2025-01-30,Bank Danamon,KPR,200000000,142538201,4370896,48,1,Lancar
SLK002117,3276015503851422,2024-06-06,BPR Mitra Usaha,KPR,300000000,69807654,13574515,24,2,Dalam Perhatian Khusus (DPK)
SLK002118,3276015503851422,2026-01-05,Bank OCBC NISP,KK,50000000,14270125,1133065,48,5,Macet
SLK002119,3671016301011423,2025-04-08,Bank BNI,KPR,25000000,8067921,539933,48,2,Dalam Perhatian Khusus (DPK)
SLK002120,3671016301011423,2024-04-27,Bank Permata,KK,300000000,283575895,6408182,48,2,Dalam Perhatian Khusus (DPK)
SLK002121,3175010209021424,2024-09-01,Bank BRI,KMK,100000000,89171105,1772237,60,1,Lancar
SLK002122,3175010209021424,2026-08-21,Bank BRI,KI,300000000,222655690,13179819,24,1,Lancar
SLK002123,3171016204021425,2026-03-28,Bank OCBC NISP,KMK,300000000,265194542,6816886,48,1,Lancar
SLK002124,3171016204021425,2024-03-25,Bank BNI,KMK,150000000,76532767,14318875,12,1,Lancar
SLK002125,3171016204021425,2025-05-27,Bank Mandiri,KMK,300000000,139326482,9335397,36,1,Lancar
SLK002126,3671010805661426,2024-05-26,Bank BCA,KPR,25000000,7826207,771371,36,2,Dalam Perhatian Khusus (DPK)
SLK002127,3174010209651427,2025-09-07,Bank Panin,KMK,50000000,16569015,933451,60,1,Lancar
SLK002128,3174014405661428,2024-02-02,Bank Panin,KPR,25000000,10038249,586866,48,1,Lancar
SLK002129,3174014405661428,2025-03-29,Bank Danamon,KPR,150000000,48281830,4366313,36,2,Dalam Perhatian Khusus (DPK)
SLK002130,3275014207971429,2025-01-03,Bank OCBC NISP,KKB,50000000,20226985,946388,60,5,Macet
SLK002131,3671017009731430,2024-09-09,Bank CIMB Niaga,KI,50000000,41879322,2378126,24,2,Dalam Perhatian Khusus (DPK)
SLK002132,3671017009731430,2024-06-02,Bank Panin,KI,200000000,127228409,3737656,60,1,Lancar
SLK002133,3276012702651431,2024-08-22,BPR Mitra Usaha,KMK,25000000,6224136,535038,48,1,Lancar
SLK002134,3173010106841432,2024-07-11,Bank BRI,KMK,75000000,64818338,7068730,12,1,Lancar
SLK002135,3671014108961433,2025-07-16,Bank BNI,KKB,200000000,121757259,4441543,48,1,Lancar
SLK002136,3671016306811434,2025-02-03,BPR Mitra Usaha,KPR,500000000,115001658,44229021,12,1,Lancar
SLK002137,3674010702731436,2025-09-30,Bank Panin,KI,150000000,69645371,4543166,36,3,Kurang Lancar
SLK002138,3674010702731436,2025-01-01,BPR Mitra Usaha,KK,150000000,55060575,6488315,24,1,Lancar
SLK002139,3674010702731436,2025-10-18,Bank Mandiri,KK,25000000,10004201,1183393,24,1,Lancar
SLK002140,3173012106961437,2024-10-05,Bank Permata,KK,25000000,14445152,2125391,12,1,Lancar
SLK002141,3671013103711438,2025-06-12,Bank OCBC NISP,KI,150000000,118045237,7117625,24,3,Kurang Lancar
SLK002142,3671013103711438,2024-05-21,BPR Mitra Usaha,KKB,100000000,75375315,4768261,24,1,Lancar
SLK002143,3671013103711438,2026-07-02,Bank Danamon,KK,50000000,13986057,1531210,36,1,Lancar
SLK002144,3171016611861439,2024-10-06,Bank Danamon,KKB,25000000,7535787,569811,48,5,Macet
SLK002145,3171012804711440,2024-05-25,Bank OCBC NISP,KMK,300000000,218178627,5442731,60,1,Lancar
SLK002146,3275011111961442,2026-07-11,Bank BNI,KKB,75000000,70197543,6561011,12,1,Lancar
SLK002147,3171015002021443,2024-02-24,Bank BRI,KPR,25000000,8697362,1108137,24,2,Dalam Perhatian Khusus (DPK)
SLK002148,3275010708861445,2026-07-25,Bank CIMB Niaga,KKB,500000000,264366019,45707455,12,1,Lancar
SLK002149,3275011308011446,2026-05-19,BPR Mitra Usaha,KK,100000000,27140746,2880788,36,1,Lancar
SLK002150,3275011308011446,2024-10-10,Bank Danamon,KK,75000000,38605200,6471747,12,1,Lancar
SLK002151,3171016012661447,2025-07-08,BPR Mitra Usaha,KMK,25000000,8709256,1079754,24,3,Kurang Lancar
SLK002152,3171016012661447,2025-09-08,Bank Mandiri,KKB,500000000,368054062,43875765,12,1,Lancar
SLK002153,3671015408871448,2025-02-12,Bank Mandiri,KK,300000000,191514726,8637846,36,1,Lancar
SLK002154,3671015906031449,2024-10-31,Bank OCBC NISP,KK,150000000,121146273,2835772,60,2,Dalam Perhatian Khusus (DPK)
SLK002155,3671015906031449,2024-07-22,Bank Mandiri,KKB,300000000,69419220,13207297,24,3,Kurang Lancar
SLK002156,3671010904861450,2024-05-30,Bank Permata,KPR,500000000,306206334,8747351,60,1,Lancar
SLK002157,3671010904861450,2025-02-19,Bank Danamon,KK,300000000,114021576,12769438,24,1,Lancar
SLK002158,3671010904861450,2026-07-06,Bank Panin,KK,25000000,12189239,2349542,12,2,Dalam Perhatian Khusus (DPK)
SLK002159,3671011312741451,2025-08-27,Bank Panin,KKB,200000000,65507483,8629332,24,1,Lancar
SLK002160,3671011312741451,2024-06-30,Bank CIMB Niaga,KPR,50000000,30698759,1195132,48,1,Lancar
SLK002161,3275015303831452,2026-02-16,Bank CIMB Niaga,KKB,300000000,100759336,6732567,48,3,Kurang Lancar
SLK002162,3275015303831452,2026-07-18,Bank BNI,KMK,100000000,35059869,1781612,60,1,Lancar
SLK002163,3275015303831452,2024-05-25,Bank Panin,KPR,100000000,70064597,4660073,24,2,Dalam Perhatian Khusus (DPK)
SLK002164,3671015807891453,2026-03-26,Bank BRI,KMK,25000000,16771483,2376462,12,1,Lancar
SLK002165,3674017105771454,2025-08-16,Bank BRI,KKB,100000000,37111529,2969155,36,1,Lancar
SLK002166,3674017105771454,2024-11-09,BPR Mitra Usaha,KI,50000000,10382978,1175809,48,1,Lancar
SLK002167,3671015609971455,2025-12-02,BPR Mitra Usaha,KMK,200000000,109502664,18219843,12,1,Lancar
SLK002168,3671015609971455,2025-08-26,Bank Panin,KMK,500000000,378878213,8810977,60,1,Lancar
SLK002169,3671015609971455,2025-12-02,Bank BCA,KI,200000000,110688245,18790751,12,2,Dalam Perhatian Khusus (DPK)
SLK002170,3671016406751456,2024-05-21,Bank Mandiri,KI,100000000,45935845,4540802,24,1,Lancar
SLK002171,3671010508951457,2026-02-08,Bank BCA,KPR,500000000,141821299,11609433,48,3,Kurang Lancar
SLK002172,3671010508951457,2025-11-02,Bank BCA,KI,500000000,325916712,14333447,36,1,Lancar
SLK002173,3671010508951457,2025-10-22,Bank Panin,KPR,300000000,263558064,6783461,48,1,Lancar
SLK002174,3671011508951458,2024-03-21,Bank BNI,KKB,500000000,373615512,21368092,24,3,Kurang Lancar
SLK002175,3275011707681459,2025-06-05,Bank CIMB Niaga,KMK,25000000,17666354,534914,48,1,Lancar
SLK002176,3275016608841460,2024-11-28,Bank CIMB Niaga,KMK,200000000,108652633,9378573,24,1,Lancar
SLK002177,3275016608841460,2026-01-02,Bank Permata,KPR,100000000,47349912,2993486,36,1,Lancar
SLK002178,3275016608841460,2024-06-18,Bank BNI,KKB,200000000,43395823,4743215,48,1,Lancar
SLK002179,3671015911931461,2024-01-09,Bank Mandiri,KK,100000000,45085145,3061063,36,4,Diragukan
SLK002180,3171015512951462,2026-05-30,Bank OCBC NISP,KKB,150000000,35762595,2696534,60,1,Lancar
SLK002181,3171015512951462,2025-05-02,Bank Danamon,KMK,200000000,78465715,18311814,12,1,Lancar
SLK002182,3275012204681465,2025-09-21,Bank Mandiri,KMK,500000000,306140582,11488083,48,1,Lancar
SLK002183,3171015509941466,2024-07-29,Bank BRI,KI,75000000,62592385,1787292,48,1,Lancar
SLK002184,3171015509941466,2026-01-12,Bank Permata,KMK,50000000,39545603,941148,60,1,Lancar
SLK002185,3276016912791467,2025-05-02,Bank BNI,KPR,200000000,124352183,17841994,12,3,Kurang Lancar
SLK002186,3276016912791467,2026-02-17,Bank OCBC NISP,KK,25000000,6243105,1094743,24,1,Lancar
SLK002187,3173016803731468,2026-02-03,Bank CIMB Niaga,KI,200000000,41733582,5933145,36,5,Macet
SLK002188,3173016803731468,2024-06-13,Bank Permata,KKB,300000000,64871539,7147354,48,1,Lancar
SLK002189,3173016803731468,2024-09-19,Bank Panin,KPR,200000000,146080921,3803021,60,1,Lancar
SLK002190,3271012605031469,2025-03-08,Bank CIMB Niaga,KI,75000000,42342860,2284790,36,1,Lancar
SLK002191,3271012605031469,2024-03-20,Bank Mandiri,KI,50000000,43376796,957114,60,3,Kurang Lancar
SLK002192,3671016411871470,2024-05-23,Bank BNI,KI,150000000,86070047,12962239,12,1,Lancar
SLK002193,3671016411871470,2025-07-11,Bank Danamon,KPR,500000000,162321594,11439920,48,1,Lancar
SLK002194,3671011908771471,2024-09-05,Bank OCBC NISP,KKB,25000000,21789795,1129029,24,1,Lancar
SLK002195,3671011908771471,2026-06-29,Bank OCBC NISP,KI,75000000,50488852,3444065,24,5,Macet
SLK002196,3671012512781472,2024-02-26,Bank Danamon,KK,25000000,19119932,2183172,12,1,Lancar
SLK002197,3671012512781472,2024-12-17,Bank Panin,KI,300000000,144830006,13461698,24,1,Lancar
SLK002198,3671012512781472,2024-03-20,BPR Mitra Usaha,KKB,150000000,128292677,2833929,60,2,Dalam Perhatian Khusus (DPK)
SLK002199,3171010601971474,2026-06-25,Bank CIMB Niaga,KPR,50000000,13684945,1082322,48,1,Lancar
SLK002200,3171010601971474,2025-09-08,BPR Mitra Usaha,KKB,200000000,140134315,6133179,36,1,Lancar
SLK002201,3171010601971474,2025-07-12,Bank BRI,KI,25000000,22836214,473300,60,1,Lancar
SLK002202,3172011209901475,2024-10-04,Bank BNI,KMK,100000000,65045973,3024604,36,2,Dalam Perhatian Khusus (DPK)
SLK002203,3172011209901475,2026-07-22,Bank BRI,KMK,75000000,68435592,1383573,60,1,Lancar
SLK002204,3271014709891476,2024-06-01,Bank Danamon,KPR,75000000,68373355,1782655,48,2,Dalam Perhatian Khusus (DPK)
SLK002205,3271014709891476,2026-08-22,Bank Panin,KK,150000000,39138220,13834595,12,1,Lancar
SLK002206,3271014709891476,2025-09-20,Bank Panin,KI,50000000,12769240,4311849,12,1,Lancar
SLK002207,3174017008981477,2026-01-23,BPR Mitra Usaha,KI,100000000,33852354,4768177,24,1,Lancar
SLK002208,3174017008981477,2025-12-06,Bank BNI,KMK,25000000,19114303,712678,36,1,Lancar
SLK002209,3276011901011478,2025-05-03,Bank Panin,KMK,75000000,24948626,2251934,36,2,Dalam Perhatian Khusus (DPK)
SLK002210,3276011901011478,2024-09-30,Bank BCA,KI,50000000,17172021,1129020,48,5,Macet
SLK002211,3172010408741479,2026-08-03,Bank Danamon,KKB,500000000,353445526,14388840,36,1,Lancar
SLK002212,3172010408741479,2024-01-22,Bank Permata,KKB,75000000,66180236,6559639,12,1,Lancar
SLK002213,3674014407771480,2026-07-13,Bank Mandiri,KKB,500000000,472537768,10906813,48,1,Lancar
SLK002214,3674014407771480,2025-05-25,BPR Mitra Usaha,KI,75000000,42826039,6962873,12,1,Lancar
SLK002215,3173010505871482,2026-05-11,Bank CIMB Niaga,KPR,25000000,13916741,2374106,12,1,Lancar
SLK002216,3271014410821483,2026-07-08,Bank Danamon,KPR,200000000,41090947,4611602,48,1,Lancar
SLK002217,3271014410821483,2026-01-23,Bank OCBC NISP,KPR,100000000,76682555,4515239,24,4,Diragukan
SLK002218,3172014602891484,2025-10-31,BPR Mitra Usaha,KKB,25000000,18915837,1194596,24,1,Lancar
SLK002219,3172014602891484,2024-03-12,Bank BCA,KI,200000000,143656681,18077771,12,2,Dalam Perhatian Khusus (DPK)
SLK002220,3172014602891484,2026-05-09,Bank BCA,KPR,150000000,80943128,4480297,36,4,Diragukan
SLK002221,3275011008031485,2026-04-07,Bank Permata,KK,200000000,82064130,4271321,48,2,Dalam Perhatian Khusus (DPK)
SLK002222,3276010810711486,2026-05-03,Bank OCBC NISP,KI,100000000,32601330,1720603,60,1,Lancar
SLK002223,3276010810711486,2024-04-29,Bank Mandiri,KI,50000000,12400294,1074169,48,1,Lancar
SLK002224,3674016808851487,2024-11-01,Bank BRI,KKB,50000000,22135486,917536,60,1,Lancar
SLK002225,3674016808851487,2026-04-03,Bank CIMB Niaga,KPR,100000000,70467677,2287095,48,1,Lancar
SLK002226,3271014812991488,2025-09-07,Bank Permata,KI,25000000,11627509,579084,48,1,Lancar
SLK002227,3671010306801489,2025-08-08,Bank CIMB Niaga,KKB,500000000,359187523,47724871,12,2,Dalam Perhatian Khusus (DPK)
SLK002228,3671010306801489,2025-06-25,Bank CIMB Niaga,KPR,150000000,70499866,6756972,24,4,Diragukan
SLK002229,3175010408711490,2025-06-09,Bank BNI,KMK,100000000,36804249,1810229,60,1,Lancar
SLK002230,3172015902031491,2026-04-06,Bank Mandiri,KK,200000000,145793708,3522419,60,1,Lancar
SLK002231,3671012410011492,2024-01-15,Bank BNI,KPR,100000000,41015215,2186660,48,1,Lancar
SLK002232,3671012410011492,2025-07-22,Bank Danamon,KK,100000000,78441446,1785403,60,4,Diragukan
SLK002233,3671010409851493,2025-12-30,Bank OCBC NISP,KI,500000000,178406576,11524652,48,1,Lancar
SLK002234,3671010409851493,2025-01-22,Bank BNI,KI,25000000,20925805,2158432,12,1,Lancar
SLK002235,3671012406681494,2025-12-12,Bank OCBC NISP,KPR,500000000,426483836,8818520,60,1,Lancar
SLK002236,3671015212951495,2024-02-05,Bank BRI,KKB,50000000,36468508,2222758,24,2,Dalam Perhatian Khusus (DPK)
SLK002237,3671015212951495,2025-10-11,Bank BCA,KK,300000000,88562069,28543872,12,2,Dalam Perhatian Khusus (DPK)
SLK002238,3671015212951495,2024-06-07,Bank Permata,KPR,50000000,12613925,1442552,36,1,Lancar
SLK002239,3171010407811499,2024-07-07,Bank BCA,KMK,300000000,73693309,5154376,60,1,Lancar
SLK002240,3171010407811499,2024-06-26,Bank BNI,KK,100000000,90440936,1796703,60,2,Dalam Perhatian Khusus (DPK)
SLK002241,3275010307781500,2026-03-10,Bank OCBC NISP,KI,150000000,105365855,4687954,36,1,Lancar
SLK002242,3275010307781500,2026-08-09,Bank Panin,KK,75000000,53399130,1322005,60,1,Lancar
SLK002243,3671014705661501,2024-02-01,Bank OCBC NISP,KI,75000000,34363507,6926629,12,3,Kurang Lancar
SLK002244,3271014701721502,2025-03-21,Bank Permata,KPR,25000000,6535725,724166,36,1,Lancar
SLK002245,3271014701721502,2025-08-05,Bank OCBC NISP,KMK,150000000,66877608,13833057,12,1,Lancar
SLK002246,3671014803671503,2025-01-22,BPR Mitra Usaha,KPR,500000000,186248595,15606640,36,2,Dalam Perhatian Khusus (DPK)
SLK002247,3671014803671503,2025-08-15,BPR Mitra Usaha,KMK,100000000,84160875,3136815,36,1,Lancar
SLK002248,3171015312841504,2026-01-15,Bank BCA,KK,200000000,48349958,8922289,24,4,Diragukan
SLK002249,3171015312841504,2026-04-21,Bank Permata,KPR,100000000,72072070,1851213,60,1,Lancar
SLK002250,3174010207771505,2024-08-13,Bank BNI,KPR,200000000,79579731,4474467,48,1,Lancar
SLK002251,3275011908661506,2025-02-27,Bank BRI,KI,75000000,54219364,3291438,24,1,Lancar
SLK002252,3174014102841507,2025-08-18,Bank Danamon,KMK,500000000,460771918,9120071,60,4,Diragukan
SLK002253,3174014102841507,2024-06-25,Bank BCA,KMK,50000000,25719989,1192418,48,2,Dalam Perhatian Khusus (DPK)
SLK002254,3174016011731508,2026-06-01,Bank BCA,KK,200000000,48704584,9266134,24,1,Lancar
SLK002255,3174016011731508,2025-04-27,Bank Mandiri,KMK,25000000,14762609,560141,48,1,Lancar
SLK002256,3173010603751510,2024-01-05,Bank Mandiri,KK,50000000,40084913,4576712,12,1,Lancar
SLK002257,3173016402841511,2026-06-11,Bank BRI,KI,200000000,178630494,3508843,60,5,Macet
SLK002258,3674010605001512,2024-05-10,Bank Mandiri,KPR,150000000,30369127,12814880,12,1,Lancar
SLK002259,3674010605001512,2024-08-29,Bank BRI,KI,75000000,70067933,2233959,36,1,Lancar
SLK002260,3275016111801513,2024-02-13,Bank Panin,KK,150000000,109479448,2857501,60,3,Kurang Lancar
SLK002261,3674016612731514,2024-08-28,BPR Mitra Usaha,KPR,100000000,64937365,4452753,24,1,Lancar
SLK002262,3671012206931515,2025-01-27,Bank Mandiri,KK,150000000,71322425,4787970,36,2,Dalam Perhatian Khusus (DPK)
SLK002263,3671012206931515,2025-08-07,Bank Panin,KMK,300000000,274772182,9101470,36,1,Lancar
SLK002264,3671012206931515,2024-10-25,Bank Permata,KKB,75000000,16145195,3551696,24,1,Lancar
SLK002265,3674012607671516,2024-03-13,Bank OCBC NISP,KMK,150000000,132321833,3385160,48,1,Lancar
SLK002266,3674012607671516,2026-05-05,Bank Mandiri,KMK,25000000,20706141,1125343,24,1,Lancar
SLK002267,3172012806671517,2024-10-19,Bank OCBC NISP,KK,25000000,7774878,1112064,24,1,Lancar
SLK002268,3172012806671517,2024-07-04,Bank CIMB Niaga,KKB,25000000,12970941,537297,48,2,Dalam Perhatian Khusus (DPK)
SLK002269,3275012104941518,2026-04-24,Bank Danamon,KK,150000000,52245952,2579087,60,1,Lancar
SLK002270,3671011404751519,2025-09-20,Bank BCA,KMK,50000000,33071526,4499219,12,1,Lancar
SLK002271,3671011404751519,2026-07-15,Bank OCBC NISP,KI,25000000,13205170,2159829,12,3,Kurang Lancar
SLK002272,3275010811001520,2025-08-04,Bank Mandiri,KKB,150000000,31349014,3450484,48,1,Lancar
SLK002273,3671012010791521,2025-03-04,Bank Danamon,KMK,75000000,33248218,1679230,48,4,Diragukan
SLK002274,3671012010791521,2026-01-23,Bank Permata,KK,100000000,32326883,1766961,60,2,Dalam Perhatian Khusus (DPK)
SLK002275,3671015903831524,2025-06-27,Bank Panin,KPR,200000000,178105599,9260390,24,1,Lancar
SLK002276,3671015903831524,2025-04-18,Bank Permata,KMK,500000000,445585976,22847007,24,1,Lancar
SLK002277,3671014112701525,2024-07-06,Bank OCBC NISP,KI,100000000,41451327,8522314,12,1,Lancar
SLK002278,3671014112701525,2024-05-04,Bank Permata,KMK,200000000,49217187,18935162,12,1,Lancar
SLK002279,3671016104931526,2024-09-01,Bank Danamon,KMK,300000000,224559515,9432929,36,1,Lancar
SLK002280,3671016104931526,2024-06-06,Bank CIMB Niaga,KPR,500000000,356141030,14777305,36,1,Lancar
SLK002281,3671012402731527,2024-01-16,Bank Permata,KI,25000000,16918252,767454,36,1,Lancar
SLK002282,3671012402731527,2024-05-09,Bank OCBC NISP,KMK,150000000,83351471,3293216,48,3,Kurang Lancar
SLK002283,3674012003771528,2026-08-13,Bank Danamon,KI,200000000,100723871,4310066,48,3,Kurang Lancar
SLK002284,3674012003771528,2026-05-14,Bank CIMB Niaga,KMK,50000000,28996149,4600570,12,1,Lancar
SLK002285,3674012609781529,2025-11-07,Bank Permata,KK,75000000,49556036,2345126,36,2,Dalam Perhatian Khusus (DPK)
SLK002286,3674012609781529,2026-04-13,Bank CIMB Niaga,KPR,300000000,131846291,27587033,12,1,Lancar
SLK002287,3276016004821530,2025-03-17,Bank CIMB Niaga,KKB,50000000,32631279,4444761,12,2,Dalam Perhatian Khusus (DPK)
SLK002288,3276016004821530,2025-07-03,Bank Permata,KKB,150000000,32381112,7175762,24,2,Dalam Perhatian Khusus (DPK)
SLK002289,3276016004821530,2025-04-23,Bank Permata,KPR,150000000,97796145,3585499,48,1,Lancar
SLK002290,3173014812731531,2025-02-25,BPR Mitra Usaha,KMK,100000000,68236820,1703788,60,1,Lancar
SLK002291,3173014812731531,2024-10-11,Bank BRI,KK,75000000,20106361,1391175,60,1,Lancar
SLK002292,3671014103711532,2024-11-08,Bank Mandiri,KMK,100000000,53708134,1841622,60,1,Lancar
SLK002293,3671014103711532,2024-01-06,Bank Mandiri,KMK,300000000,88358556,7146648,48,3,Kurang Lancar
SLK002294,3671015006921534,2024-08-04,Bank OCBC NISP,KPR,75000000,66778272,2150619,36,1,Lancar
SLK002295,3271016803001535,2024-07-14,Bank OCBC NISP,KK,50000000,21633472,2130156,24,1,Lancar
SLK002296,3271016803001535,2024-10-04,Bank OCBC NISP,KMK,150000000,97317231,2796467,60,1,Lancar
SLK002297,3271016803001535,2024-01-18,Bank OCBC NISP,KI,200000000,165062339,8606071,24,1,Lancar
SLK002298,3276015610901536,2025-06-03,Bank BRI,KI,150000000,46488225,14034270,12,1,Lancar
SLK002299,3276015610901536,2024-07-03,Bank BRI,KPR,75000000,20457354,1683940,48,1,Lancar
SLK002300,3172014606971537,2026-05-17,Bank Panin,KI,100000000,55419953,2133027,48,1,Lancar
SLK002301,3671015508811539,2024-08-16,Bank OCBC NISP,KKB,150000000,62852484,2712770,60,3,Kurang Lancar
SLK002302,3271015102821540,2026-03-10,Bank BRI,KI,300000000,183777409,6766399,48,1,Lancar
SLK002303,3271015102821540,2026-06-10,Bank BNI,KI,50000000,46427462,1182004,48,1,Lancar
SLK002304,3271015102821540,2024-10-02,Bank Danamon,KMK,300000000,146733875,27183514,12,1,Lancar
SLK002305,3171010212971541,2024-04-28,Bank Danamon,KPR,200000000,78248859,6255524,36,1,Lancar
SLK002306,3275016509901542,2024-05-01,Bank OCBC NISP,KKB,200000000,145924048,4507856,48,1,Lancar
SLK002307,3275016509901542,2025-02-18,Bank Danamon,KKB,100000000,79628945,1706754,60,1,Lancar
SLK002308,3275016509901542,2025-07-05,Bank Permata,KKB,75000000,25096954,1640577,48,1,Lancar
SLK002309,3174017012741543,2024-03-21,Bank Mandiri,KMK,150000000,141438655,2600918,60,1,Lancar
SLK002310,3174017012741543,2024-02-06,Bank Mandiri,KPR,300000000,94167437,9210024,36,1,Lancar
SLK002311,3674016001001545,2025-09-04,Bank BCA,KMK,500000000,133893716,15908637,36,1,Lancar
SLK002312,3173012708841546,2025-06-26,Bank Permata,KI,100000000,57563822,3027026,36,1,Lancar
SLK002313,3671010802671547,2025-10-21,Bank CIMB Niaga,KKB,75000000,55554175,1405417,60,1,Lancar
SLK002314,3671010802671547,2025-09-14,Bank BNI,KK,200000000,46626516,9163489,24,1,Lancar
SLK002315,3671014412731548,2024-08-08,Bank BNI,KPR,150000000,106453704,7122539,24,2,Dalam Perhatian Khusus (DPK)
SLK002316,3671010209741549,2025-06-04,BPR Mitra Usaha,KMK,75000000,65315149,1399318,60,2,Dalam Perhatian Khusus (DPK)
SLK002317,3671016601951550,2024-10-19,Bank Mandiri,KI,100000000,23759482,2125604,48,1,Lancar
SLK002318,3671016601951550,2025-02-08,BPR Mitra Usaha,KKB,150000000,94212189,13615116,12,1,Lancar
SLK002319,3171016106771551,2026-07-29,Bank BNI,KMK,150000000,119682978,6755916,24,1,Lancar
SLK002320,3171016402771552,2024-11-23,Bank Danamon,KPR,75000000,29488258,1595434,48,1,Lancar
SLK002321,3171016402771552,2025-11-23,Bank Panin,KMK,200000000,167835222,3753778,60,1,Lancar
SLK002322,3171011009941553,2025-10-26,Bank Mandiri,KK,50000000,32894099,1077771,48,2,Dalam Perhatian Khusus (DPK)
SLK002323,3171011009941553,2025-05-07,Bank Danamon,KKB,100000000,92986496,2185550,48,1,Lancar
SLK002324,3173016210931554,2026-03-01,Bank Danamon,KKB,50000000,16603223,2374149,24,1,Lancar
SLK002325,3172014810841555,2024-12-02,Bank BCA,KI,150000000,71653663,4417515,36,1,Lancar
SLK002326,3172012901001556,2024-04-22,Bank Panin,KI,100000000,53287686,1785175,60,2,Dalam Perhatian Khusus (DPK)
SLK002327,3172012901001556,2026-01-23,Bank Panin,KI,75000000,66259622,6658064,12,1,Lancar
SLK002328,3671010104851557,2026-08-18,Bank BNI,KKB,50000000,36829860,1575693,36,1,Lancar
SLK002329,3671010104851557,2024-02-25,Bank Panin,KPR,75000000,52723378,1368252,60,1,Lancar
SLK002330,3671010104851557,2024-10-08,Bank CIMB Niaga,KKB,200000000,78144237,9526769,24,1,Lancar
SLK002331,3674012003011558,2025-07-02,Bank Danamon,KMK,200000000,114269562,3431184,60,1,Lancar
SLK002332,3674012003011558,2024-04-17,Bank BNI,KK,25000000,14332980,786445,36,1,Lancar
SLK002333,3275011405911559,2024-03-30,Bank BNI,KK,200000000,150028958,3706225,60,1,Lancar
SLK002334,3275011405911559,2025-01-10,Bank CIMB Niaga,KMK,150000000,85978391,4627041,36,1,Lancar
SLK002335,3173012505821560,2025-07-16,Bank CIMB Niaga,KI,200000000,73702307,3656848,60,3,Kurang Lancar
SLK002336,3173016611721561,2025-09-22,Bank BNI,KI,25000000,18985396,1099332,24,2,Dalam Perhatian Khusus (DPK)
SLK002337,3173016611721561,2025-02-16,Bank CIMB Niaga,KPR,150000000,141070735,2598018,60,2,Dalam Perhatian Khusus (DPK)
SLK002338,3271011211841562,2025-04-09,Bank Mandiri,KMK,150000000,32602821,4627511,36,1,Lancar
SLK002339,3175011507921563,2025-04-26,Bank OCBC NISP,KI,300000000,232257898,9315729,36,1,Lancar
SLK002340,3175011507921563,2024-08-22,Bank OCBC NISP,KMK,25000000,8827689,769374,36,3,Kurang Lancar
SLK002341,3271012608001565,2024-03-09,Bank Mandiri,KKB,50000000,44000912,4492521,12,1,Lancar
SLK002342,3172014201711566,2025-01-05,Bank BNI,KKB,50000000,41979409,952224,60,1,Lancar
SLK002343,3276012011661567,2024-02-15,Bank Danamon,KPR,500000000,374309581,9400254,60,1,Lancar
SLK002344,3173016409721568,2026-03-19,BPR Mitra Usaha,KKB,100000000,56424490,8942610,12,2,Dalam Perhatian Khusus (DPK)
SLK002345,3671011005691569,2024-03-25,Bank BRI,KKB,300000000,180365981,6764863,48,1,Lancar
SLK002346,3671011005691569,2025-08-14,Bank BNI,KMK,300000000,162369081,5737121,60,1,Lancar
SLK002347,3171012502031570,2025-10-04,Bank Mandiri,KK,50000000,15713548,1463950,36,5,Macet
SLK002348,3674015301891571,2024-06-08,Bank Permata,KI,100000000,37359013,8507434,12,5,Macet
SLK002349,3674015301891571,2025-10-24,Bank OCBC NISP,KKB,150000000,111969263,6518268,24,2,Dalam Perhatian Khusus (DPK)
SLK002350,3674015301891571,2024-11-17,Bank Permata,KK,100000000,59790267,3153434,36,2,Dalam Perhatian Khusus (DPK)
SLK002351,3276012207021572,2025-09-12,BPR Mitra Usaha,KMK,100000000,54301026,2940219,36,1,Lancar
SLK002352,3671010601701574,2025-03-20,Bank Mandiri,KPR,300000000,243111305,6806792,48,2,Dalam Perhatian Khusus (DPK)
SLK002353,3276011001021576,2024-04-28,Bank Panin,KKB,300000000,184146350,25626579,12,1,Lancar
SLK002354,3276011001021576,2025-09-23,Bank Permata,KMK,150000000,96718960,2688562,60,1,Lancar
SLK002355,3276011001021576,2025-09-17,Bank Danamon,KKB,100000000,29848432,1868690,60,1,Lancar
SLK002356,3174010311741577,2025-02-16,Bank BCA,KMK,75000000,60105113,1632348,48,1,Lancar
SLK002357,3671010409731578,2026-04-19,Bank Panin,KI,500000000,132180449,9083414,60,5,Macet
SLK002358,3671010409731578,2025-07-17,BPR Mitra Usaha,KI,100000000,55182634,3161783,36,1,Lancar
SLK002359,3671010409731578,2026-06-03,Bank BCA,KMK,500000000,414470409,21450615,24,2,Dalam Perhatian Khusus (DPK)
SLK002360,3172010311961579,2025-05-07,Bank Danamon,KK,25000000,23593616,1175614,24,1,Lancar
SLK002361,3275010709871581,2025-03-17,Bank CIMB Niaga,KI,150000000,84233642,3309878,48,2,Dalam Perhatian Khusus (DPK)
SLK002362,3275010709871581,2025-01-04,Bank Panin,KI,75000000,24629196,1770770,48,1,Lancar
SLK002363,3275010709871581,2024-01-23,BPR Mitra Usaha,KKB,25000000,18769452,464838,60,3,Kurang Lancar
SLK002364,3671010209801583,2024-11-25,Bank BNI,KI,500000000,326177966,8689763,60,1,Lancar
SLK002365,3674014604691584,2025-12-08,Bank Permata,KI,300000000,264168337,27549385,12,1,Lancar
SLK002366,3671014904891586,2024-04-25,Bank CIMB Niaga,KK,50000000,25605642,856242,60,4,Diragukan
SLK002367,3671014904891586,2026-06-04,Bank BRI,KK,50000000,44416035,890961,60,4,Diragukan
SLK002368,3671014504991587,2025-10-06,BPR Mitra Usaha,KKB,200000000,127698364,3529605,60,1,Lancar
SLK002369,3671016805801588,2025-08-15,Bank BCA,KK,150000000,31871334,14027655,12,2,Dalam Perhatian Khusus (DPK)
SLK002370,3671016805801588,2025-12-03,Bank Permata,KMK,100000000,37982556,4772134,24,4,Diragukan
SLK002371,3671016805801588,2025-11-06,Bank OCBC NISP,KPR,150000000,138137294,14142341,12,1,Lancar
SLK002372,3173011001771589,2025-10-24,Bank Permata,KK,75000000,34994512,1748500,48,4,Diragukan
SLK002373,3172016701001590,2025-03-18,Bank BNI,KPR,25000000,18107485,448952,60,4,Diragukan
SLK002374,3172016701001590,2026-07-12,Bank Danamon,KPR,50000000,28422372,1166163,48,1,Lancar
SLK002375,3671014301011591,2026-03-28,BPR Mitra Usaha,KKB,300000000,208610683,6425370,48,1,Lancar
SLK002376,3671014301011591,2026-08-16,Bank CIMB Niaga,KI,200000000,166142277,17484645,12,1,Lancar
SLK002377,3671013101821592,2024-06-25,Bank Mandiri,KKB,200000000,116849538,9394249,24,3,Kurang Lancar
SLK002378,3671013101821592,2026-04-08,BPR Mitra Usaha,KK,300000000,201258216,9238761,36,1,Lancar
SLK002379,3671013101821592,2025-11-11,Bank BRI,KPR,500000000,158793008,8870034,60,1,Lancar
SLK002380,3671011206651593,2026-03-03,Bank Danamon,KK,50000000,43399370,1456017,36,1,Lancar
SLK002381,3671011206651593,2026-03-03,Bank BNI,KMK,200000000,53480570,18786660,12,2,Dalam Perhatian Khusus (DPK)
SLK002382,3671016410651594,2024-01-12,Bank BNI,KPR,200000000,89415210,5849134,36,1,Lancar
SLK002383,3671016410651594,2025-07-01,Bank Mandiri,KK,50000000,19406494,1089593,48,1,Lancar
SLK002384,3276010510921595,2026-03-06,Bank OCBC NISP,KPR,100000000,61178970,9488406,12,3,Kurang Lancar
SLK002385,3174015101651596,2025-02-19,Bank BNI,KPR,150000000,50474507,2812537,60,1,Lancar
SLK002386,3271011005691597,2026-02-01,Bank CIMB Niaga,KK,150000000,140133648,2552967,60,2,Dalam Perhatian Khusus (DPK)
SLK002387,3174015205751599,2024-04-09,Bank Mandiri,KK,500000000,456860209,23255779,24,1,Lancar
SLK002388,3271016405721600,2025-06-14,Bank Danamon,KI,50000000,46653267,4487970,12,5,Macet
SLK002389,3276014704731601,2024-10-24,Bank Panin,KK,150000000,74296246,4713534,36,1,Lancar
SLK002390,3171016112881603,2024-09-02,Bank BCA,KK,200000000,173803495,5738474,36,4,Diragukan
SLK002391,3171016112881603,2026-05-03,Bank BRI,KKB,300000000,242218642,13580811,24,1,Lancar
SLK002392,3171016112881603,2026-01-12,Bank BRI,KKB,50000000,29702952,919955,60,1,Lancar
SLK002393,3671012402651604,2026-05-15,Bank OCBC NISP,KK,75000000,68041809,2283128,36,1,Lancar
SLK002394,3671013005931605,2026-03-13,Bank BNI,KPR,200000000,114690784,6059743,36,1,Lancar
SLK002395,3671013005931605,2024-02-18,Bank OCBC NISP,KK,200000000,143576109,18541975,12,2,Dalam Perhatian Khusus (DPK)
SLK002396,3171016103911606,2026-05-05,Bank BNI,KI,75000000,65082686,2145223,36,1,Lancar
SLK002397,3171016103911606,2026-08-20,Bank Panin,KMK,150000000,136126216,6546666,24,1,Lancar
SLK002398,3171016103911606,2026-08-19,Bank Panin,KMK,500000000,439400144,14399102,36,1,Lancar
SLK002399,3173016712671607,2025-01-30,Bank OCBC NISP,KMK,100000000,37717362,2374064,48,2,Dalam Perhatian Khusus (DPK)
SLK002400,3173016712671607,2026-07-09,Bank OCBC NISP,KKB,100000000,45480557,2215208,48,1,Lancar
SLK002401,3271016602861608,2025-11-12,Bank BCA,KMK,25000000,14395964,579585,48,1,Lancar
SLK002402,3175015701911609,2024-01-07,Bank BNI,KPR,300000000,215646119,13931245,24,4,Diragukan
SLK002403,3275012112741610,2024-02-14,Bank BRI,KMK,300000000,83401910,6696088,48,1,Lancar
SLK002404,3671012802841611,2026-07-27,Bank OCBC NISP,KI,25000000,8127532,562762,48,3,Kurang Lancar
SLK002405,3276010706651612,2025-03-23,Bank BCA,KKB,300000000,177604438,8572922,36,1,Lancar
SLK002406,3276010706651612,2024-11-14,Bank Danamon,KKB,300000000,166077676,8544094,36,1,Lancar
SLK002407,3271016404021613,2026-02-14,Bank CIMB Niaga,KMK,150000000,79094241,12776660,12,1,Lancar
SLK002408,3271016404021613,2025-04-30,BPR Mitra Usaha,KMK,50000000,17106324,1544671,36,1,Lancar
SLK002409,3271016404021613,2025-05-29,Bank CIMB Niaga,KK,75000000,19009354,2372917,36,1,Lancar
SLK002410,3276015402781614,2024-01-06,Bank Mandiri,KMK,150000000,112284969,14290004,12,1,Lancar
SLK002411,3276015402781614,2024-01-29,Bank Mandiri,KMK,100000000,82911317,3087336,36,1,Lancar
SLK002412,3276015402781614,2024-08-21,Bank BNI,KMK,50000000,43574322,4479429,12,1,Lancar
SLK002413,3174011611881616,2026-05-03,Bank BRI,KMK,75000000,66825406,1284129,60,2,Dalam Perhatian Khusus (DPK)
SLK002414,3172010109911617,2024-10-09,Bank Panin,KK,50000000,26771526,1082828,48,1,Lancar
SLK002415,3172010109911617,2024-01-19,Bank CIMB Niaga,KMK,25000000,20417418,538445,48,4,Diragukan
SLK002416,3172010109911617,2024-03-22,Bank BCA,KI,300000000,160600066,26563921,12,1,Lancar
SLK002417,3172012204671619,2026-05-04,BPR Mitra Usaha,KI,500000000,226002311,23152603,24,2,Dalam Perhatian Khusus (DPK)
SLK002418,3172012204671619,2024-04-21,Bank Danamon,KK,75000000,24665728,3456258,24,1,Lancar
SLK002419,3671010509931620,2026-06-04,Bank BCA,KK,300000000,205824841,27987020,12,1,Lancar
SLK002420,3674015202991621,2024-06-02,Bank OCBC NISP,KKB,75000000,69819066,1362200,60,1,Lancar
SLK002421,3674015202991621,2026-08-19,Bank BRI,KPR,100000000,86429540,4369366,24,2,Dalam Perhatian Khusus (DPK)
SLK002422,3671012509981622,2024-10-22,Bank BNI,KKB,500000000,114275586,14398093,36,3,Kurang Lancar
SLK002423,3671012509981622,2025-12-28,Bank Permata,KPR,500000000,406542250,45091488,12,1,Lancar
SLK002424,3671012509981622,2024-11-26,Bank Permata,KMK,50000000,11572281,1079748,48,1,Lancar
SLK002425,3671017110011623,2025-06-14,Bank CIMB Niaga,KKB,150000000,69963716,2622817,60,1,Lancar
SLK002426,3671017110011623,2025-07-28,BPR Mitra Usaha,KMK,300000000,143297355,5663803,60,1,Lancar
SLK002427,3671017110011623,2025-01-17,Bank Panin,KI,50000000,29319730,4397301,12,1,Lancar
SLK002428,3671016212831624,2024-07-30,Bank Permata,KPR,100000000,30934438,2867485,36,1,Lancar
SLK002429,3671014609801626,2025-09-27,Bank OCBC NISP,KPR,100000000,91361357,3177473,36,2,Dalam Perhatian Khusus (DPK)
SLK002430,3671010112661627,2025-05-14,Bank Mandiri,KK,100000000,52300370,9220830,12,2,Dalam Perhatian Khusus (DPK)
SLK002431,3175014911751629,2024-04-16,Bank CIMB Niaga,KK,150000000,95092102,7022867,24,2,Dalam Perhatian Khusus (DPK)
SLK002432,3175014911751629,2025-04-17,Bank BCA,KK,75000000,15066582,6946897,12,1,Lancar
SLK002433,3174015003941630,2024-07-08,BPR Mitra Usaha,KMK,25000000,12320982,773750,36,1,Lancar
SLK002434,3174015003941630,2026-06-05,Bank Panin,KI,75000000,63374956,1390319,60,1,Lancar
SLK002435,3173014701781631,2024-08-16,Bank Panin,KI,75000000,30506831,6794583,12,1,Lancar
SLK002436,3173014701781631,2026-05-13,Bank Permata,KPR,200000000,57744833,6032922,36,3,Kurang Lancar
SLK002437,3173014701781631,2025-03-08,Bank BCA,KK,150000000,125408506,6529878,24,1,Lancar
SLK002438,3671014805991632,2025-04-26,Bank Panin,KK,200000000,166727230,18531799,12,1,Lancar
SLK002439,3671014805991632,2025-01-22,Bank Panin,KMK,100000000,84561594,1872840,60,1,Lancar
SLK002440,3275016508011633,2024-05-18,Bank Permata,KKB,50000000,18621005,889170,60,2,Dalam Perhatian Khusus (DPK)
SLK002441,3275016508011633,2025-02-25,BPR Mitra Usaha,KK,200000000,48092669,17240483,12,1,Lancar
SLK002442,3674016502021634,2024-05-01,Bank Permata,KK,200000000,129946180,18719858,12,1,Lancar
SLK002443,3175012805711635,2026-05-14,BPR Mitra Usaha,KI,300000000,106830126,5427447,60,1,Lancar
SLK002444,3175012805711635,2026-01-16,Bank OCBC NISP,KKB,150000000,132134484,4589356,36,2,Dalam Perhatian Khusus (DPK)
SLK002445,3671016207911636,2025-11-21,Bank Mandiri,KK,100000000,49291073,3083145,36,1,Lancar
SLK002446,3671016207911636,2026-04-11,Bank Permata,KKB,25000000,7257704,454969,60,4,Diragukan
SLK002447,3175011202891638,2024-12-29,Bank OCBC NISP,KPR,75000000,57627599,1337657,60,1,Lancar
SLK002448,3175011202891638,2026-08-06,Bank Panin,KKB,200000000,167469500,17238183,12,1,Lancar
SLK002449,3671016012871640,2025-01-15,BPR Mitra Usaha,KKB,100000000,34030371,4631351,24,1,Lancar
SLK002450,3671016202921641,2025-03-28,Bank Danamon,KK,25000000,23360657,431042,60,2,Dalam Perhatian Khusus (DPK)
SLK002451,3671016202921641,2026-07-19,Bank OCBC NISP,KKB,75000000,45408677,2334297,36,1,Lancar
SLK002452,3276015010661642,2025-03-20,Bank OCBC NISP,KI,75000000,24964756,6462415,12,5,Macet
SLK002453,3276015010661642,2025-12-09,Bank Panin,KMK,75000000,18682377,6976100,12,1,Lancar
SLK002454,3175014101991643,2024-02-10,Bank OCBC NISP,KPR,500000000,321868497,45954989,12,1,Lancar
SLK002455,3172010811931644,2024-02-04,Bank Permata,KK,75000000,31939767,1345582,60,1,Lancar
SLK002456,3671010704661645,2024-05-16,Bank BNI,KI,500000000,328746523,9147273,60,1,Lancar
SLK002457,3671010704661645,2026-03-10,Bank OCBC NISP,KI,75000000,69197129,1600576,48,1,Lancar
SLK002458,3671010704661645,2026-05-07,Bank BNI,KK,300000000,176653893,27321673,12,1,Lancar
SLK002459,3276016804731646,2024-09-01,Bank CIMB Niaga,KKB,300000000,117704128,5275134,60,1,Lancar
SLK002460,3674010308881647,2026-03-01,Bank CIMB Niaga,KMK,200000000,96887333,18716429,12,1,Lancar
SLK002461,3174015810711648,2026-08-06,Bank BRI,KKB,75000000,20519621,6576709,12,4,Diragukan
SLK002462,3174015810711648,2025-05-25,Bank Panin,KK,75000000,49191536,6425470,12,1,Lancar
SLK002463,3174015810711648,2025-02-18,Bank Danamon,KKB,500000000,362820429,9188815,60,3,Kurang Lancar
SLK002464,3671015306651649,2024-02-23,Bank OCBC NISP,KI,150000000,137814438,6909178,24,1,Lancar
SLK002465,3671015306651649,2025-10-22,Bank Panin,KPR,25000000,7235167,453391,60,1,Lancar
SLK002466,3671010203661650,2024-09-24,Bank Permata,KMK,300000000,83517961,13766052,24,1,Lancar
SLK002467,3172012106011651,2026-01-31,Bank Danamon,KI,100000000,58065020,9016872,12,1,Lancar
SLK002468,3174016901011652,2024-03-24,Bank OCBC NISP,KI,500000000,269443587,43704899,12,1,Lancar
SLK002469,3174016901011652,2024-05-18,Bank BCA,KI,500000000,223878547,8793342,60,1,Lancar
SLK002470,3174016901011652,2024-08-11,Bank Mandiri,KPR,100000000,47652080,2305779,48,1,Lancar
SLK002471,3271012909781653,2025-06-10,Bank OCBC NISP,KK,300000000,267539662,8658706,36,4,Diragukan
SLK002472,3671015009651654,2025-08-20,Bank BRI,KK,150000000,41524352,13717031,12,1,Lancar
SLK002473,3674014102731655,2025-06-21,Bank Mandiri,KI,500000000,117488079,47622015,12,2,Dalam Perhatian Khusus (DPK)
SLK002474,3674014102731655,2026-01-01,Bank BRI,KK,25000000,6436960,786656,36,1,Lancar
SLK002475,3674014102731655,2025-11-03,Bank Danamon,KPR,300000000,170663798,13605389,24,1,Lancar
SLK002476,3173014705831656,2026-03-06,Bank OCBC NISP,KKB,25000000,14417505,2214916,12,1,Lancar
SLK002477,3271014901701657,2025-09-25,Bank BNI,KMK,200000000,90970891,4629814,48,1,Lancar
SLK002478,3271014901701657,2025-06-08,Bank Panin,KK,75000000,30943625,3528421,24,1,Lancar
SLK002479,3671012412981658,2024-08-08,Bank OCBC NISP,KMK,200000000,185686274,17281153,12,1,Lancar
SLK002480,3671012412981658,2025-03-25,BPR Mitra Usaha,KK,75000000,51864481,2285349,36,1,Lancar
SLK002481,3275010806651659,2026-01-13,Bank BCA,KK,25000000,22096761,757534,36,2,Dalam Perhatian Khusus (DPK)
SLK002482,3271011910921660,2026-03-13,Bank Mandiri,KKB,300000000,165586165,14296540,24,1,Lancar
SLK002483,3671016405021661,2024-05-10,Bank BNI,KMK,25000000,12150574,1107472,24,1,Lancar
SLK002484,3174015901751662,2024-12-20,Bank CIMB Niaga,KI,50000000,37509279,943472,60,1,Lancar
SLK002485,3174015901751662,2026-03-02,Bank CIMB Niaga,KPR,150000000,134372119,6954267,24,1,Lancar
SLK002486,3671011510951663,2025-10-01,Bank BCA,KK,50000000,26236703,1195755,48,1,Lancar
SLK002487,3671012702761664,2026-04-26,Bank OCBC NISP,KPR,75000000,63831500,7113524,12,1,Lancar
SLK002488,3173012310001665,2026-07-03,Bank OCBC NISP,KMK,150000000,100282710,6745579,24,2,Dalam Perhatian Khusus (DPK)
SLK002489,3173012310001665,2025-10-15,Bank Panin,KPR,500000000,236168150,9042728,60,1,Lancar
SLK002490,3173012310001665,2025-07-08,Bank Permata,KKB,200000000,59360310,5846800,36,5,Macet
SLK002491,3671011303981666,2024-05-07,Bank BCA,KKB,50000000,30238080,2279078,24,1,Lancar
SLK002492,3174015104671667,2026-02-11,Bank BRI,KPR,50000000,20106492,885062,60,1,Lancar
SLK002493,3172012710681668,2025-09-16,Bank Panin,KPR,50000000,40758294,1152498,48,1,Lancar
SLK002494,3172012710681668,2026-04-28,BPR Mitra Usaha,KKB,300000000,104381874,9317232,36,1,Lancar
SLK002495,3175014802011669,2024-09-02,Bank CIMB Niaga,KI,100000000,56893138,3003476,36,1,Lancar
SLK002496,3271011709771670,2025-03-08,Bank Danamon,KMK,25000000,23081616,430680,60,1,Lancar
SLK002497,3275015209711672,2025-09-23,Bank CIMB Niaga,KMK,100000000,25637593,1760748,60,2,Dalam Perhatian Khusus (DPK)
SLK002498,3276011906831673,2025-03-03,Bank BRI,KKB,500000000,367690855,14606504,36,1,Lancar
SLK002499,3276011906831673,2025-04-11,Bank BRI,KPR,500000000,412460203,11753391,48,1,Lancar
SLK002500,3671013009891674,2024-01-12,Bank Panin,KK,75000000,42505799,3255019,24,1,Lancar
SLK002501,3674015802701675,2025-01-23,Bank BRI,KK,75000000,23059675,3563832,24,1,Lancar
SLK002502,3171015103901676,2025-11-11,Bank OCBC NISP,KMK,75000000,52062939,6958949,12,1,Lancar
SLK002503,3671013001681677,2024-03-26,Bank BNI,KI,100000000,92041361,4768063,24,2,Dalam Perhatian Khusus (DPK)
SLK002504,3671013001681677,2026-05-17,Bank BCA,KPR,500000000,412416031,9016118,60,4,Diragukan
SLK002505,3175017112781678,2026-06-14,Bank Permata,KKB,150000000,83271446,6409878,24,2,Dalam Perhatian Khusus (DPK)
SLK002506,3175017112781678,2025-04-04,Bank Mandiri,KMK,75000000,24505852,1744353,48,3,Kurang Lancar
SLK002507,3172015412681679,2025-11-24,BPR Mitra Usaha,KMK,300000000,190333486,6908955,48,1,Lancar
SLK002508,3674012309681680,2025-06-07,Bank OCBC NISP,KMK,100000000,22572915,9038417,12,1,Lancar
SLK002509,3173011911691683,2025-04-20,Bank BCA,KMK,300000000,61783228,12808026,24,1,Lancar
SLK002510,3173011911691683,2024-10-01,Bank Danamon,KK,100000000,55923108,8912696,12,1,Lancar
SLK002511,3173011911691683,2025-08-09,BPR Mitra Usaha,KI,50000000,34703131,4607269,12,1,Lancar
SLK002512,3275015310781684,2026-01-03,Bank Mandiri,KKB,100000000,94466888,9371662,12,1,Lancar
SLK002513,3275015310781684,2026-04-09,Bank BCA,KK,300000000,98280104,12833685,24,1,Lancar
SLK002514,3671014909681689,2026-06-06,BPR Mitra Usaha,KK,50000000,17376589,1112030,48,3,Kurang Lancar
SLK002515,3276010507691690,2026-08-14,Bank Mandiri,KI,50000000,21641237,1122796,48,1,Lancar
SLK002516,3276010507691690,2024-06-25,Bank BCA,KI,300000000,251461239,9060859,36,1,Lancar
SLK002517,3671014608681691,2024-04-17,Bank Panin,KK,300000000,141655052,13548090,24,1,Lancar
SLK002518,3275011506911692,2025-10-25,Bank Permata,KMK,75000000,63465169,1339789,60,1,Lancar
SLK002519,3275011506911692,2024-11-16,Bank Mandiri,KI,300000000,176612946,6757010,48,1,Lancar
SLK002520,3671015805971693,2026-07-29,Bank CIMB Niaga,KKB,200000000,127596197,3424737,60,1,Lancar
SLK002521,3671015805971693,2024-04-21,Bank BCA,KKB,75000000,51396455,1335023,60,3,Kurang Lancar
SLK002522,3173014503711695,2024-08-31,Bank CIMB Niaga,KMK,200000000,42077145,5986201,36,1,Lancar
SLK002523,3173014503711695,2026-08-18,Bank OCBC NISP,KPR,25000000,19617896,2213496,12,2,Dalam Perhatian Khusus (DPK)
SLK002524,3671015512991696,2026-07-22,Bank BCA,KPR,150000000,78376327,6658638,24,1,Lancar
SLK002525,3671015512991696,2025-02-21,Bank Danamon,KPR,200000000,136062026,6032536,36,2,Dalam Perhatian Khusus (DPK)
SLK002526,3271012707021697,2024-11-03,Bank Danamon,KMK,25000000,15648091,1097873,24,1,Lancar
SLK002527,3271012707021697,2026-04-05,Bank BRI,KI,150000000,68670928,4697850,36,1,Lancar
SLK002528,3171012409821699,2026-05-30,Bank BNI,KPR,300000000,134558485,5709530,60,1,Lancar
SLK002529,3171012409821699,2025-01-07,BPR Mitra Usaha,KMK,150000000,124029697,4543526,36,3,Kurang Lancar
SLK002530,3171012409821699,2025-02-28,Bank CIMB Niaga,KK,150000000,50491197,4574273,36,1,Lancar
SLK002531,3674016211941700,2024-03-30,Bank Danamon,KKB,75000000,48552440,1294771,60,1,Lancar
SLK002532,3674016211941700,2025-02-19,Bank BNI,KMK,100000000,30398603,2208644,48,1,Lancar
SLK002533,3671010501691701,2025-12-07,Bank BNI,KKB,500000000,309700978,43866469,12,1,Lancar
SLK002534,3671010501691701,2024-07-23,Bank BNI,KK,150000000,51048797,6509362,24,2,Dalam Perhatian Khusus (DPK)
SLK002535,3171017004811702,2025-02-25,Bank CIMB Niaga,KK,50000000,33148814,1574489,36,4,Diragukan
SLK002536,3171017004811702,2025-02-13,Bank Danamon,KMK,200000000,86839754,17130023,12,1,Lancar
SLK002537,3271010108871703,2024-02-25,Bank OCBC NISP,KPR,50000000,15721583,1067546,48,2,Dalam Perhatian Khusus (DPK)
SLK002538,3271010108871703,2024-09-25,Bank BNI,KPR,100000000,53143457,4292666,24,1,Lancar
SLK002539,3171011207691704,2024-07-02,Bank Danamon,KMK,25000000,7362775,1186439,24,1,Lancar
SLK002540,3171011207691704,2024-03-06,BPR Mitra Usaha,KMK,200000000,61286610,8637361,24,1,Lancar
SLK002541,3671011006751705,2025-02-27,Bank Danamon,KI,150000000,74703101,2716663,60,3,Kurang Lancar
SLK002542,3671011006751705,2025-02-11,Bank CIMB Niaga,KKB,300000000,235295532,5616379,60,1,Lancar
SLK002543,3671011006751705,2024-01-21,Bank Permata,KKB,200000000,155783146,5698443,36,2,Dalam Perhatian Khusus (DPK)
SLK002544,3173010702871707,2025-09-20,Bank Permata,KKB,300000000,92291034,25795844,12,1,Lancar
SLK002545,3173010702871707,2025-05-12,Bank Panin,KMK,300000000,153855632,13920488,24,2,Dalam Perhatian Khusus (DPK)
SLK002546,3173016504031708,2026-04-21,Bank BNI,KPR,25000000,17070536,431738,60,1,Lancar
SLK002547,3173016504031708,2024-03-07,Bank CIMB Niaga,KPR,500000000,322182092,42501328,12,2,Dalam Perhatian Khusus (DPK)
SLK002548,3671015408991709,2024-06-02,Bank CIMB Niaga,KPR,25000000,9119827,1141748,24,2,Dalam Perhatian Khusus (DPK)
SLK002549,3671015408991709,2025-07-14,Bank Permata,KPR,50000000,32443551,913659,60,2,Dalam Perhatian Khusus (DPK)
SLK002550,3171016005691711,2026-02-28,BPR Mitra Usaha,KMK,200000000,117937520,4370123,48,1,Lancar
SLK002551,3171016005691711,2025-12-02,Bank Danamon,KI,300000000,112860774,5123082,60,3,Kurang Lancar
SLK002552,3671012708961712,2024-12-20,Bank Mandiri,KK,100000000,37938106,2247329,48,1,Lancar
SLK002553,3674015408711713,2024-01-18,Bank CIMB Niaga,KI,25000000,22055459,1067287,24,1,Lancar
SLK002554,3175017101921715,2024-12-25,Bank BCA,KK,500000000,338820410,11637002,48,1,Lancar
SLK002555,3175017101921715,2024-10-10,Bank Mandiri,KKB,50000000,35646854,2214764,24,1,Lancar
SLK002556,3671011207911716,2026-08-18,Bank BNI,KK,100000000,78414785,3152747,36,2,Dalam Perhatian Khusus (DPK)
SLK002557,3671015104861717,2024-06-06,BPR Mitra Usaha,KPR,25000000,15784241,758633,36,2,Dalam Perhatian Khusus (DPK)
SLK002558,3671015104861717,2025-10-14,Bank Permata,KPR,25000000,11108701,2344261,12,2,Dalam Perhatian Khusus (DPK)
SLK002559,3671015104861717,2024-04-10,Bank BNI,KI,500000000,165955559,14657086,36,1,Lancar
SLK002560,3276014208951718,2026-07-28,Bank OCBC NISP,KMK,150000000,37614489,4348669,36,1,Lancar
SLK002561,3275016704911719,2024-02-20,Bank Mandiri,KPR,500000000,201234371,22782637,24,1,Lancar
SLK002562,3275016704911719,2025-09-25,BPR Mitra Usaha,KMK,150000000,140156132,3518179,48,1,Lancar
SLK002563,3171010509671720,2026-06-05,Bank BRI,KKB,150000000,80348273,6484282,24,2,Dalam Perhatian Khusus (DPK)
SLK002564,3171010509671720,2026-02-23,Bank CIMB Niaga,KI,75000000,62249045,2293759,36,1,Lancar
SLK002565,3171010509671720,2025-06-12,Bank CIMB Niaga,KKB,300000000,103888887,5100156,60,1,Lancar
SLK002566,3173015310691721,2025-12-29,Bank Mandiri,KK,500000000,212048340,9329825,60,2,Dalam Perhatian Khusus (DPK)
SLK002567,3173015310691721,2025-07-28,Bank BCA,KK,100000000,53956658,1777383,60,1,Lancar
SLK002568,3174016410811722,2026-03-31,Bank BRI,KMK,100000000,50456753,4589745,24,1,Lancar
SLK002569,3174016410811722,2025-01-06,Bank Mandiri,KK,500000000,174680168,9138113,60,3,Kurang Lancar
SLK002570,3173014311851724,2024-04-07,Bank Permata,KI,200000000,138095848,9298792,24,1,Lancar
SLK002571,3173014311851724,2024-09-01,BPR Mitra Usaha,KI,150000000,68981125,4458612,36,4,Diragukan
SLK002572,3171011504731725,2025-11-05,Bank BNI,KKB,50000000,13779638,2339874,24,2,Dalam Perhatian Khusus (DPK)
SLK002573,3674014806841726,2024-05-10,Bank Danamon,KK,500000000,423263105,22824853,24,3,Kurang Lancar
SLK002574,3674014806841726,2024-08-13,Bank BRI,KK,150000000,112402190,4428008,36,1,Lancar
SLK002575,3271015711691727,2025-03-14,Bank Danamon,KKB,75000000,44761006,3538758,24,1,Lancar
SLK002576,3271015711691727,2026-02-03,Bank BCA,KMK,75000000,45395464,1357586,60,1,Lancar
SLK002577,3271015711691727,2025-12-12,BPR Mitra Usaha,KI,150000000,37475431,6930123,24,1,Lancar
SLK002578,3173012012741728,2025-12-26,Bank CIMB Niaga,KK,200000000,134563835,3730820,60,1,Lancar
SLK002579,3671015912011729,2026-01-31,Bank BCA,KI,50000000,15714027,1584548,36,3,Kurang Lancar
SLK002580,3671015901661730,2025-06-07,Bank BNI,KMK,300000000,135146449,7021022,48,1,Lancar
SLK002581,3671015901661730,2026-06-24,Bank Mandiri,KKB,200000000,54087693,9225842,24,2,Dalam Perhatian Khusus (DPK)
SLK002582,3271010507011732,2024-06-26,Bank BNI,KK,75000000,52667875,6772233,12,1,Lancar
SLK002583,3171011010721733,2024-04-25,Bank Panin,KI,300000000,94866415,8812702,36,1,Lancar
SLK002584,3172016009971734,2026-07-22,BPR Mitra Usaha,KI,200000000,177439297,18634202,12,1,Lancar
SLK002585,3171011104721735,2024-10-01,Bank Danamon,KMK,200000000,45359365,18304766,12,1,Lancar
SLK002586,3671017006701736,2025-02-28,Bank OCBC NISP,KK,100000000,83589255,8568797,12,1,Lancar
SLK002587,3671015407671737,2024-04-01,Bank OCBC NISP,KKB,500000000,361400514,42880662,12,1,Lancar
SLK002588,3276015112671738,2025-02-13,Bank BCA,KK,500000000,213763471,15880817,36,2,Dalam Perhatian Khusus (DPK)
SLK002589,3671015002731739,2025-03-23,Bank Mandiri,KKB,50000000,31020197,2130389,24,3,Kurang Lancar
SLK002590,3671015002731739,2025-09-27,Bank BCA,KMK,25000000,17561962,758233,36,1,Lancar
SLK002591,3275011402851741,2025-04-28,Bank BRI,KK,100000000,64913745,3150033,36,1,Lancar
SLK002592,3275016807731742,2026-07-26,Bank BRI,KI,200000000,178747415,3735770,60,1,Lancar
SLK002593,3171014307691743,2024-08-21,Bank Danamon,KK,200000000,147762430,6231320,36,3,Kurang Lancar
SLK002594,3671011710811744,2024-05-05,Bank BNI,KI,150000000,137494479,6966418,24,3,Kurang Lancar
SLK002595,3671011710811744,2025-01-05,Bank BNI,KMK,500000000,274052200,8562898,60,3,Kurang Lancar
SLK002596,3671012807781745,2026-07-16,Bank Danamon,KI,100000000,68557857,4375567,24,1,Lancar
SLK002597,3671012807781745,2024-12-26,Bank Permata,KI,50000000,38307833,1534868,36,1,Lancar
SLK002598,3671012807781745,2025-12-29,Bank Panin,KKB,500000000,473253368,11887923,48,1,Lancar
SLK002599,3671012211801746,2026-01-06,Bank BRI,KPR,500000000,374812466,11750104,48,1,Lancar
SLK002600,3671012211801746,2024-12-28,Bank Mandiri,KPR,75000000,25893100,6998421,12,1,Lancar
SLK002601,3671012211801746,2026-01-05,Bank Mandiri,KK,200000000,176021611,6102786,36,4,Diragukan
SLK002602,3671016207931747,2024-09-16,Bank BCA,KPR,150000000,100085855,13178453,12,1,Lancar
SLK002603,3671016207931747,2026-03-23,Bank OCBC NISP,KKB,200000000,91771587,3506878,60,1,Lancar
SLK002604,3174014703981748,2024-04-02,Bank Permata,KK,50000000,14521238,4705886,12,1,Lancar
SLK002605,3172017007821749,2024-06-18,Bank Panin,KK,200000000,183597754,3620999,60,1,Lancar
SLK002606,3172017007821749,2025-07-05,Bank BRI,KMK,100000000,67019591,2161092,48,1,Lancar
SLK002607,3671015507721750,2025-07-03,Bank BRI,KPR,25000000,6478372,477667,60,1,Lancar
SLK002608,3171010904771751,2024-10-19,Bank Permata,KK,100000000,47791936,8789285,12,2,Dalam Perhatian Khusus (DPK)
SLK002609,3275015101711752,2024-06-13,Bank BCA,KKB,300000000,68745380,13020044,24,4,Diragukan
SLK002610,3275015101711752,2024-07-18,Bank Permata,KI,500000000,288583021,8713093,60,1,Lancar
SLK002611,3275015101711752,2025-09-04,Bank OCBC NISP,KMK,50000000,35536653,890588,60,1,Lancar
SLK002612,3271010901941753,2024-08-05,Bank Panin,KKB,300000000,284643816,5511171,60,1,Lancar
SLK002613,3271010901941753,2026-05-23,Bank CIMB Niaga,KKB,150000000,38296767,4425469,36,1,Lancar
SLK002614,3172011010921754,2026-06-18,Bank BNI,KI,200000000,174769502,9488770,24,1,Lancar
SLK002615,3172011010921754,2026-01-03,Bank BRI,KI,75000000,47540689,2235164,36,1,Lancar
SLK002616,3671014211831755,2026-07-16,Bank BRI,KI,500000000,252631088,21416371,24,1,Lancar
SLK002617,3671014211831755,2024-09-15,Bank BRI,KKB,50000000,10424075,882863,60,3,Kurang Lancar
SLK002618,3671015104021756,2024-07-23,Bank OCBC NISP,KK,150000000,111975249,2617747,60,1,Lancar
SLK002619,3276010910851757,2026-01-12,Bank BNI,KKB,75000000,24040466,1727117,48,1,Lancar
SLK002620,3276010910851757,2025-06-08,Bank BCA,KI,25000000,18452045,1123908,24,1,Lancar
SLK002621,3171011304001758,2024-12-14,Bank CIMB Niaga,KMK,50000000,11632078,1106468,48,1,Lancar
SLK002622,3171011304001758,2024-10-27,Bank Danamon,KI,300000000,254565653,27680479,12,1,Lancar
SLK002623,3674016609981760,2026-08-14,Bank Panin,KKB,100000000,49527365,4728182,24,1,Lancar
SLK002624,3674016609981760,2026-08-21,Bank Panin,KPR,500000000,192093763,9409558,60,1,Lancar
SLK002625,3674016609981760,2025-05-03,Bank Danamon,KK,25000000,23079665,744662,36,1,Lancar
SLK002626,3173015509791761,2024-01-08,Bank CIMB Niaga,KPR,500000000,392658875,46707895,12,1,Lancar
SLK002627,3174012607721762,2025-04-21,Bank CIMB Niaga,KMK,200000000,64011424,5946368,36,1,Lancar
SLK002628,3174012607721762,2025-03-29,Bank Permata,KPR,50000000,32035962,1447352,36,1,Lancar
SLK002629,3674011201001763,2024-08-07,Bank CIMB Niaga,KPR,300000000,141948835,12967125,24,1,Lancar
SLK002630,3671010806981764,2024-03-20,Bank Mandiri,KPR,300000000,65818586,28714563,12,1,Lancar
SLK002631,3671010806981764,2025-04-14,BPR Mitra Usaha,KPR,150000000,89453707,4606401,36,3,Kurang Lancar
SLK002632,3671010806981764,2025-11-14,Bank Mandiri,KKB,300000000,78126179,8928495,36,2,Dalam Perhatian Khusus (DPK)
SLK002633,3271010211671765,2025-12-08,Bank Danamon,KI,100000000,20357769,4725403,24,1,Lancar
SLK002634,3271014907751766,2026-02-12,Bank Danamon,KI,75000000,32229082,1392703,60,1,Lancar
SLK002635,3271014907751766,2024-06-29,BPR Mitra Usaha,KI,50000000,19302304,1157287,48,2,Dalam Perhatian Khusus (DPK)
SLK002636,3173012910891769,2025-10-09,Bank BRI,KPR,300000000,172600900,5724365,60,4,Diragukan
SLK002637,3173012910891769,2024-11-02,Bank CIMB Niaga,KK,300000000,207349150,5399119,60,1,Lancar
SLK002638,3276011711901770,2026-02-11,Bank BNI,KPR,25000000,7479754,742998,36,1,Lancar
SLK002639,3276011711901770,2026-01-14,Bank Danamon,KMK,25000000,22245245,728720,36,1,Lancar
SLK002640,3674011010981771,2025-08-13,BPR Mitra Usaha,KPR,100000000,30659527,1863256,60,5,Macet
SLK002641,3674012206031773,2024-11-22,Bank Mandiri,KK,150000000,121828430,13138289,12,4,Diragukan
SLK002642,3674012206031773,2025-10-29,BPR Mitra Usaha,KKB,200000000,120101336,4790279,48,1,Lancar
SLK002643,3674012206031773,2025-05-09,Bank Danamon,KPR,25000000,7699718,477546,60,4,Diragukan
SLK002644,3275015605821774,2025-05-20,Bank BRI,KK,500000000,170504974,9498047,60,1,Lancar
SLK002645,3671017110001775,2026-03-14,Bank BCA,KPR,75000000,67693209,2194236,36,1,Lancar
SLK002646,3671017110001775,2025-11-15,Bank OCBC NISP,KMK,300000000,140423924,9266774,36,2,Dalam Perhatian Khusus (DPK)
SLK002647,3671012604991776,2026-07-22,Bank Permata,KKB,500000000,306847214,42565027,12,1,Lancar
SLK002648,3173012503991777,2024-07-01,Bank Danamon,KMK,25000000,16703399,735666,36,1,Lancar
SLK002649,3173012503991777,2024-04-16,Bank Permata,KI,300000000,223702269,13808012,24,2,Dalam Perhatian Khusus (DPK)
SLK002650,3671011310831778,2024-07-10,Bank Mandiri,KPR,50000000,20599443,1181638,48,2,Dalam Perhatian Khusus (DPK)
SLK002651,3671015209721779,2024-07-18,Bank OCBC NISP,KKB,300000000,108741319,26760281,12,2,Dalam Perhatian Khusus (DPK)
SLK002652,3671015209721779,2024-05-07,Bank CIMB Niaga,KK,300000000,79652268,5526723,60,1,Lancar
SLK002653,3175012707781780,2026-06-05,Bank CIMB Niaga,KK,50000000,34108719,924632,60,1,Lancar
SLK002654,3674010807731781,2026-08-06,Bank OCBC NISP,KI,500000000,328811149,11806879,48,2,Dalam Perhatian Khusus (DPK)
SLK002655,3671011202001782,2024-10-15,Bank Panin,KPR,25000000,21632662,1065035,24,4,Diragukan
SLK002656,3671011202001782,2025-08-21,Bank BRI,KKB,150000000,114310338,2845036,60,1,Lancar
SLK002657,3671011202001782,2024-04-29,Bank Danamon,KI,100000000,68439604,3164908,36,1,Lancar
SLK002658,3671016905951783,2026-08-05,Bank Panin,KI,500000000,377966708,11400383,48,1,Lancar
SLK002659,3671012809791784,2024-01-06,Bank Danamon,KKB,500000000,354841709,42656477,12,2,Dalam Perhatian Khusus (DPK)
SLK002660,3671012809791784,2025-07-16,Bank BRI,KMK,150000000,103013079,3486808,48,2,Dalam Perhatian Khusus (DPK)
SLK002661,3173016502671785,2026-05-30,Bank Panin,KMK,25000000,14890369,1126892,24,1,Lancar
SLK002662,3173016502671785,2025-06-04,Bank BRI,KMK,50000000,33793056,890277,60,1,Lancar
SLK002663,3172014606721786,2026-01-11,Bank OCBC NISP,KK,50000000,15127405,4438981,12,1,Lancar
SLK002664,3172014606721786,2026-05-24,Bank Mandiri,KK,50000000,41751667,4686121,12,1,Lancar
SLK002665,3671010605901787,2025-05-28,Bank Panin,KI,100000000,58953132,8842668,12,1,Lancar
SLK002666,3671010605901787,2024-06-24,Bank Mandiri,KK,200000000,175361874,9541123,24,5,Macet
SLK002667,3671010605901787,2026-04-27,Bank BRI,KPR,500000000,141069059,9205823,60,1,Lancar
SLK002668,3671014604971788,2024-06-30,Bank BCA,KMK,200000000,166048908,17460151,12,1,Lancar
SLK002669,3671014604971788,2025-10-24,BPR Mitra Usaha,KPR,300000000,81181446,14002290,24,1,Lancar
SLK002670,3172012105701789,2026-02-24,Bank BRI,KI,25000000,7095955,1154092,24,1,Lancar
SLK002671,3172012105701789,2025-10-12,Bank Danamon,KPR,100000000,83939728,9125157,12,1,Lancar
SLK002672,3276015810931790,2025-05-17,BPR Mitra Usaha,KMK,75000000,16884740,6986180,12,2,Dalam Perhatian Khusus (DPK)
SLK002673,3276015810931790,2024-08-04,Bank Mandiri,KI,150000000,54473658,4430959,36,1,Lancar
SLK002674,3671015905781791,2025-05-16,BPR Mitra Usaha,KI,200000000,136562153,6244342,36,1,Lancar
SLK002675,3671015905781791,2025-08-24,BPR Mitra Usaha,KMK,300000000,90413761,14180744,24,1,Lancar
SLK002676,3174011203731792,2024-06-20,Bank Danamon,KMK,75000000,51436291,1671196,48,1,Lancar
SLK002677,3276010411811793,2024-01-24,Bank Mandiri,KI,200000000,185798152,5696733,36,1,Lancar
SLK002678,3172016607011794,2024-06-22,Bank OCBC NISP,KK,25000000,12336843,458804,60,1,Lancar
SLK002679,3172016607011794,2025-07-28,Bank BRI,KPR,25000000,20364942,457428,60,2,Dalam Perhatian Khusus (DPK)
SLK002680,3671011105871795,2026-05-07,Bank OCBC NISP,KK,500000000,118284287,43933247,12,3,Kurang Lancar
SLK002681,3671011105871795,2026-03-19,BPR Mitra Usaha,KK,50000000,32030324,4596295,12,1,Lancar
SLK002682,3674011103011796,2026-07-10,Bank Panin,KI,25000000,7520114,457121,60,1,Lancar
SLK002683,3674011103011796,2024-12-06,BPR Mitra Usaha,KPR,100000000,52827500,1746079,60,1,Lancar
SLK002684,3171017007981797,2026-08-08,Bank BNI,KI,300000000,152977796,6495880,48,4,Diragukan
SLK002685,3171017007981797,2025-03-17,Bank Mandiri,KI,150000000,110995818,6751059,24,1,Lancar
SLK002686,3171017007981797,2024-07-01,Bank BRI,KPR,200000000,162571145,9066748,24,1,Lancar
SLK002687,3674010504681798,2024-02-20,Bank Panin,KMK,150000000,92149473,4552412,36,1,Lancar
SLK002688,3671010812821799,2026-05-26,Bank OCBC NISP,KKB,200000000,40747057,17042474,12,1,Lancar
SLK002689,3671010812821799,2025-10-19,Bank Mandiri,KMK,50000000,26183116,2267761,24,1,Lancar
SLK002690,3276015203671800,2024-08-26,Bank OCBC NISP,KK,300000000,210979343,7063362,48,1,Lancar
SLK002691,3276015203671800,2024-04-16,Bank OCBC NISP,KMK,150000000,136966148,13761262,12,1,Lancar
SLK002692,3275012604661801,2026-03-16,Bank Danamon,KMK,500000000,193916679,10927052,48,1,Lancar
SLK002693,3275012604661801,2026-07-06,Bank Permata,KK,500000000,448777599,47788061,12,1,Lancar
SLK002694,3275012604661801,2024-12-01,Bank BRI,KPR,25000000,15683716,591164,48,2,Dalam Perhatian Khusus (DPK)
SLK002695,3671014604031802,2025-01-25,Bank Mandiri,KK,100000000,48833691,2312467,48,2,Dalam Perhatian Khusus (DPK)
SLK002696,3671015012701803,2025-06-06,Bank Panin,KK,50000000,29664998,1197186,48,1,Lancar
SLK002697,3671015012701803,2025-01-13,BPR Mitra Usaha,KI,200000000,121275295,18588268,12,1,Lancar
SLK002698,3276014107901805,2025-11-21,Bank Mandiri,KK,200000000,183795739,5829031,36,1,Lancar
SLK002699,3276014107901805,2024-11-30,Bank BCA,KPR,75000000,42060245,3557833,24,1,Lancar
SLK002700,3173015408921806,2024-03-27,Bank BRI,KI,200000000,179239228,4558694,48,1,Lancar
SLK002701,3173015408921806,2025-10-23,Bank Panin,KKB,300000000,175989724,6982633,48,1,Lancar
SLK002702,3674012207761807,2026-07-27,Bank Permata,KMK,75000000,38819527,1280830,60,1,Lancar
SLK002703,3174017004671808,2024-01-23,BPR Mitra Usaha,KK,25000000,13207970,550710,48,1,Lancar
SLK002704,3174017004671808,2025-09-30,Bank OCBC NISP,KPR,150000000,46336131,2553011,60,1,Lancar
SLK002705,3173016008981811,2025-08-14,Bank CIMB Niaga,KMK,300000000,95377740,9294973,36,1,Lancar
SLK002706,3173016008981811,2024-04-15,Bank OCBC NISP,KMK,500000000,453917303,15354834,36,1,Lancar
SLK002707,3173016008981811,2025-01-17,BPR Mitra Usaha,KMK,300000000,230301797,26913139,12,1,Lancar
SLK002708,3671010907681813,2024-08-28,Bank Permata,KPR,75000000,41925764,1698104,48,1,Lancar
SLK002709,3671010907681813,2026-05-02,Bank Panin,KKB,200000000,114893822,8562938,24,1,Lancar
SLK002710,3671011209971814,2024-09-11,Bank OCBC NISP,KI,25000000,10747957,769837,36,1,Lancar
SLK002711,3173010311011815,2025-12-14,Bank Danamon,KK,100000000,29908673,1839261,60,1,Lancar
SLK002712,3172016405771816,2025-11-20,Bank Mandiri,KMK,25000000,9602290,769971,36,2,Dalam Perhatian Khusus (DPK)
SLK002713,3276010106991817,2024-05-29,Bank Danamon,KK,500000000,228680220,8681440,60,1,Lancar
SLK002714,3276010106991817,2025-08-12,Bank Permata,KK,75000000,36428724,6542744,12,1,Lancar
SLK002715,3171016907821818,2024-10-12,Bank Panin,KI,50000000,19194205,4273482,12,1,Lancar
SLK002716,3674010612701819,2024-10-02,Bank BNI,KI,300000000,65536356,5171529,60,2,Dalam Perhatian Khusus (DPK)
SLK002717,3671016911661820,2025-07-31,Bank OCBC NISP,KK,100000000,43285867,8753658,12,1,Lancar
SLK002718,3171011505011821,2026-08-01,Bank Permata,KKB,500000000,267682534,23468311,24,1,Lancar
SLK002719,3171015007941822,2024-03-17,Bank Danamon,KPR,150000000,123240938,4546501,36,1,Lancar
SLK002720,3171015007941822,2026-08-20,Bank BRI,KK,300000000,211234968,25968276,12,1,Lancar
SLK002721,3172010602861823,2025-12-07,Bank Danamon,KK,300000000,248639380,6931106,48,1,Lancar
SLK002722,3172010602861823,2026-08-03,BPR Mitra Usaha,KPR,75000000,44706025,1759141,48,1,Lancar
SLK002723,3174012811841824,2026-04-02,Bank OCBC NISP,KMK,50000000,12560724,934297,60,1,Lancar
SLK002724,3174012811841824,2026-03-17,BPR Mitra Usaha,KPR,75000000,34877618,1661593,48,1,Lancar
SLK002725,3674014812701825,2025-03-25,Bank OCBC NISP,KMK,75000000,58888126,1425099,60,1,Lancar
SLK002726,3173015108751827,2024-02-15,Bank OCBC NISP,KMK,50000000,44019449,1181699,48,2,Dalam Perhatian Khusus (DPK)
SLK002727,3173015108751827,2025-09-06,Bank BCA,KMK,50000000,26654818,2164341,24,2,Dalam Perhatian Khusus (DPK)
SLK002728,3271012607021828,2024-08-25,Bank Danamon,KI,300000000,171421934,6555831,48,1,Lancar
SLK002729,3271012607021828,2024-08-12,Bank Permata,KI,200000000,41670636,5669798,36,2,Dalam Perhatian Khusus (DPK)
SLK002730,3271012607021828,2026-07-13,Bank Danamon,KK,25000000,14215854,2174131,12,4,Diragukan
SLK002731,3671010109931829,2024-06-01,Bank BCA,KKB,50000000,36083034,1160380,48,4,Diragukan
SLK002732,3671010109931829,2024-07-02,Bank BNI,KPR,200000000,49532819,3622965,60,5,Macet
SLK002733,3671016403961830,2024-01-12,Bank Danamon,KMK,25000000,14448091,433734,60,2,Dalam Perhatian Khusus (DPK)
SLK002734,3674013103781831,2025-01-16,Bank Danamon,KK,75000000,46337432,1680092,48,2,Dalam Perhatian Khusus (DPK)
SLK002735,3674013103781831,2026-01-08,Bank Panin,KKB,300000000,157838605,5575548,60,1,Lancar
SLK002736,3276015901881832,2025-03-06,Bank BNI,KMK,200000000,154366136,9006424,24,1,Lancar
SLK002737,3276015901881832,2025-11-05,Bank CIMB Niaga,KI,50000000,13684244,1145550,48,1,Lancar
SLK002738,3671015809771833,2025-07-08,Bank OCBC NISP,KMK,75000000,61868254,3505636,24,1,Lancar
SLK002739,3671015809771833,2025-01-19,Bank BCA,KMK,150000000,50177965,4459155,36,1,Lancar
SLK002740,3671010805671834,2024-12-17,Bank CIMB Niaga,KI,200000000,65388928,3408520,60,1,Lancar
SLK002741,3671010805671834,2026-05-28,Bank BCA,KMK,150000000,57835328,13026006,12,2,Dalam Perhatian Khusus (DPK)
SLK002742,3671010805671834,2026-05-14,Bank Panin,KK,50000000,20795904,942107,60,1,Lancar
SLK002743,3275013001851835,2025-09-27,Bank Danamon,KK,150000000,99311948,4491706,36,3,Kurang Lancar
SLK002744,3674014406671837,2024-09-19,BPR Mitra Usaha,KMK,200000000,84679673,3476485,60,1,Lancar
SLK002745,3674014406671837,2025-09-30,Bank BRI,KKB,500000000,325281334,9482378,60,3,Kurang Lancar
SLK002746,3674014406671837,2024-11-29,BPR Mitra Usaha,KPR,200000000,118505308,5913225,36,1,Lancar
SLK002747,3674010603911839,2024-04-30,Bank OCBC NISP,KI,75000000,38430031,3474248,24,1,Lancar
SLK002748,3674010603911839,2024-08-26,Bank Permata,KKB,75000000,29905017,3475889,24,1,Lancar
SLK002749,3671015901911840,2025-03-09,Bank CIMB Niaga,KK,300000000,235901481,28014852,12,4,Diragukan
SLK002750,3671015901911840,2024-05-02,Bank CIMB Niaga,KI,300000000,118956770,13878980,24,1,Lancar
SLK002751,3172016611761842,2024-03-31,Bank BNI,KKB,300000000,275569416,13748495,24,1,Lancar
SLK002752,3671015506791844,2026-07-11,Bank CIMB Niaga,KMK,500000000,154418119,9506768,60,1,Lancar
SLK002753,3276016511921845,2026-02-21,Bank Mandiri,KMK,500000000,391855610,8970694,60,1,Lancar
SLK002754,3275010612671846,2025-08-03,Bank Panin,KMK,150000000,92535902,2857666,60,1,Lancar
SLK002755,3275010612671846,2026-06-30,Bank BCA,KMK,150000000,118447339,6521365,24,1,Lancar
SLK002756,3275010612671846,2024-01-05,Bank Permata,KI,150000000,40420289,2780212,60,2,Dalam Perhatian Khusus (DPK)
SLK002757,3173014208671848,2025-07-22,Bank BRI,KI,25000000,19620180,1103032,24,1,Lancar
SLK002758,3671011705001849,2024-10-07,Bank CIMB Niaga,KI,50000000,24070495,2324886,24,5,Macet
SLK002759,3671011705001849,2024-06-11,Bank Permata,KPR,500000000,172037942,11751363,48,1,Lancar
SLK002760,3671011705001849,2026-03-02,Bank CIMB Niaga,KK,100000000,94099558,4293095,24,1,Lancar
SLK002761,3674011810741850,2026-04-22,Bank Danamon,KMK,150000000,122556812,3418774,48,1,Lancar
SLK002762,3674011810741850,2025-11-13,Bank Panin,KK,200000000,42794243,4358580,48,1,Lancar
SLK002763,3171016001901851,2025-10-02,Bank Panin,KMK,50000000,37752120,4455033,12,4,Diragukan
SLK002764,3171016001901851,2025-10-19,BPR Mitra Usaha,KKB,200000000,77289149,5801891,36,1,Lancar
SLK002765,3171016001901851,2025-05-27,Bank Danamon,KPR,150000000,97852145,2811984,60,1,Lancar
SLK002766,3275016708971852,2024-03-07,Bank OCBC NISP,KK,25000000,9787689,755387,36,1,Lancar
SLK002767,3174017012751854,2024-04-25,Bank Danamon,KPR,300000000,264458517,28497396,12,1,Lancar
SLK002768,3174017012751854,2026-06-12,Bank BNI,KKB,25000000,5521114,431690,60,1,Lancar
SLK002769,3271015009911855,2025-08-16,Bank Panin,KMK,500000000,391280262,45854946,12,1,Lancar
SLK002770,3175015011911856,2026-07-02,Bank BNI,KPR,300000000,202426753,9464714,36,5,Macet
SLK002771,3175015011911856,2025-01-10,BPR Mitra Usaha,KPR,25000000,13833768,2278526,12,1,Lancar
SLK002772,3175015011911856,2025-06-30,BPR Mitra Usaha,KI,200000000,138162975,3582445,60,2,Dalam Perhatian Khusus (DPK)
SLK002773,3271011709741857,2024-01-30,Bank CIMB Niaga,KK,75000000,66850749,3549911,24,1,Lancar
SLK002774,3671011908941858,2024-10-06,Bank Mandiri,KK,150000000,65304321,13769903,12,1,Lancar
SLK002775,3671011908941858,2024-02-17,BPR Mitra Usaha,KMK,50000000,35157304,2234487,24,1,Lancar
SLK002776,3671011908941858,2024-02-04,Bank Mandiri,KKB,25000000,20482746,1172808,24,1,Lancar
SLK002777,3674010304981859,2025-08-23,Bank Danamon,KKB,50000000,37521265,1186126,48,1,Lancar
SLK002778,3674010304981859,2025-09-19,Bank Panin,KMK,500000000,206076871,14365159,36,2,Dalam Perhatian Khusus (DPK)
SLK002779,3671012806981860,2025-09-09,Bank Panin,KI,150000000,49331774,2695450,60,1,Lancar
SLK002780,3671015001681861,2024-07-11,Bank BNI,KMK,75000000,25311921,3489677,24,1,Lancar
SLK002781,3671015001681861,2025-02-11,Bank OCBC NISP,KK,200000000,178608597,3524938,60,1,Lancar
SLK002782,3671015001681861,2026-02-15,Bank BRI,KKB,100000000,79912953,2216315,48,1,Lancar
SLK002783,3271016307821862,2026-03-29,Bank Permata,KPR,75000000,70122956,2342274,36,1,Lancar
SLK002784,3271016307821862,2024-01-18,Bank BNI,KMK,300000000,227670245,13013420,24,1,Lancar
SLK002785,3271016307821862,2025-04-02,Bank Danamon,KMK,100000000,56324472,9308277,12,1,Lancar
SLK002786,3671010203651863,2024-12-10,BPR Mitra Usaha,KK,200000000,131004094,8698230,24,3,Kurang Lancar
SLK002787,3671010203651863,2025-08-03,Bank Mandiri,KKB,300000000,220229809,5728539,60,1,Lancar
SLK002788,3671010203651863,2024-10-11,Bank Mandiri,KK,25000000,5191962,756476,36,1,Lancar
SLK002789,3276014205651864,2024-04-28,Bank Mandiri,KKB,100000000,37966351,4293189,24,2,Dalam Perhatian Khusus (DPK)
SLK002790,3276014205651864,2025-04-03,Bank BCA,KMK,50000000,37021516,2288318,24,2,Dalam Perhatian Khusus (DPK)
SLK002791,3276014205651864,2025-08-12,Bank BCA,KKB,75000000,41842623,1645913,48,1,Lancar
SLK002792,3174014305821866,2025-09-30,Bank Permata,KPR,50000000,11608596,1133051,48,1,Lancar
SLK002793,3271015506761867,2024-04-10,Bank Mandiri,KPR,75000000,65941961,1695117,48,2,Dalam Perhatian Khusus (DPK)
SLK002794,3271015506761867,2025-09-11,Bank BRI,KMK,500000000,359277380,44266437,12,1,Lancar
SLK002795,3171016809881868,2025-07-07,Bank Permata,KPR,100000000,62871234,8808040,12,1,Lancar
SLK002796,3171016809881868,2024-08-08,Bank OCBC NISP,KPR,300000000,266098762,6465034,48,3,Kurang Lancar
SLK002797,3171016809881868,2025-08-16,Bank CIMB Niaga,KPR,100000000,30105498,4362974,24,2,Dalam Perhatian Khusus (DPK)
SLK002798,3671012110971870,2025-12-08,Bank Danamon,KK,500000000,152092908,14567636,36,1,Lancar
SLK002799,3172016007991871,2024-07-19,BPR Mitra Usaha,KI,75000000,70819095,2323931,36,1,Lancar
SLK002800,3671017011691872,2024-03-28,Bank Panin,KPR,75000000,50408469,2187911,36,1,Lancar
SLK002801,3671017011691872,2026-06-07,Bank Permata,KKB,50000000,36916492,923784,60,4,Diragukan
SLK002802,3674014306781873,2026-01-20,Bank Danamon,KPR,300000000,271152135,28535642,12,1,Lancar
SLK002803,3674014306781873,2026-06-24,BPR Mitra Usaha,KI,50000000,13133873,1176933,48,1,Lancar
SLK002804,3275012507721874,2024-09-18,Bank OCBC NISP,KK,25000000,14484619,431653,60,1,Lancar
SLK002805,3671014901861875,2024-04-18,Bank BRI,KKB,500000000,431370002,9580108,60,1,Lancar
SLK002806,3671016508851876,2025-06-13,Bank Panin,KK,25000000,15863492,538396,48,1,Lancar
SLK002807,3171010504841878,2026-01-19,Bank BCA,KMK,500000000,345113134,23373384,24,1,Lancar
SLK002808,3271012902881879,2025-04-25,Bank Panin,KKB,500000000,379997056,15905367,36,1,Lancar
SLK002809,3271012902881879,2025-12-22,Bank BNI,KI,50000000,37428674,4644561,12,1,Lancar
SLK002810,3271012902881879,2024-03-01,Bank BCA,KK,75000000,63354758,1641907,48,1,Lancar
SLK002811,3671011001861880,2025-04-20,Bank Mandiri,KI,300000000,62337626,14163523,24,1,Lancar
SLK002812,3173012206951882,2024-01-24,Bank OCBC NISP,KK,25000000,20774434,729431,36,1,Lancar
SLK002813,3271014203681883,2024-05-03,Bank OCBC NISP,KKB,50000000,46972808,883880,60,1,Lancar
SLK002814,3671010510851884,2024-05-11,Bank BNI,KI,50000000,17038023,2236573,24,3,Kurang Lancar
SLK002815,3671010510851884,2024-11-30,Bank Danamon,KK,50000000,44746768,872138,60,1,Lancar
SLK002816,3671010510851884,2025-07-11,Bank BCA,KMK,150000000,128201865,4308860,36,1,Lancar
SLK002817,3671014907721885,2025-10-24,BPR Mitra Usaha,KMK,200000000,188809493,4733447,48,1,Lancar
SLK002818,3674012207681886,2024-06-18,Bank OCBC NISP,KKB,500000000,315182035,44488845,12,4,Diragukan
SLK002819,3671015012711887,2025-03-04,Bank BCA,KPR,500000000,104098149,15764708,36,1,Lancar
SLK002820,3171014105771889,2026-05-21,Bank BCA,KK,75000000,23709261,6953241,12,1,Lancar
SLK002821,3674010412871890,2024-01-31,Bank OCBC NISP,KK,200000000,86551407,3621645,60,1,Lancar
SLK002822,3674010412871890,2026-05-30,Bank CIMB Niaga,KPR,75000000,38316240,2241419,36,1,Lancar
SLK002823,3674010412871890,2024-05-09,Bank CIMB Niaga,KKB,25000000,21122768,551733,48,1,Lancar
SLK002824,3671015205991891,2025-04-24,Bank Permata,KMK,50000000,16076549,2168030,24,1,Lancar
SLK002825,3671015205991891,2024-03-03,Bank CIMB Niaga,KI,100000000,34423690,8999487,12,1,Lancar
SLK002826,3175015209701892,2026-04-03,Bank Danamon,KK,200000000,109921877,8626256,24,2,Dalam Perhatian Khusus (DPK)
SLK002827,3175015209701892,2025-03-30,Bank Permata,KPR,25000000,11940820,536271,48,1,Lancar
SLK002828,3276015109691893,2025-05-23,Bank BCA,KI,200000000,72676078,4302871,48,2,Dalam Perhatian Khusus (DPK)
SLK002829,3671010303031894,2024-12-12,Bank CIMB Niaga,KPR,25000000,8145869,1118914,24,1,Lancar
SLK002830,3671010303031894,2026-06-14,Bank Danamon,KK,75000000,27081939,1421134,60,1,Lancar
SLK002831,3671011503851895,2024-11-04,Bank OCBC NISP,KK,75000000,24365599,1286426,60,3,Kurang Lancar
SLK002832,3671011503851895,2025-11-11,Bank Danamon,KMK,50000000,44497692,2219670,24,1,Lancar
SLK002833,3674016203861896,2025-09-01,Bank Permata,KMK,150000000,40514613,2806713,60,2,Dalam Perhatian Khusus (DPK)
SLK002834,3674012310741897,2024-09-17,BPR Mitra Usaha,KK,100000000,67987982,4421103,24,1,Lancar
SLK002835,3174010211871898,2024-01-19,Bank BCA,KPR,100000000,68682772,4271261,24,2,Dalam Perhatian Khusus (DPK)
SLK002836,3671016810931899,2024-01-29,BPR Mitra Usaha,KMK,100000000,26866567,4610512,24,1,Lancar
SLK002837,3671011102891900,2024-12-08,Bank CIMB Niaga,KPR,75000000,70506855,1721339,48,4,Diragukan
SLK002838,3671011102891900,2024-11-14,BPR Mitra Usaha,KKB,100000000,38069419,4590832,24,1,Lancar
SLK002839,3671015006821901,2024-06-23,Bank Danamon,KI,25000000,17831648,2344131,12,1,Lancar
SLK002840,3671015006821901,2026-04-28,Bank BCA,KKB,150000000,123672290,3543451,48,1,Lancar
SLK002841,3671016001841902,2024-12-23,Bank BNI,KK,200000000,157604985,3657846,60,1,Lancar
SLK002842,3175014906691903,2026-07-13,BPR Mitra Usaha,KKB,50000000,10162566,876916,60,1,Lancar
SLK002843,3271012802661904,2026-04-16,Bank BNI,KK,150000000,117190266,3213691,48,5,Macet
SLK002844,3271012802661904,2026-06-25,Bank Mandiri,KKB,300000000,181357185,12918719,24,1,Lancar
SLK002845,3674011107701906,2026-07-11,Bank Permata,KKB,500000000,330975357,22780942,24,1,Lancar
SLK002846,3674011107701906,2026-01-30,Bank Permata,KKB,50000000,28989112,1165274,48,1,Lancar
SLK002847,3674016301811908,2024-12-31,Bank BRI,KPR,25000000,12933941,561393,48,2,Dalam Perhatian Khusus (DPK)
SLK002848,3674016301811908,2025-10-21,Bank CIMB Niaga,KI,500000000,198845942,8517620,60,1,Lancar
SLK002849,3175014703781909,2024-01-15,Bank BNI,KMK,200000000,75111253,4360247,48,2,Dalam Perhatian Khusus (DPK)
SLK002850,3175014703781909,2026-05-07,Bank Danamon,KKB,50000000,19034957,1451306,36,1,Lancar
SLK002851,3175014703781909,2025-08-26,BPR Mitra Usaha,KKB,300000000,123963913,9190990,36,4,Diragukan
SLK002852,3271015504711910,2024-01-10,Bank Permata,KPR,100000000,63945090,4283518,24,1,Lancar
SLK002853,3671012212971911,2026-03-13,Bank Panin,KMK,25000000,8114387,1107529,24,1,Lancar
SLK002854,3175014804921912,2024-04-14,Bank BRI,KPR,75000000,58745759,2280596,36,5,Macet
SLK002855,3671016404021913,2025-01-12,Bank Mandiri,KKB,150000000,50643883,4769491,36,1,Lancar
SLK002856,3671016404021913,2025-03-24,Bank Panin,KI,50000000,37132844,872289,60,1,Lancar
SLK002857,3671016404021913,2025-03-22,Bank BNI,KPR,300000000,76642694,13541933,24,2,Dalam Perhatian Khusus (DPK)
SLK002858,3674011411981914,2024-02-13,BPR Mitra Usaha,KKB,75000000,46276028,6681454,12,1,Lancar
SLK002859,3674011411981914,2026-01-22,Bank Panin,KMK,75000000,39654593,1594136,48,4,Diragukan
SLK002860,3674011411981914,2026-06-14,Bank BCA,KK,500000000,259178688,23729023,24,1,Lancar
SLK002861,3276014509711915,2024-05-22,Bank BRI,KKB,300000000,122480580,6574416,48,3,Kurang Lancar
SLK002862,3174016712771916,2024-05-02,Bank Permata,KKB,500000000,271014199,22386061,24,1,Lancar
SLK002863,3174016712771916,2024-06-24,Bank BNI,KK,50000000,31753447,903475,60,1,Lancar
SLK002864,3174017004961917,2025-10-23,Bank BNI,KPR,500000000,381856098,42747598,12,1,Lancar
SLK002865,3174017004961917,2024-07-03,Bank Permata,KMK,200000000,147459977,3699162,60,1,Lancar
SLK002866,3275013011671918,2024-03-27,Bank OCBC NISP,KKB,75000000,47249575,2198538,36,1,Lancar
SLK002867,3172011706851919,2024-06-26,Bank Permata,KPR,25000000,20224336,1092812,24,1,Lancar
SLK002868,3173016410931920,2024-12-09,Bank Panin,KMK,75000000,36582416,1664171,48,1,Lancar
SLK002869,3671016007651921,2026-05-07,Bank BNI,KI,25000000,12069122,456768,60,1,Lancar
SLK002870,3671016007651921,2026-03-22,Bank Permata,KMK,100000000,70345259,4629965,24,3,Kurang Lancar
SLK002871,3275015704951922,2024-07-13,Bank Danamon,KPR,100000000,51345328,4251931,24,3,Kurang Lancar
SLK002872,3275015704951922,2026-08-18,Bank BRI,KKB,100000000,20462785,4697829,24,1,Lancar
SLK002873,3174015802791923,2026-07-31,Bank Mandiri,KMK,500000000,173729820,11704324,48,1,Lancar
SLK002874,3172016404711924,2025-11-18,Bank Panin,KI,200000000,137183087,4288199,48,1,Lancar
SLK002875,3172016404711924,2024-08-06,Bank BNI,KI,100000000,22389511,9476013,12,1,Lancar
SLK002876,3172016404711924,2025-10-21,Bank Mandiri,KMK,500000000,168049319,46842250,12,1,Lancar
SLK002877,3175011212811925,2024-06-19,Bank Danamon,KI,50000000,20676223,4283822,12,1,Lancar
SLK002878,3175011212811925,2024-02-14,Bank CIMB Niaga,KKB,100000000,75574493,2338394,48,1,Lancar
SLK002879,3171014111901926,2025-04-27,Bank CIMB Niaga,KMK,100000000,70625824,2855006,36,1,Lancar
SLK002880,3171014111901926,2026-03-10,Bank OCBC NISP,KMK,150000000,43497222,2825301,60,1,Lancar
SLK002881,3171011711971927,2025-07-11,Bank Danamon,KI,75000000,36854218,1361638,60,2,Dalam Perhatian Khusus (DPK)
SLK002882,3271010305921928,2024-08-26,Bank BCA,KMK,200000000,75844980,4407898,48,1,Lancar
SLK002883,3271010305921928,2024-12-14,Bank Permata,KPR,75000000,63470429,3476001,24,1,Lancar
SLK002884,3271010305921928,2025-12-14,Bank Panin,KI,300000000,283335068,27737194,12,1,Lancar
SLK002885,3671010802761929,2024-11-27,Bank Permata,KI,50000000,38355587,903115,60,1,Lancar
SLK002886,3171016002831932,2026-05-10,Bank Panin,KKB,150000000,86002139,4464147,36,1,Lancar
SLK002887,3671011709701933,2024-12-13,Bank BNI,KMK,200000000,87639500,8599582,24,1,Lancar
SLK002888,3674010209681934,2026-03-06,Bank Panin,KPR,100000000,78408541,9391839,12,1,Lancar
SLK002889,3671014606831935,2025-07-09,Bank BNI,KI,50000000,18262070,2224264,24,1,Lancar
SLK002890,3276011808921936,2025-01-22,Bank CIMB Niaga,KK,100000000,24722591,1707114,60,2,Dalam Perhatian Khusus (DPK)
SLK002891,3174016004871937,2024-06-03,Bank BCA,KPR,150000000,120057567,4781805,36,2,Dalam Perhatian Khusus (DPK)
SLK002892,3671011607011938,2024-06-02,BPR Mitra Usaha,KKB,300000000,110169905,5577027,60,1,Lancar
SLK002893,3674012802001939,2024-09-16,Bank Danamon,KK,150000000,60580295,4694426,36,1,Lancar
SLK002894,3671010706821940,2025-04-23,Bank BCA,KKB,500000000,338652162,9386138,60,1,Lancar
SLK002895,3671010709871941,2025-01-28,Bank BNI,KK,300000000,85091960,9197996,36,1,Lancar
SLK002896,3275012106831942,2024-08-02,Bank Mandiri,KI,25000000,21939765,575814,48,1,Lancar
SLK002897,3275012106831942,2024-05-15,Bank BRI,KMK,75000000,19371325,1428336,60,2,Dalam Perhatian Khusus (DPK)
SLK002898,3671010502701943,2025-03-20,Bank Panin,KK,50000000,15301564,1090862,48,1,Lancar
SLK002899,3175011303771944,2024-02-17,Bank OCBC NISP,KMK,25000000,9525516,746621,36,1,Lancar
SLK002900,3671012212681945,2024-04-07,Bank Panin,KI,100000000,80445530,3060642,36,1,Lancar
SLK002901,3276014909671948,2026-06-09,Bank BCA,KPR,50000000,25648971,1504147,36,3,Kurang Lancar
SLK002902,3276014909671948,2024-12-10,Bank OCBC NISP,KPR,200000000,103523141,4304525,48,1,Lancar
SLK002903,3171016005891949,2026-04-11,Bank BCA,KI,200000000,154129101,4577285,48,1,Lancar
SLK002904,3171016005891949,2026-04-04,Bank Danamon,KMK,25000000,22810965,432270,60,2,Dalam Perhatian Khusus (DPK)
SLK002905,3671012502911950,2024-07-01,Bank BCA,KK,150000000,123220143,3220311,48,1,Lancar
SLK002906,3671012502911950,2025-07-13,Bank BNI,KI,150000000,63673502,13355771,12,2,Dalam Perhatian Khusus (DPK)
SLK002907,3172015008851951,2024-10-24,Bank Mandiri,KMK,50000000,33644106,1554765,36,1,Lancar
SLK002908,3276016402921952,2025-04-25,BPR Mitra Usaha,KMK,150000000,36106885,4626805,36,3,Kurang Lancar
SLK002909,3276016402921952,2025-08-30,Bank CIMB Niaga,KPR,200000000,181943365,3757888,60,1,Lancar
SLK002910,3276015103761953,2025-12-15,Bank Danamon,KPR,25000000,14864715,2341293,12,1,Lancar
SLK002911,3276015103761953,2026-06-22,Bank OCBC NISP,KKB,500000000,236776271,11936724,48,1,Lancar
SLK002912,3173015010911954,2026-01-24,Bank Permata,KK,50000000,12148666,932692,60,1,Lancar
SLK002913,3173015010911954,2026-02-12,Bank Permata,KI,150000000,67172016,2766273,60,2,Dalam Perhatian Khusus (DPK)
SLK002914,3671014905881956,2024-12-18,Bank BNI,KKB,500000000,248377978,46331691,12,5,Macet
SLK002915,3671014905881956,2025-04-07,Bank BCA,KMK,150000000,86203498,6735170,24,1,Lancar
SLK002916,3671013005841957,2025-05-12,Bank BCA,KI,300000000,187757897,6681784,48,1,Lancar
SLK002917,3275014410941959,2024-02-14,Bank BNI,KPR,75000000,26702062,1770829,48,1,Lancar
SLK002918,3275014410941959,2025-01-10,Bank OCBC NISP,KPR,50000000,41257813,4759066,12,3,Kurang Lancar
SLK002919,3275016804001960,2024-05-05,Bank OCBC NISP,KPR,300000000,247602374,9531048,36,1,Lancar
SLK002920,3275016804001960,2025-01-24,Bank Danamon,KK,150000000,112000392,4292408,36,1,Lancar
SLK002921,3173017101711961,2026-01-08,Bank BRI,KI,25000000,23227019,477706,60,4,Diragukan
SLK002922,3175016601001964,2024-01-06,Bank Mandiri,KI,500000000,277670214,43945247,12,2,Dalam Perhatian Khusus (DPK)
SLK002923,3175016601001964,2024-07-08,Bank CIMB Niaga,KI,500000000,232452717,11804972,48,1,Lancar
SLK002924,3172016407911965,2024-05-12,Bank BNI,KKB,200000000,92740070,9224230,24,2,Dalam Perhatian Khusus (DPK)
SLK002925,3172016407911965,2024-04-03,Bank Permata,KKB,200000000,92530249,3619170,60,1,Lancar
SLK002926,3172016407911965,2024-11-14,Bank BNI,KI,500000000,251766807,21485642,24,1,Lancar
SLK002927,3171017003891966,2025-11-08,Bank BNI,KPR,500000000,242074661,22063774,24,5,Macet
SLK002928,3276015504001967,2026-07-27,Bank BCA,KK,300000000,130489736,5258765,60,1,Lancar
SLK002929,3671010501661968,2025-09-29,BPR Mitra Usaha,KKB,150000000,94970049,13101996,12,3,Kurang Lancar
SLK002930,3171011612011969,2025-10-03,Bank BRI,KMK,100000000,85604552,2945488,36,1,Lancar
SLK002931,3171011612011969,2024-03-08,Bank BCA,KPR,75000000,66432701,1650477,48,1,Lancar
SLK002932,3271016104961970,2024-05-16,BPR Mitra Usaha,KI,500000000,377034396,10932833,48,3,Kurang Lancar
SLK002933,3276012604881971,2025-03-28,Bank Mandiri,KK,75000000,36489362,1341513,60,1,Lancar
SLK002934,3276012604881971,2026-08-11,BPR Mitra Usaha,KI,100000000,36782301,2923640,36,1,Lancar
SLK002935,3271010212841972,2026-01-12,Bank Mandiri,KKB,25000000,11692200,442288,60,4,Diragukan
SLK002936,3175015405911973,2026-04-11,Bank OCBC NISP,KKB,150000000,54936150,3239923,48,1,Lancar
SLK002937,3271013101771974,2025-10-07,Bank CIMB Niaga,KI,200000000,103762047,3663706,60,1,Lancar
SLK002938,3276011607741975,2024-02-18,Bank BCA,KMK,25000000,12415391,746503,36,1,Lancar
SLK002939,3271016401761976,2025-05-25,Bank BNI,KMK,50000000,36919145,1065639,48,2,Dalam Perhatian Khusus (DPK)
SLK002940,3271016401761976,2024-02-11,Bank BCA,KMK,75000000,66019490,1320487,60,1,Lancar
SLK002941,3271016401761976,2025-09-19,Bank BCA,KMK,200000000,91597945,3565721,60,3,Kurang Lancar
SLK002942,3674010209651977,2025-11-28,Bank CIMB Niaga,KKB,100000000,40993517,2885174,36,1,Lancar
SLK002943,3175012611681980,2024-02-06,Bank Mandiri,KPR,150000000,71488519,12956142,12,3,Kurang Lancar
SLK002944,3173014507031981,2024-07-09,Bank Mandiri,KPR,500000000,209358208,21254217,24,2,Dalam Perhatian Khusus (DPK)
SLK002945,3173014507031981,2025-08-22,Bank Danamon,KKB,50000000,20573162,1452662,36,2,Dalam Perhatian Khusus (DPK)
SLK002946,3271010505651982,2026-07-09,Bank Permata,KK,200000000,128077950,5949633,36,1,Lancar
SLK002947,3271010505651982,2026-04-10,Bank Permata,KPR,50000000,45600054,1477197,36,1,Lancar
SLK002948,3671011512861983,2024-04-01,Bank Mandiri,KI,150000000,36778760,13808457,12,1,Lancar
SLK002949,3171014410021984,2025-07-15,BPR Mitra Usaha,KPR,75000000,69954879,1288925,60,1,Lancar
SLK002950,3173016812901985,2024-08-03,Bank OCBC NISP,KI,500000000,468577055,22376064,24,1,Lancar
SLK002951,3671011811851986,2024-05-18,Bank OCBC NISP,KK,25000000,16563611,432015,60,2,Dalam Perhatian Khusus (DPK)
SLK002952,3671011811851986,2024-08-23,BPR Mitra Usaha,KI,300000000,230124277,6735788,48,1,Lancar
SLK002953,3172014704781987,2026-01-25,BPR Mitra Usaha,KMK,300000000,159347459,28232746,12,2,Dalam Perhatian Khusus (DPK)
SLK002954,3275014410001989,2024-06-19,Bank Danamon,KI,500000000,369196171,10891727,48,1,Lancar
SLK002955,3275014410001989,2024-07-04,Bank CIMB Niaga,KPR,200000000,121074648,3580232,60,1,Lancar
SLK002956,3275014410001989,2025-06-25,Bank Panin,KK,50000000,10943992,1150023,48,1,Lancar
SLK002957,3674010503741990,2026-06-06,Bank Mandiri,KKB,150000000,134251241,2792104,60,3,Kurang Lancar
SLK002958,3674010503741990,2026-03-02,Bank Permata,KK,75000000,51298779,3525932,24,1,Lancar
SLK002959,3271011101941991,2026-04-16,Bank Permata,KPR,100000000,79243231,2222255,48,2,Dalam Perhatian Khusus (DPK)
SLK002960,3171010705851992,2025-04-18,Bank OCBC NISP,KKB,150000000,125962885,6597732,24,1,Lancar
SLK002961,3271012211911993,2024-11-18,Bank CIMB Niaga,KI,50000000,19864850,1164199,48,2,Dalam Perhatian Khusus (DPK)
SLK002962,3271012211911993,2025-08-08,Bank Danamon,KK,500000000,190257974,9511222,60,1,Lancar
SLK002963,3671015604801994,2024-06-17,Bank Panin,KK,25000000,20427709,461579,60,1,Lancar
SLK002964,3271016905911997,2024-04-12,Bank CIMB Niaga,KKB,100000000,32133930,9207075,12,1,Lancar
SLK002965,3271016905911997,2024-08-29,Bank BCA,KI,50000000,32060795,1519857,36,1,Lancar
SLK002966,3271016905911997,2026-06-13,Bank CIMB Niaga,KPR,150000000,102000346,14207271,12,1,Lancar
SLK002967,3671011602791998,2025-12-01,Bank BNI,KPR,50000000,19481460,1141650,48,1,Lancar
SLK002968,3671011602791998,2025-04-09,Bank CIMB Niaga,KK,200000000,158511522,3771646,60,1,Lancar
SLK002969,3671011907762000,2025-12-21,Bank BCA,KMK,200000000,177362915,3666057,60,4,Diragukan
SLK002970,3671011907762000,2025-02-19,Bank Mandiri,KK,200000000,186922274,4661380,48,3,Kurang Lancar
SLK002971,3175011902872001,2024-09-28,Bank OCBC NISP,KK,200000000,134932885,17400745,12,3,Kurang Lancar
SLK002972,3173010912932003,2025-11-28,Bank BCA,KK,25000000,6275919,437727,60,1,Lancar
SLK002973,3173010912932003,2024-06-10,Bank BRI,KI,100000000,81169957,2960816,36,1,Lancar
SLK002974,3171012003662005,2024-08-06,Bank CIMB Niaga,KPR,150000000,138218583,2825580,60,1,Lancar
SLK002975,3173010202032006,2025-10-11,BPR Mitra Usaha,KPR,75000000,29090982,1295926,60,3,Kurang Lancar
SLK002976,3173010202032006,2024-10-12,Bank OCBC NISP,KPR,300000000,272551174,6650861,48,1,Lancar
SLK002977,3671015204962007,2025-07-02,Bank CIMB Niaga,KK,100000000,74802512,9215657,12,1,Lancar
SLK002978,3174015011692009,2024-12-29,Bank Permata,KK,300000000,256172070,8986607,36,1,Lancar
SLK002979,3174015011692009,2026-03-21,Bank CIMB Niaga,KPR,150000000,138683631,6544215,24,1,Lancar
SLK002980,3174015011692009,2024-12-02,Bank BCA,KPR,150000000,46907794,3286641,48,2,Dalam Perhatian Khusus (DPK)
SLK002981,3671012810772010,2024-06-30,Bank BCA,KPR,500000000,223332060,23114010,24,1,Lancar
SLK002982,3671012810772010,2025-04-19,Bank BRI,KK,150000000,96521216,13093823,12,1,Lancar
SLK002983,3671016705682011,2026-01-30,BPR Mitra Usaha,KMK,50000000,23988565,909173,60,1,Lancar
SLK002984,3671016705682011,2024-09-19,Bank BRI,KKB,150000000,76764165,4672533,36,1,Lancar
SLK002985,3271014809872012,2026-01-05,Bank Mandiri,KKB,500000000,338493194,8724038,60,1,Lancar
SLK002986,3173015909022013,2024-03-06,Bank BNI,KI,25000000,20132864,1069108,24,2,Dalam Perhatian Khusus (DPK)
SLK002987,3671015309862014,2026-03-19,BPR Mitra Usaha,KMK,100000000,79886882,2844174,36,1,Lancar
SLK002988,3671013001022015,2024-10-03,Bank BNI,KK,150000000,92339558,3365662,48,1,Lancar
SLK002989,3671013001022015,2024-05-12,Bank OCBC NISP,KKB,500000000,153815809,46103159,12,2,Dalam Perhatian Khusus (DPK)
SLK002990,3175014604662016,2026-03-15,Bank CIMB Niaga,KKB,75000000,57790980,3389361,24,1,Lancar
SLK002991,3276016006892017,2024-04-28,Bank BRI,KI,300000000,196498956,13472517,24,2,Dalam Perhatian Khusus (DPK)
SLK002992,3276016006892017,2026-01-20,BPR Mitra Usaha,KPR,25000000,17609571,1135993,24,2,Dalam Perhatian Khusus (DPK)
SLK002993,3173014511992018,2024-11-26,Bank CIMB Niaga,KPR,100000000,35864170,2235990,48,3,Kurang Lancar
SLK002994,3671015203652019,2026-01-27,Bank BRI,KPR,300000000,250600475,6738448,48,1,Lancar
SLK002995,3671015203652019,2026-01-11,BPR Mitra Usaha,KMK,300000000,96328296,8770750,36,1,Lancar
SLK002996,3276015006762020,2026-05-06,Bank BNI,KKB,75000000,42449458,3523436,24,3,Kurang Lancar
SLK002997,3174016101012021,2024-06-25,Bank Mandiri,KKB,25000000,11508354,2357600,12,1,Lancar
SLK002998,3174016101012021,2026-03-24,Bank OCBC NISP,KKB,50000000,12759305,1568238,36,1,Lancar
SLK002999,3671015409862022,2025-10-15,Bank BNI,KMK,25000000,10495260,452608,60,1,Lancar
SLK003000,3671015409862022,2025-09-27,Bank OCBC NISP,KK,100000000,29317879,9354294,12,1,Lancar
SLK003001,3671014904942023,2024-01-28,Bank BNI,KK,500000000,454462121,23491146,24,1,Lancar
SLK003002,3671012704712024,2025-09-18,Bank BNI,KPR,500000000,180290654,9471134,60,5,Macet
SLK003003,3671012704712024,2025-02-13,Bank Panin,KKB,75000000,41324388,2354365,36,1,Lancar
SLK003004,3671012704712024,2024-06-13,Bank Mandiri,KKB,200000000,79068670,17840477,12,1,Lancar
SLK003005,3671016605702025,2024-12-17,Bank BNI,KK,300000000,206816922,9277079,36,5,Macet
SLK003006,3671016605702025,2024-04-28,BPR Mitra Usaha,KMK,500000000,254482861,11332367,48,1,Lancar
SLK003007,3671016605702025,2026-02-18,BPR Mitra Usaha,KI,500000000,320929495,14405383,36,1,Lancar
SLK003008,3172014305922026,2025-07-16,Bank BRI,KK,25000000,10457886,2148761,12,1,Lancar
SLK003009,3173010808952027,2026-08-15,BPR Mitra Usaha,KMK,75000000,23193225,1713463,48,1,Lancar
SLK003010,3173010808952027,2025-06-06,Bank BNI,KPR,100000000,91030573,3117205,36,1,Lancar
SLK003011,3173010808952027,2024-01-14,Bank OCBC NISP,KI,200000000,83103975,9101252,24,2,Dalam Perhatian Khusus (DPK)
SLK003012,3671016907852028,2025-09-29,Bank Panin,KPR,25000000,9225208,470644,60,1,Lancar
SLK003013,3671015509682029,2025-06-28,Bank Danamon,KPR,150000000,130923517,3374876,48,1,Lancar
SLK003014,3171010201832030,2024-01-12,Bank Danamon,KMK,200000000,110700586,3620639,60,2,Dalam Perhatian Khusus (DPK)
SLK003015,3276012501812031,2025-02-04,Bank Panin,KMK,150000000,120160920,3334760,48,1,Lancar
SLK003016,3172015605712033,2024-12-20,Bank BCA,KMK,300000000,218982763,28101300,12,1,Lancar
SLK003017,3172015605712033,2024-09-28,Bank Permata,KI,100000000,87553607,2149924,48,1,Lancar
SLK003018,3172015605712033,2025-04-16,Bank Panin,KPR,50000000,10012913,2247815,24,2,Dalam Perhatian Khusus (DPK)
SLK003019,3171014712652034,2025-02-08,Bank Permata,KI,50000000,47275338,1163112,48,1,Lancar
SLK003020,3271010905742035,2024-03-14,Bank OCBC NISP,KKB,100000000,30137285,2140211,48,1,Lancar
SLK003021,3671010902822036,2026-08-06,Bank BRI,KKB,25000000,21028755,740041,36,1,Lancar
SLK003022,3671011408972037,2026-06-15,Bank BRI,KPR,25000000,5881182,2224670,12,1,Lancar
SLK003023,3671011408972037,2024-08-23,Bank Panin,KMK,25000000,22943725,463638,60,1,Lancar
SLK003024,3671011301932038,2026-07-11,Bank CIMB Niaga,KPR,100000000,55951667,4522526,24,2,Dalam Perhatian Khusus (DPK)
SLK003025,3674016308722039,2026-06-11,Bank Danamon,KKB,300000000,193628908,14195623,24,1,Lancar
SLK003026,3671014207992040,2026-06-08,Bank Danamon,KMK,25000000,8094197,556535,48,3,Kurang Lancar
SLK003027,3671016306862043,2025-12-27,Bank CIMB Niaga,KK,75000000,59746804,2318925,36,1,Lancar
SLK003028,3671016306862043,2025-09-08,Bank OCBC NISP,KPR,150000000,89237062,12913851,12,1,Lancar
SLK003029,3671016306862043,2024-07-27,Bank Mandiri,KMK,200000000,180747954,3412834,60,2,Dalam Perhatian Khusus (DPK)
SLK003030,3671012210992044,2024-10-30,Bank CIMB Niaga,KKB,25000000,20805531,564761,48,1,Lancar
SLK003031,3671014704012046,2026-02-06,Bank BNI,KI,200000000,119692933,3707815,60,1,Lancar
SLK003032,3671014704012046,2025-07-11,Bank CIMB Niaga,KPR,50000000,33125335,4757368,12,1,Lancar
SLK003033,3271016301922047,2024-11-28,Bank CIMB Niaga,KPR,200000000,67228395,3805991,60,1,Lancar
SLK003034,3671014708702048,2026-03-29,Bank Mandiri,KMK,100000000,24840507,9383553,12,2,Dalam Perhatian Khusus (DPK)
SLK003035,3275016112882049,2024-05-08,Bank BRI,KI,500000000,347521814,14499003,36,1,Lancar
SLK003036,3275016112882049,2024-03-16,BPR Mitra Usaha,KK,100000000,48392513,2213768,48,1,Lancar
SLK003037,3671013009762050,2025-10-24,Bank Panin,KPR,75000000,46091167,1636600,48,3,Kurang Lancar
SLK003038,3671012009992051,2025-07-27,Bank BCA,KI,25000000,14522697,569479,48,1,Lancar
SLK003039,3671012009992051,2024-03-21,Bank BRI,KMK,25000000,18702405,556295,48,1,Lancar
SLK003040,3171012204832053,2025-01-01,BPR Mitra Usaha,KI,150000000,59005625,4586299,36,4,Diragukan
SLK003041,3276010804822054,2024-02-27,Bank Panin,KK,75000000,29011473,3249850,24,1,Lancar
SLK003042,3276010804822054,2025-06-16,BPR Mitra Usaha,KI,150000000,104415606,3345186,48,1,Lancar
SLK003043,3674016801002055,2024-01-25,BPR Mitra Usaha,KI,100000000,45908750,1780036,60,2,Dalam Perhatian Khusus (DPK)
SLK003044,3674016801002055,2025-10-31,Bank BRI,KI,150000000,140278311,3555891,48,1,Lancar
SLK003045,3271011012752060,2025-12-30,Bank Mandiri,KI,200000000,52519663,9245729,24,2,Dalam Perhatian Khusus (DPK)
SLK003046,3271011012752060,2026-01-04,Bank CIMB Niaga,KMK,50000000,28796753,2282096,24,4,Diragukan
SLK003047,3275016409912061,2026-04-08,Bank OCBC NISP,KKB,300000000,247473570,8806795,36,1,Lancar
SLK003048,3271012506932063,2025-02-21,BPR Mitra Usaha,KKB,100000000,32500631,1792575,60,1,Lancar
SLK003049,3271012506932063,2024-02-16,Bank Permata,KK,25000000,6129760,1097737,24,1,Lancar
SLK003050,3271012506932063,2024-07-25,Bank Panin,KI,75000000,24279820,1776519,48,1,Lancar
SLK003051,3175016209662064,2025-07-19,Bank BRI,KKB,25000000,21138322,784675,36,3,Kurang Lancar
SLK003052,3175016209662064,2025-12-25,Bank Permata,KKB,25000000,22669491,443166,60,1,Lancar
SLK003053,3175016209662064,2024-10-23,Bank Mandiri,KMK,100000000,94987946,9234554,12,1,Lancar
SLK003054,3174014104712065,2025-11-13,Bank Mandiri,KK,200000000,54856049,17115024,12,2,Dalam Perhatian Khusus (DPK)
SLK003055,3174014104712065,2025-11-10,Bank OCBC NISP,KKB,100000000,58503348,3161997,36,1,Lancar
SLK003056,3671010401702066,2024-08-14,Bank Danamon,KPR,100000000,59875983,4788274,24,1,Lancar
SLK003057,3276012509892067,2025-08-17,Bank Permata,KI,200000000,107935195,5918889,36,1,Lancar
SLK003058,3172016601972068,2025-01-09,BPR Mitra Usaha,KPR,50000000,19781508,1568300,36,1,Lancar
SLK003059,3172016601972068,2025-08-28,Bank Mandiri,KMK,100000000,45020088,1896716,60,1,Lancar
SLK003060,3275010807682069,2024-05-24,Bank BCA,KI,25000000,7765154,534670,48,1,Lancar
SLK003061,3276010504862070,2025-01-07,Bank Danamon,KI,500000000,358753732,47789216,12,1,Lancar
SLK003062,3175014304022071,2024-02-23,Bank BCA,KI,75000000,44815793,1381375,60,1,Lancar
SLK003063,3175014304022071,2024-12-12,Bank BNI,KPR,500000000,103696311,21443391,24,3,Kurang Lancar
SLK003064,3175014304022071,2025-12-02,Bank BNI,KKB,500000000,349040833,8856609,60,3,Kurang Lancar
SLK003065,3275014612872072,2026-01-16,Bank CIMB Niaga,KKB,150000000,32897242,6720366,24,1,Lancar
SLK003066,3275014612872072,2025-03-15,BPR Mitra Usaha,KI,50000000,40128606,851553,60,2,Dalam Perhatian Khusus (DPK)
SLK003067,3275014612872072,2025-04-21,Bank Mandiri,KKB,75000000,53248653,6939944,12,1,Lancar
SLK003068,3174011006002073,2025-05-01,Bank Danamon,KKB,500000000,115536717,21658241,24,1,Lancar
SLK003069,3671012810012074,2024-11-01,Bank CIMB Niaga,KMK,300000000,175383364,6632623,48,1,Lancar
SLK003070,3671012810012074,2024-08-03,Bank BCA,KPR,75000000,42820310,2284947,36,2,Dalam Perhatian Khusus (DPK)
SLK003071,3671010411782075,2025-06-11,Bank BRI,KI,200000000,148028040,4546360,48,1,Lancar
SLK003072,3671010411782075,2024-05-02,Bank BCA,KK,300000000,169587064,5716686,60,1,Lancar
SLK003073,3171016110892076,2026-01-14,Bank CIMB Niaga,KPR,200000000,166797471,3515616,60,1,Lancar
SLK003074,3276015403922077,2026-02-11,Bank OCBC NISP,KI,200000000,102800955,6016573,36,2,Dalam Perhatian Khusus (DPK)
SLK003075,3671010701942078,2024-01-20,Bank Danamon,KPR,200000000,160926502,18042152,12,2,Dalam Perhatian Khusus (DPK)
SLK003076,3671010701942078,2024-11-23,Bank BNI,KI,75000000,38571548,2253616,36,2,Dalam Perhatian Khusus (DPK)
SLK003077,3671016205792079,2024-04-13,Bank Permata,KK,150000000,67223413,12773544,12,3,Kurang Lancar
SLK003078,3671016205792079,2026-05-09,Bank Danamon,KPR,200000000,66470594,6346332,36,1,Lancar
SLK003079,3671016205792079,2024-11-20,Bank Mandiri,KI,150000000,125877896,4505171,36,1,Lancar
SLK003080,3173014208742080,2025-01-31,BPR Mitra Usaha,KPR,300000000,224678878,5537754,60,1,Lancar
SLK003081,3173014208742080,2026-03-28,Bank Danamon,KMK,25000000,15398013,766960,36,1,Lancar
SLK003082,3173014208742080,2024-12-27,Bank Panin,KI,75000000,34651792,6897779,12,1,Lancar
SLK003083,3171012405692081,2026-01-14,Bank Permata,KMK,100000000,81752964,4608992,24,3,Kurang Lancar
SLK003084,3171012405692081,2025-04-18,Bank BRI,KI,150000000,76458741,13363904,12,2,Dalam Perhatian Khusus (DPK)
SLK003085,3174014702812082,2025-07-27,Bank Panin,KPR,300000000,108289148,9147447,36,1,Lancar
SLK003086,3671016709812083,2026-03-11,BPR Mitra Usaha,KK,300000000,194562381,8941019,36,1,Lancar
SLK003087,3671016709812083,2024-07-23,BPR Mitra Usaha,KI,300000000,244988551,5186487,60,1,Lancar
SLK003088,3276012102902084,2026-03-23,Bank Panin,KK,150000000,106330934,3506760,48,4,Diragukan
SLK003089,3275014109752085,2026-01-18,Bank Permata,KKB,75000000,22254337,2322642,36,1,Lancar
SLK003090,3275014109752085,2025-06-01,BPR Mitra Usaha,KK,300000000,146600280,13596753,24,5,Macet
SLK003091,3275014109752085,2024-01-15,Bank BCA,KMK,200000000,110652836,4768191,48,1,Lancar
SLK003092,3174012908982087,2025-02-13,Bank Danamon,KI,100000000,47373805,2222704,48,1,Lancar
SLK003093,3171010701892088,2025-06-26,Bank Danamon,KPR,100000000,42525847,2375347,48,1,Lancar
SLK003094,3171010701892088,2024-11-15,Bank BNI,KMK,25000000,6582321,2168270,12,1,Lancar
SLK003095,3671012411852090,2024-11-17,Bank BRI,KI,300000000,92484487,13601330,24,1,Lancar
SLK003096,3671012411852090,2026-02-03,Bank Permata,KMK,500000000,176649378,14300939,36,2,Dalam Perhatian Khusus (DPK)
SLK003097,3275014601002091,2024-09-17,Bank BCA,KKB,100000000,53810096,2953513,36,3,Kurang Lancar
SLK003098,3275014601002091,2026-04-28,Bank BNI,KKB,200000000,116550406,18523271,12,1,Lancar
SLK003099,3275014601002091,2024-01-19,Bank OCBC NISP,KI,50000000,22015941,2273645,24,1,Lancar
SLK003100,3671010409692092,2025-05-23,Bank CIMB Niaga,KI,150000000,128088914,2573767,60,1,Lancar
SLK003101,3271016308762093,2026-07-06,Bank Mandiri,KMK,200000000,132216212,5926128,36,1,Lancar
SLK003102,3271016308762093,2026-06-14,Bank Danamon,KMK,75000000,65419310,7002946,12,1,Lancar
SLK003103,3674011305872094,2024-07-06,BPR Mitra Usaha,KPR,500000000,431353061,21992742,24,2,Dalam Perhatian Khusus (DPK)
SLK003104,3173016504992095,2026-04-03,Bank Mandiri,KKB,50000000,25413415,1490454,36,2,Dalam Perhatian Khusus (DPK)
SLK003105,3674014702822097,2025-08-06,BPR Mitra Usaha,KI,100000000,56773536,4506607,24,1,Lancar
SLK003106,3674014702822097,2025-09-08,Bank OCBC NISP,KKB,150000000,78117388,3196327,48,3,Kurang Lancar
SLK003107,3173016209892100,2026-01-21,Bank Panin,KK,150000000,42603167,3246486,48,1,Lancar
SLK003108,3671014505992101,2026-05-15,Bank BCA,KMK,200000000,79561929,6333030,36,1,Lancar
SLK003109,3671014505992101,2026-08-11,Bank CIMB Niaga,KK,75000000,29677113,3454808,24,1,Lancar
SLK003110,3671014505992101,2025-01-13,BPR Mitra Usaha,KMK,200000000,69823103,17488349,12,1,Lancar
SLK003111,3271014311912102,2026-08-18,Bank Danamon,KK,75000000,46660980,3218782,24,2,Dalam Perhatian Khusus (DPK)
SLK003112,3271014311912102,2024-01-26,Bank Danamon,KPR,150000000,102836591,13918097,12,3,Kurang Lancar
SLK003113,3276010310702103,2024-06-23,Bank CIMB Niaga,KK,200000000,139763467,17564421,12,1,Lancar
SLK003114,3276010310702103,2026-02-14,Bank OCBC NISP,KK,25000000,13480562,1183991,24,1,Lancar
SLK003115,3275015501032104,2024-10-16,Bank Mandiri,KPR,150000000,53339140,13502658,12,5,Macet
SLK003116,3175016603722105,2024-04-17,Bank CIMB Niaga,KKB,75000000,52145721,6494409,12,2,Dalam Perhatian Khusus (DPK)
SLK003117,3175016603722105,2024-04-16,Bank CIMB Niaga,KMK,300000000,265464326,27438473,12,4,Diragukan
SLK003118,3671016010892106,2025-11-27,Bank Panin,KK,150000000,115477090,3431725,48,1,Lancar
SLK003119,3671016010892106,2025-04-19,Bank OCBC NISP,KK,150000000,125732975,13666485,12,1,Lancar
SLK003120,3671016010892106,2026-02-16,Bank Danamon,KMK,200000000,75370342,5841795,36,2,Dalam Perhatian Khusus (DPK)
SLK003121,3173016312732107,2024-11-27,Bank Permata,KK,300000000,283745780,9314630,36,1,Lancar
SLK003122,3674011110742108,2025-08-25,Bank BRI,KI,500000000,342503758,11331713,48,1,Lancar
SLK003123,3674011110742108,2025-08-28,Bank BCA,KI,500000000,285068551,46854076,12,1,Lancar
SLK003124,3671014802702109,2025-04-12,BPR Mitra Usaha,KMK,50000000,42009634,1496518,36,1,Lancar
SLK003125,3171013011832110,2025-10-05,Bank BCA,KKB,100000000,36031483,2948094,36,2,Dalam Perhatian Khusus (DPK)
SLK003126,3276010507952112,2025-07-21,Bank Panin,KPR,25000000,12471736,437325,60,1,Lancar
SLK003127,3276010507952112,2025-11-21,Bank Mandiri,KPR,150000000,118222137,4497015,36,1,Lancar
SLK003128,3172010506962113,2025-12-16,Bank OCBC NISP,KKB,300000000,275421150,9012671,36,1,Lancar
SLK003129,3172010506962113,2025-12-07,Bank BNI,KI,100000000,28225027,4605107,24,1,Lancar
SLK003130,3275011406702114,2024-01-12,BPR Mitra Usaha,KK,100000000,91852588,2331070,48,1,Lancar
SLK003131,3275011406702114,2024-11-13,Bank OCBC NISP,KK,500000000,340142606,47738870,12,1,Lancar
SLK003132,3175016406822115,2024-04-12,Bank CIMB Niaga,KMK,50000000,11496372,4586159,12,2,Dalam Perhatian Khusus (DPK)
SLK003133,3172016403842116,2026-07-14,Bank Danamon,KK,25000000,8027765,551746,48,2,Dalam Perhatian Khusus (DPK)
SLK003134,3172016403842116,2024-07-09,Bank Panin,KPR,200000000,182571078,6242590,36,3,Kurang Lancar
SLK003135,3674011407932117,2024-05-21,Bank OCBC NISP,KKB,25000000,23016043,581517,48,1,Lancar
SLK003136,3171016012972119,2025-05-17,Bank OCBC NISP,KPR,75000000,65821876,2352739,36,1,Lancar
SLK003137,3271010411782120,2024-04-14,Bank Permata,KPR,200000000,87243017,3493234,60,3,Kurang Lancar
SLK003138,3271010411782120,2024-09-04,Bank OCBC NISP,KPR,300000000,76816602,7152545,48,1,Lancar
SLK003139,3271010411782120,2026-07-28,Bank Permata,KKB,50000000,24141534,4617708,12,1,Lancar
SLK003140,3671016201722121,2026-02-20,Bank OCBC NISP,KK,150000000,39813572,3521529,48,1,Lancar
SLK003141,3671012806942122,2024-12-17,Bank Permata,KI,150000000,65585756,13177051,12,1,Lancar
SLK003142,3671016108732123,2025-12-01,Bank OCBC NISP,KMK,75000000,68626139,1324136,60,3,Kurang Lancar
SLK003143,3671012203662124,2025-01-21,Bank CIMB Niaga,KI,300000000,185924859,6787550,48,1,Lancar
SLK003144,3671012203662124,2025-02-10,Bank BCA,KMK,300000000,84592641,9036882,36,1,Lancar
SLK003145,3275010607902126,2024-04-06,Bank Permata,KK,500000000,376379372,43138549,12,1,Lancar
SLK003146,3175012904942127,2025-01-12,BPR Mitra Usaha,KPR,75000000,38472705,2144560,36,1,Lancar
SLK003147,3175014504952128,2026-06-18,Bank BRI,KPR,300000000,132210776,5247227,60,1,Lancar
SLK003148,3275015110872129,2024-03-13,Bank OCBC NISP,KMK,200000000,160575960,6112159,36,1,Lancar
SLK003149,3275015110872129,2025-03-16,Bank Panin,KKB,200000000,76267349,4705993,48,1,Lancar
SLK003150,3275015110872129,2024-11-04,Bank OCBC NISP,KK,75000000,46190330,2213315,36,5,Macet
SLK003151,3671017005802130,2024-06-16,Bank Danamon,KKB,300000000,225242459,27723049,12,2,Dalam Perhatian Khusus (DPK)
SLK003152,3671017005802130,2025-10-15,Bank BNI,KPR,75000000,31678819,3380540,24,2,Dalam Perhatian Khusus (DPK)
SLK003153,3671017005802130,2026-01-19,Bank BNI,KI,500000000,195572879,9004209,60,2,Dalam Perhatian Khusus (DPK)
SLK003154,3175015707852132,2024-11-28,Bank BCA,KMK,75000000,41789198,6778039,12,1,Lancar
SLK003155,3175015707852132,2024-05-05,Bank BCA,KMK,100000000,68671201,2926978,36,2,Dalam Perhatian Khusus (DPK)
SLK003156,3671015007742133,2024-06-18,Bank Panin,KK,75000000,20098962,2191660,36,1,Lancar
SLK003157,3671015107852134,2024-07-26,Bank BCA,KPR,200000000,171980825,18256648,12,1,Lancar
SLK003158,3172011109762135,2025-08-08,Bank BCA,KPR,75000000,40829863,6839048,12,1,Lancar
SLK003159,3172012808972136,2024-03-19,Bank Mandiri,KMK,75000000,35085905,2366386,36,2,Dalam Perhatian Khusus (DPK)
SLK003160,3175012405922137,2024-04-01,Bank BRI,KMK,50000000,32653482,4342166,12,1,Lancar
SLK003161,3671014911792139,2026-04-05,Bank BCA,KKB,200000000,139079033,6324780,36,3,Kurang Lancar
SLK003162,3674016705982140,2026-04-11,Bank CIMB Niaga,KKB,300000000,209926976,13602702,24,1,Lancar
SLK003163,3671016207032141,2024-09-21,Bank Panin,KMK,200000000,57583088,8886846,24,2,Dalam Perhatian Khusus (DPK)
SLK003164,3173012208892142,2024-11-16,Bank OCBC NISP,KK,500000000,124121981,15971312,36,1,Lancar
SLK003165,3173012208892142,2025-03-22,Bank BCA,KK,75000000,56370575,2130921,36,3,Kurang Lancar
SLK003166,3173012208892142,2026-06-09,Bank CIMB Niaga,KI,75000000,25342373,1276556,60,1,Lancar
SLK003167,3674011709802143,2024-07-12,Bank Panin,KMK,50000000,35860413,942240,60,1,Lancar
SLK003168,3674011709802143,2024-07-09,Bank BCA,KI,500000000,261696345,11765579,48,1,Lancar
SLK003169,3276012005762144,2024-09-20,Bank Danamon,KK,300000000,151038112,5179369,60,1,Lancar
SLK003170,3276012005762144,2024-06-06,Bank CIMB Niaga,KKB,300000000,213098515,26225262,12,1,Lancar
SLK003171,3276012005762144,2026-02-06,Bank Mandiri,KK,75000000,61301006,1358199,60,5,Macet
SLK003172,3671010104952145,2024-01-26,Bank OCBC NISP,KMK,200000000,79100259,17957732,12,4,Diragukan
SLK003173,3671010104952145,2025-08-21,Bank BRI,KKB,200000000,58495630,4765815,48,2,Dalam Perhatian Khusus (DPK)
SLK003174,3271014104962147,2025-06-13,Bank Danamon,KKB,300000000,272391187,8997566,36,4,Diragukan
SLK003175,3671015810772148,2024-10-02,Bank BNI,KKB,100000000,60920051,1878872,60,1,Lancar
SLK003176,3674015608772149,2025-12-11,Bank CIMB Niaga,KI,50000000,33079579,4764533,12,1,Lancar
SLK003177,3674015608772149,2024-12-03,Bank CIMB Niaga,KI,25000000,9734069,1066002,24,1,Lancar
SLK003178,3276015605782150,2025-11-24,Bank CIMB Niaga,KKB,25000000,6049701,2243099,12,1,Lancar
SLK003179,3276015605782150,2024-03-03,Bank BRI,KKB,75000000,29691355,3380695,24,1,Lancar
SLK003180,3172010703032151,2025-10-01,Bank BCA,KPR,25000000,10164533,716499,36,5,Macet
SLK003181,3172010703032151,2026-04-23,Bank CIMB Niaga,KKB,75000000,16283191,3325175,24,5,Macet
SLK003182,3671010508982155,2025-02-19,Bank Permata,KK,50000000,40001512,885479,60,1,Lancar
SLK003183,3671014612872156,2025-10-02,Bank BRI,KMK,75000000,61518777,1369580,60,3,Kurang Lancar
SLK003184,3671014612872156,2025-05-10,Bank BRI,KK,500000000,336516863,45619066,12,5,Macet
SLK003185,3671015101962158,2025-04-15,Bank BRI,KI,50000000,33492545,1140902,48,2,Dalam Perhatian Khusus (DPK)
SLK003186,3671015101962158,2026-03-13,Bank BNI,KMK,300000000,64377851,5204806,60,1,Lancar
SLK003187,3671015412922159,2026-01-07,Bank Panin,KKB,100000000,30304803,3062048,36,5,Macet
SLK003188,3671015412922159,2024-01-27,Bank Panin,KKB,75000000,47913362,1668676,48,2,Dalam Perhatian Khusus (DPK)
SLK003189,3275013110782160,2026-08-22,Bank BNI,KI,50000000,12514472,1097779,48,1,Lancar
SLK003190,3271011502022161,2026-04-27,Bank CIMB Niaga,KPR,300000000,64520444,5593721,60,1,Lancar
SLK003191,3172012807862162,2024-12-24,Bank BNI,KK,100000000,22383219,9146181,12,3,Kurang Lancar
SLK003192,3171015006812163,2025-03-26,Bank Danamon,KMK,100000000,94103463,2196999,48,1,Lancar
SLK003193,3275014109802164,2025-07-16,Bank BRI,KK,500000000,316793772,8552079,60,3,Kurang Lancar
SLK003194,3275014109802164,2026-07-04,Bank Mandiri,KI,100000000,31936568,1724985,60,1,Lancar
SLK003195,3275014109802164,2025-06-09,Bank Danamon,KKB,100000000,76557743,3007704,36,5,Macet
SLK003196,3671015404012165,2025-12-18,BPR Mitra Usaha,KK,200000000,65384534,6101384,36,1,Lancar
SLK003197,3671016608742166,2024-02-17,Bank BRI,KK,75000000,46220832,3337405,24,1,Lancar
SLK003198,3671016608742166,2024-11-06,Bank CIMB Niaga,KMK,500000000,137809501,45885797,12,2,Dalam Perhatian Khusus (DPK)
SLK003199,3175011204822167,2026-08-13,Bank BRI,KKB,500000000,128043364,15605812,36,1,Lancar
SLK003200,3175011204822167,2025-06-13,Bank BNI,KKB,75000000,32402195,1383528,60,3,Kurang Lancar
SLK003201,3175011204822167,2025-12-09,Bank BRI,KKB,200000000,46743450,3750767,60,3,Kurang Lancar
SLK003202,3674015412682169,2025-07-19,Bank CIMB Niaga,KK,50000000,43897339,903749,60,3,Kurang Lancar
SLK003203,3674015412682169,2026-07-07,Bank CIMB Niaga,KMK,25000000,13314905,447689,60,1,Lancar
SLK003204,3174014704012170,2025-12-02,Bank CIMB Niaga,KKB,25000000,19765760,1133390,24,1,Lancar
SLK003205,3271011607922171,2025-09-05,Bank Mandiri,KPR,75000000,47773643,3329450,24,1,Lancar
SLK003206,3271011505702172,2024-10-20,Bank OCBC NISP,KPR,25000000,9384561,2190119,12,2,Dalam Perhatian Khusus (DPK)
SLK003207,3271011505702172,2024-03-24,Bank Danamon,KI,300000000,179553919,26258457,12,1,Lancar
SLK003208,3172017011972173,2026-07-06,Bank OCBC NISP,KK,50000000,42269580,4335084,12,1,Lancar
SLK003209,3172017011972173,2024-06-19,Bank Permata,KMK,50000000,43398131,916604,60,1,Lancar
SLK003210,3671010703722174,2026-05-06,Bank Permata,KMK,500000000,179656915,47113492,12,1,Lancar
SLK003211,3671015506982176,2026-07-06,Bank Panin,KI,150000000,42888229,2577140,60,1,Lancar
SLK003212,3172016002932177,2024-09-12,Bank Panin,KI,300000000,233650579,6763411,48,2,Dalam Perhatian Khusus (DPK)
SLK003213,3172016002932177,2024-01-12,Bank Mandiri,KMK,50000000,33692335,4773995,12,3,Kurang Lancar
SLK003214,3671016112972178,2025-11-29,Bank BRI,KK,50000000,36923916,1479734,36,2,Dalam Perhatian Khusus (DPK)
SLK003215,3174011011792179,2025-04-28,Bank Panin,KMK,500000000,439082595,42561631,12,1,Lancar
SLK003216,3171014510762180,2025-03-07,Bank OCBC NISP,KK,200000000,167196261,4341308,48,1,Lancar
SLK003217,3175012809682181,2024-05-22,Bank CIMB Niaga,KKB,50000000,25196737,4271227,12,1,Lancar
SLK003218,3671011109832183,2024-11-17,Bank Danamon,KI,100000000,66281034,4560236,24,2,Dalam Perhatian Khusus (DPK)
SLK003219,3671016103972185,2024-01-05,BPR Mitra Usaha,KI,150000000,100972693,6950078,24,3,Kurang Lancar
SLK003220,3173015902872187,2024-06-01,Bank BRI,KI,500000000,147955924,22713066,24,1,Lancar
SLK003221,3173015902872187,2024-05-03,Bank BRI,KK,500000000,122941786,10651668,48,1,Lancar
SLK003222,3671014808912188,2025-07-14,Bank BCA,KKB,100000000,58985386,9550941,12,5,Macet
SLK003223,3671014808912188,2025-09-30,Bank Mandiri,KI,75000000,65334970,1288839,60,1,Lancar
SLK003224,3671014808912188,2026-03-24,Bank Danamon,KK,75000000,42455939,6562460,12,1,Lancar
SLK003225,3171010310812189,2026-04-18,Bank BNI,KI,75000000,49266588,2244370,36,1,Lancar
SLK003226,3671015607872190,2026-01-04,Bank BRI,KI,100000000,82427507,4605239,24,1,Lancar
SLK003227,3671015607872190,2024-06-19,Bank OCBC NISP,KI,200000000,189325880,17506254,12,1,Lancar
SLK003228,3671015607872190,2024-08-18,Bank CIMB Niaga,KPR,200000000,180060435,5944380,36,1,Lancar
SLK003229,3271017007712191,2024-05-21,Bank CIMB Niaga,KMK,150000000,97256718,13314750,12,2,Dalam Perhatian Khusus (DPK)
SLK003230,3271017007712191,2026-07-09,Bank Permata,KMK,100000000,38191029,1852892,60,1,Lancar
SLK003231,3271017007712191,2025-06-12,Bank BNI,KK,25000000,13315997,2166240,12,1,Lancar
SLK003232,3172016705962192,2025-06-21,Bank BCA,KPR,100000000,56957170,2197183,48,1,Lancar
SLK003233,3671016303842193,2026-02-14,Bank Panin,KK,50000000,44362969,949430,60,1,Lancar
SLK003234,3671016303842193,2025-10-25,BPR Mitra Usaha,KPR,500000000,406980603,14329443,36,1,Lancar
SLK003235,3271012304002194,2025-07-08,Bank BRI,KI,150000000,54784980,3335116,48,5,Macet
SLK003236,3271012304002194,2024-08-07,Bank BNI,KI,50000000,23431307,2228947,24,1,Lancar
SLK003237,3276014106972195,2024-06-29,Bank Panin,KPR,100000000,41011202,3056822,36,1,Lancar
SLK003238,3276014106972195,2025-03-11,Bank Permata,KMK,200000000,88205420,17094651,12,5,Macet
SLK003239,3175012710902196,2025-09-08,BPR Mitra Usaha,KK,150000000,104246738,14014959,12,1,Lancar
SLK003240,3671010707862197,2025-03-31,Bank BCA,KMK,500000000,158486507,9527520,60,4,Diragukan
SLK003241,3671010707862197,2025-06-04,Bank BCA,KK,500000000,194496823,42931707,12,1,Lancar
SLK003242,3671010707862197,2025-02-13,Bank BNI,KI,300000000,112053108,9078768,36,1,Lancar
SLK003243,3674015512822199,2026-08-17,Bank BCA,KI,50000000,20972056,4532820,12,1,Lancar
SLK003244,3674015512822199,2025-10-20,Bank BNI,KKB,50000000,35149074,4671735,12,1,Lancar
SLK003245,3275010408922200,2026-08-17,Bank Danamon,KI,500000000,435423297,10769341,48,2,Dalam Perhatian Khusus (DPK)
SLK003246,3271016912922201,2024-03-23,Bank CIMB Niaga,KPR,300000000,62282434,25680441,12,1,Lancar
SLK003247,3174015201812202,2025-11-08,Bank Danamon,KPR,150000000,52238896,13984831,12,1,Lancar
SLK003248,3671014301692203,2024-09-20,Bank OCBC NISP,KI,200000000,103065384,3567031,60,1,Lancar
SLK003249,3271016807982204,2024-06-07,Bank OCBC NISP,KMK,150000000,54054571,13554956,12,1,Lancar
SLK003250,3271016807982204,2026-01-01,Bank Mandiri,KPR,25000000,8092001,425484,60,1,Lancar
SLK003251,3173010509862205,2025-06-12,BPR Mitra Usaha,KK,50000000,18203911,942554,60,5,Macet
SLK003252,3671010704842206,2025-05-19,Bank CIMB Niaga,KPR,50000000,43642292,924823,60,1,Lancar
SLK003253,3671010704842206,2024-06-18,Bank BRI,KPR,75000000,52783308,2284735,36,1,Lancar
SLK003254,3674016109802207,2025-09-20,Bank OCBC NISP,KI,200000000,163168994,8508400,24,1,Lancar
SLK003255,3674016109802207,2024-02-02,Bank BNI,KKB,75000000,35774809,1309696,60,1,Lancar
SLK003256,3674016109802207,2024-09-16,Bank Panin,KPR,100000000,24984642,8813535,12,1,Lancar
SLK003257,3276016508932208,2025-10-25,Bank Mandiri,KK,500000000,418393219,10785110,48,1,Lancar
SLK003258,3276016508932208,2024-08-05,Bank OCBC NISP,KPR,150000000,119008725,13865781,12,2,Dalam Perhatian Khusus (DPK)
SLK003259,3172010112762209,2026-05-16,Bank BNI,KI,300000000,198456668,9528570,36,1,Lancar
SLK003260,3172010112762209,2026-01-21,Bank Mandiri,KMK,150000000,119501001,4282639,36,1,Lancar
SLK003261,3275015504672210,2025-02-13,Bank Mandiri,KK,25000000,23269661,2393850,12,1,Lancar
SLK003262,3275015504672210,2024-09-09,Bank Mandiri,KKB,100000000,78515469,4313937,24,1,Lancar
SLK003263,3175016202962211,2025-05-14,Bank BNI,KKB,500000000,103899695,47524676,12,1,Lancar
SLK003264,3271016801942212,2026-02-03,Bank Permata,KKB,200000000,100850717,5923153,36,2,Dalam Perhatian Khusus (DPK)
SLK003265,3271016801942212,2026-02-17,Bank Danamon,KK,75000000,60922833,3411842,24,1,Lancar
SLK003266,3674017103812214,2024-12-30,BPR Mitra Usaha,KK,50000000,29484476,2342260,24,1,Lancar
SLK003267,3171010904982215,2025-03-28,Bank OCBC NISP,KMK,75000000,23401123,1393415,60,2,Dalam Perhatian Khusus (DPK)
SLK003268,3171010904982215,2026-01-14,Bank Danamon,KKB,200000000,88958686,4458249,48,3,Kurang Lancar
SLK003269,3171010904982215,2026-05-10,Bank BNI,KI,75000000,47562361,1327591,60,1,Lancar
SLK003270,3175016209972216,2024-08-26,Bank Danamon,KI,50000000,37534601,4340574,12,1,Lancar
SLK003271,3172016312962217,2025-05-28,Bank BNI,KKB,200000000,109860714,3642849,60,1,Lancar
SLK003272,3172016312962217,2026-02-23,BPR Mitra Usaha,KMK,500000000,390323815,23296622,24,1,Lancar
SLK003273,3174012906682218,2024-07-07,Bank BNI,KK,200000000,75138288,4655648,48,1,Lancar
SLK003274,3671015110902219,2026-01-10,BPR Mitra Usaha,KPR,100000000,89057246,1756716,60,1,Lancar
SLK003275,3174011108982220,2026-03-11,Bank Mandiri,KPR,75000000,23391077,1656351,48,1,Lancar
SLK003276,3276014507812221,2025-03-23,BPR Mitra Usaha,KPR,200000000,49906606,4404626,48,1,Lancar
SLK003277,3276014507812221,2025-11-26,Bank OCBC NISP,KKB,25000000,11506083,765582,36,1,Lancar
SLK003278,3671011202772222,2026-02-19,Bank BCA,KK,50000000,12882932,1093579,48,3,Kurang Lancar
SLK003279,3671015606032223,2024-06-21,Bank OCBC NISP,KK,150000000,69820852,6408832,24,1,Lancar
SLK003280,3671016310842224,2024-05-02,Bank BRI,KMK,300000000,233556468,9485763,36,1,Lancar
SLK003281,3671016310842224,2025-04-17,BPR Mitra Usaha,KKB,150000000,138312602,6769154,24,1,Lancar
SLK003282,3671016310842224,2024-06-07,Bank CIMB Niaga,KK,200000000,135765958,4639034,48,2,Dalam Perhatian Khusus (DPK)
SLK003283,3671010302012225,2024-02-06,BPR Mitra Usaha,KK,50000000,22349422,1154488,48,5,Macet
SLK003284,3671010302012225,2024-12-27,Bank BRI,KI,100000000,88374150,4404504,24,4,Diragukan
SLK003285,3276016109972226,2024-09-25,Bank BRI,KKB,25000000,15117399,1163729,24,1,Lancar
SLK003286,3171016602952227,2024-12-01,Bank Permata,KMK,50000000,15926821,1427207,36,1,Lancar
SLK003287,3671010406002228,2026-06-09,Bank OCBC NISP,KI,150000000,120797957,13712949,12,1,Lancar
SLK003288,3671010406002228,2026-07-08,Bank OCBC NISP,KI,100000000,22378105,2331072,48,1,Lancar
SLK003289,3671015102732229,2024-02-25,Bank BCA,KKB,75000000,66179644,3505581,24,1,Lancar
SLK003290,3671015102732229,2026-05-21,Bank Mandiri,KMK,75000000,26550473,1677479,48,4,Diragukan
SLK003291,3674014106732230,2024-04-25,Bank OCBC NISP,KPR,300000000,195534489,6766051,48,2,Dalam Perhatian Khusus (DPK)
SLK003292,3674014106732230,2025-10-15,Bank Danamon,KPR,100000000,80219445,3117776,36,1,Lancar
SLK003293,3271010201002231,2025-12-11,Bank Permata,KKB,25000000,15249307,468915,60,1,Lancar
SLK003294,3276012411732232,2025-04-15,Bank CIMB Niaga,KKB,500000000,326607658,22418735,24,1,Lancar
SLK003295,3276012411732232,2024-09-10,Bank Danamon,KMK,25000000,19821279,459499,60,2,Dalam Perhatian Khusus (DPK)
SLK003296,3171012701652233,2024-02-14,Bank Permata,KKB,100000000,75114062,1799219,60,1,Lancar
SLK003297,3171012701652233,2026-01-02,Bank CIMB Niaga,KPR,75000000,52134014,6634537,12,1,Lancar
SLK003298,3674015211692234,2024-09-23,BPR Mitra Usaha,KK,500000000,238251709,47287443,12,1,Lancar
SLK003299,3671016804732235,2026-03-20,Bank Panin,KK,75000000,46105871,3320520,24,3,Kurang Lancar
SLK003300,3671010301672236,2024-02-13,Bank OCBC NISP,KMK,500000000,320909530,11028143,48,1,Lancar
SLK003301,3671014101832237,2025-12-18,Bank Permata,KKB,500000000,430328738,22867184,24,1,Lancar
SLK003302,3175015211702238,2025-10-04,Bank OCBC NISP,KK,150000000,32427049,3517753,48,2,Dalam Perhatian Khusus (DPK)
SLK003303,3671010506732239,2026-07-06,Bank Panin,KMK,500000000,261490780,22315218,24,1,Lancar
SLK003304,3174010411912240,2024-08-28,Bank Mandiri,KI,75000000,31515943,2181139,36,1,Lancar
SLK003305,3174010411912240,2024-10-20,BPR Mitra Usaha,KI,200000000,145012961,3453704,60,4,Diragukan
SLK003306,3671015408732242,2024-08-12,Bank Mandiri,KMK,25000000,20586756,1186040,24,1,Lancar
SLK003307,3671015408732242,2025-07-27,Bank BNI,KI,25000000,12578765,438260,60,1,Lancar
SLK003308,3671015408732242,2024-11-05,Bank BCA,KK,200000000,89922057,8914128,24,1,Lancar
SLK003309,3276015108992243,2025-05-06,Bank BCA,KPR,100000000,43176272,2240289,48,1,Lancar
SLK003310,3276015108992243,2025-12-24,Bank Danamon,KMK,25000000,19126797,447637,60,1,Lancar
SLK003311,3671012906812244,2026-04-08,Bank BNI,KK,200000000,146158751,4260024,48,2,Dalam Perhatian Khusus (DPK)
SLK003312,3671012906812244,2025-10-02,Bank BNI,KMK,500000000,417709195,15111799,36,2,Dalam Perhatian Khusus (DPK)
SLK003313,3671012906812244,2026-03-06,Bank BNI,KK,25000000,23547337,1088870,24,1,Lancar
SLK003314,3173015405962245,2026-05-26,Bank Mandiri,KI,50000000,30279289,933110,60,1,Lancar
SLK003315,3173015405962245,2026-02-08,Bank Danamon,KPR,50000000,46680430,2332672,24,1,Lancar
SLK003316,3671012003652246,2024-07-29,Bank BCA,KI,500000000,469105498,10912904,48,1,Lancar
SLK003317,3671012003652246,2025-03-27,Bank BNI,KMK,500000000,297749201,21918218,24,1,Lancar
SLK003318,3271010503702247,2024-06-03,BPR Mitra Usaha,KPR,300000000,179831368,6555372,48,1,Lancar
SLK003319,3271010503702247,2026-03-26,Bank Mandiri,KPR,200000000,126334562,3473402,60,1,Lancar
SLK003320,3271010503702247,2025-07-18,Bank Panin,KK,100000000,21740923,4371539,24,1,Lancar
SLK003321,3674014405952248,2024-04-20,BPR Mitra Usaha,KK,75000000,62927131,2373796,36,3,Kurang Lancar
SLK003322,3674014405952248,2025-05-25,Bank Danamon,KK,50000000,32532808,1470401,36,1,Lancar
SLK003323,3671014611022250,2026-05-18,BPR Mitra Usaha,KKB,500000000,454388400,11550972,48,1,Lancar
SLK003324,3671014611022250,2024-08-21,Bank BRI,KI,150000000,42329299,2749458,60,1,Lancar
SLK003325,3671014611022250,2025-10-19,BPR Mitra Usaha,KI,100000000,62708332,9181032,12,1,Lancar
SLK003326,3271016103952252,2026-06-14,Bank OCBC NISP,KK,75000000,19743540,3270125,24,1,Lancar
SLK003327,3276016602942254,2024-02-09,BPR Mitra Usaha,KK,75000000,36895891,6558851,12,1,Lancar
SLK003328,3674016909912255,2024-05-26,Bank Panin,KI,50000000,40924663,1499954,36,1,Lancar
SLK003329,3173011703892257,2026-06-22,BPR Mitra Usaha,KK,300000000,216033426,5217254,60,2,Dalam Perhatian Khusus (DPK)
SLK003330,3173011703892257,2025-02-09,Bank BNI,KK,75000000,23832886,1719533,48,1,Lancar
SLK003331,3671012504762258,2024-04-06,Bank Mandiri,KKB,200000000,158723779,6319153,36,1,Lancar
SLK003332,3276012207732259,2024-07-01,Bank Mandiri,KPR,150000000,92289865,3485527,48,3,Kurang Lancar
SLK003333,3276012207732259,2025-03-15,Bank OCBC NISP,KK,75000000,18838031,3368302,24,2,Dalam Perhatian Khusus (DPK)
SLK003334,3173010302972260,2025-02-28,Bank BNI,KMK,25000000,14319143,1112939,24,1,Lancar
SLK003335,3173010302972260,2026-02-25,Bank BNI,KK,75000000,50374132,7080799,12,2,Dalam Perhatian Khusus (DPK)
SLK003336,3271014312702262,2024-03-06,Bank Permata,KK,150000000,46481129,6573770,24,4,Diragukan
SLK003337,3174014504752263,2024-03-10,BPR Mitra Usaha,KPR,200000000,148761386,17331031,12,1,Lancar
SLK003338,3174014504752263,2025-07-12,Bank Permata,KKB,50000000,16984381,2210129,24,5,Macet
SLK003339,3671016203892264,2024-02-10,Bank OCBC NISP,KKB,50000000,45534134,2277005,24,4,Diragukan
SLK003340,3271014510002265,2025-12-16,BPR Mitra Usaha,KK,25000000,18531303,784766,36,1,Lancar
SLK003341,3271014510002265,2026-02-06,Bank Permata,KPR,150000000,51069477,6595583,24,1,Lancar
SLK003342,3171016304892266,2024-10-06,Bank CIMB Niaga,KK,100000000,74344850,2154919,48,3,Kurang Lancar
SLK003343,3171016304892266,2024-03-06,Bank BCA,KK,100000000,27752164,9158108,12,4,Diragukan
SLK003344,3671016509712267,2024-12-25,Bank BCA,KMK,500000000,100025311,14890359,36,1,Lancar
SLK003345,3173015005772268,2024-04-18,Bank Danamon,KPR,50000000,29645500,2289495,24,1,Lancar
SLK003346,3275012712992269,2025-11-15,Bank BRI,KKB,75000000,34953063,1638533,48,1,Lancar
SLK003347,3275010408862270,2026-03-07,Bank BRI,KPR,150000000,31050542,2661196,60,1,Lancar
SLK003348,3671010711822271,2024-12-08,Bank OCBC NISP,KI,150000000,63032844,13576487,12,1,Lancar
SLK003349,3671010711822271,2024-01-16,Bank BCA,KK,500000000,228715362,43793183,12,2,Dalam Perhatian Khusus (DPK)
SLK003350,3275010701772272,2026-02-03,Bank Mandiri,KK,200000000,121561846,4650782,48,1,Lancar
SLK003351,3171014805902274,2025-05-21,Bank BRI,KPR,25000000,19290131,443951,60,1,Lancar
SLK003352,3671012406792275,2025-05-30,Bank CIMB Niaga,KI,50000000,39662889,4638367,12,1,Lancar
SLK003353,3674013107782276,2026-05-24,Bank BNI,KMK,500000000,245802543,10976279,48,1,Lancar
SLK003354,3674013107782276,2024-05-14,Bank BRI,KKB,200000000,157463926,8630615,24,1,Lancar
SLK003355,3275011303882277,2026-08-07,Bank BRI,KKB,150000000,46779240,3439232,48,2,Dalam Perhatian Khusus (DPK)
SLK003356,3275011303882277,2025-12-08,Bank Danamon,KI,50000000,30684156,1544111,36,1,Lancar
SLK003357,3275011303882277,2024-04-27,Bank Danamon,KI,200000000,66415925,3655839,60,1,Lancar
SLK003358,3276015709982278,2025-05-13,Bank BRI,KI,200000000,64266884,4580750,48,2,Dalam Perhatian Khusus (DPK)
SLK003359,3172015911812279,2024-03-11,Bank BCA,KPR,50000000,39916673,4497636,12,4,Diragukan
SLK003360,3671010506652281,2024-08-14,Bank CIMB Niaga,KMK,150000000,44540157,2842216,60,1,Lancar
SLK003361,3671012508702282,2026-01-15,Bank Permata,KKB,100000000,31944754,3020886,36,5,Macet
SLK003362,3671010107692283,2026-06-03,Bank BNI,KK,500000000,129942612,21832700,24,4,Diragukan
SLK003363,3674016309792284,2024-06-11,Bank Permata,KKB,100000000,61776943,2345102,48,1,Lancar
SLK003364,3671011102852285,2025-03-25,Bank Danamon,KK,200000000,137405002,6138171,36,2,Dalam Perhatian Khusus (DPK)
SLK003365,3671011102852285,2025-03-25,Bank BRI,KKB,300000000,218503928,26152883,12,1,Lancar
SLK003366,3671011102852285,2025-03-27,Bank OCBC NISP,KMK,500000000,404711016,22212988,24,1,Lancar
SLK003367,3674014610002286,2025-10-31,BPR Mitra Usaha,KK,100000000,63757274,2150634,48,2,Dalam Perhatian Khusus (DPK)
SLK003368,3175016411722289,2025-12-18,Bank CIMB Niaga,KKB,100000000,71892789,3063983,36,1,Lancar
SLK003369,3175016411722289,2024-01-28,Bank Danamon,KI,25000000,6757071,582928,48,3,Kurang Lancar
SLK003370,3175016411722289,2025-12-20,Bank CIMB Niaga,KKB,150000000,67587882,6533937,24,5,Macet
SLK003371,3276016511922290,2026-07-29,Bank Danamon,KKB,200000000,77274972,6210674,36,2,Dalam Perhatian Khusus (DPK)
SLK003372,3276016511922290,2024-10-20,Bank Mandiri,KK,100000000,23542727,2969925,36,1,Lancar
SLK003373,3671016806002291,2025-01-25,Bank Panin,KI,150000000,30996604,4290923,36,1,Lancar
SLK003374,3671016806002291,2024-09-22,Bank Panin,KKB,300000000,172126956,5171441,60,2,Dalam Perhatian Khusus (DPK)
SLK003375,3174010511752294,2026-03-11,BPR Mitra Usaha,KK,25000000,16362172,1080337,24,1,Lancar
SLK003376,3173011610962295,2025-05-16,Bank BCA,KKB,200000000,125335040,17771198,12,1,Lancar
SLK003377,3175011704802296,2025-12-12,Bank CIMB Niaga,KKB,500000000,142344351,14280151,36,2,Dalam Perhatian Khusus (DPK)
SLK003378,3175011704802296,2026-03-18,Bank BRI,KK,100000000,44810992,8837540,12,3,Kurang Lancar
SLK003379,3175011704802296,2024-05-08,BPR Mitra Usaha,KMK,100000000,67981828,2239881,48,1,Lancar
SLK003380,3671012510862297,2026-02-20,Bank OCBC NISP,KKB,500000000,212433454,11483052,48,1,Lancar
SLK003381,3172016412962298,2026-02-08,Bank BNI,KKB,25000000,11467195,1089203,24,2,Dalam Perhatian Khusus (DPK)
SLK003382,3172014505932299,2026-02-25,Bank Mandiri,KPR,25000000,19453168,758304,36,1,Lancar
SLK003383,3671011402972300,2024-09-04,BPR Mitra Usaha,KMK,300000000,77584857,8668532,36,5,Macet
SLK003384,3174014802792301,2026-07-25,Bank Panin,KMK,150000000,83248645,4349749,36,1,Lancar
SLK003385,3671012801662302,2024-03-28,Bank Mandiri,KMK,100000000,63813063,1851701,60,1,Lancar
SLK003386,3671012801662302,2024-02-02,Bank OCBC NISP,KKB,300000000,247722160,5542739,60,1,Lancar
SLK003387,3173012010872304,2025-07-07,Bank BNI,KMK,25000000,15739371,539786,48,2,Dalam Perhatian Khusus (DPK)
SLK003388,3173012010872304,2026-05-06,Bank Panin,KI,200000000,185965282,6099397,36,1,Lancar
SLK003389,3175016702932305,2026-01-20,Bank Permata,KI,300000000,90385799,8696054,36,2,Dalam Perhatian Khusus (DPK)
SLK003390,3173011001722306,2025-05-03,Bank CIMB Niaga,KMK,25000000,16954657,2162675,12,1,Lancar
SLK003391,3173011001722306,2025-08-23,Bank Panin,KKB,75000000,49747218,3364686,24,1,Lancar
SLK003392,3173011001722306,2025-11-26,Bank Mandiri,KI,100000000,93436337,1859959,60,1,Lancar
SLK003393,3271015810652307,2026-07-22,Bank BRI,KI,200000000,160353093,9479987,24,1,Lancar
SLK003394,3271016809772308,2024-11-21,Bank Mandiri,KK,50000000,18606871,2278063,24,2,Dalam Perhatian Khusus (DPK)
SLK003395,3271016809772308,2024-03-31,BPR Mitra Usaha,KI,500000000,355010594,11165147,48,2,Dalam Perhatian Khusus (DPK)
SLK003396,3271016809772308,2024-08-24,BPR Mitra Usaha,KI,200000000,154928152,3620632,60,1,Lancar
SLK003397,3671016802852309,2024-06-13,Bank OCBC NISP,KPR,300000000,239790711,8702530,36,2,Dalam Perhatian Khusus (DPK)
SLK003398,3671016802852309,2025-10-26,Bank CIMB Niaga,KPR,50000000,11436871,1179570,48,1,Lancar
SLK003399,3671016802852309,2024-09-28,Bank Danamon,KPR,100000000,92048275,4790271,24,1,Lancar
SLK003400,3271017010012310,2026-02-26,Bank CIMB Niaga,KKB,500000000,424165422,43989341,12,1,Lancar
SLK003401,3271017010012310,2024-06-13,Bank OCBC NISP,KK,75000000,50532039,1702845,48,2,Dalam Perhatian Khusus (DPK)
SLK003402,3174011601712311,2026-07-24,Bank OCBC NISP,KK,300000000,268395678,6477389,48,3,Kurang Lancar
SLK003403,3174011601712311,2026-05-06,Bank BRI,KPR,100000000,69393227,3087865,36,1,Lancar
SLK003404,3171015706692312,2024-10-16,Bank OCBC NISP,KKB,100000000,21370663,9527942,12,1,Lancar
SLK003405,3671016607652313,2026-08-02,Bank BCA,KKB,300000000,112460549,6853000,48,1,Lancar
SLK003406,3671016607652313,2024-11-15,Bank Mandiri,KKB,300000000,247198606,12771865,24,1,Lancar
SLK003407,3671016607652313,2026-08-05,Bank Permata,KK,100000000,58081791,2356606,48,1,Lancar
SLK003408,3175014904782314,2025-01-31,Bank OCBC NISP,KK,50000000,23980512,882937,60,1,Lancar
SLK003409,3175014904782314,2026-02-28,BPR Mitra Usaha,KPR,300000000,171306454,6665296,48,2,Dalam Perhatian Khusus (DPK)
SLK003410,3175014904782314,2024-05-08,Bank Mandiri,KKB,50000000,32310873,4381613,12,1,Lancar
SLK003411,3671016301712315,2024-05-03,Bank BNI,KKB,200000000,165339435,8736651,24,1,Lancar
SLK003412,3275015908842317,2025-03-15,BPR Mitra Usaha,KK,500000000,394782335,11777412,48,1,Lancar
SLK003413,3275015908842317,2026-06-08,Bank BRI,KI,150000000,98723233,2644160,60,5,Macet
SLK003414,3671011301722318,2025-04-08,Bank Permata,KMK,200000000,135407362,8783285,24,1,Lancar
SLK003415,3671011301722318,2026-04-21,Bank Panin,KI,100000000,75739771,1807466,60,1,Lancar
SLK003416,3671011301722318,2024-11-20,BPR Mitra Usaha,KI,25000000,18596121,2141708,12,1,Lancar
SLK003417,3171011511772319,2026-07-22,Bank Mandiri,KK,100000000,76799521,2213650,48,1,Lancar
SLK003418,3671012101022320,2025-05-19,Bank Panin,KKB,100000000,36832016,8653599,12,1,Lancar
SLK003419,3671012101022320,2025-07-31,Bank Mandiri,KK,300000000,135528653,6722735,48,1,Lancar
SLK003420,3671015402032321,2024-03-12,Bank BRI,KK,300000000,123987669,5449602,60,2,Dalam Perhatian Khusus (DPK)
SLK003421,3671015402032321,2024-03-19,Bank BRI,KMK,50000000,22586264,1146455,48,1,Lancar
SLK003422,3275016308792322,2024-06-14,Bank Permata,KI,100000000,29777310,2894908,36,1,Lancar
SLK003423,3275016308792322,2024-11-19,Bank Panin,KMK,50000000,44658982,1156408,48,1,Lancar
SLK003424,3276010604762323,2025-01-09,Bank Permata,KKB,50000000,35274978,4505165,12,4,Diragukan
SLK003425,3174016811882324,2024-03-17,Bank Mandiri,KI,500000000,163964332,21444733,24,1,Lancar
SLK003426,3174017010762325,2026-07-14,Bank Permata,KI,50000000,43190854,2181850,24,1,Lancar
SLK003427,3174017010762325,2024-06-23,Bank Danamon,KMK,200000000,107411804,4375685,48,1,Lancar
SLK003428,3671015808782326,2025-09-14,Bank BNI,KI,100000000,35458930,2324180,48,1,Lancar
SLK003429,3171016411982327,2024-11-20,Bank Permata,KI,75000000,64105470,1412690,60,1,Lancar
SLK003430,3171016411982327,2026-03-27,Bank Panin,KPR,100000000,37160675,1863998,60,1,Lancar
SLK003431,3171011502792328,2024-10-24,Bank BNI,KKB,75000000,62740813,3453114,24,1,Lancar
SLK003432,3271012303992330,2025-11-19,Bank BRI,KK,500000000,380577933,21614814,24,1,Lancar
SLK003433,3671012108822332,2024-07-07,Bank Panin,KPR,50000000,34730767,899285,60,1,Lancar
SLK003434,3674012309802333,2024-01-29,Bank BCA,KI,25000000,12691925,560935,48,1,Lancar
SLK003435,3674012309802333,2024-12-29,Bank BRI,KMK,300000000,166346564,6451878,48,1,Lancar
SLK003436,3671012111932334,2024-02-14,Bank CIMB Niaga,KI,50000000,37563949,4315764,12,2,Dalam Perhatian Khusus (DPK)
SLK003437,3174014808772335,2024-07-09,Bank Mandiri,KK,150000000,47226073,2823412,60,1,Lancar
SLK003438,3275016102942336,2024-03-12,Bank Panin,KI,100000000,63357269,4570140,24,1,Lancar
SLK003439,3173015901792337,2025-05-27,Bank BCA,KI,25000000,21472998,1066337,24,1,Lancar
SLK003440,3173015901792337,2024-10-25,Bank OCBC NISP,KK,25000000,13822937,732361,36,1,Lancar
SLK003441,3671013004022338,2025-02-10,Bank Permata,KKB,25000000,6566069,1105375,24,1,Lancar
SLK003442,3671013004022338,2026-07-22,Bank OCBC NISP,KK,300000000,243353213,6973274,48,1,Lancar
SLK003443,3671013004022338,2024-07-30,Bank Mandiri,KI,500000000,109626388,46263596,12,1,Lancar
SLK003444,3674017101852339,2024-04-09,Bank OCBC NISP,KI,500000000,188762215,46514908,12,1,Lancar
SLK003445,3674017101852339,2025-09-03,Bank CIMB Niaga,KMK,200000000,167093665,8878507,24,1,Lancar
SLK003446,3674017101852339,2025-09-21,BPR Mitra Usaha,KI,100000000,70009718,4524125,24,2,Dalam Perhatian Khusus (DPK)
SLK003447,3172016011692340,2026-06-15,Bank OCBC NISP,KPR,25000000,8466621,714128,36,1,Lancar
SLK003448,3172016011692340,2024-03-23,Bank BNI,KKB,100000000,86352572,8833085,12,3,Kurang Lancar
SLK003449,3671014504822341,2025-03-01,Bank Panin,KPR,75000000,60416223,2160154,36,1,Lancar
SLK003450,3671014504822341,2025-06-27,Bank BCA,KPR,200000000,85810462,9152629,24,1,Lancar
SLK003451,3276016306902342,2026-01-24,Bank BCA,KK,50000000,21238544,2184562,24,1,Lancar
SLK003452,3276016306902342,2026-01-23,Bank Permata,KKB,25000000,20062271,1114640,24,4,Diragukan
SLK003453,3276016306902342,2025-07-30,BPR Mitra Usaha,KMK,500000000,284944118,11035054,48,2,Dalam Perhatian Khusus (DPK)
SLK003454,3671011012022343,2025-07-23,Bank CIMB Niaga,KPR,100000000,61134360,2325324,48,5,Macet
SLK003455,3671011012022343,2024-03-10,BPR Mitra Usaha,KI,500000000,415672824,8911534,60,1,Lancar
SLK003456,3171010804772344,2024-01-03,Bank Panin,KPR,75000000,43377348,1404827,60,1,Lancar
SLK003457,3171010804772344,2025-09-28,Bank Permata,KPR,50000000,13242111,4622657,12,1,Lancar
SLK003458,3171010804772344,2024-09-12,Bank Panin,KPR,75000000,38162114,1311045,60,2,Dalam Perhatian Khusus (DPK)
SLK003459,3671014606862345,2024-04-03,BPR Mitra Usaha,KPR,200000000,140992667,4340848,48,1,Lancar
SLK003460,3671014910792348,2024-02-10,Bank Danamon,KKB,150000000,121962362,3307773,48,1,Lancar
SLK003461,3671012409682349,2025-07-06,Bank CIMB Niaga,KPR,200000000,184213731,4634763,48,1,Lancar
SLK003462,3671014204712350,2025-10-11,BPR Mitra Usaha,KI,200000000,158759719,9464634,24,1,Lancar
SLK003463,3671015304992351,2025-12-11,Bank CIMB Niaga,KMK,50000000,44655095,2326231,24,1,Lancar
SLK003464,3276010603932352,2026-08-16,Bank BCA,KMK,500000000,231814455,11349529,48,1,Lancar
SLK003465,3671010804712353,2026-05-05,Bank OCBC NISP,KPR,100000000,76850831,1895391,60,1,Lancar
SLK003466,3671014103022354,2026-06-04,Bank BRI,KK,500000000,113426294,23712238,24,1,Lancar
SLK003467,3671014103022354,2025-04-08,BPR Mitra Usaha,KK,50000000,31580538,874463,60,1,Lancar
SLK003468,3175012501932355,2025-04-30,Bank BRI,KI,200000000,142956453,5886350,36,1,Lancar
SLK003469,3175012501932355,2026-06-03,Bank Danamon,KKB,500000000,455896462,9285055,60,1,Lancar
SLK003470,3173016802912357,2026-03-15,Bank Danamon,KMK,100000000,48047626,8789208,12,1,Lancar
SLK003471,3671014502992358,2024-05-11,Bank BRI,KPR,200000000,165195268,3826827,60,4,Diragukan
SLK003472,3671014502992358,2025-09-23,Bank BNI,KMK,75000000,23213355,1397315,60,2,Dalam Perhatian Khusus (DPK)
SLK003473,3174011102842359,2025-11-08,Bank BRI,KI,50000000,23575919,1113640,48,1,Lancar
SLK003474,3174011102842359,2025-05-01,Bank BRI,KPR,25000000,9770249,713019,36,1,Lancar
SLK003475,3174011102842359,2024-10-02,Bank CIMB Niaga,KK,100000000,62555303,2355635,48,1,Lancar
SLK003476,3671014108992360,2026-04-08,Bank Danamon,KPR,150000000,32388430,2689777,60,1,Lancar
SLK003477,3171015507732362,2025-10-02,Bank Mandiri,KI,200000000,101619480,18653330,12,4,Diragukan
SLK003478,3171015507732362,2025-11-28,Bank Mandiri,KKB,50000000,40987709,873567,60,1,Lancar
SLK003479,3671014501862363,2025-08-13,Bank Danamon,KK,100000000,45916906,4544132,24,1,Lancar
SLK003480,3671014501862363,2024-05-15,Bank Danamon,KPR,300000000,261855471,14076148,24,2,Dalam Perhatian Khusus (DPK)
SLK003481,3671014706762364,2026-03-11,Bank Permata,KKB,100000000,59292217,2849016,36,1,Lancar
SLK003482,3671016908712365,2025-03-26,Bank BRI,KI,150000000,71094816,3320690,48,3,Kurang Lancar
SLK003483,3671016908712365,2025-09-25,Bank Permata,KKB,500000000,127574774,10754241,48,1,Lancar
SLK003484,3671016908712365,2025-11-13,Bank OCBC NISP,KK,50000000,21839828,1545010,36,1,Lancar
SLK003485,3171010911002367,2024-07-14,BPR Mitra Usaha,KMK,100000000,23672853,2342140,48,3,Kurang Lancar
SLK003486,3171010911002367,2025-03-30,Bank Danamon,KMK,100000000,93361379,2177096,48,1,Lancar
SLK003487,3171010911002367,2025-02-20,Bank BNI,KK,50000000,42070510,1192033,48,1,Lancar
SLK003488,3271010906892368,2024-01-05,Bank Permata,KKB,200000000,118575123,4677094,48,1,Lancar
SLK003489,3271010906892368,2024-07-04,Bank Permata,KKB,300000000,222591412,14257454,24,1,Lancar
SLK003490,3271010906892368,2025-09-28,Bank CIMB Niaga,KMK,150000000,136675687,6852624,24,3,Kurang Lancar
SLK003491,3172013001862369,2025-09-15,BPR Mitra Usaha,KMK,300000000,173021253,5588118,60,1,Lancar
SLK003492,3172013001862369,2025-04-15,Bank BNI,KKB,150000000,101572493,4691663,36,1,Lancar
SLK003493,3275011701722370,2026-01-07,Bank BRI,KI,25000000,16910492,777940,36,3,Kurang Lancar
SLK003494,3671010611962371,2025-09-24,Bank BCA,KKB,75000000,65041828,2235149,36,1,Lancar
SLK003495,3671010611962371,2025-02-03,Bank CIMB Niaga,KK,25000000,6142351,560975,48,1,Lancar
SLK003496,3671010611962371,2024-01-16,Bank BNI,KKB,25000000,15943149,425370,60,2,Dalam Perhatian Khusus (DPK)
SLK003497,3171011606792372,2024-03-11,Bank CIMB Niaga,KPR,25000000,23578951,1074280,24,1,Lancar
SLK003498,3276014610902373,2024-11-06,Bank CIMB Niaga,KMK,100000000,32491133,2341534,48,2,Dalam Perhatian Khusus (DPK)
SLK003499,3276014610902373,2025-11-26,Bank BRI,KK,50000000,10172051,858243,60,3,Kurang Lancar
SLK003500,3674015806922374,2024-03-22,BPR Mitra Usaha,KPR,25000000,14603420,744077,36,1,Lancar
SLK003501,3674015806922374,2025-01-26,Bank Danamon,KMK,75000000,65463440,3192698,24,1,Lancar
SLK003502,3674015806922374,2025-11-12,Bank Danamon,KK,150000000,31488495,6505835,24,1,Lancar
SLK003503,3275014611652375,2024-10-14,Bank Panin,KPR,150000000,105308835,4381750,36,4,Diragukan
SLK003504,3275014611652375,2024-03-13,Bank CIMB Niaga,KK,75000000,55808120,1277781,60,1,Lancar
SLK003505,3671010804782377,2024-07-02,Bank BRI,KK,150000000,42188250,13040293,12,2,Dalam Perhatian Khusus (DPK)
SLK003506,3671016506702378,2024-08-17,Bank Danamon,KKB,150000000,57039426,2859886,60,1,Lancar
SLK003507,3671016506702378,2024-02-04,Bank BRI,KI,75000000,27608892,3537779,24,1,Lancar
SLK003508,3671016506702378,2026-05-07,BPR Mitra Usaha,KI,200000000,100820457,4772734,48,1,Lancar
SLK003509,3671011606852379,2024-12-31,Bank BCA,KMK,500000000,402756420,11543584,48,1,Lancar
SLK003510,3671011606852379,2025-11-10,Bank OCBC NISP,KPR,100000000,20534562,1731597,60,1,Lancar
SLK003511,3671011606852379,2026-06-18,Bank Panin,KKB,200000000,69167304,3827581,60,1,Lancar
SLK003512,3276016309912380,2024-07-12,Bank Permata,KK,75000000,51220688,2303707,36,1,Lancar
SLK003513,3276016309912380,2024-09-05,Bank Panin,KMK,500000000,431551736,9093775,60,1,Lancar
SLK003514,3276016309912380,2024-12-24,Bank Panin,KPR,25000000,8793553,709962,36,2,Dalam Perhatian Khusus (DPK)
SLK003515,3674014208962381,2025-02-05,Bank Mandiri,KKB,100000000,54584626,4433953,24,1,Lancar
SLK003516,3674014208962381,2024-01-07,Bank CIMB Niaga,KI,50000000,37203276,4669746,12,1,Lancar
SLK003517,3275011309962382,2024-12-11,Bank BCA,KKB,200000000,148290117,17202710,12,1,Lancar
SLK003518,3671016208942383,2025-01-18,BPR Mitra Usaha,KI,150000000,134440344,3501114,48,1,Lancar
SLK003519,3671015910692384,2024-03-23,Bank OCBC NISP,KI,300000000,281815001,5657317,60,2,Dalam Perhatian Khusus (DPK)
SLK003520,3671015910692384,2025-03-08,Bank BCA,KMK,200000000,95922017,3447606,60,1,Lancar
SLK003521,3171013112812386,2025-07-08,Bank CIMB Niaga,KPR,150000000,40933399,6535882,24,1,Lancar
SLK003522,3671012604652387,2025-02-10,Bank BNI,KMK,75000000,67071690,3499904,24,2,Dalam Perhatian Khusus (DPK)
SLK003523,3671012604652387,2026-02-12,Bank CIMB Niaga,KKB,75000000,22695111,2210789,36,1,Lancar
SLK003524,3671012103962388,2025-11-29,BPR Mitra Usaha,KKB,500000000,246454743,11726941,48,1,Lancar
SLK003525,3671012103962388,2024-04-16,Bank BRI,KKB,100000000,72942485,2241820,48,1,Lancar
SLK003526,3671012912872389,2024-12-09,Bank Mandiri,KK,50000000,45549483,4389776,12,1,Lancar
SLK003527,3174010402862390,2025-07-02,BPR Mitra Usaha,KK,200000000,131540504,6123396,36,1,Lancar
SLK003528,3275015702032391,2025-05-13,Bank Danamon,KPR,300000000,201356236,13405696,24,1,Lancar
SLK003529,3674014104022392,2025-06-01,Bank Danamon,KI,50000000,34879753,4791220,12,3,Kurang Lancar
SLK003530,3674014104022392,2026-06-28,Bank OCBC NISP,KK,25000000,17335953,2314459,12,1,Lancar
SLK003531,3276016102952394,2025-09-07,Bank OCBC NISP,KK,75000000,70617870,1667925,48,1,Lancar
SLK003532,3276016102952394,2026-08-13,Bank Panin,KMK,25000000,10519262,2173127,12,2,Dalam Perhatian Khusus (DPK)
SLK003533,3173012309022395,2025-03-12,Bank Permata,KK,150000000,41457417,7093384,24,1,Lancar
SLK003534,3173012309022395,2025-10-12,Bank Mandiri,KK,300000000,179018791,13343148,24,1,Lancar
SLK003535,3173012309022395,2025-02-18,Bank Danamon,KMK,75000000,66646279,1326619,60,1,Lancar
SLK003536,3174012501872396,2024-04-17,BPR Mitra Usaha,KK,100000000,63663491,2901474,36,2,Dalam Perhatian Khusus (DPK)
SLK003537,3173014302912397,2026-02-07,Bank Panin,KK,200000000,173583920,18132929,12,1,Lancar
SLK003538,3173014309752398,2025-04-01,Bank CIMB Niaga,KPR,500000000,146851808,46785525,12,1,Lancar
SLK003539,3674015811662400,2025-12-23,Bank OCBC NISP,KI,300000000,176135920,5314477,60,4,Diragukan
SLK003540,3674015811662400,2026-03-21,Bank BRI,KMK,25000000,17225686,451720,60,2,Dalam Perhatian Khusus (DPK)
SLK003541,3674015811662400,2025-05-01,Bank OCBC NISP,KK,25000000,18469446,581076,48,1,Lancar
SLK003542,3271014911002401,2026-02-22,Bank Danamon,KPR,75000000,70118172,3260100,24,1,Lancar
SLK003543,3671011105812403,2024-11-21,Bank OCBC NISP,KPR,25000000,14275450,460877,60,3,Kurang Lancar
SLK003544,3271015801912404,2026-07-05,Bank OCBC NISP,KKB,150000000,123744446,2579695,60,1,Lancar
SLK003545,3271015801912404,2024-01-24,Bank Permata,KMK,200000000,41588769,9013208,24,1,Lancar
SLK003546,3271015801912404,2025-06-17,Bank Danamon,KPR,75000000,40305599,1320858,60,1,Lancar
SLK003547,3671014708002405,2025-07-19,Bank Panin,KI,300000000,90334969,7026883,48,1,Lancar
SLK003548,3174016204882406,2024-11-15,Bank Panin,KPR,75000000,32434290,1594632,48,3,Kurang Lancar
SLK003549,3174016204882406,2026-06-01,Bank Permata,KPR,150000000,75865404,13042621,12,1,Lancar
SLK003550,3171014410952407,2026-02-09,Bank BNI,KI,100000000,27202807,2145406,48,1,Lancar
SLK003551,3671015305842408,2026-05-24,Bank OCBC NISP,KPR,100000000,44362644,2185747,48,1,Lancar
SLK003552,3671012105912410,2024-11-11,Bank BCA,KMK,200000000,182094544,18483592,12,1,Lancar
SLK003553,3671012105912410,2026-01-13,Bank Danamon,KKB,300000000,91004205,5532957,60,1,Lancar
SLK003554,3171011010722411,2025-01-07,Bank BRI,KKB,25000000,11471958,573112,48,1,Lancar
SLK003555,3171011010722411,2025-04-09,Bank Mandiri,KMK,500000000,256465749,23664710,24,2,Dalam Perhatian Khusus (DPK)
SLK003556,3173015812992412,2026-08-10,Bank Danamon,KKB,100000000,85581050,2173982,48,1,Lancar
SLK003557,3174011512822413,2024-06-14,Bank Permata,KKB,300000000,156208701,8551500,36,1,Lancar
SLK003558,3674012607962414,2026-06-28,BPR Mitra Usaha,KK,25000000,16180008,568273,48,2,Dalam Perhatian Khusus (DPK)
SLK003559,3275014501942415,2025-07-04,Bank BCA,KK,200000000,107069725,17191794,12,2,Dalam Perhatian Khusus (DPK)
SLK003560,3275014501942415,2024-02-28,Bank Danamon,KI,25000000,14584201,443429,60,1,Lancar
SLK003561,3275014501942415,2025-04-06,BPR Mitra Usaha,KI,500000000,422788714,11903472,48,1,Lancar
SLK003562,3271011901862416,2024-01-28,Bank Mandiri,KK,100000000,40971662,8689126,12,1,Lancar
SLK003563,3674015410992417,2024-11-29,Bank CIMB Niaga,KKB,300000000,139503450,8513881,36,2,Dalam Perhatian Khusus (DPK)
SLK003564,3674015410992417,2024-08-31,Bank BCA,KKB,500000000,146237920,14965779,36,3,Kurang Lancar
SLK003565,3172011202712418,2026-01-06,Bank CIMB Niaga,KKB,75000000,42778026,1380709,60,1,Lancar
SLK003566,3172011202712418,2024-02-10,Bank Permata,KKB,25000000,21221955,466995,60,1,Lancar
SLK003567,3172011202712418,2025-10-11,Bank CIMB Niaga,KK,200000000,153631807,4762386,48,1,Lancar
SLK003568,3275011512932419,2026-03-08,Bank BNI,KI,500000000,270466965,9579067,60,1,Lancar
SLK003569,3275011512932419,2024-09-01,Bank OCBC NISP,KPR,75000000,45840015,1624826,48,1,Lancar
SLK003570,3276012609812421,2024-12-02,Bank Panin,KI,200000000,165897362,3563926,60,5,Macet
SLK003571,3276012609812421,2025-06-11,Bank Panin,KI,50000000,23238188,1537584,36,5,Macet
SLK003572,3174012102862422,2026-01-13,Bank BNI,KI,300000000,99684369,13858501,24,1,Lancar
SLK003573,3174012102862422,2025-10-31,Bank BCA,KPR,500000000,266190372,14683786,36,1,Lancar
SLK003574,3671010207972423,2025-08-18,Bank BNI,KI,300000000,115249706,12762935,24,1,Lancar
SLK003575,3671010207972423,2025-01-01,Bank CIMB Niaga,KK,100000000,63846376,2231103,48,1,Lancar
SLK003576,3276016701942424,2024-11-28,BPR Mitra Usaha,KI,25000000,18150988,2140489,12,1,Lancar
SLK003577,3276016701942424,2025-05-28,Bank BRI,KMK,500000000,112472505,15423590,36,1,Lancar
SLK003578,3275012707012425,2026-08-21,Bank Permata,KKB,75000000,71158960,1292792,60,1,Lancar
SLK003579,3674012501772427,2025-03-21,Bank Danamon,KI,100000000,55293660,1757500,60,2,Dalam Perhatian Khusus (DPK)
SLK003580,3674012501772427,2024-09-21,Bank OCBC NISP,KK,200000000,102178951,5730730,36,1,Lancar
SLK003581,3175015610712428,2025-04-04,Bank BCA,KMK,200000000,84299278,4605629,48,1,Lancar
SLK003582,3671015911002431,2025-08-04,Bank Mandiri,KMK,200000000,152999207,9470913,24,1,Lancar
SLK003583,3671015911002431,2024-06-04,Bank Panin,KMK,300000000,147473838,27161090,12,1,Lancar
SLK003584,3671010109722432,2024-01-01,Bank Mandiri,KMK,75000000,16875404,1401110,60,2,Dalam Perhatian Khusus (DPK)
SLK003585,3671011905742433,2024-07-29,Bank BRI,KKB,25000000,21208050,790132,36,1,Lancar
SLK003586,3671011905742433,2025-02-12,Bank Permata,KMK,500000000,349711306,42807096,12,1,Lancar
SLK003587,3174011406962434,2025-04-22,Bank Panin,KMK,100000000,55568465,3072935,36,1,Lancar
SLK003588,3174011406962434,2025-06-04,Bank Panin,KKB,75000000,33195115,6816667,12,1,Lancar
SLK003589,3171010501812435,2026-03-26,Bank CIMB Niaga,KPR,75000000,65478562,1310178,60,1,Lancar
SLK003590,3171010501812435,2025-12-11,BPR Mitra Usaha,KK,75000000,70581613,1341921,60,1,Lancar
SLK003591,3174014401722436,2026-07-03,Bank BCA,KKB,25000000,16547985,2237827,12,1,Lancar
SLK003592,3174014401722436,2024-05-27,Bank OCBC NISP,KKB,500000000,341690314,43531686,12,1,Lancar
SLK003593,3276012611012437,2026-03-07,Bank Permata,KPR,200000000,58544447,4336365,48,1,Lancar
SLK003594,3671015701852438,2024-01-04,Bank BRI,KK,100000000,42537672,8562538,12,1,Lancar
SLK003595,3671015701852438,2026-02-20,Bank CIMB Niaga,KI,75000000,63502459,6654902,12,1,Lancar
SLK003596,3671014501842440,2024-12-28,Bank Mandiri,KMK,50000000,25107125,1186980,48,2,Dalam Perhatian Khusus (DPK)
SLK003597,3671014501842440,2024-06-06,Bank BRI,KK,200000000,102462393,8996590,24,1,Lancar
SLK003598,3271014101882441,2024-04-29,Bank Danamon,KI,100000000,20836966,8963700,12,1,Lancar
SLK003599,3271014101882441,2025-01-12,Bank BNI,KKB,200000000,162711725,5741000,36,1,Lancar
SLK003600,3671010401922442,2024-12-01,BPR Mitra Usaha,KI,150000000,65742150,3231284,48,1,Lancar
SLK003601,3271010105002443,2025-05-07,Bank BCA,KK,300000000,277434453,5180809,60,1,Lancar
SLK003602,3171015506962444,2025-04-20,Bank Permata,KKB,200000000,152310806,4767248,48,2,Dalam Perhatian Khusus (DPK)
SLK003603,3171015506962444,2026-07-18,Bank BCA,KKB,100000000,21551651,2242033,48,1,Lancar
SLK003604,3276014210772446,2024-06-20,Bank CIMB Niaga,KI,500000000,459705352,9552034,60,1,Lancar
SLK003605,3173010506892447,2025-09-12,Bank BNI,KI,500000000,283968108,22490317,24,1,Lancar
SLK003606,3671015501882448,2025-06-27,Bank Mandiri,KMK,25000000,8929486,1154183,24,1,Lancar
SLK003607,3671011003802449,2026-04-19,Bank Mandiri,KKB,50000000,40607768,4455380,12,1,Lancar
SLK003608,3671011003802449,2026-06-22,Bank Mandiri,KMK,150000000,104068825,4571254,36,1,Lancar
SLK003609,3171010209022451,2025-03-25,Bank OCBC NISP,KPR,75000000,59977197,2184053,36,1,Lancar
SLK003610,3171010209022451,2024-11-11,Bank Permata,KMK,25000000,12341547,548868,48,1,Lancar
SLK003611,3173011302822452,2025-07-06,Bank BNI,KPR,100000000,47261130,2125039,48,1,Lancar
SLK003612,3671017103832454,2025-07-26,Bank Permata,KPR,75000000,16669790,6684105,12,2,Dalam Perhatian Khusus (DPK)
SLK003613,3671017103832454,2025-08-11,Bank BCA,KKB,500000000,254612344,9563028,60,1,Lancar
SLK003614,3674015310722455,2026-01-31,Bank Danamon,KMK,500000000,438721653,11926685,48,5,Macet
SLK003615,3674015310722455,2025-04-11,Bank Panin,KI,25000000,9900890,1131561,24,1,Lancar
SLK003616,3674015310722455,2024-04-07,Bank BRI,KI,150000000,74457418,4790672,36,1,Lancar
SLK003617,3674011810742456,2024-08-15,Bank BCA,KPR,50000000,36175926,1067811,48,1,Lancar
SLK003618,3674011810742456,2026-05-24,Bank BNI,KPR,25000000,14420006,739297,36,1,Lancar
SLK003619,3674011810742456,2025-09-04,Bank OCBC NISP,KKB,25000000,9995344,2224914,12,1,Lancar
SLK003620,3671016502782458,2024-06-26,Bank BCA,KKB,500000000,211751956,43624472,12,1,Lancar
SLK003621,3276014109882459,2024-10-20,Bank BCA,KMK,150000000,79810966,2550379,60,1,Lancar
SLK003622,3276014109882459,2026-05-09,Bank BNI,KKB,25000000,17532900,563276,48,1,Lancar
SLK003623,3171016905732460,2024-12-22,Bank BCA,KPR,500000000,329784340,8688360,60,1,Lancar
SLK003624,3171016905732460,2024-04-19,Bank Permata,KPR,300000000,244014289,8880221,36,1,Lancar
SLK003625,3671016104662461,2025-07-28,Bank Permata,KKB,75000000,42888574,1716977,48,2,Dalam Perhatian Khusus (DPK)
SLK003626,3671016104662461,2025-06-24,BPR Mitra Usaha,KK,25000000,7924383,470008,60,1,Lancar
SLK003627,3173010507832462,2024-07-10,Bank BNI,KK,75000000,35182216,6863937,12,4,Diragukan
SLK003628,3173010507832462,2026-01-05,Bank OCBC NISP,KI,150000000,112456192,4477176,36,1,Lancar
SLK003629,3671011805792464,2025-10-25,Bank BRI,KKB,75000000,25049805,3215973,24,1,Lancar
SLK003630,3671014310852466,2025-06-25,Bank Permata,KMK,75000000,15582837,2320948,36,2,Dalam Perhatian Khusus (DPK)
SLK003631,3276015711952467,2024-06-12,Bank Panin,KPR,150000000,88265206,13210464,12,2,Dalam Perhatian Khusus (DPK)
SLK003632,3671014101932468,2025-12-13,BPR Mitra Usaha,KKB,25000000,15424976,2230278,12,1,Lancar
SLK003633,3671014101932468,2024-08-08,Bank Danamon,KPR,150000000,61617832,3560008,48,1,Lancar
SLK003634,3275010501682469,2026-08-01,Bank Danamon,KMK,75000000,51579695,1434552,60,1,Lancar
SLK003635,3275010501682469,2024-03-10,Bank BRI,KMK,50000000,25466463,2293904,24,1,Lancar
SLK003636,3171013103862470,2025-11-04,BPR Mitra Usaha,KK,100000000,42364358,8653998,12,1,Lancar
SLK003637,3171013103862470,2026-04-08,Bank BCA,KPR,75000000,29394602,1700249,48,1,Lancar
SLK003638,3671016508952471,2026-08-04,BPR Mitra Usaha,KK,25000000,16666957,587874,48,1,Lancar
SLK003639,3671016508952471,2024-12-22,Bank BRI,KPR,50000000,32427435,4272593,12,1,Lancar
SLK003640,3175012111932472,2024-07-14,Bank Danamon,KK,150000000,137788831,12922615,12,1,Lancar
SLK003641,3175012111932472,2025-01-09,Bank BNI,KMK,200000000,176606309,4343730,48,1,Lancar
SLK003642,3175012111932472,2024-03-26,BPR Mitra Usaha,KKB,500000000,357279441,10735340,48,1,Lancar
SLK003643,3671012502912473,2025-01-08,Bank CIMB Niaga,KK,100000000,65214697,3019766,36,1,Lancar
SLK003644,3671012502912473,2026-01-17,Bank OCBC NISP,KMK,50000000,32168210,866145,60,1,Lancar
SLK003645,3275011511682474,2024-12-10,BPR Mitra Usaha,KPR,150000000,118340476,2575842,60,1,Lancar
SLK003646,3275011511682474,2024-09-19,Bank Danamon,KK,500000000,248909455,45659138,12,1,Lancar
SLK003647,3275011511682474,2025-08-04,Bank BCA,KPR,25000000,15863491,1143377,24,5,Macet
SLK003648,3172017105992475,2024-11-16,Bank BRI,KMK,500000000,259006687,14600233,36,1,Lancar
SLK003649,3172017105992475,2024-01-05,Bank BRI,KMK,500000000,247099109,15429933,36,1,Lancar
SLK003650,3174010610712476,2025-10-17,Bank BNI,KK,25000000,8137101,2254209,12,5,Macet
SLK003651,3174010610712476,2025-07-12,Bank OCBC NISP,KMK,50000000,37481934,2142597,24,1,Lancar
SLK003652,3671012102902477,2025-10-08,Bank OCBC NISP,KMK,300000000,105430013,13835618,24,1,Lancar
SLK003653,3171014204702478,2024-09-09,Bank Permata,KMK,200000000,43852039,3509923,60,2,Dalam Perhatian Khusus (DPK)
SLK003654,3171014204702478,2026-05-18,Bank CIMB Niaga,KI,50000000,18198718,4782944,12,1,Lancar
SLK003655,3671012203692479,2024-03-09,Bank BRI,KMK,25000000,11135230,796426,36,1,Lancar
SLK003656,3671012203692479,2026-04-03,Bank Mandiri,KMK,75000000,45266212,7162904,12,1,Lancar
SLK003657,3671016712952480,2024-10-20,Bank Permata,KK,50000000,37390777,1113328,48,3,Kurang Lancar
SLK003658,3671016712952480,2025-05-11,BPR Mitra Usaha,KKB,50000000,23092515,924586,60,1,Lancar
SLK003659,3171011101662481,2024-12-28,Bank BRI,KMK,50000000,20768443,1131939,48,1,Lancar
SLK003660,3276011204702483,2024-02-11,Bank Mandiri,KK,150000000,97718943,6559591,24,1,Lancar
SLK003661,3276011204702483,2024-10-18,Bank Panin,KKB,500000000,193408958,23467498,24,1,Lancar
SLK003662,3276011204702483,2024-11-17,Bank CIMB Niaga,KI,75000000,27422802,1675925,48,1,Lancar
SLK003663,3275014706732484,2024-12-21,Bank Danamon,KKB,75000000,47795499,6560245,12,1,Lancar
SLK003664,3275014706732484,2026-08-21,Bank Panin,KKB,300000000,64460184,9566064,36,1,Lancar
SLK003665,3275014706732484,2026-04-12,Bank BRI,KI,150000000,35148838,4451319,36,2,Dalam Perhatian Khusus (DPK)
SLK003666,3674015610912485,2024-06-18,BPR Mitra Usaha,KMK,100000000,70964516,2845046,36,1,Lancar
SLK003667,3674015610912485,2026-02-03,Bank Danamon,KPR,100000000,29275447,9289314,12,1,Lancar
SLK003668,3175011606882486,2024-10-17,Bank BCA,KKB,75000000,34298952,2236696,36,1,Lancar
SLK003669,3175011606882486,2024-03-31,Bank Mandiri,KPR,500000000,278745641,45641611,12,3,Kurang Lancar
SLK003670,3275011809022488,2026-06-01,Bank Permata,KKB,25000000,14482365,731688,36,2,Dalam Perhatian Khusus (DPK)
SLK003671,3275011809022488,2024-08-07,BPR Mitra Usaha,KI,150000000,130266730,3274148,48,3,Kurang Lancar
SLK003672,3171016710922489,2025-09-26,Bank BNI,KKB,100000000,40883495,4702337,24,1,Lancar
SLK003673,3173011506762491,2026-02-11,BPR Mitra Usaha,KMK,50000000,36220072,1075383,48,1,Lancar
SLK003674,3173011506762491,2025-04-21,Bank Mandiri,KKB,200000000,153963606,9485408,24,1,Lancar
SLK003675,3173015105752492,2024-09-14,Bank Panin,KKB,200000000,139404780,4518044,48,1,Lancar
SLK003676,3173015105752492,2024-05-25,Bank BNI,KPR,25000000,17211015,546062,48,1,Lancar
SLK003677,3671016707862493,2026-02-15,Bank Panin,KI,200000000,57937316,9381752,24,1,Lancar
SLK003678,3671016707862493,2025-07-29,BPR Mitra Usaha,KPR,500000000,320876221,8943833,60,2,Dalam Perhatian Khusus (DPK)
SLK003679,3671016707862493,2024-03-25,Bank OCBC NISP,KPR,150000000,102075461,3539900,48,1,Lancar
SLK003680,3271010711002494,2025-10-12,Bank BRI,KMK,75000000,45761487,1749304,48,3,Kurang Lancar
SLK003681,3173014703892495,2024-11-07,Bank OCBC NISP,KKB,75000000,53385264,2305318,36,1,Lancar
SLK003682,3173014703892495,2024-01-24,Bank Mandiri,KPR,200000000,117936772,3636266,60,1,Lancar
SLK003683,3173013007982496,2025-06-17,Bank BNI,KMK,200000000,42220495,8884632,24,1,Lancar
SLK003684,3173013007982496,2025-12-04,Bank OCBC NISP,KKB,100000000,91937340,2290751,48,1,Lancar
SLK003685,3671014604952498,2024-05-12,Bank OCBC NISP,KI,50000000,21950883,1191219,48,2,Dalam Perhatian Khusus (DPK)
SLK003686,3671014604952498,2026-06-17,Bank BRI,KPR,150000000,53304881,6602431,24,1,Lancar
SLK003687,3172012906812500,2024-12-17,Bank BNI,KK,150000000,102969889,6999131,24,1,Lancar
SLK003688,3172012906812500,2024-06-10,Bank OCBC NISP,KPR,150000000,84207419,3270372,48,1,Lancar
SLK003689,3172012906812500,2024-08-09,Bank Panin,KI,150000000,131310815,3501108,48,1,Lancar
SLK003690,3671012603832501,2024-06-08,Bank Permata,KI,150000000,131876853,3304045,48,2,Dalam Perhatian Khusus (DPK)
SLK003691,3671011803902502,2026-06-05,Bank BRI,KPR,100000000,55958829,2261271,48,1,Lancar
SLK003692,3671011803902502,2024-02-29,Bank Permata,KI,150000000,127541813,6535411,24,3,Kurang Lancar
SLK003693,3671011803902502,2024-11-07,Bank Panin,KI,200000000,122801336,5754059,36,1,Lancar
SLK003694,3271014311962503,2025-04-11,Bank BNI,KI,300000000,269060840,13029317,24,3,Kurang Lancar
SLK003695,3271014311962503,2026-07-05,Bank BNI,KMK,200000000,180981119,5762088,36,1,Lancar
SLK003696,3276016106022504,2024-03-14,Bank CIMB Niaga,KKB,25000000,8234479,784537,36,1,Lancar
SLK003697,3174011208832505,2024-09-19,Bank Permata,KKB,100000000,29951269,3011832,36,1,Lancar
SLK003698,3175017003952506,2025-01-07,Bank Mandiri,KI,100000000,88583968,2360767,48,4,Diragukan
SLK003699,3174012201692507,2025-06-26,Bank Mandiri,KK,50000000,27244195,921991,60,1,Lancar
SLK003700,3671012201792509,2024-11-30,Bank CIMB Niaga,KMK,300000000,188525487,13765091,24,1,Lancar
SLK003701,3671012201792509,2025-07-08,Bank Danamon,KI,300000000,261934435,26427477,12,3,Kurang Lancar
SLK003702,3671012201792509,2024-03-04,Bank BNI,KK,200000000,141269864,3677381,60,1,Lancar
SLK003703,3671016709902510,2025-05-21,Bank BCA,KMK,75000000,52381143,6753414,12,1,Lancar
SLK003704,3174016904802511,2026-04-13,Bank BCA,KMK,75000000,48662764,3550363,24,3,Kurang Lancar
SLK003705,3174016904802511,2024-10-09,Bank CIMB Niaga,KI,50000000,25952041,954403,60,1,Lancar
SLK003706,3174016904802511,2024-08-11,Bank Mandiri,KPR,100000000,43771671,9130337,12,2,Dalam Perhatian Khusus (DPK)
SLK003707,3174015802912513,2026-02-20,Bank Mandiri,KK,100000000,36406807,2216280,48,2,Dalam Perhatian Khusus (DPK)
SLK003708,3174015802912513,2025-07-06,Bank Mandiri,KK,25000000,15949220,469806,60,1,Lancar
SLK003709,3174015802912513,2025-08-24,Bank BNI,KPR,200000000,136887565,4523059,48,2,Dalam Perhatian Khusus (DPK)
SLK003710,3671015311962514,2024-02-12,BPR Mitra Usaha,KKB,100000000,66228676,4638774,24,3,Kurang Lancar
SLK003711,3671015311962514,2025-12-14,Bank Mandiri,KMK,300000000,132562104,5488783,60,1,Lancar
SLK003712,3275015705932515,2026-01-16,Bank Panin,KKB,150000000,142118374,3458219,48,1,Lancar
SLK003713,3172016408742517,2026-06-17,Bank Permata,KK,25000000,16785670,577813,48,1,Lancar
SLK003714,3172016408742517,2024-10-25,Bank Panin,KKB,150000000,39900980,6497576,24,1,Lancar
SLK003715,3174012306732518,2025-01-17,Bank Danamon,KK,500000000,346025167,8923908,60,3,Kurang Lancar
SLK003716,3174012306732518,2025-11-17,Bank CIMB Niaga,KI,300000000,199054126,13176111,24,1,Lancar
SLK003717,3174012306732518,2024-06-15,Bank Danamon,KI,150000000,140874527,6645620,24,3,Kurang Lancar
SLK003718,3671015609982519,2026-05-19,Bank OCBC NISP,KKB,200000000,114050299,6166872,36,1,Lancar
SLK003719,3674015703792521,2025-02-03,Bank Panin,KPR,100000000,65468604,2878553,36,1,Lancar
SLK003720,3674015703792521,2025-04-23,Bank Danamon,KPR,100000000,43789696,1864152,60,2,Dalam Perhatian Khusus (DPK)
SLK003721,3271011105872522,2025-12-10,Bank Permata,KPR,200000000,123492788,4429205,48,1,Lancar
SLK003722,3271011105872522,2024-11-15,Bank BRI,KK,300000000,103723271,6508054,48,3,Kurang Lancar
SLK003723,3271011105872522,2024-06-28,Bank OCBC NISP,KKB,500000000,359505021,15749600,36,5,Macet
SLK003724,3276012610822523,2024-12-15,Bank Mandiri,KMK,300000000,137680109,12892056,24,1,Lancar
SLK003725,3175015011852525,2025-09-09,Bank BNI,KI,100000000,89304850,2238312,48,1,Lancar
SLK003726,3671015110672526,2026-04-03,Bank Danamon,KI,25000000,16429158,2305316,12,1,Lancar
SLK003727,3276015509712527,2025-12-25,Bank Permata,KKB,25000000,23360559,433327,60,1,Lancar
SLK003728,3276015509712527,2024-11-15,BPR Mitra Usaha,KPR,25000000,17974646,565391,48,2,Dalam Perhatian Khusus (DPK)
SLK003729,3276015509712527,2024-05-20,Bank BRI,KI,50000000,43042314,894524,60,4,Diragukan
SLK003730,3175014709982528,2024-04-02,Bank Permata,KKB,200000000,185192110,9063487,24,1,Lancar
SLK003731,3671012505712529,2024-02-29,BPR Mitra Usaha,KPR,150000000,111011137,6689336,24,3,Kurang Lancar
SLK003732,3671012505712529,2024-06-27,Bank BNI,KK,150000000,102432638,4451245,36,1,Lancar
SLK003733,3174011205932530,2026-03-22,Bank BCA,KPR,300000000,267721193,6415472,48,1,Lancar
SLK003734,3174011205932530,2025-09-15,Bank Panin,KKB,100000000,54629967,4337177,24,1,Lancar
SLK003735,3173011407692531,2024-03-18,Bank CIMB Niaga,KI,25000000,16511453,429230,60,1,Lancar
SLK003736,3271016707782532,2026-02-03,Bank Mandiri,KI,500000000,357057620,8965002,60,1,Lancar
SLK003737,3276017012962533,2025-11-11,Bank Danamon,KKB,100000000,84913734,4324183,24,1,Lancar
SLK003738,3172011212892534,2026-06-21,Bank OCBC NISP,KKB,50000000,17013178,1441362,36,1,Lancar
SLK003739,3172011212892534,2025-09-29,Bank BNI,KMK,25000000,22347109,1085638,24,1,Lancar
SLK003740,3172011212892534,2024-06-30,Bank CIMB Niaga,KMK,75000000,29403531,2352239,36,1,Lancar
SLK003741,3175011001662535,2024-10-23,BPR Mitra Usaha,KI,150000000,124464446,2636725,60,2,Dalam Perhatian Khusus (DPK)
SLK003742,3174016509702536,2025-06-13,Bank Permata,KI,300000000,64232304,8611472,36,1,Lancar
SLK003743,3174016509702536,2025-01-19,Bank BRI,KI,200000000,56578788,3787805,60,1,Lancar
SLK003744,3174016509702536,2024-03-10,Bank OCBC NISP,KPR,75000000,25055339,1659440,48,1,Lancar
SLK003745,3175014403872537,2025-10-16,Bank Danamon,KI,75000000,36277040,7141563,12,2,Dalam Perhatian Khusus (DPK)
SLK003746,3171010309882538,2024-08-11,Bank OCBC NISP,KI,150000000,68697546,2732001,60,3,Kurang Lancar
SLK003747,3171010309882538,2025-10-08,Bank CIMB Niaga,KKB,100000000,38194134,4322821,24,1,Lancar
SLK003748,3171010309882538,2025-04-24,Bank Permata,KI,100000000,29022460,9461240,12,1,Lancar
SLK003749,3276015605952539,2024-03-04,Bank Permata,KPR,25000000,7838249,454685,60,1,Lancar
SLK003750,3276015605952539,2025-07-03,Bank Danamon,KK,75000000,66763778,3545795,24,1,Lancar
SLK003751,3276015605952539,2024-05-26,Bank OCBC NISP,KKB,75000000,30181757,1765760,48,1,Lancar
SLK003752,3275014801742540,2024-12-30,Bank CIMB Niaga,KKB,50000000,35013058,910697,60,1,Lancar
SLK003753,3275014801742540,2026-05-26,BPR Mitra Usaha,KK,500000000,315091590,8871985,60,1,Lancar
SLK003754,3275014801742540,2024-03-10,Bank Danamon,KK,25000000,12707380,720416,36,1,Lancar
SLK003755,3172010301872541,2025-08-06,Bank OCBC NISP,KI,75000000,39416573,6634621,12,1,Lancar
SLK003756,3276012008952542,2025-10-12,Bank Mandiri,KI,100000000,55812539,3048832,36,1,Lancar
SLK003757,3276012008952542,2025-12-30,Bank OCBC NISP,KK,150000000,73164171,4611724,36,1,Lancar
SLK003758,3674010701772543,2026-08-07,Bank Danamon,KK,150000000,114357528,6522961,24,1,Lancar
SLK003759,3674010701772543,2026-08-11,Bank BCA,KPR,50000000,13387303,889800,60,1,Lancar
SLK003760,3674011210822544,2025-11-16,Bank CIMB Niaga,KI,150000000,119793757,2655880,60,1,Lancar
SLK003761,3674011210822544,2025-08-03,Bank Panin,KI,500000000,431967153,21941679,24,2,Dalam Perhatian Khusus (DPK)
SLK003762,3671011807922545,2025-02-22,Bank Panin,KKB,300000000,158992064,14089939,24,1,Lancar
SLK003763,3271010508992546,2025-02-23,Bank BCA,KK,150000000,118980098,7148515,24,1,Lancar
SLK003764,3271010508992546,2024-01-22,Bank OCBC NISP,KPR,500000000,363236705,9346554,60,2,Dalam Perhatian Khusus (DPK)
SLK003765,3271010508992546,2024-01-25,Bank Danamon,KKB,25000000,22928207,1168641,24,1,Lancar
SLK003766,3671014806762547,2024-03-21,Bank BCA,KPR,50000000,35965622,1564393,36,4,Diragukan
SLK003767,3671014806762547,2026-03-01,Bank Danamon,KPR,100000000,91103716,1874271,60,2,Dalam Perhatian Khusus (DPK)
SLK003768,3175011406822548,2026-04-02,Bank BCA,KMK,25000000,20415236,1195630,24,1,Lancar
SLK003769,3175011406822548,2025-05-20,Bank CIMB Niaga,KK,75000000,39238962,2333754,36,1,Lancar
SLK003770,3671015812842549,2025-10-02,Bank Panin,KMK,500000000,360785493,45553347,12,1,Lancar
SLK003771,3671015812842549,2025-07-29,Bank Panin,KKB,200000000,160779809,9055056,24,1,Lancar
SLK003772,3671015812842549,2026-03-25,BPR Mitra Usaha,KKB,75000000,18732411,6827785,12,1,Lancar
SLK003773,3671010508672550,2026-06-25,Bank BCA,KMK,75000000,35988740,3316278,24,1,Lancar
SLK003774,3276016701812551,2025-01-16,Bank Panin,KK,300000000,228534881,13205984,24,1,Lancar
SLK003775,3276016701812551,2025-09-14,Bank Mandiri,KMK,75000000,41285027,2180229,36,1,Lancar
SLK003776,3172014904852552,2025-05-14,Bank BCA,KK,100000000,22126959,2190840,48,1,Lancar
SLK003777,3172014904852552,2025-03-24,Bank BRI,KK,150000000,64446147,2760764,60,1,Lancar
SLK003778,3175014905912553,2025-04-12,Bank Mandiri,KMK,300000000,131713165,9392309,36,1,Lancar
SLK003779,3175014905912553,2026-01-16,Bank BRI,KKB,50000000,33533021,4495139,12,1,Lancar
SLK003780,3175014905912553,2025-06-03,Bank BNI,KMK,50000000,32879088,2291534,24,1,Lancar
SLK003781,3173012108682554,2024-12-30,Bank Permata,KI,150000000,137158088,3329010,48,1,Lancar
SLK003782,3275016208932555,2025-10-25,Bank CIMB Niaga,KI,100000000,34639523,2331458,48,1,Lancar
SLK003783,3674012101652556,2024-03-02,Bank Permata,KMK,200000000,55038181,18114852,12,4,Diragukan
SLK003784,3174016605662557,2025-01-18,Bank BCA,KMK,300000000,223842817,26648579,12,1,Lancar
SLK003785,3275012710902559,2025-02-17,BPR Mitra Usaha,KKB,50000000,24220675,4645503,12,2,Dalam Perhatian Khusus (DPK)
SLK003786,3275012710902559,2025-03-03,BPR Mitra Usaha,KMK,25000000,18255993,720551,36,5,Macet
SLK003787,3275012710902559,2024-12-17,Bank CIMB Niaga,KI,25000000,21928221,1175985,24,1,Lancar
SLK003788,3172011612832561,2024-12-07,Bank BRI,KKB,300000000,92453031,8660882,36,1,Lancar
SLK003789,3172011612832561,2026-06-16,Bank Panin,KI,200000000,139463517,9578676,24,1,Lancar
SLK003790,3671010911662562,2026-01-22,Bank BCA,KK,75000000,49390009,1345406,60,1,Lancar
SLK003791,3671010911662562,2026-04-19,Bank CIMB Niaga,KKB,300000000,98812288,8526739,36,1,Lancar
SLK003792,3671010911662562,2024-03-26,BPR Mitra Usaha,KMK,50000000,26870501,4321156,12,1,Lancar
SLK003793,3271014704892563,2025-12-10,Bank BRI,KI,25000000,9828901,537140,48,1,Lancar
SLK003794,3271014704892563,2024-06-26,Bank OCBC NISP,KMK,75000000,41559851,1387189,60,3,Kurang Lancar
SLK003795,3173012107912564,2024-02-02,Bank OCBC NISP,KI,500000000,469690157,44455854,12,5,Macet
SLK003796,3671016001912566,2024-05-09,Bank Danamon,KKB,300000000,128389123,13266863,24,1,Lancar
SLK003797,3671016001912566,2025-01-09,BPR Mitra Usaha,KI,50000000,12972082,916670,60,5,Macet
SLK003798,3671016001912566,2024-05-03,Bank BRI,KI,150000000,105708348,3259793,48,1,Lancar
SLK003799,3671015012022567,2026-04-11,Bank Mandiri,KI,25000000,8158748,798158,36,1,Lancar
SLK003800,3671015012022567,2026-05-31,Bank CIMB Niaga,KK,75000000,66862280,3430089,24,1,Lancar
SLK003801,3671015012022567,2025-09-19,BPR Mitra Usaha,KMK,200000000,183019341,9509527,24,1,Lancar
SLK003802,3174014312672568,2024-11-28,Bank Permata,KPR,200000000,53706771,4691447,48,1,Lancar
SLK003803,3174014312672568,2026-03-29,Bank BNI,KMK,300000000,112592814,5279756,60,1,Lancar
SLK003804,3671010304772570,2025-03-29,Bank BRI,KMK,300000000,76764052,13408757,24,1,Lancar
SLK003805,3173015602022571,2026-01-24,Bank Mandiri,KPR,75000000,26415603,1652486,48,1,Lancar
SLK003806,3173015602022571,2026-05-10,Bank Permata,KI,100000000,46977498,2125220,48,1,Lancar
SLK003807,3173016707762572,2026-02-28,Bank BCA,KMK,200000000,167264987,17404460,12,1,Lancar
SLK003808,3173016707762572,2025-06-21,Bank Permata,KKB,75000000,64206951,2373903,36,1,Lancar
SLK003809,3173016707762572,2026-06-11,Bank Mandiri,KMK,50000000,31093242,4276713,12,1,Lancar
SLK003810,3674014305842573,2025-08-02,Bank Panin,KKB,300000000,180012588,13666347,24,1,Lancar
SLK003811,3674014305842573,2025-07-01,Bank BNI,KPR,25000000,8271079,1196472,24,1,Lancar
SLK003812,3276010601672574,2024-01-21,Bank Danamon,KPR,300000000,176751202,9345936,36,1,Lancar
SLK003813,3276010601672574,2026-08-02,Bank CIMB Niaga,KPR,150000000,81929202,6393719,24,1,Lancar
SLK003814,3275015701712575,2025-09-26,Bank BNI,KMK,75000000,45773581,3302748,24,5,Macet
SLK003815,3175014910912576,2025-07-14,Bank BCA,KI,150000000,102130685,6707060,24,1,Lancar
SLK003816,3175014910912576,2024-04-07,Bank BRI,KPR,150000000,116690895,6677002,24,5,Macet
SLK003817,3276012408022577,2024-10-26,Bank OCBC NISP,KMK,50000000,31552518,2383091,24,1,Lancar
SLK003818,3271010412912579,2026-08-11,BPR Mitra Usaha,KK,500000000,180282575,43404107,12,2,Dalam Perhatian Khusus (DPK)
SLK003819,3671012910792580,2025-05-26,Bank BNI,KPR,75000000,63600490,1291009,60,1,Lancar
SLK003820,3671012910792580,2026-04-22,Bank BCA,KI,200000000,145396708,8797320,24,3,Kurang Lancar
SLK003821,3671012910792580,2025-01-01,Bank Mandiri,KPR,25000000,5805563,428774,60,1,Lancar
SLK003822,3175015310942581,2024-10-11,Bank Mandiri,KKB,50000000,29053029,4571264,12,1,Lancar
SLK003823,3671015907972582,2026-07-08,Bank Permata,KPR,300000000,98635788,13904704,24,1,Lancar
SLK003824,3671015907972582,2026-02-08,Bank OCBC NISP,KMK,150000000,64731869,13316202,12,1,Lancar
SLK003825,3275011307872584,2025-10-27,Bank Panin,KKB,75000000,27996100,1304710,60,1,Lancar
SLK003826,3275011307872584,2025-12-09,Bank BRI,KK,25000000,10537666,442796,60,1,Lancar
SLK003827,3671011407872586,2024-10-03,Bank BNI,KKB,50000000,15419230,886389,60,2,Dalam Perhatian Khusus (DPK)
SLK003828,3175012803702587,2025-07-15,Bank BCA,KI,150000000,126457372,13398009,12,5,Macet
SLK003829,3671015611882589,2024-03-31,Bank CIMB Niaga,KPR,25000000,22212661,791286,36,2,Dalam Perhatian Khusus (DPK)
SLK003830,3174012601932590,2026-07-15,Bank BNI,KK,500000000,270793394,47576628,12,2,Dalam Perhatian Khusus (DPK)
SLK003831,3671010910822591,2024-10-15,Bank Panin,KMK,25000000,17892516,1178242,24,2,Dalam Perhatian Khusus (DPK)
SLK003832,3173013008682592,2026-03-08,Bank OCBC NISP,KI,75000000,46036503,2177300,36,1,Lancar
SLK003833,3173013008682592,2026-03-10,Bank Mandiri,KKB,150000000,129232912,7088895,24,1,Lancar
SLK003834,3173013008682592,2026-02-21,Bank Panin,KPR,100000000,58393258,2171246,48,1,Lancar
SLK003835,3174015309912593,2026-01-16,Bank Danamon,KK,50000000,32760174,1442504,36,1,Lancar
SLK003836,3674015204662594,2024-10-10,Bank Danamon,KK,50000000,17659552,2394157,24,1,Lancar
SLK003837,3674015204662594,2024-11-04,Bank Mandiri,KI,75000000,38492986,1340902,60,2,Dalam Perhatian Khusus (DPK)
SLK003838,3671014307012595,2024-05-15,Bank BRI,KKB,500000000,445896663,11948158,48,1,Lancar
SLK003839,3671014307012595,2026-01-07,Bank OCBC NISP,KKB,200000000,55256263,3483057,60,1,Lancar
SLK003840,3175010909902596,2025-12-03,Bank Mandiri,KI,500000000,137421505,15960792,36,1,Lancar
SLK003841,3671015406742597,2024-04-08,Bank Panin,KMK,500000000,178144137,43071648,12,1,Lancar
SLK003842,3175011703852598,2025-03-09,Bank Permata,KKB,25000000,15181329,1155309,24,1,Lancar
SLK003843,3175011703852598,2024-05-09,Bank Danamon,KI,300000000,146092150,6431925,48,1,Lancar
SLK003844,3671016306762599,2025-04-04,BPR Mitra Usaha,KI,50000000,20343082,2281722,24,1,Lancar
SLK003845,3671016306762599,2026-02-08,Bank CIMB Niaga,KPR,50000000,21433085,4691570,12,1,Lancar
SLK003846,3671016306762599,2026-07-12,Bank CIMB Niaga,KPR,100000000,69667515,2284182,48,1,Lancar
SLK003847,3674010203972600,2026-06-29,Bank BCA,KK,100000000,42229547,2928130,36,4,Diragukan
SLK003848,3674010203972600,2024-02-09,Bank Permata,KKB,50000000,32275431,1478479,36,4,Diragukan
SLK003849,3671010502892601,2025-05-15,Bank CIMB Niaga,KI,100000000,88006173,2843585,36,1,Lancar
SLK003850,3671010502892601,2024-03-07,Bank Mandiri,KK,500000000,324560843,10797184,48,1,Lancar
SLK003851,3271011811932602,2024-07-15,Bank Mandiri,KKB,500000000,473619221,15621240,36,1,Lancar
SLK003852,3271011811932602,2024-08-01,Bank CIMB Niaga,KPR,50000000,21937649,1480145,36,5,Macet
SLK003853,3671012305752603,2024-07-23,Bank OCBC NISP,KMK,500000000,132895290,11874214,48,2,Dalam Perhatian Khusus (DPK)
SLK003854,3671010308032604,2024-01-20,Bank Panin,KPR,300000000,240595520,5518690,60,2,Dalam Perhatian Khusus (DPK)
SLK003855,3671010404862605,2024-06-20,Bank Danamon,KKB,25000000,10023561,2368314,12,1,Lancar
SLK003856,3671010404862605,2026-06-15,Bank Danamon,KPR,50000000,16038894,2218979,24,1,Lancar
SLK003857,3671012812902606,2024-07-08,Bank BNI,KKB,500000000,231513868,23881254,24,4,Diragukan
SLK003858,3174015105742607,2024-09-01,Bank Danamon,KI,500000000,469567193,14256011,36,1,Lancar
SLK003859,3174015105742607,2025-12-05,Bank CIMB Niaga,KK,100000000,42614939,4788012,24,1,Lancar
SLK003860,3174015105742607,2026-05-23,Bank OCBC NISP,KI,50000000,20118812,933063,60,2,Dalam Perhatian Khusus (DPK)
SLK003861,3671012703912609,2024-11-14,Bank Panin,KKB,150000000,84415094,3236537,48,1,Lancar
SLK003862,3671012703912609,2025-06-16,BPR Mitra Usaha,KK,150000000,127293423,6438986,24,1,Lancar
SLK003863,3671012706952610,2026-05-09,Bank BNI,KI,25000000,12027699,1155837,24,4,Diragukan
SLK003864,3671012706952610,2024-06-14,Bank Danamon,KI,200000000,118252004,3435632,60,1,Lancar
SLK003865,3671012706952610,2024-12-10,Bank Mandiri,KI,50000000,39844208,1538757,36,1,Lancar
SLK003866,3671012611682612,2024-07-05,Bank OCBC NISP,KKB,75000000,63619666,2351954,36,1,Lancar
SLK003867,3671012611682612,2024-09-24,Bank Permata,KK,75000000,50723075,7100632,12,1,Lancar
SLK003868,3674016102732614,2024-01-08,Bank BNI,KI,50000000,43006756,1189635,48,5,Macet
SLK003869,3674016102732614,2025-06-14,Bank CIMB Niaga,KKB,25000000,7511108,2131078,12,3,Kurang Lancar
SLK003870,3671016703812616,2026-06-14,Bank BCA,KI,75000000,21758710,6489017,12,1,Lancar
SLK003871,3671016703812616,2026-08-08,Bank OCBC NISP,KMK,500000000,232429972,14931592,36,1,Lancar
SLK003872,3671016305022617,2024-12-13,Bank Panin,KKB,50000000,10555384,1530741,36,1,Lancar
SLK003873,3671014211982618,2026-06-19,Bank OCBC NISP,KPR,50000000,21805665,4292293,12,1,Lancar
SLK003874,3674012112002620,2024-05-23,Bank BRI,KI,50000000,20787530,1128927,48,4,Diragukan
SLK003875,3175012101662622,2026-03-18,Bank BCA,KI,75000000,69214406,3447998,24,1,Lancar
SLK003876,3671014612792623,2026-01-10,Bank Mandiri,KMK,75000000,19770992,1391358,60,1,Lancar
SLK003877,3171016009972624,2026-01-21,Bank CIMB Niaga,KMK,100000000,26922085,2290043,48,1,Lancar
SLK003878,3175016605012625,2025-10-11,Bank BRI,KI,25000000,23600498,2185133,12,3,Kurang Lancar
SLK003879,3175016605012625,2025-11-08,Bank CIMB Niaga,KI,25000000,13673619,1117765,24,1,Lancar
SLK003880,3171011605012626,2026-08-09,Bank Mandiri,KI,50000000,10753180,1560761,36,1,Lancar
SLK003881,3171011605012626,2024-08-19,Bank Panin,KKB,25000000,18286214,474013,60,1,Lancar
SLK003882,3276016501742627,2025-10-17,Bank BNI,KK,75000000,67586092,2191016,36,1,Lancar
SLK003883,3276016501742627,2024-11-04,Bank Danamon,KI,200000000,100277143,3483512,60,1,Lancar
SLK003884,3173012610732628,2025-01-02,Bank Mandiri,KMK,50000000,19955568,4575808,12,1,Lancar
SLK003885,3171010803932629,2024-05-08,Bank BCA,KPR,75000000,43392710,6975744,12,1,Lancar
SLK003886,3671012107912630,2025-11-10,Bank Permata,KI,300000000,146482326,6656657,48,5,Macet
SLK003887,3271012308742631,2025-07-10,Bank BNI,KKB,25000000,7753168,459554,60,1,Lancar
SLK003888,3173012104662632,2025-01-21,Bank Permata,KK,300000000,208815359,26261015,12,1,Lancar
SLK003889,3173012104662632,2024-10-13,Bank BNI,KKB,100000000,83665491,1900040,60,4,Diragukan
SLK003890,3171013003972633,2026-06-11,Bank Danamon,KK,25000000,12809776,792895,36,1,Lancar
SLK003891,3171013003972633,2025-01-19,BPR Mitra Usaha,KPR,150000000,87894048,6830354,24,2,Dalam Perhatian Khusus (DPK)
SLK003892,3171013003972633,2025-09-23,Bank BCA,KK,200000000,157908454,18338197,12,1,Lancar
SLK003893,3671016502952634,2025-08-13,Bank OCBC NISP,KK,500000000,141815164,43083853,12,1,Lancar
SLK003894,3671016502952634,2025-12-12,Bank Danamon,KMK,500000000,464970435,42666283,12,1,Lancar
SLK003895,3671016502952634,2026-05-09,Bank BNI,KPR,300000000,232817104,14198396,24,1,Lancar
SLK003896,3173014309882636,2024-10-27,Bank Danamon,KPR,50000000,17851293,2334589,24,1,Lancar
SLK003897,3175012003882637,2024-09-10,Bank BRI,KK,25000000,9349307,575087,48,1,Lancar
SLK003898,3175012003882637,2025-02-03,Bank OCBC NISP,KKB,75000000,38037030,1414718,60,1,Lancar
SLK003899,3175012003882637,2024-07-13,Bank OCBC NISP,KPR,75000000,43920190,2179799,36,1,Lancar
SLK003900,3174015403842639,2025-08-18,Bank CIMB Niaga,KI,25000000,23500690,1110650,24,1,Lancar
SLK003901,3174015403842639,2025-07-08,Bank BNI,KMK,150000000,44247522,3296280,48,1,Lancar
SLK003902,3174016012732640,2025-05-30,Bank Panin,KK,150000000,68264873,6787140,24,3,Kurang Lancar
SLK003903,3172016411012642,2025-11-04,Bank Permata,KMK,300000000,242334769,8707953,36,1,Lancar
SLK003904,3172016411012642,2025-02-11,Bank Permata,KKB,500000000,358525698,23140858,24,1,Lancar
SLK003905,3671015201012643,2024-08-23,Bank BNI,KPR,75000000,60242196,3249098,24,1,Lancar
SLK003906,3671015201012643,2024-07-08,Bank Panin,KMK,25000000,16849605,579284,48,1,Lancar
SLK003907,3671012408742644,2025-09-09,Bank BCA,KMK,500000000,299405942,11441587,48,2,Dalam Perhatian Khusus (DPK)
SLK003908,3671012408742644,2024-12-13,Bank CIMB Niaga,KMK,100000000,77467757,1778105,60,1,Lancar
SLK003909,3671011403882645,2025-01-23,Bank Panin,KI,200000000,91059020,8562482,24,1,Lancar
SLK003910,3674014410742646,2024-10-29,BPR Mitra Usaha,KKB,300000000,171119717,6825732,48,1,Lancar
SLK003911,3271015508752647,2025-04-12,Bank Mandiri,KPR,50000000,13961469,1164490,48,1,Lancar
SLK003912,3172010412802648,2025-11-24,Bank CIMB Niaga,KK,75000000,62405967,2320294,36,2,Dalam Perhatian Khusus (DPK)
SLK003913,3172010412802648,2024-04-26,Bank BCA,KPR,100000000,78797594,1812767,60,1,Lancar
SLK003914,3671010712752649,2026-06-24,Bank Mandiri,KKB,100000000,87786956,3050810,36,1,Lancar
SLK003915,3671010712752649,2025-01-15,Bank CIMB Niaga,KKB,200000000,44799777,4407705,48,4,Diragukan
SLK003916,3275016712012650,2025-02-10,Bank Danamon,KMK,25000000,7988589,568450,48,1,Lancar
SLK003917,3674010612962651,2024-07-04,Bank Permata,KKB,200000000,67733379,4677449,48,1,Lancar
SLK003918,3674010612962651,2025-12-01,Bank CIMB Niaga,KK,25000000,19665938,574785,48,1,Lancar
SLK003919,3674010612962651,2026-07-01,Bank Mandiri,KKB,100000000,31838105,9123600,12,2,Dalam Perhatian Khusus (DPK)
SLK003920,3674014806992653,2024-12-31,Bank BNI,KPR,75000000,21752150,1731800,48,1,Lancar
SLK003921,3674014806992653,2024-04-13,Bank BNI,KK,75000000,39725765,1711869,48,3,Kurang Lancar
SLK003922,3674014806992653,2024-09-11,Bank CIMB Niaga,KPR,100000000,34679483,2218708,48,1,Lancar
SLK003923,3175010611792655,2025-02-27,Bank BRI,KK,500000000,355138832,21695311,24,1,Lancar
SLK003924,3175010611792655,2024-08-09,Bank BNI,KPR,100000000,53696627,9541679,12,1,Lancar
SLK003925,3175010611792655,2025-11-13,BPR Mitra Usaha,KPR,300000000,105405918,12814767,24,3,Kurang Lancar
SLK003926,3172015704802656,2025-03-08,Bank Danamon,KMK,100000000,44548282,4438174,24,1,Lancar
SLK003927,3173014105842657,2024-12-08,Bank Panin,KI,50000000,41039292,1110250,48,1,Lancar
SLK003928,3271010811732658,2024-06-07,Bank BNI,KMK,200000000,46486453,18378134,12,1,Lancar
SLK003929,3271010811732658,2025-08-31,Bank CIMB Niaga,KKB,25000000,17267887,763107,36,1,Lancar
SLK003930,3271010811732658,2025-02-14,Bank Mandiri,KPR,25000000,5128730,428067,60,1,Lancar
SLK003931,3271010512892659,2025-08-04,Bank Permata,KKB,100000000,94262765,3187975,36,1,Lancar
SLK003932,3271010512892659,2025-02-22,Bank Danamon,KKB,150000000,73219707,7187344,24,1,Lancar
SLK003933,3671011702742660,2024-03-26,Bank BRI,KPR,100000000,81667242,1756047,60,1,Lancar
SLK003934,3671011702742660,2025-08-01,Bank Panin,KI,50000000,29578802,1077027,48,1,Lancar
SLK003935,3671010705662661,2024-08-23,Bank CIMB Niaga,KPR,100000000,34714362,4781311,24,1,Lancar
SLK003936,3671010705662661,2024-04-09,Bank CIMB Niaga,KKB,25000000,8731724,440888,60,1,Lancar
SLK003937,3671015205992662,2025-05-12,BPR Mitra Usaha,KKB,100000000,51757897,4684665,24,4,Diragukan
SLK003938,3671015205992662,2025-08-18,Bank BNI,KK,75000000,56039913,3395398,24,1,Lancar
SLK003939,3671012901682663,2025-08-24,Bank BRI,KPR,75000000,18850182,6739382,12,5,Macet
SLK003940,3671011705892666,2025-11-19,Bank BRI,KK,50000000,35472573,1119857,48,1,Lancar
SLK003941,3674016305842667,2024-04-13,Bank CIMB Niaga,KK,200000000,58736392,5790081,36,1,Lancar
SLK003942,3674016305842667,2024-08-17,Bank OCBC NISP,KI,75000000,29984839,1382786,60,1,Lancar
SLK003943,3671010607842668,2026-02-10,Bank Danamon,KI,25000000,21194682,767655,36,2,Dalam Perhatian Khusus (DPK)
SLK003944,3671010607842668,2025-09-19,Bank Mandiri,KK,200000000,168302835,17230441,12,1,Lancar
SLK003945,3171014203992669,2026-08-14,Bank BNI,KMK,75000000,41916598,3190785,24,1,Lancar
SLK003946,3171014203992669,2026-02-17,Bank BCA,KKB,100000000,28842827,2214010,48,1,Lancar
SLK003947,3171014203992669,2025-12-05,Bank Panin,KKB,50000000,22505651,852928,60,1,Lancar
SLK003948,3671012511842670,2025-04-03,Bank CIMB Niaga,KPR,25000000,15031140,551410,48,4,Diragukan
SLK003949,3671012511842670,2026-03-08,Bank OCBC NISP,KK,150000000,51626670,3294137,48,1,Lancar
SLK003950,3276017107002671,2025-03-23,Bank Panin,KKB,200000000,74794506,3785251,60,1,Lancar
SLK003951,3171010902932672,2024-07-23,Bank BRI,KMK,75000000,61877347,1597718,48,1,Lancar
SLK003952,3173012804742674,2025-04-13,Bank BCA,KK,25000000,12446958,1107595,24,1,Lancar
SLK003953,3173012804742674,2024-03-29,Bank BCA,KKB,25000000,11657813,757833,36,2,Dalam Perhatian Khusus (DPK)
SLK003954,3271011509962675,2025-09-23,Bank CIMB Niaga,KPR,300000000,225764396,14303768,24,1,Lancar
SLK003955,3271011509962675,2026-05-07,Bank BCA,KK,50000000,11622433,891984,60,1,Lancar
SLK003956,3674016703942676,2024-05-26,Bank Permata,KK,100000000,60873671,2189940,48,1,Lancar
SLK003957,3674016703942676,2025-05-25,Bank BCA,KK,75000000,52988885,1729821,48,1,Lancar
SLK003958,3173010108932677,2026-01-02,Bank OCBC NISP,KMK,150000000,48056150,4722985,36,1,Lancar
SLK003959,3173010108932677,2025-12-31,Bank BCA,KPR,25000000,22327269,585027,48,1,Lancar
SLK003960,3674012610692678,2024-08-21,BPR Mitra Usaha,KK,100000000,73817520,4622174,24,3,Kurang Lancar
SLK003961,3674012610692678,2025-11-20,Bank OCBC NISP,KPR,300000000,125041478,13591828,24,2,Dalam Perhatian Khusus (DPK)
SLK003962,3671015611842679,2026-04-18,Bank Mandiri,KPR,200000000,48270510,17837442,12,3,Kurang Lancar
SLK003963,3671015611842679,2026-02-08,Bank CIMB Niaga,KMK,500000000,203284819,14931028,36,2,Dalam Perhatian Khusus (DPK)
SLK003964,3275010102012680,2025-08-14,Bank BCA,KK,300000000,116539838,5375847,60,1,Lancar
SLK003965,3671013105732681,2026-04-05,BPR Mitra Usaha,KK,100000000,72129538,2927987,36,1,Lancar
SLK003966,3671011812992682,2024-11-02,BPR Mitra Usaha,KK,200000000,96565161,3486152,60,1,Lancar
SLK003967,3671011812992682,2025-10-10,Bank Danamon,KMK,50000000,37256216,880087,60,2,Dalam Perhatian Khusus (DPK)
SLK003968,3671011812992682,2026-05-16,Bank BCA,KKB,75000000,61049033,3209413,24,1,Lancar
SLK003969,3671016212792684,2024-10-22,Bank BRI,KKB,75000000,37449078,1715263,48,2,Dalam Perhatian Khusus (DPK)
SLK003970,3175010808872685,2024-03-22,Bank CIMB Niaga,KI,150000000,125721741,2737619,60,1,Lancar
SLK003971,3275012706652686,2024-05-25,Bank OCBC NISP,KPR,75000000,68927366,6964595,12,3,Kurang Lancar
SLK003972,3674010610802688,2024-01-30,Bank CIMB Niaga,KPR,150000000,86743940,2750522,60,1,Lancar
SLK003973,3276016803762689,2024-03-24,Bank BRI,KI,50000000,24158038,1126726,48,1,Lancar
SLK003974,3275011706712690,2025-06-20,Bank Danamon,KK,150000000,114462664,2625316,60,5,Macet
SLK003975,3172011501012692,2025-08-02,Bank BNI,KKB,100000000,76979060,4268222,24,1,Lancar
SLK003976,3674010609012693,2024-01-31,Bank Panin,KMK,75000000,28169567,1295201,60,1,Lancar
SLK003977,3674010609012693,2024-02-20,Bank BNI,KPR,500000000,315453629,23045387,24,1,Lancar
SLK003978,3173012808952694,2025-04-08,Bank CIMB Niaga,KI,25000000,21141789,785887,36,1,Lancar
SLK003979,3173012808952694,2026-07-19,Bank BCA,KK,300000000,249673279,5297504,60,1,Lancar
SLK003980,3173012808952694,2025-08-03,Bank BCA,KMK,500000000,148477829,23630529,24,1,Lancar
SLK003981,3671012806792695,2024-01-31,Bank CIMB Niaga,KK,150000000,46717850,2642024,60,1,Lancar
SLK003982,3671012806792695,2026-08-09,Bank BRI,KPR,300000000,130631353,25799713,12,1,Lancar
SLK003983,3671012806792695,2025-02-15,Bank Mandiri,KMK,150000000,51238614,3473491,48,2,Dalam Perhatian Khusus (DPK)
SLK003984,3276012301752696,2026-06-29,Bank BRI,KK,75000000,24332072,2321465,36,1,Lancar
SLK003985,3276012301752696,2025-10-03,Bank Danamon,KPR,500000000,101137910,9226335,60,4,Diragukan
SLK003986,3175011010842698,2025-11-14,BPR Mitra Usaha,KK,100000000,84036445,4450726,24,1,Lancar
SLK003987,3175011010842698,2026-01-13,Bank OCBC NISP,KI,300000000,239296225,28492271,12,1,Lancar
SLK003988,3671012502692699,2025-02-13,Bank BNI,KMK,500000000,141071929,8948001,60,3,Kurang Lancar
SLK003989,3671012502692699,2025-10-29,Bank Danamon,KMK,100000000,79152424,2320973,48,1,Lancar
SLK003990,3671012502692699,2025-06-08,Bank BCA,KMK,75000000,43098437,3450201,24,3,Kurang Lancar
SLK003991,3671016102872700,2025-07-20,Bank Permata,KKB,50000000,35350110,1506340,36,1,Lancar
SLK003992,3173015803922701,2025-03-28,Bank Mandiri,KPR,100000000,72819619,9459034,12,1,Lancar
SLK003993,3173015803922701,2026-08-08,Bank BRI,KK,500000000,397194862,44290361,12,1,Lancar
SLK003994,3173015803922701,2025-01-02,Bank OCBC NISP,KK,300000000,83319883,6531411,48,1,Lancar
SLK003995,3671010206972702,2024-01-19,Bank BNI,KPR,100000000,34648805,4515849,24,1,Lancar
SLK003996,3275011410942703,2024-10-12,Bank Mandiri,KKB,25000000,14105693,755376,36,3,Kurang Lancar
SLK003997,3275011410942703,2024-10-04,Bank BRI,KK,75000000,19390048,6882778,12,1,Lancar
SLK003998,3275011410942703,2024-06-11,Bank BNI,KPR,25000000,8501573,1117609,24,1,Lancar
SLK003999,3674014908712704,2025-08-05,Bank Panin,KPR,200000000,53009397,4771747,48,1,Lancar
SLK004000,3275010503982705,2026-04-07,Bank Panin,KK,75000000,26587505,3444881,24,2,Dalam Perhatian Khusus (DPK)
SLK004001,3275010503982705,2026-07-21,Bank OCBC NISP,KKB,25000000,10625371,1145946,24,1,Lancar
SLK004002,3174012210732706,2025-09-29,Bank BCA,KK,300000000,126466803,28473386,12,2,Dalam Perhatian Khusus (DPK)
SLK004003,3174012210732706,2026-01-05,Bank Permata,KPR,50000000,13638850,2340278,24,1,Lancar
SLK004004,3174012210732706,2026-02-22,Bank Panin,KPR,75000000,40128119,3329668,24,2,Dalam Perhatian Khusus (DPK)
SLK004005,3275015810682707,2024-03-18,Bank BRI,KMK,200000000,69651015,8924630,24,2,Dalam Perhatian Khusus (DPK)
SLK004006,3275015810682707,2024-06-01,Bank BNI,KPR,500000000,445359125,8567441,60,1,Lancar
SLK004007,3275015810682707,2025-08-06,Bank Permata,KMK,75000000,52394959,1759709,48,1,Lancar
SLK004008,3671016209782708,2024-12-24,BPR Mitra Usaha,KI,100000000,34130854,2276567,48,1,Lancar
SLK004009,3174011911802709,2026-02-14,Bank OCBC NISP,KMK,300000000,193167878,13680027,24,1,Lancar
SLK004010,3271014110692710,2025-12-23,Bank Permata,KI,75000000,29333995,1687334,48,1,Lancar
SLK004011,3671015310972711,2025-04-19,Bank BRI,KI,200000000,162313493,8680375,24,1,Lancar
SLK004012,3671011405942712,2024-12-08,Bank BRI,KKB,300000000,212263039,27330723,12,1,Lancar
SLK004013,3671011405942712,2024-10-03,Bank BNI,KKB,25000000,20915575,2178171,12,1,Lancar
SLK004014,3174011510022713,2024-04-01,Bank BCA,KI,75000000,71056165,3570572,24,1,Lancar
SLK004015,3174011510022713,2026-05-16,Bank Panin,KK,75000000,64067145,7091944,12,1,Lancar
SLK004016,3172012912682714,2025-04-30,Bank Mandiri,KPR,75000000,38998237,3307102,24,1,Lancar
SLK004017,3172011706862715,2025-04-25,Bank BCA,KKB,75000000,55998732,1641891,48,2,Dalam Perhatian Khusus (DPK)
SLK004018,3271016512722716,2024-06-14,BPR Mitra Usaha,KK,150000000,112767751,3426701,48,2,Dalam Perhatian Khusus (DPK)
SLK004019,3171016001902717,2024-10-13,Bank OCBC NISP,KPR,25000000,21889133,557088,48,1,Lancar
SLK004020,3671015003792719,2026-07-27,Bank CIMB Niaga,KK,25000000,20039461,427014,60,1,Lancar
SLK004021,3671015003792719,2025-05-19,Bank Mandiri,KMK,300000000,152122710,9471790,36,3,Kurang Lancar
SLK004022,3271010306662721,2025-08-05,Bank Permata,KPR,200000000,72552461,9556402,24,3,Kurang Lancar
SLK004023,3275014803012723,2025-02-25,Bank BCA,KPR,100000000,37956233,9491062,12,1,Lancar
SLK004024,3275014803012723,2025-01-19,BPR Mitra Usaha,KK,500000000,287710830,10656888,48,1,Lancar
SLK004025,3275014803012723,2024-10-13,Bank Panin,KI,500000000,207251431,21605699,24,5,Macet
SLK004026,3174016301652725,2026-04-04,Bank Panin,KPR,75000000,66423555,1315610,60,1,Lancar
SLK004027,3671010208812726,2025-02-18,Bank Mandiri,KMK,25000000,21145565,1113004,24,1,Lancar
SLK004028,3674016807812727,2025-03-21,Bank Permata,KK,25000000,13909570,2257621,12,1,Lancar
SLK004029,3674016807812727,2024-12-12,Bank Panin,KKB,150000000,82776935,4761514,36,1,Lancar
SLK004030,3671010603652729,2025-04-10,Bank OCBC NISP,KK,50000000,26783641,1081898,48,1,Lancar
SLK004031,3671010603652729,2025-09-09,Bank Danamon,KI,100000000,21265100,1868858,60,1,Lancar
SLK004032,3271010903862730,2026-01-20,Bank BRI,KPR,25000000,9972758,776494,36,1,Lancar
SLK004033,3271010903862730,2025-09-24,Bank OCBC NISP,KPR,50000000,43682845,2133725,24,1,Lancar
SLK004034,3275012007822731,2026-03-29,Bank BNI,KK,75000000,61438948,1404813,60,1,Lancar
SLK004035,3275012007822731,2024-08-02,Bank Mandiri,KI,500000000,341000947,22629162,24,1,Lancar
SLK004036,3671011511862732,2025-10-18,Bank Permata,KMK,25000000,14699762,532472,48,1,Lancar
SLK004037,3671014702772733,2026-06-14,BPR Mitra Usaha,KK,50000000,23746017,2258257,24,2,Dalam Perhatian Khusus (DPK)
SLK004038,3671014702772733,2025-07-30,Bank BNI,KI,200000000,103563213,9277734,24,1,Lancar
SLK004039,3671010110792734,2025-01-22,Bank Mandiri,KI,100000000,70490417,3047089,36,1,Lancar
SLK004040,3172012402912736,2026-03-14,Bank Panin,KKB,25000000,17041405,549886,48,1,Lancar
SLK004041,3276015501912737,2024-04-24,Bank Danamon,KKB,100000000,45755483,1878749,60,1,Lancar
SLK004042,3275012910712738,2026-06-19,Bank CIMB Niaga,KI,300000000,264037336,9462484,36,1,Lancar
SLK004043,3275012910712738,2026-06-07,Bank BNI,KKB,25000000,8191396,434221,60,1,Lancar
SLK004044,3275017112952739,2025-07-01,Bank BNI,KKB,300000000,173647288,26238243,12,1,Lancar
SLK004045,3271014204772740,2026-01-24,Bank Panin,KMK,100000000,66686265,2997635,36,1,Lancar
SLK004046,3271014204772740,2025-11-21,Bank BNI,KKB,500000000,100997913,23288087,24,1,Lancar
SLK004047,3171010408692741,2024-03-22,Bank OCBC NISP,KMK,200000000,106028469,4412927,48,1,Lancar
SLK004048,3171010408692741,2025-07-17,Bank Permata,KPR,50000000,12568174,4687128,12,1,Lancar
SLK004049,3175011309822742,2025-07-05,Bank Panin,KMK,200000000,97838874,3780247,60,1,Lancar
SLK004050,3276010511752743,2025-04-12,Bank CIMB Niaga,KKB,25000000,9256991,2225494,12,2,Dalam Perhatian Khusus (DPK)
SLK004051,3276010511752743,2026-03-12,Bank BCA,KI,50000000,10463919,2140015,24,1,Lancar
SLK004052,3174015802852745,2024-02-10,Bank CIMB Niaga,KKB,200000000,83273261,3408802,60,2,Dalam Perhatian Khusus (DPK)
SLK004053,3174015802852745,2024-12-11,Bank CIMB Niaga,KPR,150000000,38340200,4715626,36,1,Lancar
SLK004054,3174015802852745,2025-01-21,Bank Danamon,KKB,150000000,110266936,2698075,60,1,Lancar
SLK004055,3172016201972746,2025-02-03,Bank BNI,KKB,300000000,162233531,6403663,48,1,Lancar
SLK004056,3172016201972746,2026-02-06,Bank BNI,KKB,500000000,144704713,10732676,48,1,Lancar
SLK004057,3276015708912747,2024-07-18,Bank Panin,KMK,50000000,36850173,1445147,36,1,Lancar
SLK004058,3172011211902748,2024-08-01,BPR Mitra Usaha,KI,75000000,52750403,3321180,24,1,Lancar
SLK004059,3172011211902748,2026-03-26,Bank BRI,KI,50000000,38661805,1517318,36,1,Lancar
SLK004060,3175010702732749,2024-08-03,Bank Mandiri,KPR,500000000,391465263,23141740,24,1,Lancar
SLK004061,3671013107952750,2026-02-12,Bank BRI,KMK,500000000,342715588,46493184,12,1,Lancar
SLK004062,3674012008872752,2024-02-28,Bank BNI,KKB,300000000,64875168,14070189,24,1,Lancar
SLK004063,3674012008872752,2025-08-31,BPR Mitra Usaha,KK,200000000,169397641,6203516,36,1,Lancar
SLK004064,3674012008872752,2026-04-14,Bank BRI,KMK,300000000,197587063,7058189,48,1,Lancar
SLK004065,3271015003982753,2024-11-05,Bank Panin,KKB,75000000,34455608,1621666,48,1,Lancar
SLK004066,3271015003982753,2025-07-30,Bank BNI,KKB,25000000,8323525,431229,60,1,Lancar
SLK004067,3271015003982753,2026-01-10,Bank Mandiri,KMK,100000000,25581089,3050237,36,2,Dalam Perhatian Khusus (DPK)
SLK004068,3175014412972756,2024-06-27,Bank BNI,KI,300000000,262145997,13949505,24,3,Kurang Lancar
SLK004069,3175014412972756,2024-12-09,Bank OCBC NISP,KK,300000000,126486452,5283623,60,1,Lancar
SLK004070,3175014412972756,2026-04-11,Bank BNI,KKB,150000000,134821042,3282628,48,1,Lancar
SLK004071,3671017010022757,2025-10-06,Bank OCBC NISP,KPR,50000000,15323806,2136414,24,1,Lancar
SLK004072,3671017010022757,2025-09-03,Bank Mandiri,KMK,500000000,214721080,21851789,24,3,Kurang Lancar
SLK004073,3275011907002758,2024-07-02,BPR Mitra Usaha,KI,150000000,114075869,6652395,24,1,Lancar
SLK004074,3275011907002758,2025-08-26,BPR Mitra Usaha,KI,75000000,42206508,3353645,24,1,Lancar
SLK004075,3271011807892761,2025-09-25,Bank BRI,KMK,50000000,13639278,935474,60,1,Lancar
SLK004076,3271011807892761,2024-03-10,Bank BNI,KI,100000000,64383986,4419894,24,1,Lancar
SLK004077,3271011807892761,2025-03-30,Bank Mandiri,KPR,500000000,332409175,9350543,60,1,Lancar
SLK004078,3275016705892762,2024-11-24,Bank OCBC NISP,KPR,75000000,27094479,2139568,36,2,Dalam Perhatian Khusus (DPK)
SLK004079,3671017003732763,2025-12-31,Bank Mandiri,KK,100000000,92042494,4626493,24,1,Lancar
SLK004080,3671011910942764,2026-06-29,Bank Danamon,KMK,500000000,148379730,11515527,48,1,Lancar
SLK004081,3671011910942764,2026-08-04,Bank OCBC NISP,KPR,150000000,129995833,2827723,60,2,Dalam Perhatian Khusus (DPK)
SLK004082,3174010602012765,2025-09-08,Bank BCA,KMK,75000000,31022910,2174674,36,1,Lancar
SLK004083,3271012512792766,2024-08-19,BPR Mitra Usaha,KI,50000000,20967339,1076061,48,1,Lancar
SLK004084,3674010811702767,2025-07-05,Bank BRI,KI,100000000,48494477,4460332,24,5,Macet
SLK004085,3671011511662769,2026-06-13,Bank Permata,KK,25000000,13929460,581338,48,1,Lancar
SLK004086,3671011511662769,2025-03-08,Bank CIMB Niaga,KK,500000000,180162904,11951433,48,1,Lancar
SLK004087,3671015411872770,2024-09-02,Bank Panin,KI,500000000,176925719,8900995,60,2,Dalam Perhatian Khusus (DPK)
SLK004088,3271016708972771,2026-03-02,Bank Permata,KK,25000000,8553069,2325009,12,1,Lancar
SLK004089,3271016708972771,2024-08-17,Bank BCA,KI,200000000,67596558,6157312,36,4,Diragukan
SLK004090,3271016708972771,2025-07-15,Bank Mandiri,KMK,200000000,72882828,3765238,60,1,Lancar
SLK004091,3671011209752772,2026-01-01,Bank BNI,KI,50000000,45027287,1460096,36,1,Lancar
SLK004092,3275010104952773,2025-07-29,Bank BNI,KI,500000000,332391752,22262116,24,1,Lancar
SLK004093,3275010104952773,2026-07-28,Bank Permata,KKB,50000000,14378863,4721349,12,2,Dalam Perhatian Khusus (DPK)
SLK004094,3275011006992774,2026-02-04,Bank BNI,KKB,50000000,14900088,1167521,48,1,Lancar
SLK004095,3275011006992774,2024-03-12,Bank CIMB Niaga,KMK,150000000,89889822,13581135,12,2,Dalam Perhatian Khusus (DPK)
SLK004096,3271016611982775,2024-10-17,Bank OCBC NISP,KKB,200000000,171667473,8868303,24,1,Lancar
SLK004097,3671016611932776,2024-03-19,BPR Mitra Usaha,KPR,200000000,178593756,6028041,36,1,Lancar
SLK004098,3671016611932776,2026-06-25,Bank Danamon,KKB,300000000,230951652,13841046,24,1,Lancar
SLK004099,3671014803872777,2024-03-30,Bank Danamon,KK,50000000,22946361,900729,60,1,Lancar
SLK004100,3671014803872777,2024-04-20,Bank Panin,KMK,100000000,91224326,2213637,48,1,Lancar
SLK004101,3175014204692778,2025-10-22,Bank BCA,KMK,300000000,60552676,5170780,60,1,Lancar
SLK004102,3175014204692778,2025-02-11,BPR Mitra Usaha,KK,100000000,83117619,2900700,36,1,Lancar
SLK004103,3276015007992779,2024-10-22,Bank BRI,KK,500000000,192703988,11550262,48,2,Dalam Perhatian Khusus (DPK)
SLK004104,3276015007992779,2024-07-07,Bank BRI,KI,300000000,270941440,8565654,36,1,Lancar
SLK004105,3674010512992780,2024-03-06,BPR Mitra Usaha,KKB,200000000,166494858,4677234,48,4,Diragukan
SLK004106,3674010512992780,2026-01-31,Bank Panin,KK,25000000,14732457,1099041,24,3,Kurang Lancar
SLK004107,3674010512992780,2025-12-30,Bank Danamon,KK,200000000,83844159,17654447,12,1,Lancar
SLK004108,3173015712752781,2025-08-17,Bank BNI,KI,200000000,166170727,3650945,60,1,Lancar
SLK004109,3173015712752781,2024-02-12,Bank BCA,KMK,100000000,33850576,2196336,48,1,Lancar
SLK004110,3173015712752781,2025-11-27,Bank Panin,KK,500000000,420045335,9289632,60,1,Lancar
SLK004111,3175011910002782,2026-03-23,Bank Panin,KMK,300000000,157138348,5495307,60,1,Lancar
SLK004112,3175011910002782,2026-07-29,Bank Mandiri,KKB,300000000,173843899,6970970,48,1,Lancar
SLK004113,3175011910002782,2024-06-11,Bank BNI,KI,150000000,78502538,2824096,60,2,Dalam Perhatian Khusus (DPK)
SLK004114,3275016109692783,2026-01-14,Bank BRI,KKB,50000000,39203597,2239988,24,3,Kurang Lancar
SLK004115,3275016109692783,2024-11-03,Bank OCBC NISP,KK,50000000,23391183,1442246,36,1,Lancar
SLK004116,3674010208012784,2024-08-30,Bank Mandiri,KMK,150000000,135039791,3266076,48,1,Lancar
SLK004117,3175015011752785,2025-10-01,Bank CIMB Niaga,KPR,100000000,60554170,2126840,48,1,Lancar
SLK004118,3175015011752785,2024-05-06,Bank Mandiri,KK,200000000,110768407,17134952,12,1,Lancar
SLK004119,3276015601822786,2025-07-02,Bank BNI,KPR,100000000,49805036,1786767,60,1,Lancar
SLK004120,3174016107912787,2026-02-18,Bank CIMB Niaga,KPR,500000000,241588256,23266185,24,1,Lancar
SLK004121,3174016107912787,2024-06-04,Bank Danamon,KI,150000000,108076268,3355957,48,2,Dalam Perhatian Khusus (DPK)
SLK004122,3174014403002788,2025-05-12,Bank CIMB Niaga,KI,150000000,100093068,14342178,12,1,Lancar
SLK004123,3174014403002788,2024-09-30,BPR Mitra Usaha,KPR,100000000,28360188,4329744,24,1,Lancar
SLK004124,3671015408012789,2024-04-04,Bank OCBC NISP,KK,75000000,67906572,1343908,60,1,Lancar
SLK004125,3671015408012789,2024-12-05,Bank Panin,KPR,500000000,224869683,9034977,60,1,Lancar
SLK004126,3271015202772790,2025-05-01,Bank OCBC NISP,KMK,50000000,38986928,1133928,48,1,Lancar
SLK004127,3271015202772790,2024-06-08,Bank BNI,KK,200000000,165806513,5992246,36,1,Lancar
SLK004128,3271015202772790,2024-05-13,Bank Panin,KI,200000000,110757379,4673197,48,1,Lancar
SLK004129,3276015604972791,2024-03-24,Bank Mandiri,KK,200000000,101261956,4462452,48,2,Dalam Perhatian Khusus (DPK)
SLK004130,3276015604972791,2024-03-08,Bank Danamon,KKB,200000000,46814292,4545876,48,2,Dalam Perhatian Khusus (DPK)
SLK004131,3671011108912792,2026-07-23,Bank BCA,KK,500000000,111660480,21458010,24,2,Dalam Perhatian Khusus (DPK)
SLK004132,3275016004872793,2026-06-05,Bank BCA,KMK,50000000,18126308,1554605,36,1,Lancar
SLK004133,3275016004872793,2024-10-26,Bank BNI,KK,300000000,283680783,6612891,48,1,Lancar
SLK004134,3671010102872794,2025-03-31,BPR Mitra Usaha,KI,300000000,147245619,6652740,48,1,Lancar
SLK004135,3275011103672795,2026-08-08,Bank BNI,KPR,150000000,83101038,7177017,24,1,Lancar
SLK004136,3271010203012796,2026-07-10,Bank BCA,KMK,75000000,44835456,2133164,36,1,Lancar
SLK004137,3171015106702797,2025-11-16,Bank BRI,KPR,75000000,29916283,1423083,60,1,Lancar
SLK004138,3275016309902798,2024-05-27,Bank Danamon,KMK,75000000,20931622,2293843,36,5,Macet
SLK004139,3173012304782799,2024-11-25,BPR Mitra Usaha,KKB,300000000,60559943,9480081,36,1,Lancar
SLK004140,3173012304782799,2024-07-27,Bank BCA,KMK,100000000,45388407,3192351,36,2,Dalam Perhatian Khusus (DPK)
SLK004141,3173012304782799,2026-07-27,Bank Permata,KI,75000000,19826884,6772853,12,3,Kurang Lancar
SLK004142,3671017012762800,2025-03-09,Bank Panin,KPR,200000000,115026294,9083353,24,1,Lancar
SLK004143,3171015502852802,2024-10-15,Bank BCA,KK,100000000,20216998,2383012,48,1,Lancar
SLK004144,3171015502852802,2025-04-24,Bank OCBC NISP,KKB,50000000,29450491,1532760,36,3,Kurang Lancar
SLK004145,3171015502852802,2026-05-03,Bank Panin,KK,150000000,71271300,12765469,12,1,Lancar
SLK004146,3671012301662803,2025-02-28,Bank BCA,KKB,150000000,115229066,13050853,12,1,Lancar
SLK004147,3671016005992804,2026-08-06,Bank Permata,KK,200000000,160913778,3750655,60,1,Lancar
SLK004148,3671016005992804,2025-03-24,Bank BRI,KK,500000000,381155812,14368481,36,1,Lancar
SLK004149,3276012208872805,2025-03-03,Bank BRI,KMK,500000000,150825034,15505708,36,5,Macet
SLK004150,3671012006952806,2024-11-04,Bank BRI,KK,150000000,87468387,4314405,36,1,Lancar
SLK004151,3171015301932807,2025-05-19,Bank Danamon,KK,500000000,308086921,47623039,12,1,Lancar
SLK004152,3171015301932807,2025-10-05,Bank BCA,KMK,200000000,135775828,5790285,36,3,Kurang Lancar
SLK004153,3171015301932807,2024-04-05,Bank CIMB Niaga,KMK,150000000,123284071,2676992,60,1,Lancar
SLK004154,3174016007762809,2024-02-18,Bank Mandiri,KK,500000000,167355364,9546565,60,1,Lancar
SLK004155,3175016812802810,2026-01-14,Bank BRI,KPR,200000000,155486244,6029783,36,1,Lancar
SLK004156,3174010411942811,2026-07-31,BPR Mitra Usaha,KI,100000000,63789710,4743050,24,1,Lancar
SLK004157,3276010605772812,2024-08-04,Bank Mandiri,KKB,100000000,56381735,8967095,12,1,Lancar
SLK004158,3276010605772812,2024-12-18,Bank BCA,KMK,300000000,202854316,26562333,12,1,Lancar
SLK004159,3671016807882813,2025-05-05,Bank Permata,KK,50000000,17418275,1180614,48,3,Kurang Lancar
SLK004160,3671016807882813,2024-06-13,Bank Danamon,KMK,500000000,333764116,22952726,24,1,Lancar
SLK004161,3671013110682814,2024-11-23,Bank BRI,KK,200000000,160329260,3639064,60,1,Lancar
SLK004162,3671013110682814,2025-06-10,Bank Mandiri,KMK,300000000,103974364,9072032,36,1,Lancar
SLK004163,3171014407722816,2024-11-13,BPR Mitra Usaha,KKB,75000000,16372408,2130864,36,1,Lancar
SLK004164,3171010409002817,2026-08-22,Bank Mandiri,KPR,50000000,42474149,1179949,48,1,Lancar
SLK004165,3671016407792818,2024-10-07,Bank Permata,KK,150000000,138917769,2774954,60,5,Macet
SLK004166,3671016407792818,2024-01-25,Bank Danamon,KMK,300000000,221505142,26572694,12,1,Lancar
SLK004167,3671016311722819,2025-06-02,Bank CIMB Niaga,KK,150000000,54844541,2691024,60,2,Dalam Perhatian Khusus (DPK)
SLK004168,3671016311722819,2026-01-28,Bank Danamon,KMK,75000000,64053479,1596300,48,1,Lancar
SLK004169,3174014511862821,2025-05-01,Bank Mandiri,KPR,50000000,14384964,1106398,48,3,Kurang Lancar
SLK004170,3674014307762822,2024-05-08,Bank Mandiri,KPR,100000000,54869091,3170820,36,1,Lancar
SLK004171,3671015609982823,2025-05-05,Bank BNI,KMK,500000000,369340879,11565675,48,1,Lancar
SLK004172,3276015904942824,2026-06-30,Bank Panin,KKB,25000000,13356990,749903,36,1,Lancar
SLK004173,3276015904942824,2025-07-26,Bank Panin,KKB,300000000,122203777,13491342,24,1,Lancar
SLK004174,3173016103982825,2024-12-05,Bank BRI,KKB,75000000,51163967,6956268,12,1,Lancar
SLK004175,3173016103982825,2024-08-17,Bank BRI,KI,50000000,28325392,868276,60,1,Lancar
SLK004176,3173016103982825,2026-06-11,Bank Panin,KPR,25000000,17580861,435609,60,2,Dalam Perhatian Khusus (DPK)
SLK004177,3275016308862826,2024-10-29,Bank BCA,KI,500000000,224982855,22426509,24,1,Lancar
SLK004178,3671015412982827,2024-08-24,Bank BNI,KPR,100000000,56935946,9160175,12,1,Lancar
SLK004179,3674011304732828,2025-07-19,Bank Mandiri,KI,25000000,17615096,1177861,24,3,Kurang Lancar
SLK004180,3674011304732828,2025-11-30,Bank BCA,KMK,150000000,81812470,4525297,36,1,Lancar
SLK004181,3175012302732829,2024-08-08,Bank OCBC NISP,KKB,200000000,65023050,8822306,24,1,Lancar
SLK004182,3175012302732829,2024-01-16,Bank Mandiri,KI,75000000,52771608,1737871,48,1,Lancar
SLK004183,3175012302732829,2024-09-01,Bank BNI,KPR,25000000,11694099,543319,48,1,Lancar
SLK004184,3671014904832830,2025-07-09,Bank BRI,KI,50000000,46881106,858233,60,1,Lancar
SLK004185,3172015702882831,2024-12-04,Bank Mandiri,KKB,300000000,144564677,26049991,12,1,Lancar
SLK004186,3671012309972833,2024-06-27,Bank OCBC NISP,KPR,150000000,109258488,3480065,48,3,Kurang Lancar
SLK004187,3671012309972833,2025-11-16,Bank BCA,KPR,200000000,79050787,5710966,36,1,Lancar
SLK004188,3674011305732834,2025-04-29,Bank Mandiri,KK,50000000,18926712,1168565,48,3,Kurang Lancar
SLK004189,3674016106702835,2026-08-19,Bank Panin,KI,75000000,26816673,3495651,24,1,Lancar
SLK004190,3674016106702835,2024-06-20,Bank Panin,KKB,150000000,62770885,3242524,48,2,Dalam Perhatian Khusus (DPK)
SLK004191,3674016106702835,2026-05-23,Bank Mandiri,KPR,75000000,20429956,6918286,12,1,Lancar
SLK004192,3174017103762836,2024-04-08,Bank Permata,KMK,75000000,69064463,1690005,48,1,Lancar
SLK004193,3174017103762836,2024-11-15,Bank BNI,KPR,75000000,40407729,1708776,48,1,Lancar
SLK004194,3171011203742837,2026-05-09,Bank CIMB Niaga,KI,75000000,30481268,1600523,48,1,Lancar
SLK004195,3171011203742837,2026-04-08,Bank CIMB Niaga,KK,75000000,58489729,3192383,24,1,Lancar
SLK004196,3171011203742837,2026-07-20,Bank BCA,KK,50000000,17230893,2140269,24,2,Dalam Perhatian Khusus (DPK)
SLK004197,3171011908032838,2025-08-09,Bank BRI,KPR,500000000,380612604,11288604,48,1,Lancar
SLK004198,3671015512692839,2026-04-24,Bank Danamon,KPR,50000000,19886661,865387,60,1,Lancar
SLK004199,3271011608812840,2025-04-08,Bank CIMB Niaga,KKB,200000000,97704110,6291717,36,1,Lancar
SLK004200,3271011608812840,2025-10-03,Bank CIMB Niaga,KI,25000000,8941378,1177729,24,1,Lancar
SLK004201,3674014702672841,2024-07-19,Bank BNI,KMK,150000000,101538125,6953433,24,1,Lancar
SLK004202,3174015001872842,2024-10-05,Bank Mandiri,KI,300000000,111820369,25838728,12,1,Lancar
SLK004203,3271011205712843,2026-07-11,Bank Mandiri,KPR,500000000,342783587,8801819,60,2,Dalam Perhatian Khusus (DPK)
SLK004204,3276011312932844,2025-07-14,Bank BCA,KK,500000000,257643453,8601881,60,2,Dalam Perhatian Khusus (DPK)
SLK004205,3276011312932844,2024-05-01,Bank Danamon,KK,50000000,37826738,1447115,36,1,Lancar
SLK004206,3172014609662845,2024-12-24,Bank BNI,KPR,300000000,258946637,13944159,24,1,Lancar
SLK004207,3172014609662845,2024-01-04,Bank Permata,KI,100000000,94758464,1908419,60,3,Kurang Lancar
SLK004208,3172014609662845,2025-09-08,Bank BRI,KPR,50000000,43684689,907142,60,3,Kurang Lancar
SLK004209,3271016712702847,2026-05-08,Bank Panin,KMK,300000000,111283063,5587280,60,1,Lancar
SLK004210,3271016712702847,2026-01-21,BPR Mitra Usaha,KK,300000000,87911575,14095949,24,2,Dalam Perhatian Khusus (DPK)
SLK004211,3271016712702847,2024-10-09,BPR Mitra Usaha,KMK,300000000,217227797,6780249,48,1,Lancar
SLK004212,3271011707802848,2025-08-06,Bank CIMB Niaga,KI,500000000,332744588,14979722,36,1,Lancar
SLK004213,3271011707802848,2025-03-29,Bank BNI,KI,100000000,37583788,3184933,36,1,Lancar
SLK004214,3671016109792849,2024-08-06,Bank BCA,KI,100000000,38114491,2865808,36,2,Dalam Perhatian Khusus (DPK)
SLK004215,3671016109792849,2026-04-13,BPR Mitra Usaha,KI,75000000,35343742,2325127,36,1,Lancar
SLK004216,3671014706932851,2025-12-14,Bank Panin,KKB,50000000,26714686,4435156,12,1,Lancar
SLK004217,3671014706932851,2026-01-28,Bank Danamon,KPR,25000000,7454561,723952,36,2,Dalam Perhatian Khusus (DPK)
SLK004218,3275010810862852,2025-02-16,Bank Panin,KPR,50000000,31981452,4691341,12,3,Kurang Lancar
SLK004219,3671016806952853,2026-06-07,Bank Mandiri,KI,500000000,342561828,8621840,60,3,Kurang Lancar
SLK004220,3671013108902854,2026-07-01,Bank BRI,KMK,500000000,259629055,11805905,48,1,Lancar
SLK004221,3174015803692855,2025-10-15,Bank Panin,KMK,300000000,208041041,6713698,48,1,Lancar
SLK004222,3276012910972856,2025-01-18,Bank BNI,KK,150000000,134396140,4513484,36,5,Macet
SLK004223,3276012910972856,2025-12-24,Bank CIMB Niaga,KKB,25000000,20270538,445652,60,3,Kurang Lancar
SLK004224,3271011205032857,2026-04-16,BPR Mitra Usaha,KI,500000000,298305093,45537849,12,1,Lancar
SLK004225,3271011205032857,2025-04-05,BPR Mitra Usaha,KPR,75000000,18523342,3450569,24,4,Diragukan
SLK004226,3173012407772858,2024-03-07,Bank BNI,KI,150000000,37262881,14066678,12,1,Lancar
SLK004227,3275012407782859,2026-03-07,Bank CIMB Niaga,KKB,25000000,17339927,438716,60,3,Kurang Lancar
SLK004228,3173014501812861,2024-11-29,Bank BCA,KK,100000000,61776430,8517149,12,1,Lancar
SLK004229,3674012909692862,2024-07-12,Bank Danamon,KK,300000000,66025404,25649775,12,1,Lancar
SLK004230,3174014507802863,2024-04-11,Bank CIMB Niaga,KKB,100000000,91493105,4352767,24,1,Lancar
SLK004231,3174014507802863,2024-04-26,Bank BRI,KMK,150000000,78717359,4382380,36,1,Lancar
SLK004232,3671015508872864,2024-04-27,Bank CIMB Niaga,KMK,25000000,16020634,1125791,24,1,Lancar
SLK004233,3171010803852865,2026-01-16,Bank OCBC NISP,KK,25000000,6396327,593528,48,3,Kurang Lancar
SLK004234,3171010803852865,2026-07-15,Bank Panin,KI,100000000,88459433,2282916,48,2,Dalam Perhatian Khusus (DPK)
SLK004235,3171010803852865,2024-10-08,Bank Mandiri,KMK,75000000,65779950,3383494,24,1,Lancar
SLK004236,3175016312002866,2025-04-05,Bank OCBC NISP,KMK,100000000,65905758,4363984,24,1,Lancar
SLK004237,3174014303972867,2026-03-31,Bank Permata,KMK,25000000,21999169,551287,48,1,Lancar
SLK004238,3174014303972867,2024-04-12,Bank Mandiri,KK,100000000,34777554,2161461,48,2,Dalam Perhatian Khusus (DPK)
SLK004239,3671016205912868,2026-01-12,Bank BNI,KMK,150000000,88354107,7178754,24,1,Lancar
SLK004240,3171013003892870,2026-05-24,Bank OCBC NISP,KI,25000000,9865406,553929,48,1,Lancar
SLK004241,3171013003892870,2024-11-12,BPR Mitra Usaha,KK,300000000,274102894,13941058,24,1,Lancar
SLK004242,3671016105032873,2025-03-16,Bank BNI,KI,150000000,120707172,13983940,12,3,Kurang Lancar
SLK004243,3674014509792875,2024-04-07,Bank Danamon,KPR,300000000,217360317,25903546,12,1,Lancar
SLK004244,3674014509792875,2024-08-14,Bank BNI,KK,25000000,7057752,2264795,12,1,Lancar
SLK004245,3674014509792875,2026-03-16,Bank OCBC NISP,KPR,500000000,390303164,21366730,24,5,Macet
SLK004246,3276011004842878,2024-07-25,Bank BCA,KKB,75000000,59920075,1351689,60,1,Lancar
SLK004247,3172011408932880,2024-12-01,Bank BRI,KK,75000000,25522109,3506565,24,2,Dalam Perhatian Khusus (DPK)
SLK004248,3172011408932880,2025-01-19,Bank BCA,KI,75000000,23672239,3572251,24,2,Dalam Perhatian Khusus (DPK)
SLK004249,3671010912782882,2026-08-15,Bank BRI,KPR,100000000,23429525,2354078,48,1,Lancar
SLK004250,3172014606932883,2024-01-24,Bank Mandiri,KMK,200000000,47001362,4602190,48,2,Dalam Perhatian Khusus (DPK)
SLK004251,3172014606932883,2024-05-17,Bank Danamon,KK,300000000,179411771,28508247,12,1,Lancar
SLK004252,3276012912792884,2024-07-21,Bank OCBC NISP,KPR,500000000,333451161,15723676,36,1,Lancar
SLK004253,3671016112852886,2026-05-27,Bank Panin,KMK,300000000,164985107,5424361,60,1,Lancar
SLK004254,3671016112852886,2025-06-29,Bank BNI,KPR,100000000,42498271,9491434,12,4,Diragukan
SLK004255,3671016112852886,2024-02-09,Bank Mandiri,KI,300000000,152486158,13117019,24,1,Lancar
SLK004256,3674012511682887,2024-05-28,Bank Panin,KKB,25000000,8039940,534123,48,2,Dalam Perhatian Khusus (DPK)
SLK004257,3674012511682887,2026-02-03,Bank CIMB Niaga,KMK,75000000,59694425,1391122,60,1,Lancar
SLK004258,3671010811652888,2025-11-18,Bank Panin,KK,500000000,346520850,46009554,12,1,Lancar
SLK004259,3175014204772889,2025-05-17,Bank Danamon,KKB,50000000,32548540,4447342,12,1,Lancar
SLK004260,3175014204772889,2025-12-21,Bank Panin,KPR,200000000,133529747,3785325,60,2,Dalam Perhatian Khusus (DPK)
SLK004261,3671010601772890,2026-06-09,Bank BRI,KI,50000000,28665381,875062,60,1,Lancar
SLK004262,3671010601772890,2024-12-20,Bank BCA,KK,100000000,37895441,8679140,12,5,Macet
SLK004263,3671010503722891,2026-08-17,Bank Mandiri,KI,500000000,410422432,47702808,12,1,Lancar
SLK004264,3175012510712892,2026-04-03,Bank Permata,KPR,50000000,15733723,4708254,12,2,Dalam Perhatian Khusus (DPK)
SLK004265,3175012510712892,2024-07-04,Bank BCA,KPR,25000000,11412021,580723,48,5,Macet
SLK004266,3174011407722893,2025-08-22,Bank BRI,KK,50000000,18658819,1156020,48,1,Lancar
SLK004267,3275011801032894,2025-12-27,Bank Panin,KPR,300000000,211201732,26494460,12,1,Lancar
SLK004268,3275011801032894,2024-03-15,Bank Permata,KI,100000000,55232236,2955393,36,1,Lancar
SLK004269,3671010806942895,2026-08-20,Bank CIMB Niaga,KPR,300000000,212632480,5596317,60,2,Dalam Perhatian Khusus (DPK)
SLK004270,3275016009812896,2025-05-17,Bank OCBC NISP,KK,150000000,122261417,4640566,36,1,Lancar
SLK004271,3172011404852897,2026-08-10,Bank BRI,KKB,200000000,175893137,6252800,36,1,Lancar
SLK004272,3172011404852897,2025-10-20,BPR Mitra Usaha,KKB,300000000,281333395,13818657,24,1,Lancar
SLK004273,3174016210812899,2025-09-18,Bank BNI,KK,300000000,208924781,14349598,24,1,Lancar
SLK004274,3276011103812900,2025-11-18,Bank BRI,KMK,150000000,139177303,6748151,24,4,Diragukan
SLK004275,3276011103812900,2024-12-20,Bank Danamon,KMK,200000000,50963063,9212839,24,1,Lancar
SLK004276,3671014606722901,2026-05-05,Bank Danamon,KKB,50000000,14218140,1098322,48,4,Diragukan
SLK004277,3671014606722901,2024-01-06,Bank CIMB Niaga,KPR,150000000,142153387,4326403,36,1,Lancar
SLK004278,3173014301862902,2026-06-07,Bank BNI,KI,150000000,91127310,4643388,36,1,Lancar
SLK004279,3173014301862902,2024-01-12,Bank CIMB Niaga,KI,150000000,96185233,2727693,60,2,Dalam Perhatian Khusus (DPK)
SLK004280,3276012305842903,2024-09-13,BPR Mitra Usaha,KPR,500000000,444530100,45962442,12,1,Lancar
SLK004281,3275012501852905,2025-07-22,Bank BCA,KPR,50000000,14037243,4564549,12,1,Lancar
SLK004282,3674012503772907,2026-07-14,BPR Mitra Usaha,KK,300000000,118676049,5160335,60,1,Lancar
SLK004283,3276012305852908,2026-07-28,Bank Panin,KI,25000000,9353172,1161659,24,4,Diragukan
SLK004284,3276012305852908,2025-12-08,Bank Permata,KK,150000000,34653427,14338882,12,2,Dalam Perhatian Khusus (DPK)
SLK004285,3174011609982909,2025-04-26,Bank CIMB Niaga,KPR,25000000,19417942,758039,36,1,Lancar
SLK004286,3174011609982909,2024-08-13,Bank BNI,KKB,75000000,40126978,3556871,24,1,Lancar
SLK004287,3671012804812910,2026-07-17,Bank BNI,KMK,500000000,304779562,21432998,24,1,Lancar
SLK004288,3174014409852911,2024-09-26,Bank Mandiri,KI,25000000,19963614,783591,36,1,Lancar
SLK004289,3174014409852911,2025-09-15,Bank Mandiri,KI,75000000,19306703,3211725,24,1,Lancar
SLK004290,3671014305722912,2024-01-21,Bank Mandiri,KK,100000000,86768323,1706066,60,1,Lancar
SLK004291,3671012811902913,2024-04-18,Bank Mandiri,KI,300000000,138563497,28602548,12,1,Lancar
SLK004292,3172014808032914,2025-09-13,Bank BCA,KMK,300000000,174717773,5225999,60,1,Lancar
SLK004293,3674013009782915,2024-04-28,Bank CIMB Niaga,KMK,500000000,328987751,46675814,12,1,Lancar
SLK004294,3674013009782915,2025-05-18,Bank Danamon,KPR,200000000,107415671,5739401,36,1,Lancar
SLK004295,3674013009782915,2025-08-07,Bank OCBC NISP,KK,300000000,130613189,8822210,36,1,Lancar
SLK004296,3276011209782916,2026-03-22,Bank Permata,KI,50000000,29463929,2374029,24,1,Lancar
SLK004297,3671011411882917,2024-03-14,Bank Permata,KI,75000000,27473149,1335377,60,1,Lancar
SLK004298,3671011411882917,2024-09-15,Bank Panin,KPR,100000000,50333880,3135840,36,1,Lancar
SLK004299,3671012308742918,2026-01-27,Bank CIMB Niaga,KI,75000000,21282486,1425588,60,3,Kurang Lancar
SLK004300,3674010810732919,2026-08-19,Bank Mandiri,KPR,150000000,86031457,6862969,24,3,Kurang Lancar
SLK004301,3175010406972920,2024-08-06,Bank CIMB Niaga,KPR,500000000,316198994,9499311,60,1,Lancar
SLK004302,3173014203762921,2026-08-11,Bank OCBC NISP,KPR,25000000,21282389,1127176,24,1,Lancar
SLK004303,3171011302772922,2026-07-02,Bank Danamon,KMK,25000000,6723749,1113482,24,3,Kurang Lancar
SLK004304,3171011302772922,2026-03-22,Bank Panin,KI,150000000,67887211,4348465,36,1,Lancar
SLK004305,3276016408832923,2026-07-05,Bank BNI,KK,100000000,40364488,4583903,24,1,Lancar
SLK004306,3271015212762924,2024-05-28,Bank Panin,KK,100000000,48614728,4338096,24,1,Lancar
SLK004307,3271012311762925,2025-07-25,Bank BCA,KKB,25000000,12130968,582603,48,1,Lancar
SLK004308,3271012311762925,2024-03-23,Bank BNI,KKB,50000000,42496486,2340893,24,1,Lancar
SLK004309,3674013008752926,2025-10-30,Bank BCA,KK,150000000,89805577,3395245,48,1,Lancar
SLK004310,3175016008942927,2026-06-24,Bank Danamon,KK,50000000,26728978,2332690,24,2,Dalam Perhatian Khusus (DPK)
SLK004311,3175016008942927,2025-07-02,Bank Mandiri,KKB,300000000,271331880,8513174,36,1,Lancar
SLK004312,3175016008942927,2024-08-19,Bank BRI,KKB,500000000,193662284,44350647,12,1,Lancar
SLK004313,3671012210812928,2024-05-04,Bank CIMB Niaga,KKB,50000000,39142643,2142391,24,1,Lancar
SLK004314,3671012210812928,2024-08-16,Bank Danamon,KPR,200000000,131213969,18716503,12,3,Kurang Lancar
SLK004315,3671014606032929,2024-10-28,Bank BRI,KK,75000000,15953719,2208623,36,1,Lancar
SLK004316,3174016602662930,2024-11-08,Bank Permata,KK,300000000,91291951,5728168,60,1,Lancar
SLK004317,3674011511752932,2026-04-16,Bank Permata,KI,75000000,29836547,2319294,36,1,Lancar
SLK004318,3671016608682934,2026-02-18,Bank Panin,KKB,200000000,59422929,17724552,12,1,Lancar
SLK004319,3171011209672935,2024-06-30,Bank Mandiri,KI,150000000,90814132,4545930,36,1,Lancar
SLK004320,3171011209672935,2026-06-06,Bank BRI,KI,500000000,208302758,15553689,36,1,Lancar
SLK004321,3171011209672935,2025-06-21,Bank BNI,KI,300000000,62099329,5321467,60,1,Lancar
SLK004322,3674014109872936,2026-02-09,Bank BRI,KKB,500000000,435831148,14794611,36,2,Dalam Perhatian Khusus (DPK)
SLK004323,3674014109872936,2024-03-03,Bank CIMB Niaga,KK,50000000,34758410,1525445,36,4,Diragukan
SLK004324,3173013012742937,2024-09-24,Bank BNI,KI,200000000,160272699,4404240,48,1,Lancar
SLK004325,3173013012742937,2025-05-03,Bank CIMB Niaga,KMK,25000000,10501865,2310967,12,1,Lancar
SLK004326,3671015003982938,2024-06-12,Bank Permata,KPR,150000000,43956032,4557850,36,2,Dalam Perhatian Khusus (DPK)
SLK004327,3671015003982938,2024-12-17,Bank Panin,KPR,75000000,24765646,1671624,48,1,Lancar
SLK004328,3674010906862939,2025-09-23,Bank BRI,KPR,500000000,219291527,14393110,36,4,Diragukan
SLK004329,3174016107812940,2025-01-10,Bank Panin,KMK,300000000,157958221,6952933,48,2,Dalam Perhatian Khusus (DPK)
SLK004330,3174016107812940,2024-06-18,Bank BNI,KI,200000000,105166032,8589618,24,3,Kurang Lancar
SLK004331,3175010804012941,2024-05-03,Bank Mandiri,KK,200000000,121054466,9253551,24,1,Lancar
SLK004332,3172016110832942,2024-04-11,Bank Panin,KPR,150000000,49907539,4287650,36,3,Kurang Lancar
SLK004333,3172016110832942,2025-10-25,Bank CIMB Niaga,KK,150000000,86359437,2747444,60,1,Lancar
SLK004334,3172016110832942,2026-01-17,Bank Mandiri,KPR,75000000,32761042,3266196,24,2,Dalam Perhatian Khusus (DPK)
SLK004335,3175012706802944,2026-02-03,Bank BCA,KPR,25000000,18985936,479087,60,1,Lancar
SLK004336,3175012706802944,2024-08-29,Bank Panin,KK,150000000,101845215,13857763,12,1,Lancar
SLK004337,3271015602902946,2025-12-28,Bank BRI,KKB,75000000,49414769,3571127,24,1,Lancar
SLK004338,3271015602902946,2024-08-18,Bank OCBC NISP,KPR,100000000,71384147,1876922,60,5,Macet
SLK004339,3671015009682947,2026-07-14,BPR Mitra Usaha,KMK,500000000,419667875,43950895,12,1,Lancar
SLK004340,3671015009682947,2025-08-23,BPR Mitra Usaha,KPR,75000000,54261962,1664842,48,1,Lancar
SLK004341,3172017010822948,2025-11-03,Bank CIMB Niaga,KKB,100000000,20225597,8836200,12,1,Lancar
SLK004342,3275016308672949,2024-04-03,Bank Panin,KMK,500000000,448245866,11058027,48,1,Lancar
SLK004343,3275016308672949,2026-01-09,Bank BNI,KI,75000000,56845532,6798267,12,1,Lancar
SLK004344,3674015305792950,2024-10-30,Bank Mandiri,KKB,75000000,16487243,1716479,48,2,Dalam Perhatian Khusus (DPK)
SLK004345,3674015305792950,2024-06-02,Bank BCA,KPR,300000000,126008218,6663497,48,1,Lancar
SLK004346,3276014308922951,2025-02-22,Bank BCA,KI,150000000,139611421,13946011,12,1,Lancar
SLK004347,3276014301662952,2024-08-09,Bank Danamon,KPR,150000000,136686148,13262565,12,1,Lancar
SLK004348,3276014301662952,2025-03-24,Bank BNI,KI,300000000,108258890,26094178,12,1,Lancar
SLK004349,3172016001732953,2025-04-28,Bank Mandiri,KI,50000000,40819052,943280,60,1,Lancar
SLK004350,3172016001732953,2026-06-02,Bank Danamon,KPR,300000000,263987923,13626676,24,2,Dalam Perhatian Khusus (DPK)
SLK004351,3172016001732953,2024-12-21,Bank Permata,KI,300000000,201053411,27449866,12,3,Kurang Lancar
SLK004352,3171016901742954,2024-10-24,Bank Panin,KMK,200000000,48630061,17944333,12,1,Lancar
SLK004353,3275013010942955,2026-07-12,Bank CIMB Niaga,KMK,150000000,114521778,6388995,24,1,Lancar
SLK004354,3275013010942955,2026-05-25,Bank Danamon,KKB,150000000,102147539,4272096,36,1,Lancar
SLK004355,3275013010942955,2025-04-10,Bank BCA,KK,500000000,264170906,43754325,12,2,Dalam Perhatian Khusus (DPK)
SLK004356,3671013005662956,2024-02-27,Bank OCBC NISP,KPR,300000000,210135787,8500955,36,3,Kurang Lancar
SLK004357,3671011508732959,2025-08-01,Bank BRI,KI,500000000,407500578,11790648,48,1,Lancar
SLK004358,3671011508732959,2026-02-08,Bank BNI,KK,500000000,408489155,11390729,48,2,Dalam Perhatian Khusus (DPK)
SLK004359,3671013004852962,2026-05-11,Bank Permata,KKB,25000000,8788364,2245229,12,1,Lancar
SLK004360,3671013004852962,2025-01-04,Bank BRI,KK,300000000,136720173,6394876,48,1,Lancar
SLK004361,3276016811942963,2025-10-11,Bank Danamon,KMK,25000000,12048430,1068368,24,1,Lancar
SLK004362,3276016811942963,2025-10-16,Bank CIMB Niaga,KMK,50000000,41418763,1566819,36,2,Dalam Perhatian Khusus (DPK)
SLK004363,3172011211762964,2025-08-30,Bank Mandiri,KK,75000000,31205805,1384730,60,1,Lancar
SLK004364,3671012501792965,2026-02-14,Bank BRI,KKB,25000000,5380982,434341,60,2,Dalam Perhatian Khusus (DPK)
SLK004365,3671012501792965,2024-10-11,Bank Danamon,KKB,500000000,158740891,10874351,48,1,Lancar
SLK004366,3175011508722966,2024-10-08,Bank Danamon,KKB,75000000,40993295,1768565,48,1,Lancar
SLK004367,3175011508722966,2024-12-23,BPR Mitra Usaha,KK,200000000,150590232,6372905,36,1,Lancar
SLK004368,3671011003992967,2024-06-02,Bank Danamon,KMK,100000000,74787455,1778596,60,1,Lancar
SLK004369,3671014412662969,2025-05-14,Bank Permata,KI,200000000,114013576,17827911,12,1,Lancar
SLK004370,3671014412662969,2024-08-20,Bank OCBC NISP,KI,150000000,71215175,13887943,12,1,Lancar
SLK004371,3671014412662969,2025-03-01,Bank CIMB Niaga,KI,25000000,5828082,1095484,24,1,Lancar
SLK004372,3671011504822970,2025-01-17,Bank BNI,KKB,75000000,44557022,3480560,24,1,Lancar
SLK004373,3671011504822970,2024-04-24,Bank BRI,KMK,500000000,281878142,44132706,12,2,Dalam Perhatian Khusus (DPK)
SLK004374,3671012312862971,2024-10-26,Bank Permata,KI,300000000,283294207,6467208,48,1,Lancar
SLK004375,3275016601962972,2024-02-24,Bank OCBC NISP,KMK,25000000,16374516,778872,36,1,Lancar
SLK004376,3275016601962972,2025-10-26,Bank Mandiri,KK,150000000,65670941,2742380,60,1,Lancar
SLK004377,3276012905822973,2024-12-02,Bank Panin,KI,200000000,106393932,17720311,12,1,Lancar
SLK004378,3171010205912974,2026-04-05,Bank Mandiri,KPR,300000000,234372364,9471507,36,1,Lancar
SLK004379,3171010205912974,2024-06-24,Bank Panin,KKB,200000000,133408787,3518588,60,2,Dalam Perhatian Khusus (DPK)
SLK004380,3171010205912974,2024-08-10,Bank BRI,KI,50000000,22038215,2157152,24,5,Macet
SLK004381,3275015608912975,2024-03-08,Bank Mandiri,KI,50000000,46117382,4324963,12,1,Lancar
SLK004382,3275015608912975,2025-02-17,Bank Danamon,KPR,50000000,24736456,2125506,24,4,Diragukan
SLK004383,3671015408902976,2025-05-24,Bank CIMB Niaga,KKB,200000000,64736019,8852553,24,1,Lancar
SLK004384,3175011510962977,2024-09-27,Bank CIMB Niaga,KK,50000000,42052188,1568990,36,1,Lancar
SLK004385,3175011510962977,2024-07-23,Bank Permata,KKB,50000000,29584439,4747923,12,1,Lancar
SLK004386,3175011510962977,2025-05-17,Bank BNI,KPR,100000000,75964196,3044685,36,2,Dalam Perhatian Khusus (DPK)
SLK004387,3174016905702978,2024-05-27,Bank BCA,KKB,100000000,92101583,1791980,60,1,Lancar
SLK004388,3671010708902979,2024-01-17,Bank Panin,KI,300000000,203307538,14025007,24,1,Lancar
SLK004389,3671010708902979,2024-11-01,Bank Mandiri,KI,150000000,101097928,4328793,36,1,Lancar
SLK004390,3671010708902979,2026-07-22,Bank Panin,KK,150000000,54875935,2810392,60,1,Lancar
SLK004391,3271015606722981,2025-04-12,Bank CIMB Niaga,KMK,25000000,12176495,561427,48,1,Lancar
SLK004392,3171014411782982,2025-09-24,Bank BNI,KK,50000000,39356292,2169058,24,1,Lancar
SLK004393,3275011503702983,2024-07-27,Bank CIMB Niaga,KK,150000000,97130870,7049843,24,1,Lancar
SLK004394,3172014901802984,2025-12-08,Bank Permata,KPR,150000000,107618565,6673284,24,3,Kurang Lancar
SLK004395,3171014708932985,2025-05-01,BPR Mitra Usaha,KI,50000000,45837335,4292541,12,1,Lancar
SLK004396,3171014708932985,2025-01-07,Bank BNI,KK,100000000,74784270,1746688,60,1,Lancar
SLK004397,3171014802722986,2025-12-28,Bank Danamon,KKB,100000000,61345365,9344570,12,1,Lancar
SLK004398,3171014802722986,2024-06-16,Bank BCA,KPR,75000000,24587138,1678172,48,3,Kurang Lancar
SLK004399,3671015612942987,2024-10-25,Bank BRI,KKB,300000000,119940064,5574767,60,1,Lancar
SLK004400,3671015612942987,2024-05-16,Bank Permata,KKB,75000000,40945508,1786056,48,1,Lancar
SLK004401,3175010703982988,2026-05-15,Bank BCA,KK,500000000,135382580,14915587,36,4,Diragukan
SLK004402,3175010306702991,2025-07-05,BPR Mitra Usaha,KI,500000000,467842927,47051945,12,1,Lancar
SLK004403,3175010306702991,2026-08-10,Bank Permata,KKB,200000000,83299594,3438664,60,3,Kurang Lancar
SLK004404,3671011406942993,2024-03-03,Bank BCA,KI,500000000,178952720,44849666,12,1,Lancar
SLK004405,3174015909962995,2025-03-17,Bank BCA,KK,75000000,39993503,3433988,24,1,Lancar
SLK004406,3174015909962995,2024-04-04,Bank Permata,KKB,200000000,159764239,4394993,48,1,Lancar
SLK004407,3671011312982996,2025-03-25,Bank BNI,KI,500000000,184355327,21784942,24,1,Lancar
SLK004408,3671011312982996,2026-03-22,Bank BRI,KMK,150000000,141171550,2556429,60,1,Lancar
SLK004409,3671011312982996,2025-12-19,Bank OCBC NISP,KKB,200000000,63984554,4275016,48,1,Lancar
SLK004410,3172010710992997,2024-12-23,BPR Mitra Usaha,KPR,100000000,35909354,4315743,24,1,Lancar
SLK004411,3172010710992997,2026-04-10,Bank BCA,KPR,50000000,21232640,2299167,24,1,Lancar
SLK004412,3174012706032998,2024-09-28,Bank OCBC NISP,KKB,500000000,308828799,14985195,36,1,Lancar
SLK004413,3174012706032998,2026-01-24,Bank BRI,KMK,150000000,126738850,3523020,48,1,Lancar
SLK004414,3275016008853000,2026-02-25,Bank CIMB Niaga,KPR,100000000,41090820,8924469,12,1,Lancar
SLK004415,3275016008853000,2024-08-18,Bank BNI,KKB,150000000,125339004,4760918,36,1,Lancar
SLK004416,3275016008853000,2026-01-18,Bank Permata,KK,75000000,18324382,1338853,60,1,Lancar
SLK004417,3175011205883002,2026-06-01,Bank Mandiri,KMK,50000000,30000000,2250000,24,1,Lancar
SLK004418,3276011503903003,2026-06-01,Bank Danamon,KMK,75000000,45000000,2250000,36,2,Dalam Perhatian Khusus (DPK)
SLK004419,3174012207853004,2026-06-01,Bank Mandiri,KMK,300000000,180000000,9000000,36,5,Macet
SLK004420,3174012207853004,2026-06-01,Bank BCA,KMK,50000000,30000000,4500000,12,1,Lancar
SLK004421,3275014211923005,2026-06-01,Bank BRI,KMK,40000000,24000000,3600000,12,1,Lancar
SLK004422,3671011001803006,2026-06-01,Bank BCA,KMK,100000000,60000000,4500000,24,1,Lancar
SLK004423,3173012506873007,2026-06-01,Bank Permata,KMK,60000000,36000000,2700000,24,1,Lancar
SLK004424,3276014809913008,2026-06-01,Bank OCBC NISP,KMK,30000000,18000000,2700000,12,1,Lancar
SLK004425,3271011904833009,2026-06-01,Bank Panin,KMK,35000000,21000000,3150000,12,1,Lancar
SLK004426,3172013012793010,2026-06-01,Bank BRI,KMK,80000000,48000000,3600000,24,1,Lancar
SLK004427,3674015402903011,2026-06-01,Bank Mandiri,KMK,150000000,90000000,13500000,12,2,Dalam Perhatian Khusus (DPK)
SLK004428,3174010508863012,2026-06-01,Bank BCA,KMK,50000000,30000000,4500000,12,1,Lancar
SLK004429,3171016710933013,2026-06-01,Bank CIMB Niaga,KMK,80000000,48000000,3600000,24,2,Dalam Perhatian Khusus (DPK)
